day,phase,tiltx_11m,tiltx_19m,ar_pred_11m,ar_pred_19m,is_predicted,pcnn_pred_11m,pcnn_pred_19m,q_AB,q_BC,fe_q_AB,fe_q_BC,pcnn_slope_0.0m,pcnn_defl_0.0m,pcnn_slope_0.5m,pcnn_defl_0.5m,pcnn_slope_1.0m,pcnn_defl_1.0m,pcnn_slope_1.5m,pcnn_defl_1.5m,pcnn_slope_2.0m,pcnn_defl_2.0m,pcnn_slope_2.5m,pcnn_defl_2.5m,pcnn_slope_3.0m,pcnn_defl_3.0m,pcnn_slope_3.5m,pcnn_defl_3.5m,pcnn_slope_4.0m,pcnn_defl_4.0m,pcnn_slope_4.5m,pcnn_defl_4.5m,pcnn_slope_5.0m,pcnn_defl_5.0m,pcnn_slope_5.5m,pcnn_defl_5.5m,pcnn_slope_6.0m,pcnn_defl_6.0m,pcnn_slope_6.5m,pcnn_defl_6.5m,pcnn_slope_7.0m,pcnn_defl_7.0m,pcnn_slope_7.5m,pcnn_defl_7.5m,pcnn_slope_8.0m,pcnn_defl_8.0m,pcnn_slope_8.5m,pcnn_defl_8.5m,pcnn_slope_9.0m,pcnn_defl_9.0m,pcnn_slope_9.5m,pcnn_defl_9.5m,pcnn_slope_10.0m,pcnn_defl_10.0m,pcnn_slope_10.5m,pcnn_defl_10.5m,pcnn_slope_11.0m,pcnn_defl_11.0m,pcnn_slope_11.5m,pcnn_defl_11.5m,pcnn_slope_12.0m,pcnn_defl_12.0m,pcnn_slope_12.5m,pcnn_defl_12.5m,pcnn_slope_13.0m,pcnn_defl_13.0m,pcnn_slope_13.5m,pcnn_defl_13.5m,pcnn_slope_14.0m,pcnn_defl_14.0m,pcnn_slope_14.5m,pcnn_defl_14.5m,pcnn_slope_15.0m,pcnn_defl_15.0m,pcnn_slope_15.5m,pcnn_defl_15.5m,pcnn_slope_16.0m,pcnn_defl_16.0m,pcnn_slope_16.5m,pcnn_defl_16.5m,pcnn_slope_17.0m,pcnn_defl_17.0m,pcnn_slope_17.5m,pcnn_defl_17.5m,pcnn_slope_18.0m,pcnn_defl_18.0m,pcnn_slope_18.5m,pcnn_defl_18.5m,pcnn_slope_19.0m,pcnn_defl_19.0m,pcnn_slope_19.5m,pcnn_defl_19.5m,pcnn_slope_20.0m,pcnn_defl_20.0m,pcnn_slope_20.5m,pcnn_defl_20.5m,pcnn_slope_21.0m,pcnn_defl_21.0m,pcnn_slope_21.5m,pcnn_defl_21.5m,pcnn_slope_22.0m,pcnn_defl_22.0m,pcnn_slope_22.5m,pcnn_defl_22.5m,pcnn_slope_23.0m,pcnn_defl_23.0m,pcnn_slope_23.5m,pcnn_defl_23.5m,pcnn_slope_24.0m,pcnn_defl_24.0m,pcnn_slope_24.5m,pcnn_defl_24.5m,pcnn_slope_25.0m,pcnn_defl_25.0m,pcnn_slope_25.5m,pcnn_defl_25.5m,pcnn_slope_26.0m,pcnn_defl_26.0m,pcnn_slope_26.5m,pcnn_defl_26.5m,pcnn_slope_27.0m,pcnn_defl_27.0m,pcnn_slope_27.5m,pcnn_defl_27.5m,pcnn_slope_28.0m,pcnn_defl_28.0m,pcnn_slope_28.5m,pcnn_defl_28.5m,pcnn_slope_29.0m,pcnn_defl_29.0m,pcnn_slope_29.5m,pcnn_defl_29.5m,pcnn_slope_30.0m,pcnn_defl_30.0m
21,1,-0.21107119355319148,1.5170824494184398,-0.21107119355319148,1.5170824494184398,0,-0.25963231552140437,1.535261300443724,5.0199606963446675,5.0671203359475365,1.584746177618813,6.069638268167834,-2.159116930180332e-07,2.572527326297832e-06,0.04381017557633596,0.012635351828024168,0.0704586686391963,0.04096264340009973,0.10992056711304835,0.08555294785834187,0.15110254584387683,0.1511160360776277,0.18343833819950398,0.2350869660489923,0.21024319462984223,0.3336568237268868,0.2332591052533208,0.4447231741263266,0.25053310078692786,0.5659482681933306,0.2612515597321107,0.6941513306327702,0.26626521199630776,0.8262598759038621,0.26490787812857636,0.9593691865047029,0.25477584812966364,1.0896867820781015,0.23607153453065796,1.2126979860475702,0.21101345074109662,1.3247312315522703,0.17800094077232984,1.422390817496987,0.134635245969327,1.5009771660801816,0.08234820830583056,1.5555378502372612,0.023036208867618466,1.5821726626405692,-0.04361157677018298,1.57734350811827,-0.11647437406972974,1.537491184022366,-0.18980194669610623,1.460799333047221,-0.25963231552140437,1.3483278478883667,-0.3278981569548607,1.2013683768723167,-0.3887771326244801,1.0216040777533304,-0.428698514581679,0.8161339070974334,-0.4393798968853434,0.5977865713238693,-0.41392951359188074,0.38273549817703156,-0.33992299984103774,0.191936991446389,-0.20322106431945117,0.05331042398662443,0.0002786119751328276,6.872011175082116e-06,0.24909175322741492,0.06127863512935845,0.5021467963993034,0.24970269891152763,0.7337982968258214,0.5596567522739088,0.9467701066704965,0.9804168413863955,1.1426829248226231,1.5036787105370741,1.3104712062103347,2.1183802281250474,1.4419623322506403,2.8080571083866164,1.535261300443724,3.5539913574202084,1.5875704058967812,4.336490694461937,1.5955880171891612,5.134164454093146,1.5576645477903712,5.924428881852371,1.4724643789965906,6.683917921946762,1.343510745650049,7.389567724792846,1.1780870025953751,8.021404499040989,0.9767999119090981,8.561689991494362,0.7393267141652727,8.992093322470254,0.475301725461781,9.29659974540365,0.19397152160220646,9.464566888563137,-0.10271998508460532,9.487994885249147,-0.4111473353690203,9.359853306023355,-0.7228889252887852,9.076320274714757,-1.0327104839537848,8.637316188721675,-1.3396005817280636,8.044075170718392,-1.6402945051222642,7.298746791810773,-1.9307625642966948,6.405483198611854,-2.205054997172947,5.370625882036297,-2.453696929254535,4.2048523630272445,-2.6894466774400843,2.919197544487767,-2.9303575986706996,1.5139777978682816,-3.098050414647829,-5.912092190323278e-05
22,1,-0.2622841550555555,1.7076861817222222,-0.2622841550555555,1.7076861817222222,0,-0.2857941983619537,1.652675978485339,5.017504935428742,5.056515766577512,1.9692588324210336,6.832217591453881,1.9433655354133444e-08,2.037372732018454e-06,0.03705323570788234,0.010446615572841086,0.06292098006943608,0.03515336054875941,0.10215259426784984,0.07586822154798797,0.14552204401030916,0.13796208256249165,0.18274755801342665,0.22027997315901657,0.2158930395836604,0.3200489928312173,0.24596279595350798,0.43568400573114646,0.27049381324788857,0.5650788143179826,0.28808938969723463,0.7050087571291799,0.2991211221434033,0.8520842837300101,0.3025541737456581,1.0028784710055103,0.29557748236656356,1.1528842248621807,0.27813356716710663,1.2966907699909405,0.252465155484682,1.4296802666537078,0.2168559949400256,1.5475051360934768,0.16870510929916105,1.6444138281150324,0.10959543524409977,1.714381541535354,0.041725174581985894,1.7525687698868224,-0.0350726388145362,1.7546100628952914,-0.11936392163416697,1.716209037334789,-0.20451248526605934,1.6351111542144723,-0.2857941983619537,1.5124034801536588,-0.3650848755230901,1.3495827415289106,-0.43562817105171897,1.1487126434976551,-0.48197570900200754,0.9180433445487515,-0.49467635459989673,0.6723543490869901,-0.46600523876769817,0.43021800848435526,-0.3822441670252406,0.21551812811369528,-0.22804992152605785,0.05976944899226744,0.0003117312418497825,7.689713513457138e-06,0.27774513642399645,0.06841142394999856,0.5575784743555192,0.27803361372063273,0.8110065673558084,0.6213627423512177,1.0411924225693234,1.0851988205030243,1.2501782219633097,1.6591256708566906,1.4261661343320673,2.329840372887722,1.5607894182958304,3.0783497473089665,1.652675978485339,3.883522536747926,1.6994754725109198,4.7235154422154055,1.6982843857915253,5.574983081468159,1.6479589707219833,6.413618708928523,1.5476344821605152,7.214575183219019,1.401593997233422,7.953599005478635,1.2180178426255412,8.60997206542161,0.9978140444176671,9.165525548415545,0.740867633417405,9.601577219618472,0.4576279924962029,9.902020677372088,0.15801774795486268,10.056536588163725,-0.15585509503745104,10.057644115297284,-0.4801080623364998,9.898911941940398,-0.8058266517569904,9.577318709890266,-1.1275227934180547,9.09378929298729,-1.4441833367454677,8.450610820510281,-1.7524401414498116,7.651005265573833,-2.048161341950695,6.7002583179738275,-2.3252592638546905,5.605891639990579,-2.574052272078808,4.379872517374648,-2.8080693082210564,3.034425212033093,-3.0461819268811756,1.5705310021048566,-3.207320336774954,-6.120615361114823e-05
23,1,-0.3068887537291667,1.751308311201389,-0.3068887537291667,1.751308311201389,0,-0.32099315447738885,1.7273035000943884,5.022153059418115,5.068366767258831,2.3041551584533826,7.006743733080014,1.429750378377479e-07,2.000808173236204e-06,0.03793476390288169,0.010547665900858429,0.06641998398785312,0.036294783801925995,0.11000356378790294,0.07976441324328033,0.15916690866429928,0.147201553767576,0.20236230758668886,0.23784366662311876,0.24112942752910616,0.34884457036831334,0.27616447383153214,0.4783764158987985,0.30450923210859365,0.623882730309594,0.3244690905218204,0.7814728258965461,0.336430604223695,0.9470293546436,0.33931860637892075,1.1164076109304473,0.33014142599910196,1.2843154161599064,0.3090098202660743,1.4445336190722313,0.2786041981409074,1.591816558524233,0.23720024569494855,1.7213113591690576,0.18209387479876174,1.8266975064123,0.1152046944841655,1.9014392063973617,0.039097503601480836,1.9403876593702134,-0.046301578531946455,1.938978494038116,-0.13932091882819042,1.8927742883074041,-0.232612439635695,1.7996213516774606,-0.32099315447738885,1.6610488815380515,-0.4065413592128681,1.4790279526671384,-0.4819105085362336,1.2561349953223864,-0.5303664384431257,1.0016650787000618,-0.5418556733499148,0.731940608538425,-0.5083127267734112,0.4672674056069549,-0.41529953070582726,0.23352712405413034,-0.2468261589337785,0.06460729766404257,0.0003360812292547287,8.291410607764995e-06,0.2983250457774198,0.07357490196083101,0.5965114179424245,0.29823384851605705,0.8641126740717459,0.664744836677852,1.1049003488753477,1.1579127668975233,1.321443631009307,1.765714454594916,1.501651161071191,2.473260040895877,1.6372241540914034,3.259875683572816,1.7273035000943884,4.1029186454324,1.7699544247052863,4.979279083125395,1.7626150873313604,5.8645243918604395,1.7045107400407147,6.733442087524763,1.5950813700365136,7.5604462054088275,1.4390538364091243,8.320721524004073,1.2450958699452443,8.993240172475574,1.014204452159936,9.559675726446454,0.746276533785722,10.00118374115754,0.452132015570617,10.301593380749527,0.14197443436059337,10.450709025890127,-0.18212015828991435,10.441227100811671,-0.5162369758866124,10.266877656429289,-0.8512618503301345,9.924866689265377,-1.1816305922410393,9.416426473358111,-1.506394429217298,8.744145002630743,-1.8221593652548225,7.911530478474763,-2.124735921946329,6.924181980064389,-2.4079109794726747,5.789970194268393,-2.66176166948044,4.521319268274747,-2.9002972581606725,3.130887861145547,-3.143010938402876,1.6197177068745363,-3.306356281214995,-6.309608408552997e-05
24,1,-0.31041459513888886,1.7611046540972222,-0.31041459513888886,1.7611046540972222,0,-0.329145410899252,1.7345858715515043,5.007648417957347,5.071593709431451,2.3306275709265667,7.045937553924383,3.067367841671141e-07,1.556565335560266e-06,0.031963660072767366,0.00866199737187896,0.05912044482734335,0.031064650648479245,0.1014327142773029,0.07054463227904613,0.15100661011365565,0.13369722604382692,0.19672080170149214,0.22082316448752864,0.23905364214765182,0.32986902537493673,0.27805437762644775,0.45934544884377665,0.31039347569826814,0.6068024628963405,0.3339674848302484,0.7682621788617275,0.348837211900693,0.9393287687861908,0.35376139366403453,1.1154579882031728,0.3456462694013927,1.2908949867137782,0.3245688586829042,1.4589198579603073,0.29331117097770437,1.6138041961290452,0.25025912327396704,1.7502721971746888,0.19279457099750774,1.861624972475212,0.12301271271696017,1.9410114565910273,0.04368539019584512,1.9830690888887696,-0.04511698012055735,1.983108030550262,-0.14156104845781428,1.9366359011267376,-0.2380292197050518,1.8415524616093821,-0.329145410899252,1.6995690012656244,-0.41699307694908233,1.512877989475298,-0.4940503402478886,1.2843040349344805,-0.54324737880584,1.0235348575708711,-0.5544045490941543,0.7474081034747037,-0.519432499741531,0.476770549950349,-0.42380851066362096,0.23807210705387102,-0.2515228984365803,0.06580347835569822,0.0003419458080071619,8.436521645458574e-06,0.3030662706746005,0.07478387549229752,0.6049815305676246,0.3028034449151874,0.8748729292108957,0.6741797818176203,1.116735325543679,1.1730407381116026,1.333351744368633,1.786818540255881,1.5126990012950803,2.500139678194453,1.6466471026971183,3.291899684859478,1.7345858715515043,4.139135615371246,1.7747933949383705,5.0185351438636285,1.764889299051499,5.905560174744176,1.704260976868461,6.774979404777461,1.5924766532393522,7.601260421115662,1.4343776083331286,8.359701532438123,1.2387125689913485,9.02943933233678,1.0064975002226206,9.592336387072761,0.7376336053504009,10.029740462247002,0.4429519248405016,10.325677788247628,0.13263981316079707,10.470149552005088,-0.19126341155171037,10.45603448693089,-0.5248760164199476,10.277227070060585,-0.8591164883880145,9.93108177221567,-1.1884576528661246,9.418961746441914,-1.511983965393518,8.74356798866181,-1.8263301844600703,7.908506412254887,-2.127334278242148,6.919459765684631,-2.408812515653905,5.784368591106691,-2.660879790265528,4.515709774707366,-2.8975509875927816,3.12618126182596,-3.138296238470956,1.616872838912294,-3.2997395442825006,-6.29698156999286e-05
25,1,-0.33575680108333333,1.7632573528541666,-0.33575680108333333,1.7632573528541666,0,-0.3320239134348496,1.724637743206642,5.014899996828693,5.0675557733095085,2.5208996934593197,7.054550205636224,3.04382276109272e-07,1.6046658579739308e-06,0.03278342647879591,0.0088992972301379,0.060389922713741995,0.03182270268417437,0.10329084522358292,0.07208064853902987,0.1533462492781272,0.136294018845132,0.19926454778699934,0.22465085663402296,0.24162316217203555,0.3349803211811856,0.2805383189858197,0.4657244639824978,0.31268864626506365,0.6143803818116531,0.3359879580508395,0.77692197877505,0.35052136109495724,0.9489170925925869,0.355042021606683,1.1257909103672163,0.3464287974385406,1.3017479272337547,0.32476647587777174,1.4700205993164879,0.2928747103620357,1.624846845286726,0.24914761764137924,1.7609295840486658,0.19098537667434906,1.8715519663412747,0.12055298994572501,1.9498675114235893,0.040696923918012384,1.9905568313712696,-0.04846002151511239,1.9890046041186076,-0.1450294508491921,1.94081876333569,-0.24134131426866254,1.8440279570707157,-0.3320239134348496,1.700486277164093,-0.41920863417374005,1.5125130769061228,-0.4954223248934929,1.2830362488797422,-0.5436988041790404,1.0218111143440833,-0.5540132943855566,0.7456758557844299,-0.5184330308662003,0.47539902161453285,-0.42259367594920405,0.23727379925903871,-0.25062700059205656,0.06555723581439124,0.00034055891957672475,8.402412008187634e-06,0.3017457694067242,0.07446494678908547,0.6022207726453597,0.30146344327466157,0.8707450446928088,0.6711136615572812,1.1113079397183458,1.167584119898781,1.3266641022055023,1.7783311107478923,1.5048220721606795,2.4880073542316743,1.6376784993517668,3.2755517009171022,1.724637743206642,4.118053167119516,1.764021697580555,4.992264868519067,1.7535196789202137,5.873743629620935,1.6925963474148034,6.737389906018036,1.5809035324819982,7.557843877558101,1.4233316246398413,8.310611857291978,1.228634719095814,8.975050072687463,0.997856885212666,9.533247047841892,0.7309135845357271,9.966791902061496,0.438548221414064,10.25993451202196,0.13083218289161402,10.402843584904899,-0.19027505238853037,10.388517098506775,-0.5209983565433919,10.210925370234838,-0.8524098851901714,9.867431775335813,-1.179109894400189,9.359335053500288,-1.500269076641358,8.68922020530282,-1.812615030771592,7.860533377155463,-2.1120677123625433,6.878752226084367,-2.392517102626454,5.751575222658898,-2.644144632818762,4.491198276207306,-2.88086352064961,3.1100413398350466,-3.1220335567966524,1.6089891739241837,-3.2846570178612255,-6.268199105208162e-05
26,1,-0.31424548188194446,1.7035439469861111,-0.31424548188194446,1.7035439469861111,0,-0.31600444090624985,1.7195797473261298,5.010298319820956,5.06362975800349,2.359390297951266,6.815645079867796,3.1243545173211993e-07,1.4170825346548123e-06,0.02950717424015557,0.007961876142000529,0.055065135054237574,0.028752050790378073,0.09500181617721919,0.06564141261324438,0.14208479233498478,0.12493689285515572,0.1859061640485049,0.20710348403197565,0.2268404465970931,0.310375212942193,0.26489007746966475,0.4334858281912657,0.29686880641582714,0.5742436938036672,0.320707102353593,0.728982945853421,0.3363634451719237,0.8935961562848679,0.34255684686995586,1.0637847789746475,0.33622294503500033,1.2340443460286121,0.3173045323385273,1.3978871030126028,0.2883599885135717,1.5497131494434293,0.24776434707875955,1.6843120204069992,0.19291935431886195,1.795067641477121,0.12577454158767412,1.8751787626854424,0.048973282262005265,1.9192542164954869,-0.03742731883032065,1.9225428076151942,-0.13165098530029376,1.8804815239693484,-0.22627349989987303,1.790834230505227,-0.31600444090624985,1.6550917739835396,-0.4028115259978729,1.4752452760811015,-0.4793017993611612,1.253930697391291,-0.5287075685284998,1.000519541656214,-0.540930773338017,0.7314313482746879,-0.5078875547188292,0.4670859946668168,-0.4151550596065877,0.2334797093045421,-0.246791609115064,0.06459908901784331,0.0003360293100703347,8.290158839189396e-06,0.2982223797866731,0.07355530549991295,0.5960979704971661,0.2980960635499454,0.8631025315039239,0.664263865638579,1.1029803272531857,1.1567124846662213,1.3183103449827243,1.763262509403188,1.4970713423676572,2.468887359800063,1.6310751457157548,3.2528234804446154,1.7195797473261298,4.0923959777954835,1.7607744538851529,4.964522867946558,1.752221211080816,5.84486226744136,1.6932516799249557,6.70835017566073,1.5833940338888137,7.529598126325371,1.427414092788324,8.284021969857314,1.2339665001456455,8.950829282935855,1.004053252099262,9.51192472819329,0.7375703094382056,9.948700083573614,0.4452541003842915,10.245200090763925,0.1372120458559605,10.391394940954681,-0.18452873741780443,10.380111248222837,-0.51611470060013,10.205184782868029,-0.84852832197506,9.863886307009007,-1.176275116877327,9.357468635093984,-1.4984384205952437,8.688516672299054,-1.8116677885082801,7.860517800914901,-2.111817425009809,6.879027100251053,-2.3927265515062133,5.751849553673922,-2.6445445314740326,4.491308791250919,-2.881181877767506,3.109961098272607,-3.12199728544165,1.6088267870243977,-3.2840089604711924,-6.266962424872021e-05
27,1,-0.317198505993007,1.6764221308321678,-0.317198505993007,1.6764221308321678,0,-0.3211470005136782,1.694292049328806,5.013354754154857,5.073944454517299,2.381561933945939,6.707134422920118,3.343154393224122e-07,1.4577426404576088e-06,0.030528035915630032,0.008222708475505484,0.05714060994280744,0.029772161622362882,0.09870092392327388,0.06808057814632464,0.1476288158595011,0.1296937806738339,0.19292195063005774,0.2150208731601843,0.23482874954076396,0.3220647978413529,0.27328775632908314,0.44929821435629447,0.3049914281377464,0.594215940199554,0.3278827986535002,0.752805055821582,0.3420738438048881,0.9206578960259907,0.3464273326473296,1.093255082312465,0.338005932031289,1.2649345539238903,0.31697644712438505,1.4291363685494503,0.2861233407550148,1.580310142194925,0.2439042146725404,1.7133721749959911,0.18777615641062578,1.8218610029821263,0.11976463436197111,1.8991655843805506,0.04252321737191476,1.9401091540274582,-0.043944611001176005,1.9401417170568007,-0.13792509468674322,1.8948709041246918,-0.23206030772853578,1.8021998829952792,-0.3211470005136782,1.6637204566756048,-0.40723077269184527,1.4814812620113962,-0.48295578968567854,1.2581470283403762,-0.5315708334980512,1.0031057602801885,-0.5429897210855533,0.7327866948798636,-0.5091464987179278,0.46761274685923343,-0.4156757994743009,0.23356635768997824,-0.2467920992739296,0.06456966874600567,0.00033554732511549806,8.278672416629646e-06,0.2973345310331394,0.07337633337808731,0.5932605667942376,0.2970292043538504,0.8573686951790931,0.6610895395756099,1.0935873053561103,1.1497845865716947,1.3047231896990936,1.7506047380565224,1.4791555079950516,2.4483496740130573,1.6091401321414591,3.2223021203426176,1.694292049328806,4.050034537748593,1.7331104838228033,4.908876832279403,1.7234073582360527,5.775041970899585,1.6646573903237287,6.6241188660316,1.5564428358690836,7.431421843320485,1.4034093905999094,8.173057780971217,1.2139460232839452,8.828820392811553,0.988880427329108,9.381083816310259,0.7279330909119636,9.81163467564177,0.44146165284425515,10.104773159636451,0.13922656643777084,10.25052949078977,-0.17691486780682014,10.24166438135052,-0.5032767902908545,10.071871066390637,-0.8310500723300172,9.738179298083775,-1.154840006349247,9.2415185451724,-1.4737235341193893,8.584132175227564,-1.7843547320348947,7.769168851443521,-2.0825774496436322,6.80184369943658,-2.36222256968414,5.689630613028199,-2.6134472455000086,4.44451562798545,-2.849896283545788,3.0787711723723774,-3.090669322916356,1.5933010834705577,-3.253515535793647,-6.208770919445654e-05
28,1,-0.35556019303472225,1.6840630794375,-0.35556019303472225,1.6840630794375,0,-0.3083151918142304,1.7010347486933615,4.9925646415436455,5.065933035129846,2.6695857797534304,6.737704807593547,4.837608524787297e-07,9.089108327340892e-07,0.022418388173338452,0.005759376053241731,0.045791262804317494,0.022447248368931933,0.08296728037710495,0.05401686366774294,0.12851450926820088,0.10681787173845202,0.17280937714905775,0.18225427497173652,0.21519188345967966,0.2793170562607438,0.25508619859208775,0.3970517542945082,0.28914950638452996,0.5334226220900827,0.3150739691018956,0.6848300371454434,0.33255844949414276,0.8470976173800593,0.34025549026059065,1.015771950284759,0.3351591402408352,1.1852008645087413,0.31718568736432795,1.3487618183027557,0.2888710803831476,1.5006968537012044,0.24875464306986528,1.6356727629814831,0.1944119106002333,1.7470463723092187,0.12784732215458774,1.8280449815312851,0.051756554653033596,1.8733270506966118,-0.03370563291965298,1.8782306631687191,-0.1267296520292945,1.8383205661459887,-0.21999911542067288,1.7514689491993531,-0.3083151918142304,1.619214307737118,-0.3936217596819191,1.4435851008453762,-0.4687157958099714,1.22722711894182,-0.517226646287637,0.9793605853122248,-0.5293212136830909,0.7160806419931615,-0.4971207107397136,0.45737544613130005,-0.40649527670869157,0.22868498172236626,-0.24175659119324924,0.0632935308962641,0.00032938327825088467,8.126009380973823e-06,0.292545147297701,0.07213545637571901,0.585301417429624,0.29251411629913476,0.8483854568615117,0.6522523423959263,1.0854467695983447,1.1365968513028717,1.2989611116248647,1.7338827084064787,1.4769987629814683,2.4296056678108098,1.6113317207344344,3.203547421455607,1.7010347486933615,4.033515485156226,1.7441274145962367,4.896818326982332,1.738016023869228,5.7694254835577095,1.6818727204147303,6.626504250659027,1.5750920655727496,7.442824353691456,1.4222882809216075,8.193890645223162,1.2319745588833877,8.858921863831316,1.0051175165224489,9.419788382879439,0.7415984753166933,9.857842192612857,0.45206274438069416,10.157061133675995,0.14654766739074862,10.307303001273565,-0.17293036076697565,10.301264085969121,-0.5025528792029018,10.132641634762015,-0.8333781006046823,9.79853827447668,-1.159965891257151,9.3000039654991,-1.4814301277650241,8.639401372610827,-1.794466712544853,7.819977003488083,-2.0949737241864534,6.8470211272311445,-2.3768296235720054,5.72805431361508,-2.630211921128469,4.475096005688634,-2.8689501734305685,3.10040897049821,-3.1123391808247947,1.6047686516842952,-3.2775595502366692,-6.2546547078248e-05
29,1,-0.32000745111458334,1.7035169005208333,-0.32000745111458334,1.7035169005208333,0,-0.3048383867170061,1.6998693263343518,4.9855447080211075,5.063760371813294,2.402651808739476,6.815536870679342,5.251222475761952e-07,6.861256764442517e-07,0.01892549694145848,0.004720274250534841,0.040665886400705065,0.019257712940345798,0.07566729386216854,0.047735953491902586,0.11951044003934318,0.09641310340415545,0.1632917399172276,0.16717445013535234,0.20601499299271622,0.2595350533362366,0.24690306845032578,0.37290272514001493,0.28259569839169757,0.5055644518343092,0.31064148808190223,0.6542098231953882,0.3305005276162267,0.8148485934279359,0.34065762685349343,0.9831077168895841,0.3379821232980619,1.1533481306840434,0.3221836391209514,1.3188795328732041,0.295610066783019,1.4737686504739747,0.25675580635908435,1.6124497012927324,0.2031691029544632,1.7280351942550003,0.13680620707128405,1.8134862733304324,0.06037630299139673,1.8631842896101847,-0.025897294627915637,1.872212991074455,-0.12012540819604518,1.835920554503708,-0.2148858739185155,1.7520074131865357,-0.3048383867170061,1.6219035078679185,-0.39180635415073123,1.4475962384952916,-0.4684652220344902,1.2317474294147612,-0.5182787644233344,0.9836662209995867,-0.5312754554048489,0.71961587718967,-0.49948083113082775,0.459809521322344,-0.4086766715131323,0.2299576980189933,-0.2431229830332963,0.06365296316474037,0.00033124987581337195,8.172086090237204e-06,0.2941415808770173,0.07253551210913099,0.5882447619183886,0.29406819688178265,0.8521204940506982,0.6555014970984882,1.0893640028653158,1.1417843641548513,1.3024404535922676,1.7409458362236734,1.4794127073851486,2.4381672689219274,1.6121417808607699,3.212934304566035,1.6998693263343518,4.042825112657009,1.740808132509262,4.905009957063265,1.732572538500977,5.775420789313969,1.6745401938708027,6.62929170988483,1.56628884501142,7.441557116644121,1.412566436116003,8.187967374318637,1.221946567987827,8.848035036276796,0.9954194101800685,9.403943238588393,0.7328554383743429,9.837362055530786,0.4448024195825971,10.132561127245527,0.14115889403194157,10.279627154404348,-0.17618025330105083,10.271419965894017,-0.5035319938450866,10.101738080827717,-0.8321142753133549,9.767710189126388,-1.1566170270660736,9.27033764225451,-1.4762428981406044,8.611881053789256,-1.7877681300557087,7.7954432781648935,-2.087151420679017,6.826134657134427,-2.3683142174046443,5.71127116214941,-2.621459453523588,4.462648177403309,-2.8603373192377117,3.0923153517291544,-3.104168196720136,1.6008849933633797,-3.270299918918433,-6.24080090905029e-05
30,1,-0.3012205112847222,1.725286326451389,-0.3012205112847222,1.725286326451389,0,-0.32682362943762827,1.7299127383895727,5.00168806137689,5.045747605027485,2.2615973588956404,6.9026333503431845,4.0911307967292505e-07,1.2427504635055406e-06,0.027576119362021312,0.007298610219851145,0.0534313998063066,0.02717149742447306,0.094200282332667,0.06341959183188714,0.14313519233732325,0.12273297606804837,0.1895570972109786,0.2060577024031982,0.23325966085064287,0.311848386277581,0.2738976348958275,0.43882920923177227,0.30799905710504305,0.584646454141447,0.3332793273187945,0.7453421636360779,0.3496247308361803,0.9164453685002018,0.3557378817525804,1.0932772597401235,0.3485388801682796,1.2699429526188786,0.3280830126974296,1.4395826046799713,0.2971449601683804,1.5963152981007065,0.2541931950880843,1.7347322668190712,0.1966892203728154,1.8480472406135136,0.12675632302951875,1.9293475024661864,0.04719748095811599,1.9732214282257372,-0.041871082859911084,1.9749505600536736,-0.13859603013146915,1.9300319367819891,-0.23537370991328863,1.8363551029748733,-0.32682362943762827,1.6956162885134494,-0.4150025362771283,1.510003192971527,-0.49240386104903316,1.2823397342205918,-0.5419754389162822,1.0223011150998418,-0.5535091367834196,0.7467153816278128,-0.5188752871197928,0.4764386601701015,-0.4235186575482925,0.23794845501483294,-0.2514105312760783,0.06577666001555024,0.0003418178929872482,8.43336925913031e-06,0.30292358712622064,0.07475209445239506,0.604548300184853,0.3026356515195589,0.8739449015137281,0.6736803994163767,1.1151109084605013,1.1719111347389803,1.3308756756323654,1.7846684084744766,1.5093315206619673,2.4965271661200936,1.6425005623320228,3.2864009155857534,1.7299127383895727,4.131418709708624,1.7699704710540958,5.0084261900851414,1.7603883672872658,5.8930993018053845,1.700597044156567,6.760455599970353,1.5901556403367834,7.5852204042827305,1.4338175422487625,8.342926822990792,1.24017955095637,9.012883424730164,1.0101168962553693,9.577049605180989,0.7433763254867681,10.01679954644354,0.45058073936720694,10.316093967546065,0.14173648346820303,10.46476734191705,-0.18123791217710006,10.455457449888211,-0.5145620456355738,10.28176350188329,-0.8492287973872534,9.940699222844325,-1.179730430067523,9.433263308066072,-1.5051335421298035,8.761793170522418,-1.8220323494730772,7.929545589492213,-2.1261963739687197,6.941881429977329,-2.4113420673598966,5.806460711857839,-2.6674388094980954,4.5355419081785,-2.9084301337698633,3.1416671215338576,-3.1538115074973843,1.6257702299790613,-3.31965835139383,-6.334993038841175e-05
31,1,-0.3152620701944444,1.8036754719305554,-0.3152620701944444,1.8036754719305554,0,-0.3334718782901619,1.7741392374608522,4.981799611664807,5.052967261205823,2.3670229569386247,7.216257542219978,7.554709576543848e-07,2.439194705937538e-07,0.013798531803793956,0.0029965548066672137,0.03580747801903997,0.01498122700359672,0.07211535753579958,0.04128910725409872,0.11968089389663274,0.08900641996888166,0.16931597615273675,0.16125732101988588,0.21874812933924126,0.258290922488615,0.2664187506344027,0.37973082858703966,0.308320111164533,0.5237402462044058,0.3414116690206436,0.6865667539918088,0.36481715275944154,0.8635439602830258,0.376807449538159,1.049496309249302,0.374019855809458,1.2378673678242105,0.3562141399834766,1.4209875045278,0.32609571263234677,1.592064422799026,0.2822625452535472,1.7448049862327581,0.22228341532317825,1.871599353341717,0.14848969384076388,1.9647826232766126,0.0640123872205015,2.018331066149435,-0.0307389996799245,2.027073142282697,-0.1335889529841823,1.9861985952391616,-0.2364315425404615,1.8934950723676907,-0.3334718782901619,1.7508071079061023,-0.4266813902322196,1.560586060436497,-0.5082055014615962,1.3260007881314462,-0.5603662686856012,1.057340717896556,-0.5726585118417492,0.7722915752457563,-0.5368124060969608,0.4926560565265966,-0.43797703267940297,0.24596520055791934,-0.2598325543061992,0.06796423570963207,0.00035301469452424814,8.709820839775737e-06,0.3126311125914853,0.07716580448361213,0.6234685816058061,0.3122578424327151,0.9006075594456254,0.6947613450680655,1.148203908400545,1.2079785404401702,1.3691997517524428,1.838645883429142,1.5513460334269646,2.570660454414891,1.6864656917527103,3.3821012627639897,1.7741392374608522,4.24923600384895,1.8128056848616267,5.148077578954183,1.8002232098532613,6.053482967557517,1.735947409912034,6.939694583974607,1.619695628904112,7.780732335404319,1.456547524366633,8.551538273946623,1.2555278238724012,9.2310318527415,1.0177170892585026,9.800948570127643,0.7430365433109013,10.242514096131703,0.4425315074972901,10.539692290499877,0.12654857712005835,10.682529525306343,-0.20289661797321992,10.66397891228234,-0.5419199328830583,10.477995021708963,-0.8813510645867031,10.122019522383528,-1.2156467244839793,9.597535077781306,-1.5439549739183536,8.907344920213342,-1.8629213014571044,8.055135632266188,-2.168370548902771,7.046674639233192,-2.4540578814180556,5.889999778839016,-2.709956690284459,4.597744955873848,-2.9503483150406615,3.1827562909059504,-3.1950596609686333,1.6460588953930004,-3.3592164331408534,-6.410482918489321e-05
32,1,-0.3614348272569445,1.8178309342430556,-0.3614348272569445,1.8178309342430556,0,-0.35135740074229677,1.8258023428306698,4.976201461285252,5.077968784219519,2.71369319191069,7.272891600433818,8.508626660596741e-07,6.104728087231752e-08,0.011704928252367498,0.002287591802766013,0.03393421931507268,0.013252860798259868,0.07104392697913092,0.038788318189395564,0.12061277836879243,0.08641541726063408,0.17330161316892895,0.15986495053673988,0.2262867611352189,0.2597670195312486,0.27766310964413576,0.38590276211672175,0.32309180347925204,0.5364309806858821,0.35921352978625376,0.707426653234498,0.384952408377966,0.8939202343709409,0.3984122287123009,1.0903480140950914,0.39602183838690813,1.2896686785748146,0.3774974911391998,1.4836536296538196,0.34569506204877565,1.6649896462826106,0.29920371141137775,1.8269084839298697,0.2355409947400909,1.9612929035366728,0.1572412850592543,2.0600063565663187,0.0676954919687234,2.116683600341541,-0.03256197604472798,2.125906579498246,-0.14114516841569238,2.0826881713179826,-0.2494558385918844,1.9848172088917722,-0.35135740074229677,1.834377274482164,-0.44888953027842143,1.634108832111771,-0.5338160178329007,1.3875132196184627,-0.5876844847064767,1.1055390892629733,-0.59964300643814,0.8068268790902257,-0.5612413150651119,0.5142383954646061,-0.4572183037965863,0.25651020628595744,-0.27085483517011394,0.07081366319507901,0.0003674657070678699,9.066769254926407e-06,0.325009649358663,0.08025637752409832,0.6472953812201214,0.32447719030173494,0.9337649156638644,0.7213155558198383,1.188845762397292,1.2530492847681944,1.4156797292013534,1.9055716855165024,1.6016641351395748,2.661875948221508,1.7384631760348588,3.4989833707058895,1.8258023428306698,4.39211390322705,1.8622417948545917,5.3163073679785295,1.8456614677351038,6.245501142768801,1.7758206811228334,7.153101647392087,1.6526623243895289,8.012399038286318,1.4816591732024835,8.797753103077758,1.2723155482924648,9.487734148418442,1.0259273378030391,10.063909238567602,0.7425859408224126,10.507410569369359,0.43376107186337765,10.802260051011638,0.11012179051556162,10.938768038795958,-0.2262617924869002,10.910239286182739,-0.5714482861539936,10.710996971464454,-0.9161480524648391,10.338901612133132,-1.2548341837507035,9.795887256429195,-1.586796827103003,9.085161780679817,-1.908788068958343,8.21075093662268,-2.2167365656968463,7.178712317148707,-2.5044683130130116,5.997323836455929,-2.7619588589727657,4.679450391335119,-3.0038890692872626,3.238088854429333,-3.2505309778469007,1.6741477563867415,-3.4156722183140578,-6.518219065433744e-05
33,1,-0.3573329055208333,1.8380143245000002,-0.3573329055208333,1.8380143245000002,0,-0.3466231569495883,1.831528849396315,4.981309368206875,5.068585469250631,2.682895503781089,7.353642569461162,7.513570425649963e-07,3.610270213054176e-07,0.015852410999145698,0.0035832834934492975,0.039175209761849086,0.016911219347665797,0.0774086768630739,0.045360706824589044,0.12696507071646176,0.09623799702540102,0.1781451534448842,0.172534252995906,0.228835738160248,0.2743050369808051,0.27756969224569306,0.4010639598360788,0.320262599177881,0.5508595344731342,0.35384579239009345,0.7197918866206489,0.3774811924519087,0.9030542893018676,0.3894006498640678,1.0953360528992948,0.3861163732269574,1.2898991107447972,0.3673781127450588,1.4788502346796073,0.33598012649424597,1.6552037147044516,0.29044221978951734,1.8124814805833112,0.22822511204876283,1.94282798830238,0.15174444259877293,2.0383258359960705,0.06425149046390341,2.09276048456953,-0.033820342211582956,2.1008042570424568,-0.14019962360791396,2.0575102547384536,-0.24646895598772525,1.9606330905923182,-0.3466231569495883,1.8121361944201455,-0.4427143804896502,1.6146087753610583,-0.526624966429018,1.3713771050027075,-0.5801021795514614,1.0931248565021792,-0.5923537609373831,0.7981586253089714,-0.554912664701458,0.5090023554484947,-0.4525108866466385,0.25406012844705533,-0.2683531498856735,0.07018646622515037,0.00036450261144561544,8.993307966537363e-06,0.3227734746066045,0.07967110810393074,0.6436958153641322,0.32238849683545046,0.9298804196697186,0.7173127116351649,1.1856122123360977,1.2472317260908907,1.4138861481248426,1.898466573421158,1.6019796985395929,2.6543769152481933,1.7413621658655718,3.4922730421546064,1.831528849396315,4.387554430297956,1.870821265940768,5.315327758134506,1.8569103712572066,6.249490448493788,1.789362723676096,7.163308127811025,1.6679493154346756,8.02983878611252,1.4980161357115498,8.823133630181822,1.2890045077908763,9.521407884936343,1.0421538778666242,10.105846350709717,0.7575137671164298,10.557170729459664,0.4466141900124846,10.858995369782479,0.12023446430006819,11.001270623130425,-0.21946721972367925,10.9769907610069,-0.5684239267785669,10.78021827713209,-0.9171510108752057,10.408634700006042,-1.259935001830811,9.864094119192085,-1.5959122582695675,9.149807702191735,-1.9216596617671025,8.269885465027725,-2.2329301031946596,7.230559086296863,-2.5233725143382113,6.040366385166811,-2.7827850137792005,4.71252600535775,-3.025900905861473,3.2604287853447262,-3.2730763671389114,1.6853157009652306,-3.4374891380633614,-6.55985295584557e-05
34,1,-0.37359308836111116,1.8445832572222223,-0.37359308836111116,1.8445832572222223,0,-0.3240540463923358,1.8151344399018723,4.990300339073023,5.085769015305909,2.8049787789534526,7.379923965997721,6.968945446072008e-07,3.121101864998894e-07,0.01431036673548868,0.0032099163978474843,0.035747919739002855,0.015325642730673219,0.07101416240678152,0.04136818658741099,0.11695620351562219,0.08814858827982427,0.16471432316248563,0.15857026404664373,0.21233341970335226,0.25284277112766873,0.25846351432541853,0.37067413203412924,0.29932669154005,0.5104209849513641,0.3320474486966959,0.6686287333187605,0.3557866087644181,0.8409780294444781,0.3688178663384721,1.0226454630633335,0.36777576851420357,1.2074302610260446,0.3522686679965248,1.3879856054113877,0.3247427751772008,1.55772981189285,0.28364726847512267,1.7104743526993973,0.22640615224761668,1.8386504091730913,0.15509456680812156,1.9345318011357562,0.07261795312973675,1.991906092514892,-0.02074578559604072,2.005325758087512,-0.12294542122458219,1.9696440334191967,-0.22598903164293876,1.8822483741462688,-0.3240540463923358,1.7445571178879236,-0.41898759938413815,1.558641074626783,-0.5028259842021263,1.3273452534778087,-0.5576465664371928,1.060716729829087,-0.5725498360150546,0.7763637693500076,-0.5388214043439341,0.4962224348581261,-0.4410815518861376,0.2481982384753993,-0.26241217201050376,0.06869683066089444,0.000357392907667583,8.817209922200976e-06,0.31712601156268794,0.07822497266773354,0.6335410193313604,0.3169336848965212,0.9165631311349132,0.7059399054241734,1.1701009410151693,1.228619626073409,1.3969140198236882,1.8717025332375037,1.584356202300504,2.6189280957057774,1.7239455053702901,3.4480291806411367,1.8151344399018723,4.334824532926536,1.85624801963807,5.254822651567029,1.8449371606831515,6.182317531701977,1.7806932686598265,7.090947175909109,1.6631724877040128,7.954095269430821,1.4974970315957061,8.74605723496709,1.2928181907816594,9.445156947444897,1.0501822708910495,10.032563918039543,0.769448321647528,10.488897669148702,0.4618519483889701,10.797546438504149,0.13794898512352533,10.948096704790721,-0.20019499054409523,10.933103168581141,-0.5485816602897247,10.746151897898104,-0.8977707141816473,10.38441677801769,-1.2420049072926267,9.849243003426988,-1.580318711191601,9.143372145052341,-1.9091740924755398,8.270499155137841,-2.224185581184494,7.236503500287416,-2.51884251308649,6.049645470337906,-2.782753291340532,4.722953238187367,-3.0305037886957535,3.2697179942807733,-3.282410960423891,1.6911220807924279,-3.451240448910021,-6.586094818679122e-05
35,1,-0.3476100688958333,1.8014455048333333,-0.3476100688958333,1.8014455048333333,0,-0.32505554854573737,1.838061145892702,4.975280917608926,5.05661811524376,2.6098953566852328,7.207335750503751,8.777705020206013e-07,-2.2960761165628615e-07,0.006748895728361156,0.0008601411158704664,0.025918175765642225,0.008611282654136816,0.05845682032709606,0.02905608785827281,0.10324045638959364,0.06915606839355033,0.15230519533657577,0.1329649158614175,0.20261127607072063,0.22166620547520985,0.25217769281008523,0.3354693869938905,0.29698315475383963,0.4730442470395878,0.3337760167157298,0.6311022905089946,0.3613103696115998,0.8052824171566584,0.377633158827084,0.9905583138466467,0.379239132380001,1.1804432315378806,0.36555476710123913,1.3672236217799922,0.3389409705415785,1.5438760863336614,0.29790370930221494,1.7037685401325504,0.23991676153122726,1.838918975716291,0.16712616789039175,1.9412139027971362,0.08257637112640143,2.004107276382582,-0.013309687692847695,2.0218914361561477,-0.11832586941236943,1.9892317281797163,-0.22425107264896701,1.9034227733817852,-0.32505554854573737,1.765907664110555,-0.42251535717886546,1.5788487190991154,-0.5084989754179182,1.3452305664830684,-0.5647954280198815,1.0753640809893001,-0.580350803989194,0.7872379211177175,-0.54636702751365,0.5032195015343933,-0.4473137036394034,0.2517030405987234,-0.26611645295089287,0.06966508517013281,0.0003624116148090868,8.941049740471222e-06,0.321553532533645,0.07931928409477795,0.6423303530577593,0.3213492188241437,0.92918280778839,0.7157313832570102,1.1860579828051374,1.245573194094852,1.415734817758525,1.8973737729825064,1.605366548358913,2.654589475432959,1.7463305281854908,3.494574126095462,1.838061145892702,4.392732270165686,1.8788644202876799,5.324152268878217,1.8663817078665326,6.26269770392692,1.8001428315704147,7.181584165411151,1.6798664965730579,8.0537976253426,1.5108322579363391,8.853287158572984,1.30241095417049,9.558131493824753,1.0557572611424162,10.14934087868098,0.7708243455163634,10.607415868684393,0.4590781321012522,10.915707963003268,0.13126552400652536,11.063882052028664,-0.21048639888272247,11.044631371138967,-0.5621138011572142,10.851706722718497,-0.9140769832790314,10.48249110685781,-1.2605883342058923,9.938574828786813,-1.6007169213573704,9.22293988991057,-1.9309432581586183,8.33950680014054,-2.246903180531974,7.294372520596279,-2.5420987039851877,6.096003415330823,-2.806132201027102,4.7576367336832766,-3.053773213760898,3.292736326834103,-3.3055213861318413,1.7025399298222335,-3.47360194815159,-6.628767934419416e-05
36,1,-0.3766330716597222,1.8558315328333335,-0.3766330716597222,1.8558315328333335,0,-0.3539275500211912,1.8611865785849935,4.985092578190931,5.071099798043601,2.827803314274445,7.424926769982614,8.149818977970958e-07,2.850170223715677e-07,0.015269435604399481,0.0033430778839719025,0.03919013257515377,0.01651050014585286,0.07849244013075524,0.045210040850006496,0.12967234471561498,0.09701773412082243,0.18266527794266987,0.17512118453655048,0.2350618158587484,0.27958615918692153,0.2852574556140197,0.4098363418407107,0.3290526958568754,0.563768017474741,0.36334335526727163,0.7372879302547481,0.38734893679012383,0.9254042144488231,0.399353320012792,1.1226526191593709,0.39588439548827353,1.3221564250690352,0.37675222669489206,1.5158997486097747,0.344822553453644,1.696813085029106,0.29856643888381185,1.8583426215912824,0.2353454279112652,1.992513509884932,0.15752893456797395,2.0912520015268607,0.06831992278705903,2.148167514932972,-0.031944221130434845,2.1577192514985803,-0.14103950997730258,2.114704959335193,-0.25042288305715427,2.0166414681240825,-0.3539275500211912,1.865339050623538,-0.45357808247788667,1.663276014925037,-0.5409441412950502,1.4137308222086487,-0.5970847007100188,1.127606262822248,-0.610636944647089,0.8237575182626035,-0.5726489343012435,0.5255073638255018,-0.4672380865135069,0.2623334878690196,-0.27709664356536196,0.0724637903017379,0.00037617076587067834,9.281442378611056e-06,0.3327519710723101,0.08216742641564437,0.6625474039298116,0.33217784387825755,0.9552653984369879,0.7382609698909044,1.2153793153262247,1.282048344893647,1.4461510186088316,1.9488700812408966,1.6348533951708295,2.721141443582397,1.773209732564021,3.5752764228422547,1.8611865785849935,4.485973218943677,1.897534248583595,5.427863424408038,1.8802604306648605,6.3745527452392965,1.8092114161706099,7.299171503324949,1.684335463252845,8.174756403495486,1.5111094236314824,8.975411749201582,1.2990316995437388,9.679457733751606,1.0492324809523672,10.268171532020077,0.7616049773786489,10.722291971092615,0.447611352439167,11.02539407661699,0.11796018066567719,11.167359879935855,-0.22531026927410663,11.141065237040138,-0.5781937488437248,10.940404105156803,-0.9311616985041733,10.56288697983694,-1.2784411648453358,10.010227013522805,-1.6191223003979611,9.28551864582224,-1.9496794476737724,8.39279051250018,-2.2657299680568843,7.3382550923547045,-2.560743774937189,6.130505449588255,-2.824274614509256,4.782928551829898,-3.0711643374564814,3.309137949867017,-3.322007127902949,1.710463434503541,-3.4886504119992736,-6.657485403613245e-05
37,1,-0.36550779675,1.8942847326319443,-0.36550779675,1.8942847326319443,0,-0.36208011439578375,1.8979599751815306,4.9723337590247345,5.062327553439569,2.7442735033545214,7.57877273472937,9.03277427007709e-07,7.589467324261083e-08,0.012552948600936517,0.0024747299962879048,0.035970035719987054,0.014145239539842626,0.07479385519090598,0.04110547260639399,0.12626071122695548,0.0910884645996761,0.18055793175666057,0.1677782777330148,0.23486092100170095,0.2716481108324353,0.287317115348001,0.40235113718623977,0.3335677380521853,0.5579227298818964,0.3702754172095064,0.7343113350437339,0.3964246774667819,0.9264450585155337,0.41011176065861804,1.1286750553497322,0.4076754843537389,1.3338471131972698,0.38879602153629467,1.5335822015301241,0.35635163845737666,1.720419828703276,0.3088276561841027,1.8874288035533362,0.24360019986529283,2.0262572572402364,0.16320565212114346,2.1284972954173367,0.07107992939683808,2.187532089800881,-0.03226637393111624,2.197696791858152,-0.1444017782797923,2.15375343223413,-0.2564590871775986,2.0533185020502387,-0.36208011439578375,1.898446367872992,-0.46334834705281125,1.6918819791218893,-0.5517158894194286,1.4371697565995385,-0.6080237332121795,1.145581551783839,-0.6209445952056812,0.8363907842632556,-0.5816259024057021,0.5332905539439682,-0.4741425857918101,0.2661128495053237,-0.2810431556566337,0.07349013088599939,0.00038148072538880074,9.412433698187946e-06,0.3375392134194554,0.08333954512839398,0.6724785438075045,0.3370247969972173,0.9703571559737494,0.7493641409848507,1.2356781549869837,1.301995677702399,1.4716278897608523,1.9802697775665434,1.6650540578688982,2.7664896153405207,1.8072619157821534,3.6367302600810194,1.8979599751815306,4.565185237353067,1.9356682473566744,5.525863657282443,1.918213830246852,6.4916410627149235,1.8453798273284414,7.4348575150038245,1.7171342507245622,8.327747766102252,1.5391756689155027,9.143668205841147,1.3213741999147368,9.860351572567094,1.0650645819406437,10.458639654382425,0.7703265069525715,10.918915797722125,0.4490599176040556,11.224557240436296,0.11234763668487256,11.365469306390006,-0.23763712923480984,11.334673442861494,-0.5967533753944394,11.126266363759779,-0.9552793176675478,10.738048958493433,-1.3073792913527664,10.172095412310238,-1.6522050236452137,9.431854745152686,-1.9862633286691582,8.521683522661059,-2.3052070550770787,7.44810865437319,-2.6025200716497516,6.22001952205571,-2.867724067965994,4.851112752375178,-3.115997107520316,3.355252242842658,-3.368286522876022,1.7337952704471429,-3.535301246129066,-6.746510509498364e-05
38,1,-0.3598941982222222,1.8976205868680556,-0.3598941982222222,1.8976205868680556,0,-0.3431078989445201,1.9235300722042448,4.965893534925853,5.067137925998542,2.702125976447489,7.592119028819248,9.21350756392545e-07,-2.881349293975729e-07,0.0062632619089008764,0.0006665740993385044,0.025938293266390473,0.008280994176389106,0.059561767002636,0.028975389250906675,0.10625556443398085,0.07007227070519659,0.15787489703380364,0.13600628273796678,0.21116034428212693,0.22822241187607234,0.263977798696152,0.34710579678387676,0.31207155909826173,0.49140679404633414,0.3519494345423436,0.6577926191189553,0.3822012192217738,0.8417572827372658,0.40068355563704405,1.0380472428864191,0.4036208068534895,1.2398295607138683,0.3903080897257835,1.438932838376982,0.36314464344582226,1.6278637571941503,0.32049419975907484,1.7995046742404717,0.25962912004473726,1.9452843411579617,0.182753144041454,2.056460776340727,0.09304377498121676,2.1259217194890097,-0.009070547253385844,2.147426991030423,-0.12125656878505701,2.1151255183201187,-0.23476479862784996,2.0259588525941172,-0.3431078989445201,1.8812995760722713,-0.4480614767635901,1.683335150280701,-0.5408513621968459,1.4351856959142992,-0.6019150733760669,1.147842064867587,-0.6192809809322058,0.8405673384418444,-0.5834269403226878,0.5373779151961344,-0.47774316640906767,0.26876590667764444,-0.284131717033568,0.07436403360634916,0.0003866232680351671,9.53870316921839e-06,0.34260469199095595,0.08455159087530392,0.6831796508644774,0.34218435690443644,0.9861473161483953,0.7611805902823556,1.2556877075492234,1.3227999833016697,1.494844764475032,2.011928059376855,1.6902413174734126,2.8103030709115275,1.8331695960017236,3.6933662150635467,1.9235300722042448,4.634730129700036,1.9600522094408794,5.6079283243051,1.9407645407532605,6.58546204258581,1.8656426043442553,7.539397513955107,1.734795609535118,8.441779286709453,1.5540492082378756,9.265838610914882,1.333363676685664,9.989241457728276,1.0740408029823718,10.592778247362341,0.7760910334346076,11.0567481623215,0.45142556069600803,11.364429213946712,0.11113922524831123,11.505638517464789,-0.24263016140968433,11.473301604589393,-0.6057321806773055,11.261408440157457,-0.9683527353082619,10.867680222297608,-1.3245618651474749,10.29416187230694,-1.6734397497055562,9.544312615044934,-2.011384017888218,8.622542888585937,-2.3339223035955947,7.535494389480833,-2.634390281464609,6.292236269410015,-2.9021245847421944,4.906734319394704,-3.1524111160212547,3.3931562819817818,-3.4063958394933747,1.753048797474388,-3.573798532713112,-6.819975976401562e-05
39,1,-0.3495693117986111,1.924501913298611,-0.3495693117986111,1.924501913298611,0,-0.37404753554382003,1.9436516011793417,4.977319930638848,5.073112496205077,2.6246055719871686,7.699667519453066,9.075187531277339e-07,7.791458104215669e-08,0.012683097500063441,0.002500604450955747,0.03641998217628106,0.01430564914807733,0.07592769205225529,0.04164276767169361,0.12852234328659787,0.09245803246423817,0.18428672008564553,0.17063319266339655,0.24033182332099481,0.27679235401618435,0.29473514433554227,0.4107117003611498,0.34298944240602774,0.5704944218465542,0.3816044589516459,0.7520771753595256,0.40945801784964964,0.9503121034041896,0.42451647323417996,1.15941921943629,0.4229363773705075,1.3720324228362222,0.4043056878508763,1.579485123477326,0.3715161673958398,1.7740168154648588,0.32295243945292307,1.9483807655081131,0.2558579588276302,2.093839871914163,0.17280596699012057,2.201574984232678,0.07732354669658431,2.2645991420422367,-0.030059451209286648,2.2769043369201807,-0.1468079198865218,2.232929520440244,-0.2636947520576042,2.1300838970919473,-0.37404753554382003,1.9704058879892479,-0.4799253301874099,1.7566973769531304,-0.5723649376603361,1.4926387728647466,-0.631377139519729,1.1899785884227985,-0.6451057155146762,0.8688233587286228,-0.6043184976834814,0.5539042826298415,-0.4925269706487521,0.2763263155722051,-0.2917837103435823,0.07627913838734367,0.0003957215728169567,9.764113173932702e-06,0.3497664360042589,0.08639179020669809,0.6958980094787026,0.34907474324322374,1.002592883793772,0.7754289832440678,1.2745844817853873,1.3459250577313886,1.5153020235190524,2.0449273310444207,1.7113799815662256,2.8537382809494902,1.8541543146385864,3.7473643293185845,1.9436516011793417,4.699032452104053,1.9786569108082361,5.6819392584134105,1.9572143629617762,6.6682624996082485,1.879333729802554,7.629757775461707,1.7451632746584997,8.538176089269346,1.5606656393424387,9.36649463988944,1.3360084494922313,10.092218913402156,1.072587404383624,10.696058020831016,0.7705098396468145,11.158265941497278,0.4419487137787929,11.462166848004333,0.0982242969953708,11.597756674096551,-0.25843326601842737,11.558215775448733,-0.6237739854961845,11.337831484765243,-0.9878604566161467,10.93468200268723,-1.3447259961518374,10.351212583474902,-1.69348796565017,9.591278853171023,-2.0305800299174637,8.659668269426048,-2.3515871376315154,7.563377893257813,-2.6499189897285804,6.311797597000252,-2.9150069573243553,4.919175004467315,-3.1623330720854326,3.3998871650830016,-3.4131664238213832,1.755597914054076,-3.577190656448479,-6.82644938480213e-05
40,1,-0.35505566158333335,1.9681505751180555,-0.35505566158333335,1.9681505751180555,0,-0.35849521605435924,1.9427749836914245,4.973252712918006,5.071224517571945,2.665797701069564,7.874299813324224,9.242427599577683e-07,-2.2047354688306013e-07,0.0075170476640847505,0.0010177208380263007,0.028125591431447255,0.009479986207508364,0.06322180710084768,0.03161267777366398,0.11167487812768019,0.07497813726510748,0.16502329470108493,0.1440552421034339,0.2200580457162084,0.2402808876731303,0.2746196750188565,0.36405270668882656,0.32426098103033735,0.5140742148501796,0.36530746319163243,0.6868652100585848,0.39624337788806047,0.8777022181535077,0.41478929005976206,1.0810590843674495,0.416986584692029,1.2897451632264274,0.40212343454107163,1.4951739911919155,0.37276603909255795,1.6894887807080354,0.32730529330598856,1.865264571635783,0.2630379492230721,2.0136200451020128,0.18242545112046354,2.1255736877614164,0.08893663602695083,2.193923557434654,-0.016829774026589382,2.212453674448523,-0.132322720264,2.1754244480923366,-0.24843048575482618,2.080038407645881,-0.35849521605435924,1.9280817226646358,-0.46442731653761554,1.7221490481748394,-0.5573477950762773,1.4657424915458834,-0.6174859217904329,1.1703381755341724,-0.632993613625467,0.8557090797303111,-0.5945660123201991,0.5462796790197728,-0.48568663145092345,0.2728720330600053,-0.2883085351477666,0.0754180248235243,0.00039173755053230775,9.665260601247685e-06,0.34680373035439177,0.08561355274588923,0.6910795560376797,0.3462992087890202,0.997082386278417,0.7700287753926472,1.269207569131255,1.3377758205498915,1.5106101814605948,2.034241335821331,1.7077727362400972,2.8409640205039075,1.8518691646890761,3.7331106100609204,1.9427749836914245,4.683987044822028,1.9791849858336887,5.666808042990167,1.95909744059979,6.653736766972632,1.8825008473750162,7.616497686767994,1.7495394473379209,8.52680503930856,1.566164816657324,9.357596456244629,1.3425242658301857,10.08632923576138,1.0799988066107227,10.693655588658896,0.7786625567910309,11.159762189391047,0.4506222441926372,11.4678803627003,0.1071296176247509,11.607878235419145,-0.24964802282046425,11.572776014082383,-0.6155271836406585,11.356668499252208,-0.9806263903797375,10.95740985045871,-1.3390131568344878,10.377198857478243,-1.6898249927182358,9.61963132120115,-2.0294957801777307,8.689229220468253,-2.3535851910448162,7.5927305416343795,-2.655443369431925,6.339286044011494,-2.924389608875066,4.942948422278073,-3.175881920404421,3.417942828622178,-3.4312503897098723,1.7657575459596162,-3.5995793673763488,-6.869174244027763e-05
41,1,-0.3853655117847222,1.9440109249999997,-0.3853655117847222,1.9440109249999997,0,-0.34538507670611635,1.908500459454372,4.9709775556791795,5.085027368503223,2.893367453446717,7.777720392612515,8.846654965415928e-07,-2.058694089712665e-07,0.007305451279852087,0.0010029811866226865,0.027160443627277497,0.009187158463893685,0.06100410043146955,0.030548051487439408,0.10775620837401255,0.0723911740462825,0.15924885409276324,0.1390478131325038,0.21238320129242635,0.2319121027945636,0.2650716606226925,0.3513744138747484,0.31300877617430933,0.4961857742755622,0.35263850366981253,0.6629830780930548,0.382501666095504,0.8472019674903334,0.400400726452713,1.0435057629486273,0.4025095279201333,1.2449500440019008,0.38815268455667723,1.4432436000158293,0.35983290138984103,1.6308104287564475,0.31599690900796057,1.8004986580674835,0.254026493752923,1.9437465662612818,0.176305739528985,2.051895671524251,0.08618370671696154,2.1180088587372574,-0.015783210811517675,2.136095210589521,-0.12715612060194073,2.1006113265154833,-0.23915447040855017,2.008844543332238,-0.34538507670611635,1.8624961353995213,-0.44774735378579383,1.6640238828183573,-0.5376896907321946,1.4167407968075825,-0.596106504899838,1.1316590863689056,-0.6115253429535753,0.8278139715845344,-0.5748806438830965,0.5287582247043172,-0.4700502357731528,0.2642844175013335,-0.27932292804099246,0.07309625492576573,0.0003799960350301898,9.375175793352205e-06,0.3368446330426449,0.08311725279383897,0.6722269474809358,0.3365219574123547,0.9714205882239206,0.7490360218533005,1.2385666238466464,1.3026405185802947,1.4765823132920946,1.9828701628492535,1.6720866484034356,2.772090719133772,1.8161953507392277,3.6463332073664962,1.908500459454372,4.579670570955177,1.9474519407051107,5.545946324324698,1.930832721876217,6.517841940150139,1.8584028045880274,7.46748724631613,1.7301115201426376,8.366896499708977,1.5516644303660057,9.189201186735763,1.3329631050841417,9.91192082864847,1.075333955412918,10.51569170223634,0.7788414679705495,10.980681356458646,0.4554466786983272,11.290061880506114,0.11631029598075006,11.433572625749017,-0.23635279570873044,11.404098190400331,-0.5983349153650965,11.195622394627494,-0.9597981897909849,10.805880393158462,-1.3148060621112636,10.23693771719105,-1.662440214083974,9.4922758235308,-1.9991227173586554,8.576321367892891,-2.320422709786485,7.4957150486608075,-2.619737224574622,6.259500525468027,-2.8864917829451193,4.88157839036767,-3.135950846328297,3.376027105018609,-3.3891846678806226,1.7443434121973114,-3.556366752590885,-6.786710416507257e-05
42,1,-0.3641708671319444,1.900765518375,-0.3641708671319444,1.900765518375,0,-0.35418878937825626,1.9085380694835343,4.970403200715837,5.068118156951899,2.734235685941862,7.604701467323255,9.567524936440786e-07,-3.2908162585911894e-07,0.005953781508613316,0.0005379918129744292,0.025991085338953324,0.008075716156513525,0.06032747018088572,0.02895546477967858,0.10823490600694234,0.07071880070543857,0.1614302606465044,0.1380259854753351,0.21646371240802117,0.23245274498990398,0.27103269226469234,0.35443005922747545,0.3206382029759252,0.5026520589329102,0.36154591626460775,0.6736025322508162,0.3921966723837784,0.8624937381718221,0.4103270503998725,1.0637276907336406,0.41204114496102257,1.2700631576120744,0.3966969923120965,1.472897531430516,0.3669372001278317,1.6643931419536009,0.32127017575551314,1.837191844520908,0.2571249727798186,1.9825443415302677,0.17705066819419843,2.0916575487665208,0.08456866409654364,2.157551097225253,-0.019669886213304788,2.1742566291510963,-0.13311125076928898,2.1363000839471473,-0.24677999894580332,2.0411177595775425,-0.35418878937825626,1.8906428104162791,-0.4573067585409793,1.6875625283420088,-0.5475076762308991,1.4354103333772537,-0.6055362347833384,1.1454889982354497,-0.6199522989572408,0.8371564730535924,-0.5817873081572076,0.5342470217296766,-0.4749699776865718,0.2667981753648588,-0.2818663383463007,0.07373098969995939,0.0003829833138461219,9.449230161637991e-06,0.33913518964347344,0.0837120963409803,0.6760998911644982,0.3386929847337457,0.9760396872873055,0.7533625664712363,1.243249546607074,1.3093174263414145,1.4807675211824238,1.9917865733851658,1.6752588472560115,2.782866509289121,1.8179373231278957,3.658352014920332,1.9085380694835343,4.5921427250080935,1.9456500106207149,5.557980203042148,1.9271941696530868,6.528512638421163,1.8530685687021005,7.4759061401587035,1.7233494387670703,8.372277671833817,1.5438519063164595,9.19092113831089,1.3245488889721087,9.909564478895238,1.066803420386515,10.509078399164538,0.770695205221652,10.96987819821411,0.44815425219502364,11.275380827560882,0.11026990905378858,11.415543404103506,-0.2408221727987831,11.383430005365964,-0.6010100144948947,11.173161188390537,-0.9605763318644632,10.782554168996585,-1.3136988247745565,10.21369628837206,-1.6595527646360402,9.470039324797057,-1.9946501169924993,8.555934803559767,-2.314638115940453,7.477905530879943,-2.6129800482634913,6.244842029548373,-2.879155517809536,4.870459855557936,-3.1283948294132577,3.368644720474561,-3.3817224412514757,1.7407301107789634,-3.5494849762659633,-6.773577699943756e-05
43,1,-0.35311747524305553,1.8800700282430556,-0.35311747524305553,1.8800700282430556,0,-0.3558866969895687,1.9003212871958906,4.979773123798408,5.086435365003024,2.651245580798854,7.521901657114197,6.930591608065256e-07,4.959931425253374e-07,0.017630349701113157,0.00414624643400707,0.04145441618274045,0.018487768900384546,0.0804991322622448,0.04826729109625246,0.13088799131394394,0.10090538483214648,0.18277941028705894,0.17934122545976786,0.23429851121657716,0.28362751765807426,0.2840680759755925,0.4133693673097572,0.3279086534320639,0.5666990089519371,0.3626473274678181,0.7397442953504525,0.38738203888073197,0.9276863291227628,0.4002214439084247,1.1251600251216634,0.3974835434076303,1.3252888689746933,0.3788442638209693,1.5199658000806129,0.34714233151473073,1.701993750263424,0.30079538628106933,1.864675282981218,0.23713452584179848,1.9998639794907227,0.15863298470909531,2.0993327362072813,0.06863188249942917,2.1566046348221137,-0.03244486449972793,2.166108387197468,-0.1422684417119394,2.12265506381736,-0.252148080521804,2.0238410834578784,-0.3558866969895687,1.871608760784106,-0.45561411375550664,1.66854178839594,-0.5429199080695937,1.4179873489985582,-0.5988789400701545,1.1309173410577502,-0.6122497999747866,0.8262194452060128,-0.5741597840231184,0.527191481984159,-0.4686552077809544,0.2632821338179108,-0.27816527744754876,0.07277196739906888,0.0003781211259404769,9.329103913422294e-06,0.33503404866294695,0.08268131374971875,0.668462766855339,0.3346880011545278,0.9659417336304399,0.7448777055429227,1.2317107018395534,1.2953841143217149,1.468726713480978,1.9719184377300016,1.6636851859549848,2.7570548760140565,1.8077082236243829,3.6270571712908755,1.9003212871958906,4.556213186217369,1.9398987964916294,5.518544143385552,1.9241455911021526,6.486871462944771,1.8527390313726544,7.433424055634402,1.7255565352052789,8.330276525778197,1.5482301223575332,9.150584958032928,1.3306000116554164,9.87185796076512,1.073979827990487,10.474701897949195,0.7784394498305572,10.939255055833485,0.45592851127361267,11.248658559985174,0.1176126676692857,11.39261740383287,-0.23425928490740336,11.363992383388675,-0.5954492347715421,11.156760971169367,-0.9561042421273672,10.768662903128714,-1.3102677194880499,10.201776198702342,-1.6569943624758745,9.459607300350491,-1.992692608618092,8.546618542466849,-2.3129280613198833,7.469490064969553,-2.611109657839427,6.237304008821353,-2.8766989850072884,4.86398586039259,-3.1249186090612846,3.363635168708803,-3.3767653142179292,1.7378100793597604,-3.5427560397084905,-6.760736748402364e-05
44,1,-0.35507301486805554,1.9221036202083335,-0.35507301486805554,1.9221036202083335,0,-0.3652508199813889,1.8981492653009922,4.979630538464873,5.074597788051937,2.6659279914761784,7.690072278584904,8.262609309445048e-07,2.2062381069690083e-07,0.014277857173144386,0.003044545510116927,0.03786778307955535,0.01562730786477686,0.07694443614390843,0.04359876278697405,0.12845227560586822,0.09468167763487166,0.1825596669863134,0.17242312545599175,0.2367184150522395,0.2772520699270494,0.2891760617657898,0.4088785759910252,0.3355307577761302,0.565402691420797,0.3723936135667925,0.7428101557211457,0.3987148774049301,0.9360462341852879,0.4125263713261326,1.1394563536606381,0.4100813326901533,1.3458402176125224,0.39104501535132297,1.5467442429751954,0.3583332042197244,1.734644056921629,0.3104073167268536,1.9025499759694837,0.24462091517213672,2.042034417047379,0.16356131828648351,2.144621540939108,0.07071632869521217,2.2036561821395098,-0.03339004584484307,2.2134505048562167,-0.14629370654239127,2.1687521117560777,-0.2590466900861708,2.0671926310472637,-0.3652508199813889,1.910876810026232,-0.46701557248157854,1.7025991270267402,-0.5557332654314298,1.4459569990209902,-0.6121336673211296,1.1523248897667875,-0.6248551064626849,0.8411168655207693,-0.5850369718439133,0.5361731779626795,-0.4767235268662863,0.26748309458237207,-0.2824552339226973,0.07384881788391105,0.0003832298344224776,9.455724206233662e-06,0.33894080066971694,0.08369814527008264,0.6749427022756849,0.33836911236419065,0.9733905933234175,0.7521033685945512,1.2388294374403181,1.306298295268624,1.4745011980502034,1.986094537936407,1.6672845643309566,2.7736043825791024,1.808561573759283,3.644737328690777,1.8981492653009922,4.5735698547831,1.934663335766245,5.53404614894887,1.916007315603235,6.499019633901173,1.8420213283474265,7.440841912292886,1.712707285107715,8.331781804427768,1.5337870467229873,9.145243470660812,1.3151462952743784,9.859017480373693,1.0581235833608686,10.454007979424686,0.7628132482841803,10.910664001951293,0.44115562839556377,11.212442475983684,0.10428411029869984,11.349351815924384,-0.2455694436367601,11.314543462889871,-0.6041918155589637,11.10227701018691,-0.9617895883592917,10.710553000302456,-1.312466470842858,10.141678295582363,-1.655320923323909,9.399363078348761,-1.9868248892203475,8.48824784408835,-2.3026233947220707,7.415154074487087,-2.596232556042094,6.189261132800351,-2.8572699733140947,4.824522339241929,-3.1009203452828293,3.3350226612233214,-3.3480476124936867,1.7223754054656921,-3.5100259556405455,-6.698277136975222e-05
45,1,-0.3685951586527778,1.8413191172638887,-0.3685951586527778,1.8413191172638887,0,-0.35514169723854433,1.8594573937541923,4.985321424225467,5.078192897654035,2.767453762545694,7.366864590871898,6.90643881356196e-07,5.539301546822731e-07,0.018640335353504817,0.004435762610889577,0.04305985188932637,0.01942814896004137,0.08291417920476811,0.05020560971039042,0.1340008988768248,0.10424109768470449,0.18614359177553108,0.1843156106068369,0.23748345218792494,0.29025607241187723,0.2866533774354088,0.42145900534193104,0.3294344736211454,0.5758356631917787,0.3626921071308217,0.7492889861545717,0.3856417439906245,0.9368171756233901,0.3965098117865756,1.1329333867979352,0.3917413162628454,1.3306977011905878,0.3712053685477489,1.5220192735072795,0.33793082217345627,1.6998181989141097,0.2904642216410343,1.8575925729720102,0.2262719765337907,1.9874553854660717,0.14794572946405496,2.0815057384184623,0.058876385633812055,2.1336350064616227,-0.04049719739488206,2.138654636245312,-0.14787918552441537,2.091757070129139,-0.25475036187260713,1.9908715914021142,-0.35514169723854433,1.8381637858370667,-0.4513015280625601,1.636355184681781,-0.5351131419260654,1.388844765964231,-0.5882152241428041,1.106430236298286,-0.5998303995043786,0.8075565097076867,-0.5614747449256745,0.5148763990004923,-0.4577002715676378,0.25697167545230726,-0.2714271468086387,0.07099512197574184,0.00036877412664647514,9.098592208377531e-06,0.3266934303379069,0.0806262214326922,0.6518585724958785,0.3263625096748351,0.9421871249798557,0.7264112902099633,1.2019135237821978,1.2634879286649787,1.4339665993240995,1.923832093301885,1.6253592785659636,2.690632878534233,1.7673719111747594,3.540905664315599,1.8594573937541923,4.449701667964971,1.8999269352127859,5.391765322260235,1.8864234700949134,6.340614822625758,1.818510754388619,7.269130265973997,1.695945565072824,8.149979641747542,1.5241232168714123,8.956828650987932,1.312579073585488,9.667549673430582,1.0625081276822312,10.26300160027043,0.773887684875113,10.723538623649116,0.4583600326447188,11.032416625097357,0.12682645414683857,11.179297653815002,-0.2185472409532647,11.156917219914947,-0.5736313975869033,10.959088502370411,-0.9287595827111573,10.583308408085024,-1.278071719194602,10.031335123582805,-1.6206219138386162,9.306336713906964,-1.9528497116259647,8.412432174381332,-2.2703500897273226,7.3559397652837015,-2.5665775031742166,6.145566236753437,-2.831074955367683,4.794821420292516,-3.0787749620375973,3.3174245480543134,-3.3303433946452454,1.7147578202934588,-3.4974049635604083,-6.674191949969896e-05
46,2,-0.4850443115070423,1.9766021841056338,-0.4850443115070423,1.9766021841056338,0,-0.5726370356033987,2.0345049710251635,5.09346501090263,5.048771092829189,3.641767053554961,7.908113538714206,-1.1022967898986102e-06,7.473790798930287e-06,0.12178964465321782,0.03566858717056668,0.18877465281538852,0.11280357872143132,0.28663146978377646,0.23048963818779838,0.384134312737084,0.3992081507583432,0.45374899393821216,0.6097276669159537,0.5051447022002011,0.8499897064374611,0.5431991557249518,1.11271047426609,0.5633903527891068,1.3901804282706616,0.5646746423163216,1.6729174607674944,0.5504734429025074,1.952300501948163,0.5206699461548867,2.2208218645635984,0.47148172065267163,2.4696929049765157,0.40560830055847774,2.689484499646647,0.3299448949198221,2.8737439346351557,0.2424772837228255,3.0174694517599385,0.13976139972790683,3.1136174185938583,0.026429982106293416,3.155464223821384,-0.09263075140909328,3.1391315660991115,-0.21745873186885362,3.061856619126334,-0.345479667435922,2.9210793254934555,-0.465965789554108,2.7176554099960026,-0.5726370356033987,2.4575187246919823,-0.6702591115076941,2.1464167253974753,-0.7496282438759669,1.7902115346870697,-0.7892187391866453,1.4035142432789656,-0.7782141870000624,1.0094403812355244,-0.708853535164421,0.6349627198284974,-0.5649339385546721,0.31300052054372507,-0.3287292722848957,0.08549469821751503,0.00043924397382790793,1.0842636026573003e-05,0.38382057540418973,0.09515921218752864,0.7560449521392768,0.38178440179289563,1.0799163820147206,0.8428327138962514,1.3628309310635796,1.4549247477962308,1.6100497099863817,2.199851992376452,1.8083686483914014,3.056771984149367,1.9495558319494417,3.9986366549960017,2.0345049710251635,4.996976785545864,2.062570291390051,6.023667345497146,2.032175708486175,7.04978432881448,1.9437218381144121,8.046178186687133,1.7976569100549977,8.983864085953389,1.600475070143291,9.835275831423537,1.3629679324134794,10.577693126083517,1.0865846717765004,11.19178074695664,0.7713909704981966,11.657707298480483,0.43005012046497765,11.958828166368724,0.0742232274249331,12.085415731254706,-0.2939871873247764,12.030966669979552,-0.6703722598870244,11.790019602524895,-1.0448115416716657,11.360951337270167,-1.4113388081148364,10.746566175340815,-1.7692569107183136,9.951018327575166,-2.1150442405764,8.979329556182497,-2.4442710535616468,7.838732180823326,-2.7502253495987,6.538872125217318,-3.022052169531229,5.094376437597747,-3.2758541656866225,3.5199645776108963,-3.5336519033974683,1.817173439715337,-3.701950030901752,-7.064531108622965e-05
47,2,-0.6169575535972222,2.1175313715694446,-0.6169575535972222,2.1175313715694446,0,-0.6090742155658748,2.1322154029731144,5.088074824129484,5.066354388555412,4.632186459730519,8.47195183877499,-9.717531173064343e-07,7.443340442755778e-06,0.12281537383660769,0.035809335690159996,0.19246551655094354,0.11407178930466168,0.29462611510858777,0.2346023543489551,0.39771272603833263,0.40868979795226157,0.4730032190940698,0.6274272769406183,0.529775254167518,0.8786752739668913,0.5727048291842725,1.1549588228669427,0.5968683924480502,1.4482200980681719,0.6009680705016988,1.748449260235738,0.5884162755329339,2.046439979582873,0.5589955546856522,2.334086924882205,0.5086524958576981,2.6018996187506063,0.4401224041971378,2.839667627902329,0.3606082195955289,3.0402692896418966,0.26798387169479115,3.198098917792491,0.15859881810108523,3.305393679244693,0.03735077058684906,3.35472286998667,-0.09052788491040918,3.341680521106281,-0.22498117526242875,3.2630825584863574,-0.3631576786346217,3.1160132726182233,-0.49348516939582854,2.9012567485822527,-0.6090742155658748,2.625094152379436,-0.7148237739679479,2.2937055432161757,-0.8007635317183713,1.9134755878813146,-0.8437754044485868,1.5001994871980031,-0.832234089616067,1.0788091776784376,-0.7578950537185251,0.6783647956136766,-0.6036418074251328,0.3342205066956963,-0.3509136346066851,0.09122743995106126,0.00046827479387247077,1.1559785899735213e-05,0.4085838982645341,0.10135202503464853,0.8034022614202879,0.4061768899395718,1.1452965056853095,0.8956000351733393,1.4422743757312215,1.5440408048804808,1.700096021132656,2.331493910032831,1.9050014956729804,3.2352610998425804,2.0486053564880593,4.226212711803323,2.1322154029731144,5.273890757446703,2.1555131704428243,6.348382696913325,2.1172045443266634,7.419115746495089,2.0180767434584412,8.455463046002908,1.8589581932492485,9.427151859671882,1.6470002730399809,10.305573402867912,1.3937962265149455,11.067356523440512,1.1011040197703335,11.692805231818927,0.7692301435514068,12.161823847406545,0.4115977792952322,12.45775787673123,0.04049258924787321,12.571252117636034,-0.34181317324370597,12.496362116860203,-0.7308829990379933,12.228263668786191,-1.1161989780036963,11.766139082802157,-1.491624650643272,11.11375408653648,-1.8565184243509039,10.276239791980105,-2.2073426832444993,9.25957929933278,-2.5396622181591746,8.071979376362746,-2.846736300522898,6.724058058460707,-3.1176291604392006,5.231460382811712,-3.3691225349678096,3.6098049747090974,-3.6239248942030917,1.8610863769136137,-3.786497559252386,-7.225875790873047e-05
48,2,-0.5902701636597222,2.152376491173611,-0.5902701636597222,2.152376491173611,0,-0.5879307477816721,2.1153413241300236,5.077149096167025,5.0727100790546436,4.431814545012474,8.611362370806,-7.305983697409782e-07,6.582959679409265e-06,0.11019665407966853,0.031965308148027144,0.1749353745706691,0.10269310869130738,0.27049260966467875,0.21285263668443807,0.3686109495256836,0.3734749647939036,0.4425841295881836,0.5772059873537059,0.5002098684913378,0.8133953395147522,0.5453393963813392,1.0753919962076721,0.572977058652465,1.3557897763944873,0.5814638115615777,1.6451447385084177,0.5736407821037623,1.9345600069669244,0.5490380157070669,2.216020097917333,0.5035723952375194,2.4800743104655454,0.43966782671637095,2.716479343946948,0.36417545539885304,2.9178849946336873,0.2750930314995462,3.0783979728088857,0.168932367316046,3.1900677100607417,0.050485631423369294,3.2452843419353212,-0.07505908465239365,3.2394102283723574,-0.20751639330098914,3.1690571142485577,-0.34399356818770255,3.0311598916509976,-0.47308483408221585,2.8263174135212865,-0.5879307477816721,2.5605566164333955,-0.6932166337176943,2.2398660271661703,-0.7791271664042514,1.8704746187129166,-0.822958027508282,1.4678525939866147,-0.8132229172652052,1.0564607041476048,-0.7417345987063408,0.6648561270746334,-0.5915741455995907,0.32782525845894817,-0.3443287273953491,0.08955249654191572,0.0004600645793942519,1.1356653727145646e-05,0.4019013406892094,0.09965311154438142,0.7912763745405306,0.39970454565968055,1.1294838544470847,0.8820737926326099,1.4241918594977234,1.521990811422126,1.6808715369996077,2.3000713472878593,1.8857194441564906,3.1941684257955942,2.030193712390316,4.175663420478593,2.1153413241300236,5.214497130282502,2.140639454180943,6.281036215886314,2.104636033124921,7.3448991611434575,2.0079817972150864,8.375575775191013,1.8514106233226493,9.3428527277489,1.641974956904348,10.218134366921554,1.3911853705729331,10.97801340943475,1.1008122316790618,11.602739337337603,0.7711907186855868,12.072178404898281,0.4157035639997204,12.36963453518485,0.04661164971379959,12.485690090377817,-0.3337869377810565,12.414340336843111,-0.7210520747132968,12.150711085793853,-1.1047019865141292,11.693924985073005,-1.478621081330493,11.047671752475978,-1.842168474901269,10.21700274398338,-2.1918270618708164,9.207816813529718,-2.5231887859293987,8.028223315704112,-2.829551089179526,6.68872830334822,-3.100033638285452,5.204838364711613,-3.3513379243447328,3.5920332251479943,-3.6060663927611043,1.8522330397127789,-3.7691183735882126,-7.192710573762641e-05
49,2,-0.5673504128194444,2.1938434358541667,-0.5673504128194444,2.1938434358541667,0,-0.5809446621927271,2.1585148125583515,5.070047535833595,5.076830312384235,4.259730486905547,8.777265914409437,-6.026301433832525e-07,6.100318965850578e-06,0.10302334493634684,0.029791066385234655,0.1648556888625371,0.09620814145768936,0.25651388206191617,0.20037977391040845,0.35170206837537676,0.35318608723938194,0.4250298977743844,0.5482180144237501,0.4835552750207964,0.7758055216626976,0.530708107432046,1.0299342561628333,0.5614672088421366,1.3037536542888575,0.573915056114926,1.588318283853229,0.5704549838739262,1.8750408851411304,0.550332323599152,2.156026629903498,0.5092712233473622,2.421838340395969,0.4493299587140008,2.6621111234577572,0.3770206698262962,2.869178941525717,0.29028083072235705,3.036735105613333,0.1855772210006463,3.1564024277653133,0.0675947573578584,3.220100023096818,-0.05847502754257741,3.222688612338826,-0.19234817827349157,3.1603084618664075,-0.3310217264402265,3.0294760667165637,-0.4629208304904754,2.830438079369532,-0.5809446621927271,2.568975695548071,-0.68959456862736,2.2509416259097694,-0.7788383679482821,1.882519728502245,-0.8256110892037747,1.4792826467957623,-0.8180991448265846,1.0659728840832214,-0.7478306135083805,0.6715765380907601,-0.5975157691767136,0.3314700551284113,-0.3483170705520975,0.09063190495252794,0.0004660338757873938,1.1503525041206063e-05,0.4075983338202406,0.10102528753514745,0.8034250970772265,0.40552733393846413,1.1480792114102158,0.8955892776210118,1.4490835452846909,1.5463842701009776,1.7117717404221306,2.3384329852842285,1.9218875336420185,3.24933786121274,2.0705116874625227,4.25000543576304,2.1585148125583515,5.309768938667875,2.1852179062630137,6.398309840726756,2.149041979764417,7.484485821830196,2.05060160135702,8.536986383812474,1.8906442996576995,9.524791408942061,1.6764126600589158,10.41854257331458,1.4197402074008738,11.194210184152382,1.1225354357672155,11.831544573637624,0.7852495225314232,12.3099573211698,0.4216595264377108,12.612425915020564,0.04438364655792145,12.729413157400451,-0.3441524832982432,12.654911095036969,-0.7393555298058818,12.384101041461614,-1.1304911018784356,11.916268536395279,-1.5113084564072916,11.255371411754464,-1.8811610759305235,10.406757241461179,-2.2364837838041876,9.376630794656426,-2.5728185313682785,8.173436307011778,-2.8833845132549754,6.808039658348415,-3.157164985981327,5.296372349178616,-3.4112262315759914,3.6543055526923416,-3.6686006260038164,1.8838850990365745,-3.8326096467071995,-7.313872754004159e-05
50,2,-0.5704325913472222,2.191261397451389,-0.5704325913472222,2.191261397451389,0,-0.6025814715791762,2.1614583605614928,5.069100030397301,5.055920640151458,4.282871828736278,8.76693553381253,-6.722911502452395e-07,6.542579717888756e-06,0.11016586778090977,0.03189058517020065,0.17575751249840674,0.10279647367645951,0.27273220496165196,0.21369401733018065,0.37280985135052724,0.3759108882913003,0.44893351136442106,0.5822763369628869,0.5087302968700603,0.8221837238404699,0.5559640635268183,1.0889721386394968,0.5854973737285588,1.375167840935847,0.5955579967808847,1.6711910807449675,0.5889388192702698,1.9679708144945316,0.5650886889965345,2.2572898374516863,0.5197779956807203,2.529435542479045,0.4553795288631616,2.773845606612151,0.3788015632238146,2.9828604534347645,0.28796655736407306,3.150279470413471,0.1792770106914532,3.2677858982109598,0.05760345336963009,3.3273938579208613,-0.07173117963487201,3.324153139660774,-0.20848960116665965,3.254408900890949,-0.34964337070549817,3.1148651693812233,-0.4833970632978896,2.9060220461446997,-0.6025814715791762,2.634006674960832,-0.7118942425439918,2.3049688878291885,-0.8011489344887923,1.9253580259537888,-0.8468958379293305,1.5111747009290657,-0.8372453561503741,1.087712384943139,-0.7637620612098841,0.6845008445419895,-0.6090927186308069,0.3374685415468156,-0.3544284348372104,0.0921667905068337,0.0004733458412571693,1.1684694841736925e-05,0.41327444618030296,0.10249359674827782,0.8131072515264557,0.4109209078056416,1.159733021026057,0.9063955982696059,1.4610819413219054,1.5631616239585715,1.7228397615503321,2.361026419780372,1.9309312526498172,3.276999921575515,2.076728608120306,4.281508473162232,2.1614583605614928,5.343573939898899,2.184741013614645,6.43273214218798,2.1452503841841524,7.517831753178564,2.043814382551985,8.567670589533426,1.8813422840427467,9.551430483748442,1.6651901021149476,10.440024225382881,1.4072372370806838,11.209733677855773,1.1093903795734337,11.84062964201208,0.7720848240398038,12.312439771199289,0.40904205545530176,12.60844094567451,0.032797722858038655,12.719358700222406,-0.3542887415353679,12.639409879728815,-0.7476884181166743,12.3639694129373,-1.1367464691683484,11.89248001385237,-1.51527563319991,11.22901933397787,-1.8826663013539664,10.379030562975913,-2.2353929395659926,9.348795835453291,-2.5690369927899503,8.146816238960124,-2.8768650839261856,6.783994392463424,-3.147927369436518,5.276267665610115,-3.39924042212032,3.639502174582811,-3.6537486205078076,1.8757889771354561,-3.8152207445133945,-7.280689107397588e-05
51,2,-0.5886136334930555,2.1835395064791667,-0.5886136334930555,2.1835395064791667,0,-0.5742168359449997,2.202657521147278,5.067940588954902,5.047480058594706,4.419377130860677,8.73604130985945,-4.070949660729808e-07,5.410445507357629e-06,0.09297748881441018,0.026720103446305453,0.15113844856322123,0.08718846179673745,0.23809065173345545,0.18334458063204526,0.3302666536582615,0.3260464924183138,0.4038052357946491,0.5103015694573708,0.46451533095596587,0.7277639737691706,0.5151056072942711,0.9731833737054295,0.5503906315376936,1.240293162354727,0.5680552617264283,1.5206069326706788,0.5699631396366862,1.8057440523722101,0.5550529818795253,2.0877965682651585,0.5188734365316875,2.3572085409958023,0.46312939974080447,2.603369091696128,0.3940193643473895,2.818179904112065,0.309467249829536,2.994823528742545,0.20592652262765557,3.1244196807304165,0.08798797568360205,3.198350392213321,-0.0391408902016102,3.2109146949731793,-0.17506718950153177,3.157727398206864,-0.31667007149696164,3.0348366668774642,-0.452180986195247,2.842094170177513,-0.5742168359449997,2.585010187332232,-0.6870683867643304,2.269293634159525,-0.7804305965584756,1.9010926645058186,-0.8307623292710303,1.4961362196663146,-0.8258174322248272,1.0795604062545379,-0.7567549338985492,0.6809379060737357,-0.6058225887047013,0.33643693031300964,-0.35369987804733466,0.0920724280755049,0.00047382469658679505,1.1695418318153379e-05,0.41479965844441113,0.1027788598097307,0.8182666528217613,0.4128007058009591,1.170037188776115,0.9120909011576205,1.4775333159233963,1.5755119986243133,1.7460165939024221,2.3832708649808705,1.9608259207256353,3.3125256582514195,2.1127654210816407,4.333550480802066,2.202657521147278,5.414972964739111,2.2297842170366065,6.525753306213259,2.192543250350707,7.634007475041584,2.091597359653744,8.707691156508231,1.9277666129431799,9.715079901359296,1.7085075710564566,10.62617649047559,1.4459606301992254,11.416453991116724,1.1421435753998104,12.06527629315213,0.7975841410503258,12.55169703669946,0.42638182413304,12.858436208429898,0.04143678489731971,12.975867244835776,-0.3547517571864787,12.897976957781742,-0.7574868392250489,12.619975088934263,-1.1558286818379457,12.141258111742584,-1.5434168977571328,11.465981250624084,-1.919605741213399,10.59971028552627,-2.280782397239219,9.548876358831311,-2.6224301470030427,8.32218088320942,-2.9376724368901783,6.9307785553270165,-3.2153266205053384,5.390966150021321,-3.4727906657700487,3.7189637346886895,-3.733521819516048,1.9169097212407225,-3.899179917538423,-7.440910648752695e-05
52,2,-0.6235377209027777,2.141751012861111,-0.6235377209027777,2.141751012861111,0,-0.6059318613544709,2.16219356293112,5.056761395744391,5.076248635178907,4.68159109335213,8.568851293172838,-5.739690259077293e-07,6.290187483951663e-06,0.10682133871340048,0.030829092599475794,0.1717043113689245,0.09987129482364683,0.2679747554667253,0.2085554217357253,0.3682346054124366,0.3683850702171696,0.44564918253370217,0.5727516742024598,0.5072650310671113,0.811459212629299,0.5565084092270739,1.0780131723183022,0.58806584809417,1.3649904060176192,0.5999712876227642,1.6627704343906486,0.5948643102901795,1.9621506746497945,0.5721248589602806,2.2547276174298254,0.5274880742726431,2.530578726001637,0.4633118225654079,2.7789177907784417,0.38654171362783335,2.9918668672231434,0.295143239209478,3.1630301059448698,0.18554244102329437,3.2839108136283284,0.06265927772893866,3.3463601055301195,-0.06812100077568979,3.3452947352105733,-0.20652147439731172,3.2769525431781545,-0.3494609063373076,3.1379504817782156,-0.485024635829246,2.928744063547422,-0.6059318613544709,2.655479738339116,-0.716850047922437,2.3243593009809076,-0.8074577608216491,1.9419164492908576,-0.8540525637885525,1.5243412977413946,-0.8445864536319856,1.0972250532058048,-0.7705320734193167,0.6904520026670364,-0.614428051594649,0.3403554877800787,-0.35742978471075126,0.09293392765756055,0.0004771228522822978,1.177814636046756e-05,0.4163135839154839,0.10327062728600941,0.8184352277800282,0.4138328175036787,1.1662609224005651,0.912316063354291,1.4678444136340836,1.5724408849129252,1.7290142706045366,2.3735727452547657,1.9357799905976072,3.292330011519166,2.079687987547091,4.298809299204525,2.16219356293112,5.361807801005385,2.183124787822387,6.450747069430558,2.1413402562500714,7.53445911116718,2.0378273417069224,8.581811762767495,1.8736196863917451,9.56212788768508,1.6561586415298666,10.446514238430856,1.397358304696367,11.21147667231695,1.0991325337805056,11.837318814356118,0.7619136623685512,12.304002772026356,0.39938475372366894,12.595030261182668,0.02402619912762886,12.701326227880113,-0.36183963937032165,12.617283482226563,-0.753720360052144,12.338435889125915,-1.141012116535258,11.864362809089302,-1.5175661994528942,11.19925480732968,-1.8827911350232465,10.348654641475258,-2.233185690005811,9.318934215977837,-2.564359632312354,8.118670592348465,-2.869620180532391,6.758826682738081,-3.1380830125862733,5.255371548802198,-3.3867218466581925,3.6241905025744283,-3.6383942358113437,1.867441442616795,-3.797327759060273,-7.246543504721813e-05
53,2,-0.6183611960704225,2.1304079629929578,-0.6183611960704225,2.1304079629929578,0,-0.5943567656979029,2.179428019276219,5.057704436131645,5.062276713089759,4.642725164736643,8.523469310417799,-3.934329946978166e-07,5.577069355666199e-06,0.09616827894808039,0.027604377049617868,0.15673421849080668,0.09024210451953009,0.2473075129856042,0.19005130822136967,0.34341920216309657,0.3383676104953575,0.4200773702345061,0.530016583384485,0.4831106816526342,0.7562258504629222,0.5352251086708253,1.0113623977210022,0.5709809386735961,1.2886975423257436,0.5879942840032775,1.5791876593131897,0.5882915674382149,1.8739282431911926,0.5708993223500449,2.1645613703960818,0.5313646120104459,2.4410916703285044,0.4716529675450204,2.6925217508407915,0.39836266582947183,2.910553823887702,0.3095000919109308,3.088297870339379,0.20156621535879726,3.2168107447021774,0.0794431240040674,3.2874996201977384,-0.051410009599546835,3.2948389045509017,-0.19052165943651617,3.234696938136383,-0.33464317958076945,3.103416356836549,-0.47173979965161156,2.901247301906928,-0.5943567656979029,2.6342007267151497,-0.7069716692696605,2.30844083239898,-0.7992100979291685,1.9305271965032018,-0.8473862365221432,1.5166784243211657,-0.8394411144637833,1.0925123053227404,-0.7668475523430842,0.6879446328662863,-0.6121568414154012,0.3393347853343282,-0.3564646472459537,0.09271463008783076,0.0004763384045923903,1.1758368808816837e-05,0.4160836325649977,0.10317390601696581,0.8190048390194608,0.41377658239164783,1.168615358197102,0.9129540181678167,1.4727603834837057,1.5748683708156412,1.737042476371379,2.3792192193987476,1.947142477018688,3.302823032287982,2.0942269227649852,4.315791502027706,2.179428019276219,5.386759393537372,2.2022963385373804,6.484837058714493,2.1614682278445914,7.578418203494117,2.0578012935022296,8.635844309536665,1.8922816390887314,9.625867051001558,1.6724516245428882,10.519031650514213,1.4104534958015897,11.291371287180707,1.1083694155175419,11.922821412806027,0.7668073790196694,12.393052169742237,0.3997853644683058,12.685401869726707,0.02009000940649889,12.790803311555404,-0.3697917101844766,12.703772308100927,-0.7652117209871475,12.420040103408477,-1.1553934845748965,11.939469149268133,-1.5341107295069876,11.266599352037558,-1.9007809820351522,10.407335966708027,-2.2519139054498583,9.368406909021445,-2.583151710662248,8.158736231208406,-2.8878460987505354,6.789612117127417,-3.1551664663416568,5.277308479546385,-3.402291078208245,3.637954428242814,-3.6522347373683597,1.8738420385102807,-3.8089722682288283,-7.268765134803916e-05
54,2,-0.6314199040902778,2.1244712968819446,-0.6314199040902778,2.1244712968819446,0,-0.5571941763693297,2.1497342410158335,5.0524465588227665,5.0772682955261645,4.740771408142619,8.499717525650562,-2.666501615865291e-07,4.806827460572433e-06,0.08386261916957911,0.02397038350943793,0.138236232460577,0.0789363566677958,0.22022962866180404,0.16742990141821604,0.30877045554982635,0.30017276848787894,0.38143653808219474,0.4733672780971675,0.4428647018292687,0.6797809079990924,0.4950637773808701,0.9147436663974903,0.5326986968662037,1.1723933960760158,0.5531492946058001,1.4445485842072023,0.557893968249503,1.722944938317757,0.5457516259253395,1.9996562182655704,0.5123385819485661,2.2651092509084143,0.4592566278969624,2.5086770815153216,0.3925530645080034,2.722162753978657,0.3103094804487303,2.8986488997779967,0.2091590916722351,3.0292601619495536,0.09363918195937752,3.1054129154422823,-0.03109883839129021,3.121400786338566,-0.16459770807751933,3.072838586717221,-0.3037563746578262,2.955796649037618,-0.4370423514687409,2.770081904846166,-0.5571941763693297,2.5210494193924347,-0.6683494533995087,2.214275558652775,-0.7604076848735566,1.8557876501468993,-0.8103348382605106,1.4609887321160728,-0.806120946307102,1.0544933030678414,-0.7390935690260286,0.6652711906763713,-0.5918911195394804,0.32874914367982816,-0.34564004779500246,0.0899782962615134,0.00046307690984341,1.1430109027950944e-05,0.4053960509298013,0.10044902950669765,0.7996657845906975,0.40343384805935134,1.143289420693198,0.8913426997484709,1.4434883479846776,1.5395376230057118,1.7054042028600718,2.3285957666652157,1.9147391947207886,3.2361222310675086,2.06256058045947,4.233016205109025,2.1497342410158335,5.288597448343909,2.1756210073446423,6.372542055797633,2.138711801790633,7.453731274062389,2.039698132370857,8.500914993220642,1.879411319507314,9.483174219097908,1.6651467777327116,10.371287915660558,1.4087572631105587,11.141379448600677,1.1122057829182548,11.773368630042311,0.7759979734793395,12.246868374495905,0.4138823294345809,12.545064506233077,0.03843559714810448,12.658605772140001,-0.34791276859751646,12.581661560073702,-0.7405855826851566,12.309590812595186,-1.1289132770873611,11.841835083564563,-1.506694430159358,11.182476824139092,-1.8733029175598332,10.336972699653176,-2.2252192745487926,9.311621460246704,-2.558045126930292,8.114933416739838,-2.8650844372875914,6.757807256637055,-3.1354473907437197,5.256149959765613,-3.386116748714779,3.6257851704403463,-3.6399753095966116,1.868798471116552,-3.801164758462995,-7.253865676134151e-05
55,2,-0.582887319607639,2.1485804236180552,-0.582887319607639,2.1485804236180552,0,-0.5763162218193205,2.167882170636721,5.069202264925173,5.063136949500158,4.37638332441559,8.596174826508337,-5.025092161822174e-07,5.696338616781943e-06,0.0970330907484725,0.027969813797817395,0.1566255296768379,0.09082452059351193,0.24552960547779684,0.1901984337278657,0.3391099687483939,0.33702263554745315,0.412811736178193,0.5257849223978701,0.47286132756942656,0.7476117303552149,0.5221960021522374,0.9969148170323361,0.5556514800612088,1.2671344714869912,0.5710778636902095,1.5495304419584774,0.5706066226743118,1.8355851506791085,0.5533630595893146,2.1173715152641064,0.5150376406812535,2.3853903406859533,0.4575437289684125,2.6291746022422555,0.38722887736527306,2.8408679724765222,0.3020167464167038,3.0139292579719625,0.19834264447290692,3.139745068435607,0.0807649114085479,3.209955100691651,-0.04561028600277549,3.2190826076121573,-0.1805176967130515,3.1629068649227867,-0.32096366121142245,3.0375772237134786,-0.45532178638508713,2.842979198312656,-0.5763162218193205,2.5845907452767434,-0.688262034910557,2.2680567862626484,-0.7808790902596366,1.8994528576218908,-0.8306486134910219,1.494419891153878,-0.8252838873038281,1.078010622338163,-0.7559068152485637,0.6797380785882112,-0.6048128899841966,0.33571050461247465,-0.3528627185227795,0.09182756001021729,0.00047224892287192697,1.1656929288259506e-05,0.4129405929858717,0.10236109456248134,0.8134198305933851,0.41075148099261993,1.161214861450869,0.906662126974969,1.4638830093321962,1.5644980786153786,1.7268913784540953,2.36408216057613,1.9360335366703472,3.2823542718989374,2.08262173724325,4.289622844138542,2.167882170636721,5.354777916017361,2.1914634443090395,6.447231600036672,2.152076506863444,7.535725687199634,2.050583309162231,8.58896944047565,1.887913758826287,9.576070043823236,1.671431140377644,10.467872441718432,1.4130109690607164,11.240591551849558,1.114541800693262,11.874225807283276,0.776434699479132,12.348419086208935,0.41240212324949777,12.646355516108164,0.034985454897967797,12.758667669085535,-0.3534469550073234,12.679483167017867,-0.7483427403584206,12.404094971771855,-1.1389986473056097,11.931881995302714,-1.5191733324095718,11.266884841770704,-1.888210313403107,10.414534654624193,-2.242531438087133,9.381125970022804,-2.577665176413564,8.175199322682486,-2.886822538327823,6.807722895877981,-3.15898939644947,5.294731363085566,-3.4112148946752727,3.652201303520223,-3.6665168663436445,1.8822956746984976,-3.828340297547362,-7.305725515833018e-05
56,2,-0.5745005421180556,2.1537741190833333,-0.5745005421180556,2.1537741190833333,0,-0.5755231333935313,2.1830989708195165,5.069437404722999,5.0575219927076445,4.313414459051177,8.616954087886876,-3.731582461124805e-07,5.284988580951302e-06,0.0911724514425053,0.026163933217718125,0.14879212553240626,0.08558761300908439,0.23518517419116677,0.18042590109195866,0.3272842597509529,0.321625217832592,0.40139705935135633,0.504511772711157,0.46302045136290515,0.720989796750388,0.5146695117110609,0.9659223621844012,0.551072546160204,1.2330929041921894,0.5698229776567941,1.5140224273520295,0.5727021367475956,1.8002920935634514,0.5586163019552511,2.08392636958605,0.5231107476167058,2.355295052521442,0.4678619141359465,2.6037064942960098,0.3990314841157591,2.820962685313289,0.31454291974105864,3.000137115508668,0.2108428428711192,3.1322411883844974,0.09248874375520658,3.2085374755538094,-0.035330653638811514,3.2231909972919963,-0.17221880480340426,3.171679481944282,-0.31504036923543394,3.049918321692518,-0.45197150639884165,2.857641975726133,-0.5755231333935313,2.6002855977014447,-0.6898914581612563,2.283534756432465,-0.7846327394498332,1.913567164694779,-0.8359660553551953,1.5062384053552753,-0.8314343979262016,1.0869297029919258,-0.7620580365711346,0.685544435570424,-0.609991658283008,0.33864057164493183,-0.3559678602220213,0.09263965820857312,0.0004764524419344088,1.176067174311508e-05,0.4166136982844727,0.10327253851672148,0.8205821582681325,0.4143927274430431,1.1712503165828163,0.9146299962074032,1.4762039537249645,1.5780772112687604,1.740942994033384,2.384279626590196,1.9511496131895447,3.309873302061987,2.0981026625350547,4.32481911486489,2.1830989708195165,5.397673160534094,2.205858948567418,6.497551789843539,2.165168964460048,7.592935962510181,2.0619873837463607,8.652317963675374,1.8973391080862079,9.644635760388907,1.678715107728933,10.540619083825854,1.4181240612558728,11.316436965596694,1.1175014693964211,11.952088616416797,0.777279941726191,12.427230184508359,0.41124597337080926,12.725082680672058,0.03197941576362213,12.8363483742807,-0.3581856981772827,12.755223758506332,-0.7547302883249108,12.477050722783193,-1.1469612975284735,12.001247509603681,-1.5286719227605978,11.3318846451065,-1.899263125542283,10.474398337078075,-2.255191455743872,9.435064059358757,-2.592004193142857,8.222390934428345,-2.9029043987867458,6.8473108589159635,-3.176827811988584,5.325839730885384,-3.430910987905014,3.6739349284026424,-3.6883023430031097,1.8936652107633303,-3.8518513167264277,-7.35059220149723e-05
57,2,-0.5903885409791667,2.156626539076389,-0.5903885409791667,2.156626539076389,0,-0.5878581442762326,2.1683754766162506,5.063946916362715,5.069017545143939,4.432703335194349,8.628366228046678,-4.6161858970067025e-07,5.637606783133391e-06,0.09650097782011718,0.0277676644729343,0.1564800025858746,0.0904364831188912,0.24620816478719695,0.18991972656089717,0.3412357843470795,0.33742070860325624,0.41680640704361105,0.5277020795911629,0.47888468200843815,0.7520305509190637,0.5302230061082054,1.0048515371409674,0.5654395027507843,1.2795396798505607,0.5821963387828697,1.5671827578988256,0.5825313878002312,1.8590214108917424,0.5654924464520883,2.146848625907883,0.5266728852624062,2.4208387015648096,0.4680169413869317,2.6701746582678263,0.3960247213772814,2.8867046773234186,0.3086610348463091,3.0636462636403867,0.20238575454336982,3.1921499434861236,0.0819358715454313,3.2636700286725753,-0.04738854869995492,3.2726463199956446,-0.18521879271586086,3.2148476944071005,-0.32842086528931486,3.086466666024207,-0.465107672701913,2.88753471400273,-0.5878581442762326,2.6237916036844697,-0.7010543885287417,2.3011529207333674,-0.7942828125597374,1.9259669452189447,-0.8437720642920001,1.5142628683792194,-0.8372278964029245,1.0915515763656596,-0.7658641331208071,0.6877710662774397,-0.6120149379289763,0.3394225383589094,-0.35663456098260604,0.0927722788706029,0.0004767256073459641,1.1767873726588405e-05,0.41639819316668425,0.10325688829454223,0.8193004317417701,0.4140343000775198,1.1682682112679126,0.9132272164105982,1.4710861880721455,1.5746644687187932,1.7334080159997696,2.377711849955146,1.9410995280694825,3.2989093372198335,2.0856140867226354,4.308214354561865,2.1683754766162506,5.374254621911253,2.189211478345104,6.466275425230395,2.147000946371562,7.552937368333961,2.0427705938567664,8.602952215564862,1.8776022234638319,9.585508735096935,1.6590032449244676,10.47160760641993,1.3989632053459709,11.237685342642743,1.0994487817638017,11.864008958128556,0.7609411488878242,12.330527481159521,0.39719428102953835,12.620759776222167,0.02074918112750503,12.72568254074296,-0.3660362056489663,12.639763800912249,-0.7586361979249592,12.358628996957952,-1.1464137896234108,11.881966316573031,-1.523204873113577,11.214087810024308,-1.8884182132777618,10.360660911888587,-2.2385570289077004,9.328180883559304,-2.5692434194422886,8.125344201531428,-2.8738041701066215,6.763224961928165,-3.1413824731693625,5.257892088795241,-3.3889951361538717,3.6253128395274996,-3.6395310703862886,1.8677069619920068,-3.797244345709083,-7.246384369769564e-05
58,2,-0.5703733431111111,2.214697589479167,-0.5703733431111111,2.214697589479167,0,-0.5800437330279805,2.185225674284634,5.066095117219739,5.067928891014889,4.282426986339136,8.860700515436609,-3.4468291337670225e-07,5.216324828366916e-06,0.09029549239578762,0.0258807597003141,0.14781690248399965,0.08483446134840472,0.23422716243461178,0.17918013584803677,0.32673989981856144,0.31998324639106085,0.40167925815588884,0.5027915456727894,0.46433777061779796,0.7196641462495532,0.5170868043077386,0.965530366278674,0.5545121505201126,1.234171687548161,0.5740593816215103,1.5170320743204464,0.5774140097319564,1.80555354445689,0.5634164450196097,2.0915834670935927,0.5275489523511125,2.365281060253255,0.4715147712825464,2.6157304861399933,0.4015984039679147,2.834551983155198,0.31579520263023514,3.0146899426621654,0.21062287428291573,3.147055766513489,0.09080484390152706,3.22287178440819,-0.03830612189573523,3.2363508929754627,-0.17621509394682067,3.183083396443815,-0.3196884427151165,3.0591432367725546,-0.4567935940993432,2.864478171512349,-0.5800437330279805,2.604768408808203,-0.6937352018386532,2.285912365556539,-0.7874831932416315,1.9142593942310817,-0.8376240704861708,1.5057995068326717,-0.831926166410229,1.0859594525569596,-0.7616385263063554,0.6845711416766757,-0.6091177947743796,0.3380134341327093,-0.3552426728419855,0.0924388058918682,0.00047533019760601786,1.1733034904520485e-05,0.41562277911213313,0.10302558457167545,0.8188034225494922,0.41343679262431204,1.1691587620171637,0.9126850931144356,1.474296667593865,1.5751127190038334,1.7396726124589346,2.3805031296287518,1.9508772443873599,3.3056991154787903,2.099024037803926,4.320802930350372,2.185225674284634,5.3944222013763445,2.209030035493262,6.4956353872106,2.1690726786011814,7.592803863829214,2.0662033204066232,8.654234984119984,1.901385399471231,9.64863883704007,1.682126405607189,10.54650432186022,1.4205264160085633,11.323789149824774,1.1186076536707301,11.960328306920164,0.7769052594273375,12.43565718258628,0.40938273737978514,12.732946523434977,0.028786290082560707,12.84293902047278,-0.36244514143773404,12.75993840257353,-0.7596982708433996,12.479441560327166,-1.1521949149020494,12.001068349259686,-1.5336967972635849,11.329121179518607,-1.9036161793292892,10.46927151307037,-2.2584349253218567,9.428020646935746,-2.5937474845993744,8.214085843577264,-2.9028256746724734,6.8385779706872025,-3.1747029189627067,5.317650779584559,-3.4266042542710013,3.667348830507099,-3.6816979293482626,1.8898033465478277,-3.8430890160456617,-7.333870929236121e-05
59,2,-0.57649681409375,2.2519396759027774,-0.57649681409375,2.2519396759027774,0,-0.5966043614937673,2.2097660508481534,5.0663196009677085,5.051547756422211,4.328402692782712,9.00970098210855,-4.37206832987975e-07,5.643323085094329e-06,0.096873571658389,0.02784838488320125,0.1574127769553673,0.09083489985726764,0.247979395151932,0.1909823254482944,0.34399849288521017,0.3396158018061452,0.42054284803499503,0.531523028364668,0.48359720169767945,0.7579626438618615,0.5359377229682711,1.0133897109966736,0.5721534068749041,1.291186005989957,0.5898672836970773,1.5824277824438204,0.591076392970755,1.8783250856612963,0.5747482315815261,2.1706118017607845,0.5363478824515021,2.4493493320084037,0.4777291582425535,2.703548596492634,0.4053693516308625,2.9248605311431226,0.3171591428677665,3.1062851540302328,0.20947469659925858,3.238709234904555,0.08709220041877828,3.313310298190842,-0.04459429320396383,3.3242907628122453,-0.1851614880940769,3.2672194743529213,-0.3313674749921766,3.1381227601417123,-0.4710585791304916,2.936960031590921,-0.5966043614937673,2.66953363453714,-0.7123964723155444,2.3418634275874552,-0.8077982272313159,1.960435539354221,-0.8585818504717578,1.5416063550323147,-0.8522122260761554,1.1113974723343367,-0.7797445057371998,0.7003421255588761,-0.6232006000492963,0.3456529307064778,-0.3631929355580537,0.09448143151547285,0.00048554011299522864,1.1985421167004597e-05,0.42413632652575906,0.10517240046952556,0.8346101634962785,0.4217427067313116,1.190222059922655,0.9302916176734274,1.498877430534966,1.6041932841541606,1.7663048969136281,2.422448361220251,1.9780664617626555,3.36116136517595,2.1254140141866475,4.38971029614366,2.2097660508481534,5.476099887023513,2.2309281537009182,6.588951218580097,2.187754816956046,7.696283995813061,2.0813060956576255,8.766172771978336,1.9127132527621655,9.767188967480532,1.689666000224623,10.669767755873826,1.4244237436138265,11.449904214612275,1.119030237482903,12.087517177920018,0.7740104625592117,12.562220349812112,0.40339836391661876,12.857278879344609,0.019973908086076582,12.963561982709543,-0.3738699409028768,12.875494106778245,-0.7735445513513176,12.588671194489292,-1.1682492368201294,12.102813537927402,-1.5517451477611468,11.422332365752347,-1.923469339515835,10.552999629862288,-2.2798986537971717,9.501410991141551,-2.616608038339352,8.276385804445479,-2.926827342047732,6.889149900964656,-3.199514197036644,5.356005562205792,-3.4520018244806727,3.6931476918114923,-3.707608946001282,1.902767958071769,-3.868789467568223,-7.382915846297214e-05
60,2,-0.5991789445833333,2.2913631531875,-0.5991789445833333,2.2913631531875,0,-0.6275680308655978,2.2404406697162886,5.071449188495269,5.06445861449817,4.498702670664629,9.167428893655694,-3.2040557847271304e-07,5.647222287127423e-06,0.09837226002727983,0.028136329936379583,0.16171268319480908,0.09252198546067293,0.2567796682187483,0.19586492671991038,0.3585262759032648,0.3503131764061642,0.4406511190381572,0.5509011634625595,0.5086769371652752,0.7886665685205999,0.5650995098579954,1.057701365158384,0.6039954279362731,1.3508164453430187,0.6227025833090667,1.6582977995721173,0.6232941940677191,1.9705228484517325,0.604775392033384,2.2784387113500695,0.5625358702311432,2.571296649804449,0.4987650068031107,2.8373422668682333,0.42055260776498016,3.0677310029895084,0.32592578152173024,3.2551684848934155,0.21131352292076783,3.3902579401716757,0.08194911847541025,3.464023985823478,-0.05636411478641347,3.470757878396948,-0.20310005030472514,3.406239080429952,-0.3548320893881813,3.2667560161553224,-0.49892362717866706,3.052704424343568,-0.6275680308655978,2.770523310503327,-0.7454846597309746,2.426801747708667,-0.841793521258448,2.028537262382034,-0.8916581349822997,1.5928581961692667,-0.8824702508772547,1.1467400899813396,-0.8053691849256855,0.7216365499733847,-0.6422216931046008,0.35569938406421014,-0.3735199810273155,0.09710615540951731,0.0004984034861382463,1.2303659999879736e-05,0.43465929690879446,0.10784158419526164,0.853926921192089,0.4319726195434897,1.2158374356875967,0.9518531440981692,1.5287784331488468,1.6397049562466672,1.7988466581488445,2.4736399735830537,2.0115275832582196,3.428926323337114,2.1581565687468345,4.474088706274038,2.2404406697162886,5.57638311460096,2.2584217187394713,6.703818897336994,2.2111587434897797,7.823909083800863,2.0999379375419664,8.904330969530719,1.9260957538550674,9.913365808309013,1.6975982169852388,10.821274676458389,1.4269954977835124,11.604029687633593,1.116432844870306,12.241627976327045,0.7665011886743218,12.713790075970232,0.3914417896351022,13.003958406189494,0.004173773933992118,13.103276799895552,-0.39291853496712825,13.00647244997486,-0.795240601924958,12.709437213610778,-1.1919422646188738,12.212204736628392,-1.5768005629885125,11.519511504178633,-1.949323921652813,10.637428997749009,-2.306033586263673,9.572822044845728,-2.6425453161591603,8.33475990392531,-2.952118015940402,6.934698119608041,-3.2237212247242573,5.389163120071158,-3.4748770181953996,3.714530670202491,-3.7290774806265663,1.9130587338508662,-3.8883088717536585,-7.42016535416113e-05
61,2,-0.6430413209583333,2.2627058161458335,-0.6430413209583333,2.2627058161458335,0,-0.6379317900181662,2.2346963434051452,5.073242822662407,5.083164702059534,4.82802630849227,9.052774828783637,-5.242492312167163e-07,6.3377795071141055e-06,0.10834363655384151,0.03119360346139504,0.17525393714632892,0.10146491473456526,0.27492812632151065,0.21271021103806323,0.3796553888340681,0.37711224423840445,0.46170761703946234,0.5883501878324839,0.5278938307364017,0.8362339971781735,0.5814447607476058,1.1141985712387568,0.6166058873098496,1.4145833743726923,0.6310786520105904,1.7273214553098934,0.6274048614737507,2.0426624852443056,0.6048075695296625,2.3516052866874264,0.5587394536450568,2.643508708209122,0.4916170813548751,2.9067918233628123,0.4107477726029328,3.1329132049775565,0.3140853827863101,3.3149165228847663,0.1979831205263278,3.443689566352108,0.06774136967214124,3.510544229021338,-0.07082330701027467,3.5100867113807133,-0.21726238506774112,3.4383912179765885,-0.3681934787689576,3.2920061601092097,-0.5109843439603432,3.0715791592110797,-0.6379317900181662,2.783779342807356,-0.7539257041795353,2.4353495113079044,-0.8481690592645479,2.0333763121969244,-0.8959364149392551,1.5950363892292059,-0.8848234625742349,1.1472720179222589,-0.8061693575453127,0.7213994092719958,-0.642019615210888,0.355339304422249,-0.37302816016568396,0.09695189659524427,0.0004973672529019265,1.2278333043383172e-05,0.4335365069555274,0.1075800178077192,0.8514258963412199,0.4308073317003921,1.2120380504809918,0.9491052570125347,1.523900586667968,1.6347771776689073,1.7931865138509797,2.466063442808028,2.0054625530503207,3.4184017601412275,2.152079934468452,4.46051308603326,2.2346963434051452,5.5598392966962304,2.253285026380285,6.684544905871852,2.2068249924977623,7.8022611815534075,2.096514995082269,8.880741143747196,1.9236108759662256,9.888299483822603,1.6960055149824294,10.795192208311605,1.4261973713371912,11.577354168618532,1.1163146410016633,12.214728184342349,0.7669492256664036,12.686977374449269,0.3923521980129483,12.977489232840007,0.005468890128371161,13.077361493731482,-0.3912784693882204,12.981291773328325,-0.7932578084924312,12.685161646393155,-1.1895881336820588,12.189011650536658,-1.5740207791868543,11.497599134098403,-1.9460425166104345,10.617028419061096,-2.302162797195831,9.554205762788193,-2.6379954063754227,8.31824512077567,-2.94681012295581,6.920645066267302,-3.217606499592033,5.377964136790831,-3.467896244656255,3.706601770070818,-3.7211316417552305,1.9088584425408686,-3.8795219904872726,-7.403397128345423e-05
62,2,-0.6380900843958334,2.2453505446875,-0.6380900843958334,2.2453505446875,0,-0.63948937330081,2.2299099491591705,5.072733803217532,5.081541273691,4.7908518694567,8.983338774178746,-6.506962934525853e-07,6.7255066994348016e-06,0.11380112510726009,0.03288353324079498,0.18244590046422327,0.10632626377366088,0.28428040712877567,0.22170351860405652,0.39014163513008077,0.3911425392042875,0.4716086761560079,0.6075346192930465,0.536240114562718,0.8600073033884174,0.5876978194009538,1.1416411758759724,0.6203696083295775,1.4445427111793105,0.6322029992195427,1.7585025153834057,0.6260239647683545,2.073769475108967,0.6012077609751294,2.381453635547331,0.5532873347010062,2.6710764932628908,0.4848064263287419,2.9312706707387304,0.4031454963905474,3.1537657721598924,0.3062030521367733,3.3318782151210167,0.19027308476318727,3.4567350771686085,0.06060947532382264,3.5198638481417834,-0.0770595646593921,3.516053338581759,-0.22239261559409862,3.4415095586480398,-0.3721065376932133,3.2928611399209826,-0.5136743774937462,3.0707854112196884,-0.63948937330081,2.781928839697135,-0.7544925159822242,2.4329745876773696,-0.8479343140295258,2.030927569936315,-0.8951435318971886,1.5928553115347164,-0.8837262571957467,1.1455737072770789,-0.8050055264256643,0.7202759976710184,-0.6410185900314956,0.35476663175295126,-0.3724188251257989,0.09679132979182001,0.0004965194753725927,1.225743424229195e-05,0.43276243589258073,0.1073910777075242,0.849821795263192,0.43002388750940573,1.2096331013626385,0.9473175960599611,1.5207413415881277,1.6315964562636192,1.7893445183246706,2.4611280861167533,2.0010839326038927,3.411403497644422,2.147376074029164,4.451234571017438,2.2299099491591705,5.548177649493144,2.2486795229840224,6.670523967436546,2.2026713581666475,7.786039350524971,2.0930687749676387,8.862609214795228,1.9210958591166725,9.868668938873402,1.694580803472203,10.774571946025693,1.425936439690685,11.556310925999085,1.1172326428108796,12.193849483980701,0.7690061583454852,12.666845731480814,0.3954227600122043,12.958646433129113,0.009361347195235162,13.060268195921328,-0.38678384611780936,12.966304810915602,-0.7884026356188404,12.672522702973026,-1.1846321655825705,12.178836401651651,-1.5692174399870997,11.48987381809313,-1.9416214465851174,10.611618247932457,-2.2983277655413,9.550867512070202,-2.634918626794093,8.316641256334806,-2.9446276037386574,6.92036089914086,-3.216411665452834,5.378527160409745,-3.467737794402704,3.7075045493699643,-3.7220389944366565,1.9095748593256308,-3.8814596315899483,-7.407094747604207e-05
63,2,-0.6315149230069445,2.2286126663055557,-0.6315149230069445,2.2286126663055557,0,-0.6338010148096741,2.2359699656519543,5.083832290225644,5.06035688010936,4.741484820818474,8.9163728243756,-7.591954827049717e-07,7.002145771226533e-06,0.11743820532113096,0.034042484356932634,0.1867628905681665,0.10949263641528761,0.28916486194118973,0.22718747846189016,0.3945093737798849,0.3990021674331685,0.47420202864339095,0.6171721220372401,0.5364908362377362,0.8703682455839641,0.5854499582591015,1.1515041713119225,0.615713416932029,1.452670597874811,0.6254787176344113,1.763766513223379,0.6177490640368852,2.075259948882138,0.5919798356387449,2.378542443606108,0.5437473944294297,2.6634461718558162,0.47558059818652015,2.9189245350736592,0.39476005386671886,3.136997119467429,0.29910034987260753,3.3112201929626104,0.18482831874915978,3.4329267276266435,0.05707147788053568,3.4938025751492594,-0.07857687050534362,3.4887256075042843,-0.22186287299140794,3.4139354194136877,-0.36959946452980297,3.2660520002628606,-0.5094140378289779,3.045680725769932,-0.6338010148096741,2.7593248344546017,-0.7476890716436501,2.4135069741715998,-0.8404197521983205,2.0150602976750926,-0.8874911224873112,1.5808056810433748,-0.8765502680680538,1.137256129161153,-0.7988943731105965,0.7153044945223336,-0.6365468126357068,0.3524640921631612,-0.37007974824273054,0.09620825329952583,0.0004938009020762841,1.2189989193646472e-05,0.43075905980520823,0.10686195564819123,0.8467119117193244,0.4281720785991567,1.2064708194450364,0.9438563722344525,1.5184080828699464,1.626728944234462,1.7885426318940825,2.4554505550972077,2.002349343272481,3.405823934738801,2.15101156268827,4.446872962520279,2.2359699656519543,5.546242455354516,2.2569988529931133,6.672194684728958,2.2128971478939636,7.792364416059242,2.1047037203922807,8.874422606357758,1.9335439332335052,9.886529247089417,1.707212850486849,10.798728091462799,1.438157745904948,11.586704224012262,1.1284848990669358,12.230133911398832,0.7787760133027027,12.708405194963811,0.40331116001184775,13.004634180832367,0.01509147349547841,13.109670297036818,-0.3834148023044829,13.017988843336571,-0.7875227517684467,12.725272311383845,-1.1862738075288477,12.231395145086585,-1.5733484825007829,11.540987408430318,-1.9481836355073472,10.660055557296872,-2.307231202190429,9.595433926851644,-2.646043982603765,8.356195035453794,-2.957819176272491,6.953827581316741,-3.231458658204797,5.404925470405099,-3.4845188854918168,3.7259452137854154,-3.7405551051066928,1.9191882972335956,-3.90121829694544,-7.444800729502987e-05
64,2,-0.6234256471874999,2.2205390813958332,-0.6234256471874999,2.2205390813958332,0,-0.6273223916061893,2.2460721875316385,5.060866518862559,5.069350694315361,4.680749631336835,8.88407152133954,-4.126417830155072e-07,5.881288133066021e-06,0.10144785836757125,0.029116126731956668,0.1654028503843472,0.09520649751828761,0.2610818006945738,0.2005567924690105,0.36268554536641706,0.3571654699016562,0.4437928119322219,0.5596029602985627,0.510480915186596,0.798609599420639,0.5655312585997894,1.068202345705771,0.6031178037677696,1.3612016334281964,0.6206591596732917,1.6679452831033805,0.6202755317911107,1.9788967928100563,0.6009543455669693,2.285096497861657,0.5580434636626684,2.575871111271325,0.49372744213850017,2.839528514696314,0.4151145991269033,3.067292206647127,0.32023489872165994,3.2519411392914663,0.20554545969850613,3.384157263100483,0.0763476080807947,3.4550692727901215,-0.06149295000470653,3.4591068319440663,-0.20740626510460303,3.3922138896827354,-0.3579368884631034,3.250862217071052,-0.5004777315687703,3.0356331747296847,-0.6273223916061893,2.7531167120375866,-0.7432864837468248,2.410001999746563,-0.8376625604031582,2.0133266902865263,-0.8859391175791558,1.5801316976604343,-0.8758178114938295,1.1371389783010841,-0.7986830567230603,0.7154126112662101,-0.6366309986782728,0.35259558918290507,-0.3702554321500593,0.09626567091072724,0.0004942275146374016,1.2200355185846607e-05,0.4313216126899178,0.10698460848942876,0.8482647131867862,0.4288069116749257,1.209353759074095,0.9455884289415083,1.522856087323322,1.6302858570113166,1.7946752317271584,2.4616511056665473,2.010097988945035,3.4155019697805473,2.1601230459272056,4.460779499780751,2.2460721875316385,5.5649698003846595,2.2676374856016426,6.696127537308572,2.2235722294897853,7.821646726520368,2.1149206103300364,8.90894798631184,1.9428469799839034,9.925952114985629,1.7152479894577204,10.84249718404213,1.4447109928317936,11.63412709194884,1.133416632113627,12.280433153182706,0.7819991222608828,12.760744741564375,0.40484993060957225,13.058160856458136,0.015044962726930565,13.163565712911227,-0.3849575393522992,13.071483826860295,-0.7904899767616878,12.777636787755053,-1.1905953288948863,12.281934858133075,-1.5789907926281281,11.589036160912633,-1.9551797168490401,10.704947279953199,-2.315660677729266,9.636473275377517,-2.656020022424504,8.392638341244181,-2.9694647609321656,6.984869979039744,-3.244870043698062,5.429707962727546,-3.4998854836166675,3.7435453410728665,-3.7581812904289507,1.9285498970630084,-3.9209055850504044,-7.482370465594394e-05
65,2,-0.60043614525,2.2444873485416665,-0.60043614525,2.2444873485416665,0,-0.6380439398663779,2.237481116802995,5.092187649011984,5.060317293481477,4.508141874174405,8.979885245096199,-8.233847207871038e-07,7.18044599246596e-06,0.11989213277416397,0.034808182802302405,0.18996676400652865,0.11167527580349099,0.29336681968986666,0.23121647297998837,0.39935954613131897,0.4053229769487705,0.4790876487233955,0.6259455940064664,0.5411407263552743,0.8815311971910907,0.5897647476017477,1.1649118272407222,0.6196139776373913,1.4681348149930742,0.6289339476093662,1.7810694443584671,0.620788511367406,2.0941847372667355,0.5946343568633623,2.398890214926005,0.5460136668787406,2.6850246113735223,0.4774598362276551,2.9415386857495367,0.39626561038684766,3.1604575142518336,0.3001965380569746,3.3353339295508464,0.1854286169118684,3.4574685517517985,0.05708432318290514,3.518501356831882,-0.07924458916488523,3.5132649157430818,-0.22332420526341493,3.43794751205083,-0.3719639127881609,3.289111300213654,-0.5127261219153776,3.067320925820321,-0.6380439398663779,2.7790754385151892,-0.7528430285237143,2.430906862327454,-0.8463671208429666,2.0296757618479186,-0.8939103280427281,1.592312384872921,-0.882978868871348,1.1455296998797557,-0.8047693509203192,0.7204761435235847,-0.6411769465905319,0.3549781285193326,-0.3726976984119538,0.09687891638322034,0.0004971188745209706,1.2272064482876248e-05,0.43344537491033247,0.1075473623054556,0.8514478167555585,0.43075033178741057,1.2123104096393653,0.9491172599239315,1.5245152051091793,1.6350077085914774,1.7942149143980544,2.466701839926282,2.0069799400557007,3.419673150360767,2.1541779702148696,4.462684173329397,2.237481116802995,5.563226423001813,2.2568727071757055,6.689520175965765,2.2113323331877712,7.809255557685957,2.1020415128035497,8.890240439227155,1.9302187663472927,9.9008309164526,1.7036910854594605,10.811298915054508,1.4348698638616342,11.597556016216963,1.1257947096257221,12.239477568676651,0.7769578899131219,12.716612865030495,0.4025036429678954,13.012182822712923,0.015291280087175058,13.11706969571534,-0.3823250662954529,13.02571770073681,-0.7857650050309306,12.733724414953405,-1.1841623397521768,12.240829130972156,-1.5712535040209794,11.551489101673905,-1.946500275555098,10.671518587392217,-2.3063612294202454,9.607551878496228,-2.6463732101305184,8.36846362243657,-2.9596932738187554,6.965558469087716,-3.2351509979707114,5.415274464509773,-3.490253529930489,3.7339470725686024,-3.7485612202907683,1.9237630368409628,-3.911439179616088,-7.464305450912811e-05
66,2,-0.6089767826388889,2.3107940554444446,-0.6089767826388889,2.3107940554444446,0,-0.6595033383419495,2.2841045471682104,5.078541180454566,5.0722280935022255,4.572265936907102,9.245169261668646,-4.953776484222465e-07,6.455769872557706e-06,0.11081288625152545,0.03185988570565334,0.1798190544007461,0.10386343238789261,0.28267200492585487,0.21814048093083402,0.39097886418822814,0.38732024996307873,0.47612621898566726,0.6050165865562583,0.544952332656294,0.8607858465552823,0.6006914886779076,1.1478498234870704,0.6373639511326865,1.4582682080224068,0.6525585786921559,1.781598018269293,0.6488698510681471,2.1077050612521013,0.6254954596041419,2.4272207498432294,0.577761263246837,2.729089438778556,0.5081815859776571,3.001295785312775,0.42432565933296235,3.2349726074933804,0.32412763377763776,3.422907157615417,0.2038717219069621,3.555686078209292,0.06906587851528322,3.6243551110449173,-0.07425274553024885,3.623377452037373,-0.22558674914398946,3.5487486595246267,-0.3814200062996403,3.3969692286337607,-0.5287092436357633,3.1687782063310523,-0.6595033383419495,2.871129764603991,-0.778838861081638,2.5110574305220457,-0.8755942254953206,2.095948875023375,-0.9243193499304866,1.6435817114925313,-0.9122917497509174,1.1817744397482992,-0.8306778585280152,0.7428154355743056,-0.661116411994666,0.36574185550785937,-0.3838727022101986,0.09974776219549898,0.0005114684121706799,1.2626731235609403e-05,0.44552135370723184,0.11058040728392685,0.8743090927033045,0.4426065606092378,1.2436507973412019,0.9746173748571223,1.5624309133965995,1.6778889128786756,1.8371026450788361,2.529854487930158,2.052987159668972,3.505131621424657,2.201369909688476,4.5715198213313695,2.2841045471682104,5.695585281429752,2.3013094655190693,6.844709687342134,2.2520789985711,7.985800051083905,2.1377688235504984,9.085955351682612,1.9597772337429284,10.112910112321098,1.7262598181321998,11.036434684819664,1.4500352271343102,11.832136999056631,1.1332978105361915,12.479735908384512,0.7766536888223401,12.958670619392198,0.39461654554350706,13.25217508120671,0.0003345759966258031,13.351327644862316,-0.40379131715805877,13.250846241810018,-0.8131121918036357,12.946620180200606,-1.2166114362485587,12.438741180624474,-1.6079900218897067,11.73207228624743,-1.9867841575587926,10.832816963507135,-2.349482381832356,9.747969577601095,-2.6916454851427862,8.486755199256239,-3.006427877781765,7.060817817120765,-3.2826100925762534,5.486957134837563,-3.5380359179730183,3.7818155727719307,-3.7966176424946374,1.9476622553368739,-3.958560301190433,-7.554228068915728e-05
67,2,-0.627510927212766,2.3454583214964537,-0.627510927212766,2.3454583214964537,0,-0.6677013916069419,2.2923187841637693,5.103617075269573,5.060221250374301,4.711422371636242,9.383856223506402,-5.921634325755889e-07,6.747898495387601e-06,0.11492341100912358,0.033131844470240875,0.18530572398607667,0.10753700612312443,0.29001201701967755,0.22500881811314982,0.3996515807584335,0.39823842686000827,0.4851084626226067,0.6203808842341914,0.5537520487179814,0.8806070662873628,0.6090755035594246,1.1719765798626436,0.6450844953947966,1.4864315145533291,0.6594110427193265,1.8134107938880148,0.6547497900248485,2.142704099850134,0.6303053206588815,2.4648977311376754,0.5813454406482648,2.768871538791309,0.5104421080487269,3.0425401177401565,0.42527618363293146,3.2770187432474054,0.32374551610825214,3.465098216154807,0.2020909260139131,3.5973381580575645,0.06589899683543414,3.664767603698061,-0.07872178075358006,3.6618771777435573,-0.2312725351316253,3.584706116124072,-0.3882012701062828,3.429802711430116,-0.5363434142254601,3.1979952754961154,-0.6677013916069419,2.8963783673451546,-0.7873895088445376,2.532110433108706,-0.8842170684490576,2.1126929413447977,-0.9325797791641663,1.6560854792305022,-0.9197440071565979,1.1903325459609233,-0.8369086813075388,0.7479353720553921,-0.6656888536541609,0.36814199444040535,-0.38633256593664295,0.10037159556882212,0.0005145156048304397,1.2702126051798561e-05,0.44801366584764407,0.1112123554337292,0.8789084535711403,0.44503362358263404,1.2498134106693448,0.9797561379316483,1.5697315093954636,1.686408192806054,1.8451977455695097,2.542237451117734,2.0614964178687947,3.521682291159555,2.20990514963712,4.592347016596037,2.2923187841637693,5.720613506639476,2.308884715644661,6.873698159589905,2.258720105654277,8.018354229790843,2.143214134034213,9.12154137884383,1.9637997242224199,10.150871546978733,1.7286989738843617,11.076016268419556,1.4508165223275615,11.872525546172861,1.1323864342646812,12.52009301950675,0.7740527588520033,12.998147837763081,0.39042487162515305,13.289947857885057,-0.005265691299660661,13.386643873957027,-0.4105792918488056,13.283055476260275,-0.8208216566055211,12.97519269100176,-1.2249183924678195,12.463295152549904,-1.6165404072294456,11.752397006956645,-1.995218140413374,10.84888047238589,-2.357433573401203,9.759921450708973,-2.6987501197151906,8.494928204300539,-3.0123349707694356,7.065723595668897,-3.2869972967477357,5.489277076905214,-3.5406431507029823,3.782377211450171,-3.797211793546423,1.9474136701362985,-3.9569597509661905,-7.551173774889445e-05
68,2,-0.6589908222708334,2.3732507592916665,-0.6589908222708334,2.3732507592916665,0,-0.6705107815129191,2.3246728830684695,5.086314695089293,5.068230861865646,4.947776951933537,9.495049945424524,-5.698465511937021e-07,6.697510283428862e-06,0.11428171669750016,0.03292497098542561,0.18457260119613764,0.10698263820278527,0.2892102811192699,0.2240678286330243,0.3989753220472629,0.39691626325988577,0.48481592228655696,0.6188075117827864,0.5540163882435227,0.8790207990773834,0.610025464580574,1.170688899803621,0.6468245605767856,1.4858128284734908,0.6619944541921763,1.8138721283944343,0.6581643055236938,2.1446667475712755,0.6344740891230625,2.468760863773936,0.5861154533102698,2.7749774584387286,0.5155894868494821,3.051135644410295,0.43054505436106943,3.2882294246217865,0.3288495344030445,3.4789149819961676,0.20670957734550335,3.6135990634352955,0.06972953983889586,3.683152364008508,-0.07593291361653627,3.681926538235618,-0.22974601966581618,3.605842878814223,-0.38810541238154966,3.4513500196229616,-0.5377242350491808,3.219220324530606,-0.6705107815129191,2.9165538446283534,-0.7915919610470172,2.5505311620372666,-0.8896807461137621,2.1286870215088065,-0.9389539777098018,1.6691017767740615,-0.9265426026289294,1.2000335390572996,-0.843525083422591,0.7542533932372278,-0.6712844792385714,0.37136594211366275,-0.38977458506146073,0.10128339134796145,0.0005193766792099213,1.2821910862367599e-05,0.45248490294841354,0.11230168350066716,0.8881919551399649,0.4495613607745604,1.2637711580945605,0.9901025021884281,1.5882172006192423,1.7048697782446374,1.8680344632495964,2.5710418912398607,2.088227823521964,3.5629039878955973,2.2398427871341,4.647767211694762,2.3246728830684695,5.791641406896753,2.3427607783437154,6.961323375294836,2.2931230722612015,8.12309194951979,2.1770968783911595,9.2433951103924,1.9960830445177615,10.289311421189419,1.7583845867424497,11.229986187759676,1.477074647399609,12.04051386239856,1.1544180608640302,12.700188173295931,0.7910680925326544,13.188034478926891,0.4018494466227278,13.48696281490997,0.00019418956615450668,13.587893997541043,-0.4114198128408121,13.485474063980307,-0.8282321225395697,13.175556609625845,-1.2390069695987609,12.658285798151978,-1.637325167780659,11.93867002027279,-2.0227183152999255,11.023082659858382,-2.3916214632221724,9.918698855639297,-2.7395319049777287,8.634958072669255,-3.059503760417303,7.183752463684707,-3.340146556872826,5.582209080621598,-3.5996434444254946,3.84728114089529,-3.862338320861319,1.9812869436675313,-4.026730707214289,-7.684319516835765e-05
69,2,-0.6733145472097902,2.310762652104895,-0.6733145472097902,2.310762652104895,0,-0.6807701696906897,2.2644447197282815,5.084945078965704,5.069688781291909,5.055321084148598,9.24504362122534,-9.232833741998152e-07,7.866116147707047e-06,0.13106196920462906,0.03808100782993158,0.20719335921045562,0.12200620382872925,0.3192914738423205,0.25223914281087173,0.43362675390747335,0.4415034425893441,0.5187374098530857,0.680719191389642,0.5840601610831815,0.9570154760374284,0.6342819086691255,1.2623313779552174,0.6637108393996625,1.5877966901944074,0.6706252525112665,1.9222520112707684,0.6585467662862391,2.2552855345276925,0.6271093408474111,2.5776082808685032,0.5717743888124841,2.87835787127845,0.4955412245064439,3.1458541125034083,0.4064397152469411,3.3718401534854223,0.3022522691215803,3.5497884864327207,0.1790895401546027,3.6708565690874657,0.04255643626197922,3.7266519696461526,-0.10134008167490616,3.712231388967751,-0.2523236926334025,3.6241122741871,-0.4070250762876035,3.4592155197074583,-0.5524306592823746,3.21866311475416,-0.6807701696906897,2.909750937309929,-0.7973816152904856,2.5397183724677035,-0.891199748283437,2.116062504079587,-0.9367690766540369,1.6566749599613075,-0.9215386187583704,1.1894461460443646,-0.8368714549146183,0.7466366113936643,-0.6645738115310292,0.36716755334224455,-0.385147342511401,0.10002005267140522,0.0005122690544737293,1.2647174586558775e-05,0.4455366348630555,0.11064156966968425,0.8730127478144657,0.4423984975201563,1.2400059767196498,0.9732092991518317,1.5557455846035726,1.6739212396618126,1.8269702729727202,2.5216928233823404,2.0393374725339584,3.4910198985699337,2.1844633032188763,4.5497524793974815,2.2644447197282815,5.664651144116263,2.2795902239700485,6.803398395426786,2.2291348673530806,7.9332862229469985,2.114505471790823,9.021851048697242,1.937121836537608,10.037288049509124,1.705063910343688,10.949817504046978,1.430998514278524,11.735435005268481,1.1170438125456021,12.374185724143405,0.763747671396736,12.845809834145133,0.3854455071971815,13.133783184099249,-0.00487224294934525,13.229333176159402,-0.4048468002740919,13.127278826065199,-0.8098758514467552,12.82359406259978,-1.2090389672243829,12.318417107724992,-1.5960821374457927,11.616618074799048,-1.9705265065514281,10.724403475890698,-2.328875757989374,9.648772931648589,-2.666720465825577,8.398943304982465,-2.977278827850159,6.986531275419578,-3.2494556890311874,5.4282558734441135,-3.5009223114322503,3.740673989851833,-3.7553381480945607,1.9261170609748062,-3.9140363501163606,-7.469261858193815e-05
70,2,-0.6959319131249999,2.2491445309583336,-0.6959319131249999,2.2491445309583336,0,-0.6661249059776424,2.2627965228904707,5.115635442342008,5.068800487597073,5.225134802347439,8.99851799154243,-1.0196813946218499e-06,7.954869274002518e-06,0.13151829519789784,0.038317725558991385,0.206577265865452,0.12222940438645727,0.3169010844761569,0.2517458853011317,0.42873353228656164,0.43920989938231586,0.511139971691791,0.6753012472834924,0.5739149308104399,0.9471514414333769,0.6219383700811496,1.2468259537181015,0.6497461167338682,1.565685818497363,0.6557663094035803,1.8929039693698266,0.6435339997465302,2.218439044389373,0.6126964849083983,2.533372617726671,0.5587681609864341,2.827234040077654,0.48464322843268,3.0887302412776636,0.39811695315842194,3.309894705505918,0.2969031952300181,3.4844080921036618,0.17707116139011686,3.6036229477158552,0.04400435186749689,3.6592757132635314,-0.09651318145861472,3.6464302092464793,-0.244308832041557,3.561531338115703,-0.39615464096257524,3.4013748632832073,-0.5393081378443819,3.1668511886786286,-0.6661249059776424,2.8649091363697488,-0.7818266465421412,2.502451522159825,-0.8754599619103497,2.0866558022380195,-0.921803561382967,1.6349858429569297,-0.9082637909184161,1.1748517808990693,-0.826058859752141,0.7380943391957567,-0.6569161778981685,0.36327005971960175,-0.38121143965059034,0.09903972653792156,0.0005076740864043477,1.2533244342113025e-05,0.44203052130689235,0.10972960718198332,0.8670983568745588,0.4390777866139055,1.2329266917104313,0.9665929897398305,1.5484638397611346,1.663680796554622,1.820233569986857,2.50791841298923,2.033815018419249,3.47415479380455,2.180695260027292,4.530545923182393,2.2627965228904707,5.644078677329658,2.2802770694654146,6.78257944805672,2.23223509280384,7.913413679214311,2.119961699503664,9.00412267093631,1.9447509595045052,10.022841254540412,1.7145575330207345,10.939666727294792,1.4419451729091197,11.730412974676135,1.128968720187136,12.374902469341356,0.776122366753079,12.852624559910788,0.39770429583713046,13.146780071163084,0.006706771585500848,13.248312637526894,-0.39449169302110293,13.151763990903055,-0.8012563356085179,12.8528431585369,-1.202606305073384,12.351446515427858,-1.5922166123324004,11.652236543292407,-1.9695458967531527,10.76124537268094,-2.331027419232416,9.685330751554352,-2.6721757056896998,8.433604980247482,-2.9861206521857335,7.017619676915488,-3.2616526329060354,5.454081797456397,-3.5164630786425835,3.7595684156971156,-3.7743044475966183,1.9363849254960568,-3.9359457097693227,-7.511072010081557e-05
71,2,-0.6692375006805555,2.260200791923611,-0.6692375006805555,2.260200791923611,0,-0.6689650850846686,2.2592456324466568,5.086853186493807,5.065446914488026,5.024710161860188,9.042752571333017,-8.04950816890026e-07,7.360488368542978e-06,0.12341536492609269,0.03577613246414299,0.19634130870789382,0.11507888338538474,0.3042359086890102,0.2388589161545606,0.41551327162119317,0.4197269421498247,0.5000106075510221,0.6496468552365732,0.5662245039856356,0.9167582874405855,0.6182568975607164,1.213574149783526,0.6502506430163476,1.5316418216328982,0.6601447323354729,1.8601042755655604,0.6510442131716072,2.1886482774570934,0.6223894146167205,2.507924426780055,0.5695981089029669,2.8069617496046027,0.49553331973349535,3.0739313298019355,0.4081281012071773,3.3003555760234504,0.3053134996864426,3.479500223513363,0.18337143611116843,3.6024087271477363,0.047964264029884594,3.660629626973485,-0.09483004846505803,3.649187000800661,-0.24461270326346754,3.5646168389811415,-0.3979627512007573,3.4039082547927912,-0.5419708451936793,3.1682377369966197,-0.6689650850846686,2.864893527465505,-0.784262951062093,2.5010944754774393,-0.8770068483882671,2.084285495897851,-0.9221696597062531,1.6321312271010886,-0.9074653902574383,1.17211251421253,-0.8244173765628258,0.7359844409583851,-0.6550302901521632,0.3620721569826779,-0.3798821070645717,0.09868099687561277,0.000505735675667943,1.2485463896795303e-05,0.44032487105676005,0.10930554841678823,0.8639038514501732,0.4374097883005263,1.2287713351532337,0.9630646853924605,1.5438427557737227,1.65794000049723,1.8155498731609285,2.4998361116719403,2.0293844683748334,3.4637833520294525,2.1766922269156184,4.5180621584828415,2.2592456324466568,5.629708052009689,2.2770919444014885,6.7665301742648625,2.2292604721514273,7.895831795049458,2.11701836010494,8.98506866087065,1.9416799189276999,10.0022893030362,1.7112608074215898,10.917525173410386,1.4384134900365928,11.706562766482964,1.1252837493862693,12.349242854066732,0.7724541064019751,12.82511775296733,0.3943002829742499,13.117493665016879,0.0038592628270448484,13.217450693051903,-0.39647610317701226,13.119681306773037,-0.8020834024675484,12.82004606177816,-1.2020291745358405,12.318578040893208,-1.59005854881451,11.620046029644113,-1.9657050045683477,10.730552015685838,-2.325486338566489,9.656984047104437,-2.665005620201907,8.408440822440971,-2.9774847904988224,6.996416014565906,-3.2518124868034812,5.437509313166884,-3.5056832197924153,3.7481601898204366,-3.762810091832845,1.9305568815077387,-3.9242763068106976,-7.488802955921959e-05
72,2,-0.6658112464652778,2.2876734071597222,-0.6658112464652778,2.2876734071597222,0,-0.6905268311856451,2.2632512711091444,5.110448354727031,5.0624780339656,4.998985461204419,9.15266672717054,-1.1079639021757025e-06,8.446235956696617e-06,0.13932522800354735,0.040625929064830826,0.2183358627277587,0.12940702568426737,0.33427565219203836,0.26614805375100486,0.4513120118733687,0.4636817367387598,0.5367824737816229,0.7119097416836544,0.601107516241111,0.9970178561767596,0.6494883394355329,1.310431781121801,0.6762420985286683,1.6428647369573877,0.6798424003184795,1.9827760683138116,0.66416639082157,2.3195248598812186,0.6290238508965799,2.6437349860561556,0.5699346399324421,2.944501791697576,0.4901760048826783,3.2101787088088027,0.3980966854158414,3.4327126563402897,0.2914860472362066,3.6058623263649365,0.166445909346147,3.7210525772164575,0.028726257372661497,3.770198014701658,-0.11560331494639983,3.74872370687796,-0.2663368520611709,3.653508719216727,-0.42016030647734376,3.4817990311083493,-0.5640930553415237,3.2350243919314727,-0.6905268311856451,2.9207447647441773,-0.8050313615070283,2.5463555547725862,-0.8966702463462896,2.1194189333484372,-0.9401414440010198,1.6578286460839322,-0.9231153695888945,1.1893794030255402,-0.8371316364403313,0.7461333850732047,-0.6641133544821168,0.3667410307993783,-0.38462072927156116,0.0998675663404699,0.0005113573261216224,1.2624784543811757e-05,0.4446640865781959,0.1104300794312774,0.8712800391094532,0.4415286701538098,1.2376575895156592,0.9713070760240623,1.5530731358584684,1.6707517568312642,1.8242665920995114,2.517166882572861,2.036897859495962,3.485196226989953,2.1825476604970624,4.542830392621803,2.2632512711091444,5.656944839967563,2.2792555164634662,6.795305619887685,2.2297343467924295,7.925257787093848,2.1160539283558055,9.014360188984714,1.9395774338536924,10.030801077871203,1.7083335184891029,10.944766642871453,1.4349496287577361,11.732195504011374,1.1215132535276733,12.37305878514183,0.7685445580635962,12.847007874905742,0.3903639998575532,13.137418755230684,-4.224138518202895e-05,13.23541471862193,-0.4003207617602616,13.135708465408987,-0.8058705802965141,12.834165432188927,-1.2057618672770416,12.330817451562641,-1.5937305317388653,11.630433700572919,-1.9692922009276483,10.73912341201998,-2.3289395774646215,9.663792700802112,-2.6682475847080296,8.41357186985134,-2.980410013435747,7.000000284621493,-3.2542906970103496,5.439736959037749,-3.5075746896584463,3.749289561495682,-3.763967341889365,1.9309174983117872,-3.924534291563757,-7.489295310793466e-05
73,2,-0.6778965944375,2.315659075944444,-0.6778965944375,2.315659075944444,0,-0.703473360175771,2.3035476209558494,5.1074891498223245,5.0529638044056355,5.08972360828059,9.264633539706756,-9.519545138860608e-07,8.088823494115373e-06,0.1347671588743099,0.03915690316507966,0.21311069978091346,0.12546584364117697,0.32857486691378346,0.2594519831731569,0.44654147690148666,0.4542868226265917,0.5346156715586805,0.7007277491880467,0.6024206931030549,0.9855989833707239,0.654684533305529,1.3006293346052384,0.6854269770461664,1.636660316341315,0.6927632509465318,1.982116037008758,0.6802570293692257,2.3261462582253185,0.6474991882414958,2.6590348309446825,0.5898034306600346,2.96943295574181,0.5103214475739345,3.2451598950432166,0.41744711352095754,3.4776110057788996,0.30899291112863536,3.660019542433448,0.18105868901124011,3.783281400682479,0.03956624088419532,3.8388211084116457,-0.10916942995346192,3.821687707483695,-0.26477897307932075,3.7284871099207586,-0.42372852211857415,3.5562776179632607,-0.5726037656285851,3.306465647039385,-0.703473360175771,2.9868001234829165,-0.8219201216446685,2.6049298606129203,-0.9166876334673841,2.168718731887946,-0.9618415189500972,1.696629485901893,-0.9447624025179155,1.217269179093491,-0.8568447456479504,0.7635992272851821,-0.6796902238892665,0.37528473649749866,-0.3935544259983165,0.10217697344138241,0.0005230635892201913,1.2913948345062056e-05,0.45467165891106165,0.11293067093535401,0.8904784191773287,0.45139658613805284,1.2642555231640988,0.9926991363269054,1.5855049873051281,1.706958014487637,1.8611450604535307,2.570762806706192,2.0765838918995825,3.5580061787949635,2.223319196087356,4.63582373565796,2.3035476209558494,5.770266673763765,2.317654086261381,6.928358270319266,2.264942004221569,8.076762210190273,2.146956834452397,9.182435115347491,1.9652403983233198,10.213051762814118,1.728110642460289,11.138396325537066,1.4485341343374867,11.934173855446831,1.1287223317613186,12.58024283331621,0.769277956642253,13.056176912349832,0.3848015440614233,13.345366769578279,-0.011509081573159205,13.439087945093895,-0.41728363157510273,13.332257409644598,-0.8278855708168044,13.020949178180196,-1.232278519285847,12.505443798692705,-1.6241780397922245,11.790796532910583,-2.0031641593488803,10.883386215368638,-2.3657522302146745,9.790364199028657,-2.7075282577045536,8.521100761272566,-3.0216665941756164,7.087372293183225,-3.2969598020896425,5.506105529916584,-3.5513627542521653,3.794042875807372,-3.80888980389854,1.9534868784390138,-3.969491728794916,-7.57508887322197e-05
74,2,-0.6922169447777777,2.2967449790694445,-0.6922169447777777,2.2967449790694445,0,-0.7184068985434028,2.289570726934292,5.097973609290074,5.062290084430908,5.19724240363055,9.18896083896176,-9.123357767027687e-07,8.121569397473121e-06,0.13586589792410989,0.03941841507889358,0.2156231167536909,0.12660642165923056,0.3333777661605943,0.26238029446784383,0.4542340179497766,0.4603325363582383,0.5450655155623,0.7113223747121918,0.6152659127990195,1.0020343445947948,0.6693930459871129,1.3239818020199534,0.7011388042923311,1.6676599123270337,0.7084227133932084,2.0210027927609513,0.6948437370417642,2.372635427318204,0.6600255767130127,2.7123443416521122,0.5992720771234663,3.028280349370904,0.5160055466557968,3.3078153850735386,0.4190742953426603,3.5420995140146116,0.30646920988404464,3.7242866204910947,0.1744398931810034,3.845253662363744,0.029288102621063065,3.8965425965982723,-0.12235536457204425,3.873508483426211,-0.28000122600111127,3.773167722017687,-0.43999029477125046,3.593041717883195,-0.5887425144299734,3.3350798778550965,-0.7184068985434028,3.007607432759588,-0.8348505860362901,2.6187419396238494,-0.9269521784354557,2.1767066689454904,-0.9689903521329407,1.700253668009292,-0.9487927647376178,1.218108564486469,-0.8582158647051774,0.763116279824982,-0.6792836052837601,0.374605988195796,-0.392633299943804,0.101889071698577,0.000521139723042927,1.2866914823483938e-05,0.4526028324495054,0.11244750696401891,0.8858941196805948,0.44925394669636914,1.2572678108125381,0.987653083272724,1.5763920484481584,1.69787438726449,1.8502414128209064,2.5566592833828174,2.0642958378875917,3.538087281238897,2.2100355749345355,4.609497380061271,2.289570726934292,5.7371144139610655,2.303208623866938,6.888092365258417,2.2501950727916262,8.029192233582732,2.1320404435169307,9.127444035683505,1.9502887072885609,10.150587638756528,1.7132835743631682,11.06848011383892,1.43404005865194,11.856917089466355,1.1148641470048395,12.495882881490752,0.7564723820862345,12.965131709141797,0.37354059425567504,13.248283385012947,-0.020680811546259954,13.33687243364053,-0.4237599722579322,13.226103502192053,-0.8310306031343921,12.912363774135232,-1.2314945305929863,12.396244580600309,-1.6189266759893723,11.683084709609199,-1.992958656082003,10.779519775424685,-2.3501952391743566,9.692924261613948,-2.686340989240195,8.432837888622352,-2.994732188079157,7.011139950281162,-3.2643954199719833,5.444755725054336,-3.5132286463558295,3.7503625503111073,-3.7650420534256437,1.9303034044982672,-3.921046477491358,-7.482639578039787e-05
75,2,-0.7213255532857143,2.2470266069714286,-0.7213255532857143,2.2470266069714286,0,-0.6997618239944938,2.264415568567782,5.108434550885374,5.075922566126913,5.415793098740587,8.990044468903687,-9.954788324482874e-07,8.226936067467126e-06,0.13674399218882272,0.03976471962294693,0.215761459196351,0.1272333739309423,0.3320796556589219,0.26275541834195065,0.45052317853052365,0.45949262221782616,0.5383168404284588,0.7078831322898925,0.6052624480722202,0.994410540496068,0.6561926280698258,1.3105479747124607,0.6851476372553982,1.646903589316521,0.6903619827521346,1.9916991003377416,0.6755963738536339,2.333965592466117,0.6406174193843821,2.663963655861215,0.5809134380914351,2.9704056223369473,0.4998502304691001,3.2412702765425236,0.40598124091738497,3.4682107610888875,0.29720207086800815,3.644775520661373,0.16969060158836924,3.7622153286120907,0.029385780311636397,3.8123370393833023,-0.11746312952918946,3.7905576727126484,-0.27056649007773326,3.6938127328791786,-0.4265118988553232,3.5194439817669414,-0.5721386181179356,3.2690487489916706,-0.6997618239944938,2.950429672462066,-0.815038571657629,2.571213063648408,-0.9069582673623602,2.1391778538881683,-0.9500549524759259,1.672508821989562,-0.9320178046816056,1.1993311863054301,-0.8444705527273684,0.7520027747023952,-0.6693734573543508,0.3694399675608304,-0.38735706919884755,0.1005518829840078,0.0005145926843344301,1.27049707443675e-05,0.4471633523132757,0.11107733230434862,0.8755512660157104,0.4439051088285112,1.2428355351390934,0.9760793151703867,1.5584605586550857,1.6781904838672208,1.8292962325433757,2.527232648928861,2.0410408591575337,3.4975760318437756,2.1853594871517665,4.5569648027502625,2.264415568567782,5.672083862255532,2.278574894002132,6.810571435677629,2.2271271856698625,7.939702546363194,2.1115575151715116,9.027025118940191,1.9333417981526042,10.04077441488637,1.7006182963114873,10.951239341197526,1.4261015529143275,11.734511631169658,1.1119333953713548,12.370750271532108,0.7586772907067371,12.839818323445003,0.38067574941239635,13.125320936600916,-0.009096194915409911,13.218612834392658,-0.40830798992169914,13.114628810970817,-0.8123923719179639,12.809442933441892,-1.210476347235583,12.303273012179703,-1.5963579169101605,11.601043262549007,-1.9696052869973952,10.708989516262402,-2.3267698806710655,9.634117277071086,-2.663489062329006,8.385625348626984,-2.973028214193168,6.975089396538922,-3.2443425841248215,5.4191620646451915,-3.4950999288255105,3.734319346913918,-3.7489345219029957,1.9228255167353017,-3.907358373226924,-7.456518090979354e-05
76,2,-0.7429997097569445,2.219652415986111,-0.7429997097569445,2.219652415986111,0,-0.7144622401407423,2.274366807241656,5.101788171750131,5.078924246917634,5.578525094721072,8.880524094959402,-1.093235411298024e-06,8.663401382217646e-06,0.1433936914856416,0.04176364156697118,0.2252746801187728,0.1332689288616269,0.3454159676526263,0.27447668931214275,0.4668521893168098,0.4787133124889194,0.5556727771854679,0.7355937263859377,0.6224633134961564,1.0307942669814374,0.6725091188900114,1.3553405332605712,0.6998686013337426,1.6994839915404032,0.7029248578874054,2.0511180323344873,0.6857000749288291,2.3990600018256654,0.6480400998177894,2.7334503853305576,0.5853769997026569,3.0428747910721574,0.501227996654734,3.315198539491191,0.4043952573248658,3.542080367068767,0.2927453750821585,3.7171332119894953,0.16242064124137318,3.8316360445223494,0.01955590247752806,3.8774672922523497,-0.12942388662733467,3.8502210440890905,-0.28418923914374045,3.747060002241635,-0.4412408532837781,3.565576335693739,-0.5872288215535185,3.3076923983517976,-0.7144622401407423,2.9815987698056836,-0.8288033466981338,2.5952454752426655,-0.919255190132238,2.1566707263623215,-0.9603430156530302,1.6843363538227452,-0.9399914683192789,1.2065869450450706,-0.8500985936233515,0.7558612565009061,-0.67281310587478,0.37104123799788546,-0.38889850717087876,0.10092198520306393,0.0005162233619780696,1.2745486371861272e-05,0.4483915414888876,0.11139571340849645,0.8778258903273801,0.4451031289753711,1.2461536680975467,0.9786718420697444,1.5629822323036169,1.6827340052122295,1.835225806779689,2.5343819778907855,2.04846205409273,3.5080633663700294,2.1941758880387026,4.571519075282451,2.274366807241656,5.691344260268043,2.2892357849194975,6.835006003038758,2.2379263825776183,7.969528229752438,2.121833219830632,9.062148378789034,1.9423948882393607,10.080758628264604,1.7078207744789347,10.995310350964434,1.4309890080771537,11.78162137562702,1.1141608056304426,12.419651247334135,0.7580302207925611,12.889118786895233,0.3771881689788776,13.17358074925114,-0.015167262077740367,13.26446929100667,-0.4165853939405867,13.156880360040075,-0.82238723635565,12.847103367697269,-1.221585728597658,12.335630698667448,-1.607938931362638,11.627701840812513,-1.981036386472743,10.729869733818035,-2.3374582925824523,9.64944370894326,-2.6728922442257423,8.395907682932275,-2.9806719256896184,6.981091736607781,-3.2498438352706933,5.421864990940902,-3.4982157294947083,3.7348603954910855,-3.7494924779785097,1.922441071725093,-3.905276207377352,-7.452544729353676e-05
77,2,-0.7321197969577464,2.196827419992958,-0.7321197969577464,2.196827419992958,0,-0.6892529053761266,2.182881697882754,5.122628294100961,5.063197913149144,5.496837490026639,8.789204424625119,-1.3998428830536142e-06,9.33029260146876e-06,0.15169960930869764,0.04446734523722848,0.2344678393305136,0.14040164679817554,0.354961574274796,0.28634565607384427,0.47406396093122427,0.494919385215933,0.5576011031392669,0.7541737202547746,0.6176960732751774,1.0486995173866862,0.6604981021821864,1.3690633513338994,0.6805973605654965,1.705374642802001,0.6769705189563172,2.0456666645236177,0.6541160662557232,2.379172905562874,0.6122105770199524,2.6966452845752085,0.5470323581521384,2.9874472554572384,0.4623039133059868,3.2403736971457726,0.36674744985349994,3.448036924077738,0.25825689882661623,3.604973603783667,0.13307529274677693,3.7034372718985744,-0.0028943985369235146,3.7362551671315827,-0.14359845917651315,3.699800669645606,-0.2889261302515083,3.5918676416944053,-0.4357367195028536,3.4105564757991425,-0.5715183929963648,3.157997797578892,-0.6892529053761266,2.8421653816951746,-0.7948219544953185,2.4706447713834536,-0.8779759123119311,2.0509785226677746,-0.914707567246965,1.6005186932478863,-0.8937256595694788,1.1459075031961834,-0.8073983523971988,0.7176130989949381,-0.638705258172393,0.3522241052919545,-0.3691717207555699,0.09581083754753451,0.0004902072192023756,1.2102958374645979e-05,0.42605164881454805,0.10582158046334372,0.8348178411878012,0.4230497258950083,1.1863962621572253,0.9307616665489445,1.4899342553702137,1.6014967836438272,1.7519706224197702,2.4139304654027542,1.9586722257703333,3.344186553557414,2.1017476659728813,4.361930657955048,2.182881697882754,5.435635060195271,2.2020210224908134,6.534486860041921,2.1580778612456912,7.6271213297646465,2.052095970138131,8.682237717572914,1.8851480803077498,9.669012957794335,1.6647938613525997,10.558442654734845,1.403106739707972,11.326999243983142,1.1020052396152575,11.954997707579304,0.7619029624592523,12.422395483520729,0.3966165952387625,12.712719894318044,0.01870983588446734,12.81698668431141,-0.3695545100355091,12.72968147007623,-0.7637273789119325,12.44639876442472,-1.1531950856170452,11.966773596748588,-1.531857487885301,11.295046363762669,-1.8992235008867444,10.436768307586567,-2.251851315899132,9.39827797128659,-2.5853891364070125,8.188096753401242,-2.893145841960954,6.81711818420922,-3.1641823901331585,5.301260692635294,-3.415646721819683,3.656341834499127,-3.6706050668724353,1.8843225770562118,-3.832394491697731,-7.313462243778127e-05
78,2,-0.7373830225347222,2.2091299295069446,-0.7373830225347222,2.2091299295069446,0,-0.6938471792483084,2.2099209117505882,5.115193976118308,5.071031074463378,5.536354377549976,8.838425073489137,-1.3481938080966478e-06,9.27946810899235e-06,0.15137108719739803,0.0443202621251031,0.23456860559767,0.14018815488007275,0.3556863930518501,0.2863296726673817,0.4755765354257897,0.4954595552351677,0.559885674682033,0.7556667678541248,0.6206500983204214,1.0515066679015195,0.6640281207899033,1.3734946899759537,0.6846534529628902,1.7117033898345175,0.6815610319230513,2.0541555777870357,0.6592934730349437,2.390101107063823,0.6180379710416635,2.7103223432324213,0.5535424299106856,3.0042085692428473,0.4694553001789977,3.2605540493145595,0.3744012488608399,3.471926556226134,0.2661576588846264,3.632765375737903,0.14082768865282277,3.7351616089014894,0.004199592892971118,3.7717140061868037,-0.13774043385954413,3.738522702768326,-0.2849312121559245,3.633079738696061,-0.4342242695671308,3.453169179680179,-0.5729430153502936,3.200646051010406,-0.6938471792483084,2.883315948873135,-0.8027110421331012,2.508676524232562,-0.888976746199977,2.084268389104724,-0.9280486502233296,1.6276795008899063,-0.908181544541816,1.1660612523722773,-0.8214029035479682,0.7305783039607656,-0.6502787824087256,0.3587036116754852,-0.3760086744152192,0.09758950938318882,0.000499307731375758,1.2327691146814263e-05,0.43385068702786955,0.10777041960306045,0.8496688574556303,0.43072068686749093,1.2066722672242771,0.9472831769441444,1.514175754614298,1.6292013573676143,1.7788987975577777,2.4544825185348516,1.9869044670038183,3.3985875181639953,2.1299465886107773,4.430490991737228,2.2099209117505882,5.518047681994711,2.226945376566251,6.6299273721499015,2.1800746334289127,7.734322681976148,2.070505219701458,8.799565281936475,1.899443354266187,9.794535405531422,1.6746368011245965,10.69000882533271,1.4083675123602004,11.462344005559029,1.1026324415720232,12.09181621126832,0.7579087831368309,12.558368419428348,0.3882047917558413,12.845578486319903,0.006244302265797613,12.944609228152373,-0.3856540546083194,12.850144262733963,-0.7829665528464039,12.558003814400859,-1.1749631756122203,12.068099413180738,-1.5554827550260804,11.384995661706702,-1.924029092145067,10.514581485645532,-2.2771439021912476,9.463537332281158,-2.6104694794697,8.24073397001167,-2.9173144564731626,6.857413556961518,-3.186743823329173,5.329846436571604,-3.4360781707801866,3.6741632029656492,-3.6885406895920707,1.8925345498877935,-3.8471328730978103,-7.341588038532999e-05
79,2,-0.7588323582708333,2.189245043513889,-0.7588323582708333,2.189245043513889,0,-0.6938544702449732,2.1884483079097032,5.137256443535916,5.083662236454391,5.697398394253746,8.758868378974697,-1.3900489793250973e-06,9.432896794338004e-06,0.15360044592339514,0.04500334066633373,0.23756198015655453,0.14218123634416183,0.3595836813693565,0.29004593564427783,0.4798909948024764,0.5012635478704722,0.563843190840752,0.763564889829805,0.6237943943663035,1.0611936123591816,0.6660881534935104,1.3844925792302003,0.6854264233010191,1.72341619423482,0.6809489473410008,2.065910047460925,0.6573122192012041,2.4012048252061056,0.6147692360093453,2.7201092808618133,0.5491166927186916,3.0120650738992008,0.46407595535105634,3.265949271050895,0.3683277644580667,3.4744472113705154,0.25967376548837556,3.6321342500822635,0.13425392762358496,3.731251818592117,-0.002110326762669132,3.764568263010761,-0.143425560376267,3.7283631531458057,-0.28962946657647387,3.6203092679791062,-0.43758949569769223,3.438369495665685,-0.5747098697258085,3.18455480792854,-0.6938544702449732,2.8667756839798884,-0.8008460687960913,2.4925973922350466,-0.8852679510957231,2.069589413861545,-0.9228072646084652,1.6152567990619957,-0.9019586077768248,1.1565316049097227,-0.8149597311318723,0.7242521889721943,-0.6446546878014123,0.3554439871380373,-0.37251932055160125,0.09666704985422671,0.0004944326520507612,1.2207488184728274e-05,0.42947835524842765,0.10669482284820843,0.8409329538937647,0.4263509428064754,1.1941484120640418,0.9375715056218231,1.4984555181026356,1.6124060238951052,1.7605685259432151,2.4291469745926313,1.9667173300379508,3.3635882562164423,2.1087296240717195,4.385106974569908,2.1884483079097032,5.461960315905705,2.2059414485891735,6.563191451698353,2.160215922175367,7.657344352050806,2.0523984835632394,8.713071635414174,1.8836289747525194,9.699540759744082,1.6615378019425286,10.587771592612796,1.3982628105815436,11.354296061788478,1.0957573888247194,11.979513345373565,0.7544722444141715,12.443481130067507,0.38828062998146595,12.7298511923352,0.009790476978325772,12.829790106458805,-0.3787063107637403,12.737951867858001,-0.7727302807298096,12.45011397370309,-1.161643055494465,11.966108867700532,-1.5393350213862438,11.290382894213732,-1.9053147202525749,10.428695407029144,-2.2561494538342965,9.387591161191962,-2.587510217748242,8.175789786997417,-2.8927473979404903,6.8043676161403255,-3.1609933455741928,5.289397126440348,-3.409422835654143,3.6468203232694503,-3.6610768773382794,1.8787296893945422,-3.819638344490712,-7.289119442156509e-05
80,2,-0.7623285986666667,2.1476156976458336,-0.7623285986666667,2.1476156976458336,0,-0.682996672910111,2.201776367693941,5.114388787884646,5.065445604928337,5.7236485589970325,8.592315090551642,-1.1468843803899033e-06,8.623833309195651e-06,0.14194539247676743,0.04142747526193383,0.22174470229457147,0.13172941652602932,0.3383383314021691,0.2703554038891039,0.45503639063885454,0.46989366253287473,0.5389202233089921,0.7196292853319802,0.6008985533894166,1.0052426462986173,0.6465019695076477,1.3178709676815663,0.6702834008575975,1.6480703954008276,0.6709714450455928,1.9842669701134081,0.6526426535368861,2.315903212724912,0.6152463061576963,2.6337685125197887,0.5544447616975567,2.9271930697487485,0.47361282638493996,3.184829558338151,0.38111358353647207,3.3989491564987935,0.2748077140777482,3.563650467025889,0.1509133935426227,3.670751702538256,0.015195502837089783,3.7125966022328214,-0.12630940429846865,3.685028747584657,-0.27337837816139676,3.585341498714823,-0.422747559736854,3.411195813308746,-0.561724724613052,3.164353758129176,-0.682996672910111,2.8525417990251714,-0.7921845597136099,2.4832435459478894,-0.8787777125820416,2.0640211255657515,-0.9183743293027894,1.612411840426829,-0.8993367731208203,1.1554375060916133,-0.813792589725926,0.7240885481034566,-0.6444891761082727,0.3555923880638363,-0.3727841871663173,0.09676402646660756,0.0004952114648495283,1.2226397046075755e-05,0.43047466144438,0.10691543624183744,0.8435008482707762,0.42744387791456434,1.1986212848385893,0.94041482421837,1.5050116434054575,1.6180014215781682,1.7692511459463607,2.43855425989096,1.9773573124228796,3.3778379399329514,2.1209601102039763,4.405092606412747,2.201776367693941,5.488358224347689,2.219778427258446,6.5964068669693035,2.1739108756547827,7.697470386989203,2.065292007604277,8.759871964701695,1.8950927946128278,9.75245512994977,1.6710518607136755,10.645948637535545,1.4054702609550056,11.416665512739401,1.1004067668254358,12.044856035833256,0.7564086094646794,12.51047345985664,0.3875249613908083,12.797133997191777,0.006508912074670258,12.896055083002127,-0.3842913564511585,12.801990144548006,-0.7803476970952187,12.510838951533758,-1.1709620240639582,12.02258521298673,-1.5500147459467566,11.341845994823675,-1.9170485578293452,10.474543018469857,-2.2686580850191347,9.4273670185447,-2.6005442984793934,8.209170331918761,-2.9060817832627492,6.831146666945953,-3.1744139759612664,5.309479732737233,-3.4228339442380866,3.660195031587659,-3.6744968761823436,1.8853954929165744,-3.8327730634413237,-7.314184811358461e-05
81,3,-0.7586769622638889,2.1515452497777776,-0.7586769622638889,2.1515452497777776,0,-0.7695074347387599,2.1728267680115434,5.082365157183298,5.034177329883967,5.696231663617145,8.608036688284152,-1.9748105377736364e-06,1.196089040502375e-05,0.19200520931426857,0.05655518465895702,0.29258149188191895,0.17705640138972242,0.4370189627146825,0.3578690822549082,0.5751412444306049,0.6127351751440708,0.6654470955074119,0.92465814779471,0.7245113187226363,1.2730856237279842,0.7610722768167212,1.6455095894958007,0.7698696789047158,2.0294822191878756,0.7510455021756112,2.4107304927467137,0.7110474045868904,2.777038787724564,0.6509600363039922,3.118473150681629,0.5667274119802216,3.4239087985119854,0.4632929716541807,3.681951782165012,0.3508395835832141,3.8858023509018813,0.22707124975034612,4.03091331353337,0.0879240557064098,4.110228010629659,-0.06001448011839871,4.117378767291917,-0.21024088601575192,4.049883963507828,-0.36286021572339255,3.906718630617532,-0.5146874988977809,3.687080069266904,-0.6525723721506833,3.3943876997233735,-0.7695074347387599,3.038126564273114,-0.8722532434503424,2.6271081443695197,-0.9503452502529254,2.169878203796224,-0.9790891925608343,1.685108970491832,-0.9475865502094055,1.2008488892527125,-0.8489249329089203,0.7486424820743922,-0.6665519772804864,0.3658645167595834,-0.38268250382610514,0.09910730309335493,0.000504956644300469,1.2469512900530326e-05,0.4364914029655895,0.1086136161276948,0.8507897504218248,0.4326614131781705,1.2031896027596671,0.9487324992154709,1.5043027306733154,1.6273644169156625,1.7617771655561902,2.445916377760546,1.9624377581203711,3.3796134410372507,2.0986799975823924,4.3975503863822745,2.1728267680115434,5.46796986858646,2.185271056792556,6.560101024229545,2.1352423895084827,7.642808167616773,2.0240234166983324,8.685158193265208,1.852864371131552,9.656798348950645,1.6294675576517446,10.529274552863553,1.3659930630146337,11.279667713080146,1.0644207453816183,11.888935106222231,0.7252434652171735,12.337712486701598,0.3623019719339287,12.610234858400467,-0.011874980424998235,12.69821966282481,-0.3950434401910056,12.59683943196796,-0.7828011735610593,12.302363340525355,-1.164672823848962,11.815054661028862,-1.534714109753477,11.139703718129812,-1.8925586463478485,10.282343196332102,-2.2349361740555165,9.249721848608917,-2.557703449758522,8.050673634808968,-2.854441733484048,6.696290437479855,-3.1145998597818902,5.202515389866275,-3.355235981471678,3.5850843761386466,-3.599077938156589,1.8460496300049116,-3.75155857208056,-7.159201079245615e-05
82,3,-0.7704247917222222,2.1277828051111114,-0.7704247917222222,2.1277828051111114,0,-0.7639047768612778,2.187412582632784,5.078828603219407,5.033856560252101,5.784435683862664,8.512966414714441,-1.9882395091654255e-06,1.1914516056891173e-05,0.191014636277599,0.05628913547155711,0.29076037791273895,0.17609650924655132,0.43397671461209103,0.3557093552637987,0.5707908872459116,0.6087189306996033,0.6600981239742808,0.9182024310438126,0.7184855294909475,1.2637736656601788,0.7546996547230825,1.6330824803206765,0.7635682886352324,2.013867821857415,0.7452547238141018,2.392075810132544,0.7061416086446233,2.7556958256128974,0.6472654854184078,3.094966793992228,0.5645433876640812,3.398921869773884,0.4627932178431042,3.65629078655842,0.35202292901831445,3.8603145663790404,0.22986826781445494,4.006424105238375,0.09220556647161708,4.087516293019728,-0.054508961999384195,4.097127397539333,-0.20387263732278657,4.032617097118124,-0.3560256766469544,3.892769490191708,-0.5078168589096699,3.6765761297657797,-0.6461288382289533,3.387231432685171,-0.7639047768612778,3.0339968297261373,-0.8678045068553336,2.6255027292587605,-0.9472893092681948,2.1701569404817973,-0.9775306566103042,1.6865415962431378,-0.9474238379802493,1.202703141605911,-0.8498416122716349,0.7502904225129374,-0.6679982057005406,0.3668936243906218,-0.3838676586829817,0.09944128094565802,0.0005069193884557594,1.251769743033061e-05,0.43845027955936244,0.10907973854035884,0.8550393709222555,0.4346754534749433,1.209700551525634,0.9534413977359462,1.5129531642044742,1.6358690274460117,1.7723965930270393,2.459247901098874,1.9747370769657782,3.398688877398463,2.112301697585996,4.423121199503856,2.187412582632784,5.500607384143676,2.2004598065150645,6.6001974993054064,2.150663648239701,7.690572618314561,2.039302900255994,8.740613662681358,1.8676156406963698,9.719777693814715,1.643318893386179,10.599419124067515,1.3786087648286165,11.356442890149038,1.075444058329058,11.971636044735266,0.7342858901424547,12.425445574438484,0.36902541679943673,12.70192187906745,-0.0077525315074393145,12.792629618891592,-0.39380115244166836,12.692602213359109,-0.7846951105212525,12.39797251887706,-1.169884273622904,11.908893449212474,-1.5433679136153673,11.230080912805029,-1.9047571903187726,10.367510884664146,-2.2507350886754205,9.327891184534385,-2.577100135567378,8.120042807809387,-2.877351562901048,6.75507658324672,-3.1408126996425154,5.249011305334284,-3.3846531714229755,3.617675609821368,-3.631790402782617,1.8631069401587064,-3.78676373288632,-7.226384004956928e-05
83,3,-0.7263510802777778,2.172666238423611,-0.7263510802777778,2.172666238423611,0,-0.7652102235960574,2.2004780424189008,5.0706743789841155,5.034803792239873,5.453525318647638,8.692538859537555,-1.838644768466962e-06,1.1498479448746242e-05,0.1853705011509187,0.054513816533258166,0.28374072407089934,0.17113392567326233,0.4255114041704037,0.3468610974654596,0.5623111025580023,0.5955446031882151,0.6534551310290534,0.9011908000782378,0.7145409327053055,1.2440959376837504,0.7537238462667335,1.612169840267664,0.7655326818291128,1.993209973149923,0.7498160351270191,2.3730698368323653,0.7127226861339059,2.739502022548279,0.6552203797514584,3.0824338307089567,0.5732384293535601,3.3905772995015613,0.47163511247972495,3.6523535149974173,0.3605241818450477,3.8607305029877756,0.23767003982263382,4.010928568888715,0.09904283122782355,4.095689845317416,-0.04881856796033091,4.108438796363289,-0.19944423542864056,4.046462138103817,-0.35294883799193905,3.908494478852465,-0.5061723041064986,3.6934843195599716,-0.6459573757637842,3.404594123922468,-0.7652102235960574,3.0510763755355317,-0.8706058827841796,2.641556188628003,-0.9515285662683866,2.1844437880682377,-0.9829340971196329,1.69840171947382,-0.9535190008767054,1.211665383468596,-0.8559655719520555,0.7561653558513002,-0.6732316412972529,0.36988514294410146,-0.3870524485662616,0.10027711812011302,0.0005112656550933203,1.262495218825066e-05,0.44223800875361374,0.11002130797950781,0.8623280080318823,0.43841373466935757,1.219695198714549,0.9615354060680662,1.5248911175273194,1.6494750944865342,1.7855867290867082,2.4791654988770384,1.988461827804502,3.4253646078845112,2.1259259042933545,4.456657112438472,2.2004780424189008,5.540831154219448,2.212670101362254,6.646749574813783,2.1618628350546736,7.742980767969725,2.0494555766274845,8.798359316156219,1.876764620293917,9.782345775000191,1.6515569269638328,10.666329429403667,1.386035525648602,11.42726610403115,1.0820923142648002,12.045978751703418,0.7400904471575784,12.502906000161063,0.3738412955730879,12.782045021593145,-0.00415443093001122,12.874867884367646,-0.3917509127696865,12.776268293231878,-0.7845990519880924,12.4821929569915,-1.172172689471225,11.992583763882008,-1.5484735817801647,11.311940842784287,-1.9131111393372968,10.446023434082939,-2.2627297096535837,9.401331600887435,-2.5930589039120524,8.186506694587907,-2.897488510181272,6.812521882586143,-3.1651699021900344,5.295332514886239,-3.413309217706967,3.6507523936461186,-3.664974800887006,1.8807276589707853,-3.823743263806186,-7.296952964607153e-05
84,3,-0.7382191886736111,2.1636256095000004,-0.7382191886736111,2.1636256095000004,0,-0.7436919771532129,2.1950276965938764,5.065702593737606,5.03758003664966,5.54263240663652,8.656368546378841,-1.8426969362411944e-06,1.1232278384467412e-05,0.18049915948841383,0.05314308859326559,0.27549230296544625,0.16651716316179854,0.4122628823499731,0.33693480254394303,0.5438335551582685,0.5776450217175099,0.6311285632658608,0.8730289630415364,0.6896494614843586,1.2040816735204314,0.7275076750647153,1.5593207529254667,0.7395298469598698,1.9272380883768316,0.7255741248766406,2.2944780852023428,0.6914677781552887,2.649491647370273,0.6379557961519373,2.982753278506975,0.5608552077870609,3.2834532919192108,0.4645816981345805,3.5403656985439627,0.35868211011345374,3.7465297073407284,0.24079990277040764,3.897058594054227,0.10685722997813955,3.984572986868609,-0.03689402664427372,4.002286600557969,-0.18416306537099023,3.9471425785826546,-0.33500839834085355,3.817507563635729,-0.4862492887364302,3.6119936708188956,-0.6248589469445973,3.333394570455233,-0.7436919771532129,2.990555998345056,-0.8491288209680848,2.5918008700865665,-0.930608527620336,2.145316041790413,-0.9633659789829151,1.6694318259128513,-0.9361310234994786,1.1919675728136385,-0.8415684775768174,0.7444493718165957,-0.6627522579134751,0.36442970884982356,-0.38148156598236865,0.09887330066025575,0.0005045256558018255,1.2458020929057442e-05,0.4369382412010048,0.10865673288132435,0.8531435350776507,0.43335348619693054,1.2084156084836601,0.9512894243544541,1.5129564463462277,1.633374266718422,1.7741254164644182,2.4571718517370855,1.9784380256764635,3.397964175679703,2.1180222605359393,4.424753821277003,2.1950276965938764,5.505582187384098,2.209708291518518,6.609401572294278,2.161175864170679,7.704734107166569,2.0506314620998034,8.76025527388705,1.8792613076297915,9.745184285221734,1.6547751691890757,10.630621655655046,1.389407432967434,11.393227872323154,1.0851414671404167,12.013563361757544,0.7424641993918537,12.471857828915594,0.3753565796939421,12.751972804228727,-0.003498669034258596,12.845335012705872,-0.39179922236019654,12.746877825697895,-0.7850579201219955,12.4526608234321,-1.1726365495025104,11.962802315733036,-1.5484714078941155,11.282023560090714,-1.9121445417984213,10.416327374185775,-2.260302385706584,9.372463824588973,-2.5887083952983696,8.15931518602723,-2.8908206331169786,6.788070680675104,-3.1559051601158465,5.274855152734872,-3.4012182938376196,3.6356030945604574,-3.6497958345627435,1.872387546391786,-3.805704636656623,-7.262529440532632e-05
85,3,-0.8044122366527778,2.1471276895763887,-0.8044122366527778,2.1471276895763887,0,-0.7562939675985989,2.171138308949189,5.074952446440636,5.036878819757871,6.039617229643588,8.590362637371122,-1.8406168411762237e-06,1.150238754025667e-05,0.1853864479985378,0.054525214936265685,0.2835928517676179,0.17112026305845446,0.4249411403751562,0.3466819304666848,0.5609470854419044,0.5948976214056231,0.6509568164716956,0.8995907572501733,0.7106449611093549,1.2409066772342299,0.7482655992845528,1.6066459245334757,0.7585110887287395,1.9845622222059958,0.7414044470237218,2.3605535941867033,0.7032195303362412,2.7224924636400023,0.645041261171108,3.0604834498094218,0.5629327168508682,3.363480837735588,0.46178095519321466,3.6201946999371057,0.3516127042077283,3.823860973001877,0.23018528981241196,3.969938807051785,0.09347549200258237,4.051418401552125,-0.05210980406127576,4.061941568247961,-0.20025513503056225,3.9989328484383493,-0.35114982293954206,3.861208145838336,-0.501742469165119,3.6477584994737042,-0.6391089901605002,3.36170174817292,-0.7562939675985989,3.0121386504196446,-0.8599049643012399,2.607534625473896,-0.9394738349358254,2.1561364906851135,-0.970280287267949,1.6763073725129884,-0.9411443826803135,1.1958652411470991,-0.8448130354946073,0.7462894722606945,-0.6644406723469513,0.3650478364168245,-0.38198745641694337,0.09896359174224,0.0005045524009471594,1.245920026237797e-05,0.4364042587927501,0.10857241590813684,0.8508884924944753,0.4326194798542151,1.20342791969382,0.9487813193094949,1.5044685830743694,1.6275248525147674,1.7616149115170798,2.446087783766167,1.961759887697458,3.3795799235093806,2.09744211902123,4.39703652026674,2.171138308949189,5.466716740496869,2.183387975658199,6.557941485696546,2.1335409439051825,7.639735013466159,2.0229460313284875,8.681371212880192,1.8528625768493363,9.652723598141318,1.6309120683814837,10.525548079398,1.3690991847103806,11.277073133171916,1.0692645069199784,11.88832746242537,0.7317489836880372,12.339949544498204,0.3701793440465112,12.61608413489203,-0.0030943301167292146,12.70825549512759,-0.3859314984297311,12.61137396445041,-0.7740089965732583,12.321402451351931,-1.1568989333394337,11.838264535573481,-1.5286413363677882,11.166402709452676,-1.8888147812152234,10.31152112998545,-2.2340741840355354,9.280072383888548,-2.5601771180504347,8.080637831216412,-2.8605789417052034,6.724112294224081,-3.124561631106182,5.2263160108858715,-3.3691101812826445,3.6029311636338544,-3.6169905711046026,1.8559518407008444,-3.7730557943927354,-7.200224715956117e-05
86,3,-0.8283107015902778,2.177318299784722,-0.8283107015902778,2.177318299784722,0,-0.7428207125139549,2.207576087497634,5.064768615085406,5.0352629069059285,6.219049582884704,8.711151117344695,-1.5331357325220647e-06,1.0390051944389225e-05,0.16908975668420487,0.04955532434049604,0.26117071409807113,0.1564620481827954,0.394607264606956,0.31887108996161595,0.5253730041499521,0.5503846377240864,0.6153574305332792,0.8371029782080197,0.6782214521534083,1.1613177167547923,0.7210393120499332,1.5120662772576492,0.7382151518319224,1.8780393472030366,0.7291002813059321,2.245856383671589,0.6990802781134038,2.603691357744145,0.64874724937869,2.9415920639298685,0.5739037799575128,3.248291296208029,0.47892176825479027,3.512091486576582,0.373398440838692,3.725554311468886,0.2551537550238057,3.8833780414031356,0.12024668788465895,3.9778513220898404,-0.024968323733308703,4.0019120770194965,-0.17407960004093712,3.952283690398002,-0.3270442613636388,3.82717050569467,-0.48060213241513533,3.6250657191782722,-0.62161329059615,3.348690485625977,-0.7428207125139549,3.0068789443428305,-0.8505709755286933,2.6079776613489876,-0.9341890860935854,2.1602249561134683,-0.9686567462793355,1.682099899772916,-0.9424905807173269,1.201692804280669,-0.8481655450310135,0.7508958650461797,-0.6684931061360327,0.36774011840299714,-0.3850183885551278,0.09980491673964066,0.0005094050887293228,1.257839194028082e-05,0.44123275543895163,0.10972071776770503,0.8614809668040296,0.4376046195724975,1.2199039544533117,0.9605380994355426,1.5266475822385899,1.6489559876130149,1.7890605634530001,2.479952784941388,1.9935441422828009,3.4283010169956474,2.1322675010302947,4.462467966110976,2.207576087497634,5.550024913769176,2.219949075677406,6.659562175964033,2.168744550853243,7.759356746074369,2.0554247621901607,8.817967527711172,1.8814151548898241,9.804622989020162,1.6546348248372085,10.690545729547548,1.3874536803843809,11.452606960593094,1.0818961402395115,12.07162088694312,0.7384372749035986,12.52807688679913,0.37099234763945743,12.806077826744811,-0.0078806354784773,12.897243210394377,-0.3960289455264467,12.796629253321763,-0.7891229859654892,12.500341367603113,-1.1766795682281748,12.00846476544116,-1.55276762703518,11.325615062152448,-1.9170750401259342,10.45762994098478,-2.2663253866372552,9.411048249326265,-2.5963239647437604,8.194511203002687,-2.900526105303249,6.818956165389612,-3.1681301376425766,5.300274333201921,-3.416380375813458,3.6541951932319803,-3.6683886224757942,1.8825592177625687,-3.827658836391367,-7.304425142033456e-05
87,3,-0.8277589177708333,2.2182450989861113,-0.8277589177708333,2.2182450989861113,0,-0.7676280671297604,2.262394708159783,5.078742133413416,5.046521605326622,6.21490672812553,8.87489361316066,-1.5735793552584224e-06,1.0565475118542307e-05,0.17180476138917944,0.0503635830236258,0.26531211232660795,0.15896948100928804,0.400998124611584,0.3239775677575711,0.5342948967563843,0.5593261428414437,0.6266302117738237,0.8510965640454242,0.6919206759659964,1.181546461194093,0.7373153878795381,1.539785990872704,0.7570040021132599,1.914533271056052,0.7501245215953994,2.2923180834778902,0.7219248266355465,2.661140986120673,0.672762588655718,3.0107910777507634,0.598089541138683,3.3295880956490813,0.5021448143264616,3.6052854727791592,0.3946264659210064,3.82990415495294,0.2732302341265303,3.9976075665802866,0.1338685647748276,4.100057699275035,-0.016878175503810388,4.129583477990493,-0.17227395849433896,4.0824561263568855,-0.33210600571460586,3.956549647115957,-0.4928091205776815,3.750127265957878,-0.6405607207005286,3.4659311373285098,-0.7676280671297604,3.1131447094482496,-0.8804216291742158,2.700542419701855,-0.9677638805118125,2.2368564962571376,-1.0036872711799492,1.7414729858833324,-0.976367185272205,1.24373003640715,-0.8781921275432323,0.7768396842009694,-0.6916505376113296,0.3802541461564605,-0.39801653390192226,0.10314332665068734,0.0005261199144159566,1.2991498664997986e-05,0.45532462847452476,0.11325769975296118,0.8882254948713437,0.45145141245849074,1.256672953465218,0.9903702274581662,1.5712558518664745,1.6992097823376833,1.8396394009247266,2.5540866080349724,2.0478764351200156,3.528762241820712,2.187965900982813,4.590534091983965,2.262394708159783,5.7058109729929996,2.2717331419218336,6.842087901044029,2.215416205738756,7.966579761263787,2.095076707270749,9.046847210190057,1.9123476107300759,10.051213129078306,1.6755848780818101,10.950146083113335,1.3977434711950902,11.720036501764444,1.081151621014707,12.34144893308444,0.7265742556278182,12.79474492111821,0.34857488284777827,13.064137759452677,-0.03973497897248929,13.141682261146476,-0.43595741702364715,13.023061536879583,-0.8354994134025203,12.70512234271673,-1.2275516278053478,12.188847368615663,-1.606046557653302,11.479873168632611,-1.9707012484989,10.585076551326178,-2.3182622342404353,9.512019978368924,-2.6446067179995585,8.270348716193197,-2.9433044703589073,6.871953450622946,-3.2037264008310897,5.333615299510689,-3.4435553376679446,3.671801817107808,-3.6861765053187057,1.888882671786852,-3.8350064031986366,-7.318447099386275e-05
88,3,-0.7339909407708334,2.268942500145833,-0.7339909407708334,2.268942500145833,0,-0.7485596406415624,2.3095310605890247,5.062622028020934,5.029780026761578,5.510886247489212,9.077726943869656,-1.468218296813494e-06,1.0005707054366844e-05,0.1630241413980719,0.04775287716810379,0.25236831700598217,0.150941605219802,0.3823884410900924,0.30810728122886066,0.5109627543953634,0.5328611462957846,0.6012999100150592,0.8123651260966755,0.666460118115492,1.1300573887492378,0.7131003944039147,1.4758198930597821,0.7354589595253764,1.8390688945705098,0.7324581130993153,2.207009997043041,0.7088961181436136,2.5681351010624587,0.6648888740403267,2.9125392644791517,0.5957931005941188,3.228781158932658,0.5054561633658785,3.504743167872471,0.4031004493308489,3.732331114011456,0.28634311765172255,3.9054521632871317,0.15103283136496862,4.015501467834402,0.003452503134590656,4.054444047726522,-0.14986946516668867,4.018047214792125,-0.30874769454330403,3.9036283699174352,-0.46966905599754205,3.708881774031477,-0.6188953754980852,3.435939003336289,-0.7485596406415624,3.093376423082671,-0.8647922488458469,2.689479626319331,-0.9562441867996984,2.232604753083694,-0.9966359329761131,1.7418685997673027,-0.9736040818754519,1.246559640925506,-0.8789473487782354,0.7801262682403967,-0.694493014961302,0.3825664629893754,-0.40078204900088443,0.10394898860801834,0.0005311080903332221,1.3113694820075947e-05,0.460578614871254,0.11448709438277813,0.9001394080725511,0.4569404177432198,1.275612856089544,1.0035696090287207,1.5972075155605727,1.7236360315890151,1.872325123684182,2.5931932851937503,2.086532692380916,3.5857458274457654,2.2314795590283936,4.66810999629563,2.3095310605890247,5.806102491512107,2.321166977332293,6.966579211428084,2.265751772113765,8.11607200972979,2.144905453562704,9.221439512584556,1.9602560400658204,10.250297798825986,1.7202675992138485,11.172428490048786,1.438083047434248,11.963619147746599,1.1160279095881458,12.603884675058396,0.7548202579196579,13.07300733511439,0.3692257780503312,13.354658872245865,-0.02744793215385164,13.440468916200384,-0.4327966277225177,13.325742182024873,-0.8421696284827402,13.006951168549621,-1.2445476901834236,12.484775863254608,-1.6337175739232905,11.764648597767751,-2.0093569803837448,10.853281657095529,-2.368093479785365,9.758107712646504,-2.7056441645063427,8.488717316598954,-3.0153373183589056,7.057036918984726,-3.2861575678464305,5.480055357629936,-3.5361352348930364,3.7745003910658377,-3.7892483874150433,1.942665946159881,-3.946090973680533,-7.530432674006576e-05
89,3,-0.7174643944444444,2.359388690847222,-0.7174643944444444,2.359388690847222,0,-0.7841334538387292,2.3010342537217836,5.077691835101879,5.036322117742411,5.38680308540966,9.439589715732582,-1.4851665416806234e-06,1.0510747894964727e-05,0.1719112422976982,0.05028903177567665,0.2668852725457575,0.1592819493620914,0.4050194367881965,0.3256410363391037,0.5416319107670323,0.5638096757216045,0.6373732898868287,0.8601084689165006,0.705753509436643,1.1967195853031893,0.753698328348595,1.5625415339872626,0.7751137698313182,1.9459511218015513,0.7690012699364498,2.333022023169333,0.7406777345546621,2.7112873122147167,0.690559894099322,3.070109958140175,0.6140978112560989,3.3973915113761612,0.5157147770451127,3.680503369234183,0.40540652711711,3.9112210284506084,0.2809117857385931,4.083554426643997,0.13812254428270085,4.188999783955823,-0.016215510730384432,4.219757266173842,-0.17522303473037903,4.172058615328279,-0.3386950780976723,4.043769322874826,-0.5030208462772935,3.8331420118476776,-0.6541253072589136,3.5429845966823663,-0.7841334538387292,3.182666198965774,-0.8995957626154045,2.761132907008337,-0.9890956344226979,2.2872864613050368,-1.0260724649846402,1.7809181854937823,-0.9983746035235499,1.2720137918917744,-0.898149976278888,0.7945545001793302,-0.7074421265341414,0.38893280802823743,-0.4071002755020772,0.10549313562881563,0.0005380381363901781,1.3285901858582159e-05,0.4654882807422366,0.11580029673372355,0.9075967584043989,0.46145161042720884,1.2832617253375411,1.0119434798635518,1.6033285743180312,1.7355111044708016,1.8757024915258576,2.607486571185984,2.0862921983867073,3.600851929826838,2.227148466783206,4.682084065665035,2.3010342537217836,5.816865516764732,2.3087466840909254,6.972097154700599,2.2499048760104055,8.114497890153366,2.126325383558005,9.211226430782364,1.9397767360368896,10.230282962337782,1.6987943098664844,11.141887519308906,1.4165133351948624,11.922280596662613,1.0952443137470813,12.551920977648198,0.7356880295244833,13.011030033208542,0.3525088602270994,13.283690418285964,-0.041112089212154077,13.361880506921272,-0.4428452908179683,13.24120344105859,-0.8481240206059114,12.918394269362068,-1.2460602623312866,12.394340458210582,-1.6305463237873248,11.674619103622991,-2.0013191224245808,10.766048177996572,-2.355084558074159,9.676133511834115,-2.6876463386291074,8.41449575283229,-2.9924433098653687,6.99304577490052,-3.2586184063626233,5.428684191668525,-3.504088363164002,3.7380237828646417,-3.7526255372250286,1.9233601863021659,-3.9058555402429382,-7.453650374792973e-05
90,3,-0.7375151009027777,2.4117580834305556,-0.7375151009027777,2.4117580834305556,0,-0.7577227441739435,2.354781719373365,5.07133829749191,5.034423463537894,5.537346036740407,9.649112454214167,-1.2570359685902126e-06,9.441633564627981e-06,0.15543609026973085,0.0453593693536831,0.24298962282634892,0.14427770106450005,0.37111145369070014,0.29626099537121225,0.4997138255901257,0.5152607901186514,0.5926820851678571,0.7897143697187675,0.6618698087221714,1.1040667234960584,0.7132342189528877,1.4486931096546671,0.7406681665569987,1.8132717176527307,0.7426436166748859,2.185075716562702,0.7235323750096886,2.5524346607617203,0.683189670600555,2.9051100111170696,0.6167625239715578,3.2312156224871296,0.5279114838690012,3.5180850386053906,0.4258288401570764,3.7570185249350687,0.308149793047302,3.941323774581291,0.17070647412206097,4.0617927492646295,0.01988777599598986,4.109804491962504,-0.13758449415354618,4.080622305807379,-0.3013819983940106,3.971145395865276,-0.4677922729649606,3.7787259847694474,-0.6226519384357053,3.5053088251208426,-0.7577227441739435,3.159504752330565,-0.8790724557316053,2.7497319689586392,-0.9749487545944988,2.284565449609301,-1.01829147301808,1.7836646880718487,-0.9962655942987546,1.2771898553340477,-0.9003538397286708,0.799636179759249,-0.7118907695856269,0.3922492479489633,-0.4109720329724407,0.10659765206138097,0.0005446640223957204,1.3448417773637152e-05,0.4722705888332225,0.11740081842801782,0.9226726985292364,0.46848644886649177,1.3068526533618454,1.0286506642925775,1.6351940819561,1.7660965605517027,1.9152661261562633,2.6559657613955245,2.132336322176612,3.670796694924228,2.2779789337248224,4.776323026349248,2.354781719373365,5.937329166952132,2.363425151240148,7.119752321045319,2.3034667519204013,8.289297887413374,2.1767766757194673,9.412111129625295,1.9852328901215979,10.455218918587626,1.7376730250349295,11.387963523510434,1.447665727613326,12.185905651908444,1.1177258933340155,12.828992363136987,0.7487223293249126,13.297004804578984,0.35578402702923145,13.573744698296984,-0.047501619191784555,13.651148124022434,-0.4586628940896527,13.524907260095699,-0.8729679074246354,13.191910360578268,-1.279259566036435,12.653313179607911,-1.6712934187657762,11.915071505257597,-2.0488125417298835,10.984406818316812,-2.408482954258633,9.869232796835615,-2.746066253315527,8.57960327126552,-3.0549272746178278,7.1278835005908,-3.3240692921462425,5.531494384710842,-3.571818526028291,3.807527623536453,-3.8224301053290617,1.9584610144660914,-3.9758004017456443,-7.587128153561612e-05
91,3,-0.7628843154930556,2.4348747283125,-0.7628843154930556,2.4348747283125,0,-0.7780964654087378,2.392999840485877,5.071598474099596,5.032065015666407,5.727820943213149,9.741598971648262,-1.2183161080916077e-06,9.5386772495462e-06,0.1576441324531239,0.04594103526799271,0.24723162127801399,0.1464459887869319,0.3784190925395399,0.30127319993947893,0.5104671423438054,0.5247994550245817,0.6063707530956488,0.8053883239809946,0.6779839911652853,1.1272099140099736,0.731278851070501,1.4804002258792013,0.7599594078458809,1.8543446548360596,0.7624204786323286,2.235946150585831,0.7431094753710329,2.6131708918471337,0.7018703872208034,2.975442409432222,0.6337298083781812,3.3104949316246044,0.5424356823503864,3.6052617370296,0.43742383214814917,3.8507432777705155,0.3163072567614609,4.040010963625269,0.17485874582060051,4.163578227408389,0.019685675936797986,4.21258575909387,-0.14225005675894434,4.182188770739,-0.3105381257890169,4.069256086073914,-0.48130326700928155,3.8711570578192607,-0.6399763629200466,3.589999762099164,-0.7780964654087378,3.234742147313205,-0.9018862571993448,2.8141473826721675,-0.9993439181459663,2.337129927240264,-1.042861355136958,1.823922721713835,-1.0194529555528764,1.305444576755974,-0.9205790129891231,0.8169685274883691,-0.7273467162277059,0.40057984480886616,-0.4196149474998402,0.10881694119357745,0.0005557790229385584,1.3723112723109645e-05,0.4816617369208781,0.1197559035210647,0.9405577376767327,0.4777247698946296,1.3315508018513063,1.048603167554292,1.6653127844358822,1.799802458207921,1.9496095880854212,2.7058408628615087,2.1694707006500855,3.738605723168084,2.316366670630175,4.863074798085633,2.392999840485877,6.043289207613268,2.4001419712533965,7.244500298047592,2.337437937776835,8.431766872613895,2.2069011533635168,9.570646969601652,2.0105626051727707,10.627653560497459,1.757530729766362,11.571715599940719,1.4617037005371354,12.378141632330232,1.1257234912468637,13.026745949508076,0.7505478743096682,13.497214794881138,0.3515872331956001,13.773349378811073,-0.05735905234299579,13.847222998570238,-0.4738023160349034,13.71471736805614,-0.8929816196232535,13.372913218490572,-1.30364788344762,12.82319351892275,-1.6995538431930655,12.071770403398968,-2.0805258714854418,11.126096185840899,-2.4432744450290818,9.994280817784984,-2.7835938869195327,8.686558098350892,-3.09484846740316,7.21546011287586,-3.3659816074988744,5.598597380573556,-3.6155932944577835,3.853214960910297,-3.868261667582869,1.981748138240699,-4.022729874962801,-7.676684967463991e-05
92,3,-0.80893472959375,2.5047208360833335,-0.80893472959375,2.5047208360833335,0,-0.8350524519239375,2.434077524317659,5.0710586915241285,5.030414237731646,6.073572613516033,10.021043644395574,-1.3590772625329855e-06,1.0444742665784587e-05,0.17231185620822495,0.050247822313849534,0.26976082940609214,0.15999888972499676,0.412270351489871,0.32879489397226824,0.5552088641668443,0.572110803158831,0.6582004973504704,0.87698816992623,0.7342193887101793,1.225912155644282,0.7898053859080106,1.6078899210666735,0.8181841557741178,2.0111371093176844,0.817759035909673,2.4212259438724644,0.7935450010884857,2.8249686342043647,0.7455871654723353,3.210858134717347,0.6687727576813283,3.5656782386978003,0.5674429907348016,3.875489973544878,0.45200493363414823,4.130876721614599,0.32009242881743977,4.32475895748365,0.1673932871553729,4.447415252691336,0.0011746454011144032,4.489903480879255,-0.17102247103985763,4.447649244698045,-0.3487090317474951,4.317943925632875,-0.5277486525828088,4.098629711502839,-0.69277737019415,3.792565063692836,-0.8350524519239375,3.4097881223913222,-0.9613580933961487,2.9600217867490457,-1.059284182181702,2.453040986802274,-1.1002243195355077,1.9103721967031242,-1.0711297406988827,1.3645119980564209,-0.963686295018876,0.8522187627587939,-0.7588580555047394,0.41704485140817427,-0.4364545321403021,0.11307348135643093,0.0005763975608029827,1.4233501521277916e-05,0.49824208854331536,0.123987102280583,0.9704182951963587,0.4937464100278733,1.3703459749950802,1.0819571985240422,1.709635702486671,1.8540547095218438,1.9967768160938548,2.7830755323243452,2.216827545531849,3.8395804053826654,2.3615171630506575,4.987265217934256,2.434077524317659,6.189104445559826,2.4356913180926267,7.409526251883005,2.3663324275652404,8.612943480645471,2.228344348184222,9.764435275565132,2.024036014648781,10.830186232382808,1.762883371762076,11.778951758124633,1.45917057133059,12.586068111238228,1.115666220086663,13.231509475055338,0.7334228591994475,13.695158217838049,0.3281646568427943,13.96111697829632,-0.08607532709937124,14.021912524328231,-0.506766050885247,13.873942660820951,-0.9290717606382473,13.514825352822713,-1.3416094989943868,12.946538558977231,-1.7380954840823732,12.175936690533218,-2.118399637749212,11.211107263229971,-2.479253606755148,10.060777960718168,-2.8164895421260363,8.735788294589717,-3.1235270092274714,7.249250479277472,-3.3893971567135464,5.619324670810377,-3.6329454309230598,3.86372255484718,-3.8788904091162437,1.9852313166711477,-4.02593380611238,-7.682799395885609e-05
93,3,-0.7744451487708334,2.3421412441666667,-0.7744451487708334,2.3421412441666667,0,-0.7872162188830691,2.313577987546208,5.074866175143507,5.036251193279254,5.814620975176913,9.37058505323674,-1.6737024827156294e-06,1.1045826234385942e-05,0.1792739577750013,0.05258936739440917,0.27632810019320875,0.16580124532911472,0.4169635902591249,0.3375088069159068,0.5545827132246844,0.5820063295784248,0.6490880025147547,0.8845422909195659,0.7151267450251735,1.226451711444967,0.7602885141979474,1.5962771789072492,0.7787420691379848,1.9822426657486154,0.769828396818779,2.3704128569471847,0.7391824153999217,2.748487181005092,0.6873305675280252,3.1061042801110545,0.6097107263354231,3.431457719601848,0.5107582702616448,3.712209003663175,0.40042071286344455,3.940421734798772,0.2762552843804913,4.110333856548913,0.1339773986582234,4.2135739321607115,-0.01978704954924568,4.242401976433232,-0.1782765198182031,4.19305200180809,-0.34140383236592997,4.0633313811204275,-0.5056278845508038,3.851385649885736,-0.6568665996367236,3.5599001323453665,-0.7872162188830691,3.1981343542970486,-0.9032225977771268,2.77493124286825,-0.9933666429449756,2.299110331469172,-1.030877860268552,1.7904642109169837,-1.003431367024334,1.2790795772997134,-0.9030229990972997,0.7991159291877813,-0.7115015345346406,0.3912305833547601,-0.40953614138167055,0.10613103849230666,0.0005413497403047919,1.3367620363848575e-05,0.4683928598313453,0.11652016879115529,0.9132782517767404,0.4643339338917292,1.2912481112961585,1.0182635970484861,1.613172514223553,1.7463055540154548,1.8869853890104995,2.623581740924212,2.0985105293044164,3.622844840794323,2.239771313126877,4.710308596855474,2.313577987546208,5.851400797521031,2.32076934726722,7.012791777327256,2.2610033762653896,8.160988530950647,2.136148212213941,9.262961051574491,1.9480220506693768,10.286545913961417,1.7052397075122785,11.201830229874872,1.4210300439508432,11.984967942906273,1.0977383910073828,12.616364822439733,0.7360909116828845,13.076199530395037,0.3508373163459903,13.348540075258951,-0.044769912645177934,13.425393529153537,-0.4483812742911424,13.302413193489702,-0.8554011804773853,12.976393944211804,-1.2548886193005324,12.448304891693168,-1.6407060056064593,11.72382724453359,-2.012585000421507,10.809890325118054,-2.3672145342633857,9.71411613302253,-2.7003795508404806,8.446251405075182,-3.005494269022588,7.018342555707413,-3.271667732144789,5.447442834780288,-3.5168848214715562,3.750313463288584,-3.7649912458467263,1.929349694143323,-3.917316306220018,-7.475521318317909e-05
94,3,-0.7658102855972222,2.3622154908055553,-0.7658102855972222,2.3622154908055553,0,-0.785187197751251,2.3110693800263253,5.067669579352372,5.053087846174695,5.749789454691891,9.450899353656435,-1.7632989588245505e-06,1.1256888518440191e-05,0.1820154191194772,0.05346519764111725,0.27962127526437025,0.1681958558024621,0.42087198275781607,0.34170862892101833,0.5584873786955188,0.5881992252716272,0.6521674664521311,0.8925063077374521,0.716995910080834,1.2356618187079762,0.760801512720812,1.6060867651365553,0.7778548424308166,1.991958062139042,0.767630425295788,2.379350182599029,0.7358890032964992,2.756040926468067,0.683220273696567,3.111794752144502,0.605098916634951,3.4349536774924916,0.5059927121946123,3.7133459598606198,0.3958350381317889,3.939207924101767,0.27213916436589836,4.106933313284752,0.13058082569730378,4.2082858508408805,-0.02227823466494844,4.235635966557012,-0.1797600167390023,4.185289672081961,-0.3418494071662764,4.05508692554971,-0.5050811157860408,3.843170351403129,-0.6554724974185024,3.552178103645868,-0.785187197751251,3.191277250776915,-0.9007772331811154,2.769202119795234,-0.9907589069508109,2.2946563194656644,-1.028398133452807,1.787293826423512,-1.0013242757084073,1.2770643243280453,-0.9014457549527828,0.798026437851874,-0.7105183707182551,0.39078179170562943,-0.4091091675735731,0.10603106625387405,0.0005409402591021909,1.335740405038885e-05,0.4681254975821271,0.11644705978817717,0.9128517141928979,0.4640847516190199,1.2906757731950484,1.0177661118879697,1.612382140243779,1.74547177653156,1.8858591080726346,2.6222738635750282,2.096945145177495,3.6208673420557322,2.2377206496360382,4.707427577668573,2.3110693800263253,5.847377087878324,2.317919794866924,7.007421604010818,2.258025244211747,8.154150774515834,2.1333342996605618,9.254661629105932,1.9457237976623043,10.276953140819368,1.7038122178812485,11.191292146356584,1.4207736053298585,11.973997623742006,1.0989005473005473,12.60561163928579,0.7388432635997313,13.06642055795544,0.355196591245485,13.340542028391374,-0.03894949417193389,13.419949243358026,-0.4413709905199269,13.300190437456225,-0.8476032152714524,12.977892966438455,-1.246838365551446,12.453790571623692,-1.63302906559705,11.733272035138386,-2.0059596280513707,10.822939843286251,-2.3623533889295447,9.730067320101085,-2.6979984541178306,8.464042581444877,-3.006273179961353,7.036561118274079,-3.276191770315845,5.4643575898192625,-3.525670470756626,3.763923062623738,-3.7785825972771585,1.9373856920203156,-3.9357629025033627,-7.510723305266938e-05
95,3,-0.7837388552361111,2.3239235629930555,-0.7837388552361111,2.3239235629930555,0,-0.7878957867369377,2.3560637965441686,5.083236091846046,5.029613752042647,5.884399164937556,9.297698615949816,-1.5717269548012083e-06,1.0650945774169028e-05,0.17343237960151137,0.050812846133778344,0.2683020398632945,0.1605507841259586,0.4062518652279291,0.3275790643899374,0.5423774886735514,0.5662554597557835,0.637526872926093,0.8627739603780277,0.7055977747790274,1.1993675564630133,0.7536973980946406,1.5651292322511579,0.7757884324773484,1.9486853645022317,0.7708517693752032,2.336368215448098,0.7441062469877863,2.715939403653831,0.6958102947357253,3.0769255855659012,0.621208891840229,3.407300555208336,0.5245112566684336,3.694400533112433,0.41553905938320695,3.929868367043143,0.2918568286460179,4.107496980255024,0.149181373213239,4.218475100370906,-0.005827815106102873,4.254627363394607,-0.16630437208472415,4.211788767444301,-0.332054871667486,4.087422884257203,-0.4994143837250564,3.879385242894101,-0.6540707157557581,3.5901579809346233,-0.7878957867369377,3.2289216329581776,-0.9073652580856086,2.8045104134611427,-1.000730005496424,2.32579362118389,-1.0407625079075633,1.8127977620889673,-1.0147994071845432,1.2960515571606144,-0.9145510726288746,0.810300918879367,-0.7214376715990914,0.3969661680542194,-0.41566530141142416,0.10775075700683112,0.0005499165633081824,1.3578827561856141e-05,0.4761187629274444,0.11841646888024547,0.9288675712585326,0.4720812090661539,1.3138876977588583,1.0356070989952764,1.6420213282341491,1.7765528955295493,1.9211900877901356,2.6696344581507168,2.1368686950229714,3.6870951348444643,2.2808793263648286,4.79448400810239,2.3560637965441686,5.956530698961103,2.363294717686684,7.139229945325761,2.302269784384287,8.308426908357575,2.1749515032001936,9.430465149098884,1.9832570045012015,10.472602624618041,1.7360104053847694,11.404419334705317,1.4467100412799847,12.201692539155186,1.1177651572521436,12.844540574610747,0.7499184203895154,13.312858122200232,0.3581462754664237,13.59049056256472,-0.04411916179502194,13.669339244205863,-0.4545441685459382,13.544988198867706,-0.8685207128256123,13.214152105715508,-1.274991083032834,12.677756561830524,-1.66777459954391,11.941486434847073,-2.0466503079244807,11.012267706226563,-2.408291072275861,9.897707474372707,-2.7484329490377544,8.607557836017216,-3.0603765219753583,7.153903708787553,-3.333006234627691,5.5539325836303055,-3.584606918190191,3.8245513973430447,-3.839473863563279,1.968040271407599,-3.9969218554357107,-7.62743467757877e-05
96,3,-0.8141798402083333,2.2931390090416666,-0.8141798402083333,2.2931390090416666,0,-0.8002381344372013,2.29095470431938,5.080554556851173,5.034374583867066,6.11295349187144,9.17453384873268,-2.0184224117362115e-06,1.219452769861209e-05,0.1958050272802196,0.057664099479545226,0.2986999314878787,0.18061561970807516,0.44686343922281546,0.36535915162413457,0.589281045764226,0.6262305453013743,0.6834746666905375,0.9462119821689033,0.7461987694758055,1.3045726089871035,0.7862420463593893,1.6887236093933868,0.7980533699719725,2.086059807438865,0.7816077711079737,2.482020945958932,0.7433721351819043,2.864076976673021,0.684309689175896,3.221966905787258,0.6000632859685143,3.54412172267568,0.4955284297214533,3.8185984523553964,0.3810410978593784,4.038098409451887,0.25406375216255533,4.197566281364273,0.11019773893982848,4.289261834829774,-0.04389772721943543,4.3060653647567015,-0.20156525244319146,4.244822278723178,-0.3629605612189799,4.103857373773069,-0.5247557595568079,3.881715114938996,-0.6730594300976198,3.581383259895225,-0.8002381344372013,3.212310271914843,-0.9130973306510544,2.783387623265137,-1.0002670730986751,2.3033828572464925,-1.0351231231100597,1.791966997852075,-1.0054866017688424,1.2790289442703966,-0.9034501870596529,0.7984697962163425,-0.710952674758944,0.39064434486544375,-0.408792931730937,0.10590372798881464,0.0005398333605559468,1.333059168745117e-05,0.4666483871356683,0.11612339616782526,0.9089765032900229,0.462452851074432,1.2838803506519285,1.013481385894468,1.6024108994946482,1.7370021146256398,1.8726784956575853,2.6080114681826356,2.080839656074503,3.5992648214898737,2.219250996879332,4.677153936302302,2.29095470431938,5.807424950776867,2.2969887329749383,6.957171625787895,2.2371696384288238,8.093416681187739,2.1134408408822636,9.183703954357766,1.927630460618035,10.19646583382475,1.688215095827144,11.102357668241378,1.4081634905634277,11.877994261306728,1.089651661926928,12.504129232332547,0.7332317891277221,12.961215268122514,0.35329175129701273,13.233459370301157,-0.03724777191029124,13.312821585612554,-0.4362128058774051,13.194784556125615,-0.8391838934900288,12.875891205249918,-1.2354253653094978,12.35675899904615,-1.6189007946113008,11.642636462983752,-1.9893459825188153,10.73999843622178,-2.3434525524705907,9.656012349192268,-2.6769806523935826,8.399973666118616,-2.98330018574911,6.983497534737984,-3.2514556601644173,5.423228278568261,-3.4991909819120157,3.7355912585842774,-3.750171469126021,1.9227726944337284,-3.9059577422698353,-7.453845318576594e-05
97,3,-0.8035373215486111,2.2609538369652777,-0.8035373215486111,2.2609538369652777,0,-0.7575289523854122,2.291959058778584,5.08696406345116,5.044970144876333,6.033048268982834,9.04576540099452,-1.8958308426447322e-06,1.1303542414989245e-05,0.18127595437829752,0.05340488070962473,0.2764782084323542,0.16721023350411196,0.41391563296385064,0.3382642825788767,0.5466544752109174,0.5800744279537543,0.6355500097372844,0.8772506928687906,0.6961213949674531,1.2110080985936533,0.7364189728517122,1.5700800608471475,0.7510848335529204,1.9431097922028906,0.7397934741727308,2.316795370166323,0.7082452604072115,2.6795652528029814,0.6570187883857191,3.021803250292739,0.5816880557479207,3.332503322748008,0.4865198062750258,3.600136767283986,0.38102151776655274,3.8174018377695065,0.26263816430741105,3.979019134202627,0.12703383532836335,4.077088441075901,-0.019597320361312155,4.104220286580141,-0.17094983846063458,4.056754976859061,-0.3271558253721801,3.9324410342403606,-0.4849863549000301,3.7292510821140246,-0.630972998187035,3.4494593790871737,-0.7575289523854122,3.1016456655301026,-0.8709859903223642,2.6939747278366073,-0.9601150118956197,2.234604746375092,-0.9987210032919719,1.7424027971769538,-0.9744419777713558,1.2463843829306929,-0.8790074461192561,0.7797442982669335,-0.6941646060348394,0.3822664321549324,-0.40041484481307726,0.10383771826890678,0.0005303594069690197,1.3095436707529996e-05,0.4596616881907163,0.11428331005284358,0.8976823331848539,0.45591839716173566,1.2710647447308838,1.000817010307634,1.5901101678749054,1.717989435247677,1.8623512742052775,2.583287672163728,2.0736414310897993,3.570118324556947,2.215964371847154,4.645362526553079,2.291959058778584,5.775054383728371,2.30235376496237,6.926395849396235,2.2467219126669007,8.06638204403562,2.126805077072391,9.16241760841042,1.9442741011632434,10.18270659978501,1.7074722551001926,11.09760371697664,1.4292794098662067,11.883366076395506,1.1118280330199495,12.52035824171814,0.7556253385171817,12.988622801772499,0.375032608019787,13.271936670857016,-0.017018440720597595,13.36182690181322,-0.4183442241290561,13.253349647381697,-0.8245099648975336,12.942625831713103,-1.2247252984555654,12.429868097014426,-1.6128896294378339,11.719952160511047,-1.9886919019662868,10.819007154588444,-2.348754768718637,9.733882133025825,-2.68874725896682,8.473595381218544,-3.0019075307322987,7.049537164036676,-3.277073251663028,5.478215959052368,-3.532039173694277,3.7759788784832415,-3.7906726567258078,1.9448339770829643,-3.9533150646311,-7.544218401273661e-05
98,3,-0.7866882776736112,2.2910118765486107,-0.7866882776736112,2.2910118765486107,0,-0.7902900711805125,2.2941616662316124,5.089047405821583,5.032779905480874,5.906543759163455,9.166023484127074,-2.008254132424941e-06,1.2032361434013445e-05,0.1930121216040047,0.05686098627989908,0.29422516953582434,0.17800798162621098,0.43999882566921256,0.3599423218861822,0.5801302408903702,0.6167792201290772,0.6728948183113759,0.9317935285260102,0.7348632439297259,1.2846522728699088,0.7747031867083909,1.6630604911909572,0.7869192781627663,2.0547029258650604,0.7714241468701285,2.4453154456943995,0.7345113685732055,2.8225979239776127,0.6770489330885904,3.176446251836007,0.5946543549471638,3.4954247741971054,0.49208255758290403,3.7676878020066957,0.37949354852431,3.9859433292944613,0.25435669278456774,4.145098383635821,0.11230593868541523,4.237396356201423,-0.04007595465609161,4.255688485392902,-0.19618434772790097,4.196752239175179,-0.3561479420457044,4.05884039309749,-0.5166458057936623,3.8404360293047657,-0.6638899077033507,3.544436263260506,-0.7902900711805125,3.1801527366467077,-0.9025749585820072,2.7563560194729066,-0.9894705771355851,2.2816985914217236,-1.0245765483140372,1.7756433476761377,-0.9957960324530576,1.2677899422181984,-0.8952418804815436,0.7917327263888577,-0.7049096407604495,0.38749943486421495,-0.40558176469936913,0.10509712324139399,0.0005360001850148212,1.3235593456067882e-05,0.4637130411609692,0.1153596036982476,0.9041204923154009,0.45968913145070833,1.2783554901460674,1.0080730729730594,1.597266590519739,1.7288879084513105,1.8687705131624592,2.5976010614493283,2.078886142865986,3.587362968395096,2.2197531420636425,4.664873721597702,2.2941616662316124,5.796066562935864,2.302923496511067,6.948102102540559,2.245651963135925,8.087962854442592,2.1241149172329963,9.183057277411455,1.9399982835619882,10.201602818630407,1.701686787725231,11.113980070014195,1.422120636360371,11.896499847730881,1.103459249204765,12.529602975672844,0.7462485062284524,12.993421017725804,0.3649430933478683,13.271853931908128,-0.027443548278133074,13.356598682897834,-0.42867836808489296,13.242912808645746,-0.8342717303549673,12.92714371180018,-1.2333823330124944,12.409758433104772,-1.6198890717547119,11.695905235039628,-1.993478099423714,10.791990699566245,-2.350780268195148,9.70514038604039,-2.687493325457016,8.444639998395093,-2.996914017793645,7.022126461828571,-3.267989835446439,5.454312095568505,-3.518545432779412,3.757703678198901,-3.7723753565931744,1.9344927533859444,-3.9304124628910166,-7.500512880622821e-05
99,3,-0.7791210971736111,2.3063230630069445,-0.7791210971736111,2.3063230630069445,0,-0.7898884964713873,2.2893079038985724,5.072213339445402,5.039829304485537,5.849728519855564,9.22728143572633,-2.201204077878201e-06,1.2561893640610225e-05,0.20022510878419203,0.05912340351191294,0.30337484751666655,0.18437983736303373,0.451455481706537,0.371469376208948,0.59240162686833,0.634341597888566,0.6837800762969501,0.9552148121166442,0.7432484819438614,1.3129192190675147,0.7800800571417,1.6947843492057015,0.7890039678872552,2.0882983766457257,0.7702543034208174,2.47913021416052,0.7304530933929544,2.855085733498354,0.6706285149535193,3.206290934418213,0.586477407534653,3.5215926857513984,0.4828636903507061,3.7894752015701862,0.3699712908323749,4.00301632938127,0.24517103075969246,4.157469998320062,0.10399835230162978,4.24537403504195,-0.04707697732437162,4.259824275730691,-0.2016105903784648,4.197773557259724,-0.35989317186232367,4.057567574961707,-0.518758349957831,3.8377041920691597,-0.6645821884188136,3.5410152288395267,-0.7898884964713873,3.1766735575687686,-0.9014323554191592,2.753277910456993,-0.9879657628922046,2.279298741303679,-1.0230837776661719,1.774006981582711,-0.9945860357366224,1.2668375632525628,-0.8944415373522244,0.7912852664978646,-0.7045084068453608,0.38734926896475197,-0.40545800085546585,0.10507160135573088,0.0005359192378275847,1.3233558365101377e-05,0.46364695398014,0.11534410426174505,0.9038816610452673,0.45960478945232797,1.2777333202882635,1.0077831861432078,1.5960232924439148,1.7281415758127963,1.8666885866914038,2.596031179356952,2.0758371904715944,3.584513065335066,2.21573901595986,4.660255285548087,2.2893079038985724,5.789223486461152,2.2974709475278585,6.938670128670125,2.239938770634744,8.075723837587915,2.1185383488342278,9.16797848139695,1.934977445428828,10.183857483674648,1.6975956165538697,11.093943169087655,1.4192308119276602,11.874708374868018,1.1019634202586188,12.506708336611789,0.7462559885380912,12.970152452809586,0.36641712948720667,13.248960478165113,-0.024665864736926037,13.334776550896816,-0.42482157058197206,13.222759613481461,-0.8296111540526334,12.90913251213271,-1.228240074521241,12.39421182447573,-1.614588847170904,11.682982122736828,-1.9883095764783687,10.781696065059684,-2.345995319809318,9.697343742906387,-2.683296328471786,8.439096212971739,-2.993456023512425,7.018501655064746,-3.265362677180198,5.452210759660121,-3.516756955407078,3.7567049658450573,-3.7713852614372323,1.9341869622505672,-3.9301634537314922,-7.500037665002266e-05
100,3,-0.8002374461874999,2.3615420659305553,-0.8002374461874999,2.3615420659305553,0,-0.7987772182959898,2.3089060422101646,5.107375861827003,5.031400429312325,6.008272434928427,9.448205073333304,-2.194543434199211e-06,1.2587558895334975e-05,0.20078861982428198,0.059272235994396405,0.30450290751613907,0.1849414642570204,0.45353407312771465,0.3728147039332979,0.5957132161105166,0.6370293634305446,0.688364150799389,0.9598767573461886,0.74909645354986,1.3201898731249317,0.7871274713516107,1.7052841187911656,0.7970500229961341,2.1025827191857664,0.7789944020124049,2.497624750799204,0.7395519613485418,2.8780544161767505,0.6797077944368581,3.233821618154354,0.5950845140239034,3.5535645204668285,0.49057533566996525,3.825541718457388,0.37647971373279865,4.04264948734565,0.25017258811174486,4.199994461230058,0.1071739133862867,4.28995460007173,-0.0459374788156574,4.305489295975484,-0.2025999657921099,4.2434787598090695,-0.3630633897891368,4.102234345139412,-0.5240855558835867,3.8802422675548756,-0.671852010597961,3.580390957429854,-0.7987772182959898,3.211997346894954,-0.9116817289986262,2.7838063688961077,-0.9991878337836227,2.3044366839821144,-1.0346090454890273,1.7934265044221527,-1.005645876544637,1.2805786296712047,-0.9042291924348077,0.7997786385235434,-0.7120811167003189,0.3914597618892474,-0.40973619751121043,0.10617335529085956,0.000541467560289819,1.3370646491550065e-05,0.4683633611232922,0.11652455308955464,0.9129065006916692,0.464251583986524,1.2902390901484107,1.0178467228849584,1.6113116108518197,1.745178437229777,1.8841559962999161,2.621284035932654,2.094762468226577,3.6188964326630138,2.2353536876915356,4.704304610993732,2.3089060422101646,5.8431041155621655,2.3163933597059287,7.002207780126903,2.2575646885342704,8.148423207234524,2.1343072144008697,9.249048754235437,1.9483882653757372,10.272241817598356,1.7082653914056274,11.188360094416913,1.4269279216844608,11.973724677840497,1.1065070065924523,12.608792367001286,0.7475019282273586,13.073687387516346,0.36437098435144677,13.35229161211895,-0.029872604203739248,13.436287952340273,-0.4330261612662617,13.320910953964402,-0.8406049020757052,13.002473769519177,-1.2417275882304577,12.481418997373844,-1.6302341464851882,11.762892200295811,-2.005783887312933,10.85331252529732,-2.3649592144577993,9.759836115735954,-2.703399723449639,8.49180714594477,-3.0143302406113732,7.060951717136119,-3.286604750075278,5.484115881199214,-3.5381064794202306,3.7779569839693106,-3.7927344866806028,1.9447564262808466,-3.9508939220245685,-7.539598234455803e-05
101,3,-0.7839789233402779,2.298088691298611,-0.7839789233402779,2.298088691298611,0,-0.8222441093035302,2.3496738971028615,5.082615195972449,5.042056846061093,5.886201623169976,9.194336846818604,-1.8927043058277447e-06,1.1975379944811923e-05,0.19339644368078932,0.056834735709505646,0.2966997327495192,0.17864984927628172,0.44599876104359326,0.3626327569256846,0.5909919698048709,0.6236501307785631,0.6890014896492448,0.9454049121050997,0.756115788338134,1.3076128142174333,0.8006770626855074,1.697855276096008,0.8166803779603669,2.103480730350853,0.8036587774621875,2.5096504301166918,0.7678031480792955,2.903374539310428,0.7098637377180438,3.2738184434212836,0.6252452036904328,3.608722580670566,0.5188569458160212,3.8953828119776452,0.40132685344906516,4.125831420078694,0.2702131851008213,4.294454524505674,0.12117225411344854,4.392968709006329,-0.038760606746190744,4.413817577242545,-0.20251167891022057,4.353626847911897,-0.3700212094432043,4.210657642417322,-0.5376805419971459,3.983498639839959,-0.6910598912967224,3.675391578263677,-0.8222441093035302,3.2962759159324584,-0.938238671091187,2.8555311348365358,-1.0274183657253955,2.3623923044830772,-1.0625827421935492,1.8372468309641201,-1.0314562430465324,1.3108790430853117,-0.9261653818782193,0.8180719971049233,-0.7284046920472755,0.400113502711217,-0.41864553219180556,0.10844523885831835,0.0005527037508539321,1.3648479340394385e-05,0.47775008937954583,0.11888634189655387,0.9307027511789568,0.47347238159814614,1.314856712469633,1.0377331144545316,1.6415411519356007,1.7788170549544235,1.9190188831019244,2.6712404479697187,2.133013319272389,3.687189314310286,2.2755651936524712,4.792272577128239,2.3496738971028615,5.951374939227847,2.3563056590251543,7.13070832081481,2.295199937883571,8.296368780955522,2.168311124958191,9.41495892235682,1.977507887315153,10.453981347280424,1.7315207285734735,11.38322557527891,1.4437225293913152,12.178621903228324,1.1164108295246769,12.820381091648485,0.7502216436784888,13.288437399143367,0.36000656880216725,13.566617395346631,-0.040904018847905885,13.646744832061135,-0.450235435283628,13.524286562198165,-0.8634213336257635,13.19581587661265,-1.2694316703482902,12.662099010256505,-1.6620834497199162,11.92865476786967,-2.0411304327307436,11.002250780247158,-2.4032125639748374,9.890350611385683,-2.7440245900270552,8.602581259370556,-3.0568205931298893,7.150924815911311,-3.3304342830435507,5.552489933717415,-3.5830933505123186,3.824132203492518,-3.8390552877815995,1.9681051352213925,-3.997590089791512,-7.628709849565277e-05
102,3,-0.7872482774444445,2.3079903605694443,-0.7872482774444445,2.3079903605694443,0,-0.8382902879722415,2.361775018131513,5.084927024510536,5.034982303817707,5.910748300206484,9.23395206400606,-2.025933591568753e-06,1.2357245519420126e-05,0.1987480922484056,0.05849073404389718,0.3039346205319711,0.18344910610938983,0.4559650208950049,0.3717042434497297,0.6033240705062993,0.6383448792208023,0.702590786151942,0.9666154779714999,0.7704383494207354,1.335813099760877,0.8154495952675499,1.733343609336522,0.831465998655704,2.146379755823596,0.8179655019476876,2.5598413746282187,0.7812235009881211,2.9605132412023556,0.7219609459421756,3.3373578326445026,0.6354554313098105,3.6778628354113163,0.5267236933868614,3.969055131241704,0.4066400009143668,4.202805725952112,0.2727362793375108,4.373400622756986,0.12062130266218683,4.47241688274089,-0.04247098331101209,4.492198726380572,-0.20927962671690986,4.429382766575801,-0.37970638214549024,4.282293797401251,-0.5500405289793479,4.049608421467137,-0.7055778545412413,3.7347548481128503,-0.8382902879722415,3.347975069838207,-0.9553355539076138,2.898925261639901,-1.0449369067874208,2.397098117979154,-1.0795651153002634,1.8632845094635644,-1.046915349274055,1.3287673734646754,-0.9391772309113859,0.8288036423076468,-0.7379946617950137,0.40515254200889594,-0.42381267563362357,0.1097552051318053,0.0005590907624314138,1.3806531097218658e-05,0.48293918803474817,0.12020572223117416,0.9401531079617844,0.4785045251061997,1.3272531124751232,1.0482795169080992,1.655783060802142,1.7960631078709124,1.934162310706894,2.695872988079194,2.148057519358948,3.71941115193015,2.28954447813199,4.831787616622637,2.361775018131513,5.9974407366225435,2.365857328801979,7.1822126039717125,2.3016712578100766,8.351897564455518,2.1713342494760552,9.472873322666311,1.976878075750743,10.51249882649533,1.7272368533453482,11.440509858606994,1.4359926889659622,12.232890868095733,1.105564984222259,12.86999057484454,0.736700925181449,13.331933558447696,0.34441570945244554,13.602807336469802,-0.05784573527531812,13.674770463547876,-0.46776276435019326,13.543662275465875,-0.8807283787951309,13.206448549236717,-1.285684946640003,12.664306903247544,-1.6764669279079936,11.923170289479971,-2.0528699962507417,10.990204246477095,-2.4115865119654663,9.873246989304844,-2.7483838369402314,8.582269060057193,-3.0566158415613556,7.1295538800287215,-3.325261785850921,5.532449387317688,-3.572613552735774,3.807989055730783,-3.822888223581137,1.9586109011241284,-3.9759405542180835,-7.587395622300068e-05
103,3,-0.7897109397291666,2.3538988497222224,-0.7897109397291666,2.3538988497222224,0,-0.8052248374078852,2.347113948792589,5.0970105388166695,5.025556027732618,5.929238244650257,9.417625616292083,-2.1899942669531005e-06,1.2500011429192276e-05,0.19934010076288983,0.05884645785754307,0.3024374434197999,0.18363140708635747,0.45089772365647485,0.3703200528972083,0.593120509047156,0.6331894596673957,0.6866943725076357,0.9549390022059377,0.7489792419609033,1.314784346336028,0.7889776897891652,1.7002983051491696,0.8010804353349215,2.0990632414914407,0.7851727581625798,2.496663677985398,0.747638713859916,2.880673048420849,0.6893027745766616,3.240880718396631,0.6056301154264174,3.56568473999427,0.5014388254049782,3.8430400370563946,0.38707235968315207,4.065535559854711,0.25990508027887965,4.227987400951808,0.11544098757150395,4.322471337076608,-0.039631752081477296,4.341666471205024,-0.19860795770970244,4.282243056730784,-0.3616599255756827,4.142357531491372,-0.5254322928361072,3.92038210196642,-0.6758690541775991,3.619181129841298,-0.8052248374078852,3.2481619152671426,-0.9203621973914687,2.8161801542989373,-1.009732084746598,2.331980887621696,-1.0462883580129319,1.815379161289613,-1.0175616824257108,1.2965935300269984,-0.9153640938928687,0.8099839463813601,-0.7211470411345049,0.39655405993529336,-0.4151185694168397,0.10758295263961802,0.0005488157754127625,1.355190682002992e-05,0.474924695726665,0.11813912936235994,0.9261305847714334,0.4708288461782731,1.3095387256509758,1.0325823820517444,1.6361202982877732,1.770961669816616,1.9138964897594395,2.660734689813239,2.128514183737263,3.674265780109931,2.2719462497072143,4.777310599291985,2.347113948792589,5.934862012403541,2.354937612776444,7.1132084817496795,2.295122947787551,8.27850443712814,2.16957895325602,9.3973910556227,1.9801200009593005,10.437384961218733,1.7353905957306353,11.36825551567892,1.4486652922501824,12.165864255260928,1.1221833035155921,12.810313226894957,0.75653058510848,13.281403528404438,0.3664935489123246,13.562798445705608,-0.03462228750808005,13.64613375878152,-0.4445185032199171,13.526689364223321,-0.8585880444747876,13.20086849265597,-1.265741477422397,12.669291690936058,-1.659710933847777,11.937368443566584,-2.040156656232835,11.011802483061476,-2.4036266639568047,9.900039883375062,-2.7457269102645414,8.611735520494491,-3.059628632208016,7.158942176724134,-3.334089111439038,5.558879577306567,-3.587304663329061,3.828543459379777,-3.8435336409062346,1.9703309635496877,-4.00192469529425,-7.63698171219696e-05
104,3,-0.8155307566805555,2.4070487568402776,-0.8155307566805555,2.4070487568402776,0,-0.8272138608530302,2.3637380265378236,5.0758846244317795,5.04026063869742,6.123096324152799,9.630271086099595,-2.0848266324678146e-06,1.2372875725883976e-05,0.19834715630304986,0.05844080334385615,0.30247536352805143,0.18295231512717722,0.4528811747426367,0.37009750960476206,0.5982396841672423,0.6346996949874489,0.6956148722748521,0.9599452947376231,0.7618345894797518,1.3252361065581497,0.8055577149648242,1.718125700814271,0.8207671363978701,2.1259915600992114,0.8070151881792916,2.5340178916010223,0.7705509143408791,2.9292627417476664,0.7120876820360146,3.3009482867247084,0.6269338221749327,3.6368319766511825,0.5200133116137543,3.9242013512303315,0.4020157324718957,4.15510913250353,0.2704226701695965,4.323959911447942,0.120809264013109,4.422439562638684,-0.03976132298670611,4.442949232976636,-0.20419569111171768,4.382089844861803,-0.37247290823656326,4.2380909754815015,-0.5409857483431059,4.009494981200772,-0.6952180218605327,3.6995200686704175,-0.8272138608530302,3.3181219195381626,-0.944031818384568,2.8746867229193924,-1.0339468411426809,2.378458993323276,-1.069538593329728,1.849926152918299,-1.0384089544896442,1.3200617235616563,-0.9325835986120673,0.8238865832428859,-0.7335783302938294,0.4029962453595627,-0.42168078737935727,0.10923604188809548,0.0005567763911493479,1.3749005785690113e-05,0.4813044325373482,0.11976836039051714,0.9376451671742145,0.4769981393788311,1.3245985596344343,1.0454564520018614,1.6534935033043323,1.7919868502072527,1.9325959903875722,2.6908195841022944,2.1474968310786315,3.7138157729933026,2.290189312320216,4.826206870331808,2.3637380265378236,5.992508830644506,2.369182218692924,7.178602112537907,2.306341016993423,8.350287725054072,2.1772708195214956,9.473919568534429,1.9839424078530168,10.516802419699092,1.7352255827792988,11.448586495807364,1.4446453908437027,12.245139706408711,1.1145748057606155,12.88666880413869,0.7457147111974124,13.353133267504944,0.3530490818219169,13.628435129971756,-0.049985155481243035,13.704538141391687,-0.4610691702307141,13.577084895027765,-0.875585937963942,13.24284560938812,-1.2824410103257537,12.702814023462638,-1.6754231603724261,11.962761083321144,-2.0542886407760865,11.029711335289255,-2.415679234694137,9.911383814183745,-2.755303285236526,8.617657958218878,-3.066440755175358,7.160757786233045,-3.33796876298592,5.558018048689069,-3.5882030874665363,3.826486933535762,-3.8414526904355104,1.9685711003665916,-3.9970308163316353,-7.62764268186686e-05
105,3,-0.861907965625,2.4466085235,-0.861907965625,2.4466085235,0,-0.891527359409953,2.4109661350123917,5.112846764898746,5.044860886744417,6.471301606769046,9.788544272695148,-2.2433218505062873e-06,1.3587469194083829e-05,0.21827350982419338,0.06426875776567936,0.3331701206313063,0.2013715857533276,0.498734044323668,0.40750028971723723,0.6581087606508629,0.6987518122631655,0.7637044230783313,1.0562097109698028,0.8339688712977354,1.4566927013895001,0.8785046481041998,1.8859943928105987,0.8909137501783146,2.329787108621605,0.8710531524021373,2.771477007497283,0.8261672636912989,3.1967148061298376,0.7574421014825712,3.5937208926021915,0.6602036610950622,3.9493283260700967,0.5402374083747465,4.2500801886667965,0.4094402246341627,4.4878804383478155,0.26530069581771915,4.657305683938153,0.10326286961380679,4.750102800999108,-0.06892341318396089,4.758884945299733,-0.24362732790049826,4.680819688328509,-0.42087486130643065,4.514810149875655,-0.5969089537848682,4.260059854920313,-0.7564968402754056,3.920680358921282,-0.891527359409953,3.5078026740564203,-1.0097775536960927,3.031791722489297,-1.0991707765348235,2.502715018984433,-1.131283938832415,1.9423079314528762,-1.0936638599649031,1.3830753121134989,-0.9785324466019701,0.8614792748994516,-0.7671635447758879,0.42057086241980846,-0.4396682176712655,0.11378785832874959,0.0005788832809719678,1.4296163850478853e-05,0.4991559707254613,0.124317198009295,0.9699489739107535,0.49427398125914807,1.366800026393845,1.0815354530749062,1.7020210059349583,1.8508723615854485,1.984635549980848,2.7749623713790412,2.200254480234723,3.824272576267101,2.3411509282447267,4.962686363876045,2.4109661350123917,6.15360554230963,2.4111918931975342,7.362062689793686,2.34201213149653,8.553207230781073,2.2058420536597443,9.692925075739524,2.0049432031594296,10.74821410720989,1.7485479316384078,11.68857454133437,1.4505377987549333,12.489917334529316,1.1133530478681755,13.132602251017069,0.7377058314105746,13.596741855737033,0.33879834504271583,13.86645132846084,-0.06980150385867687,13.93401014335025,-0.48584573086866467,13.79538523702208,-0.9047526003316466,13.447635386651552,-1.315376345645321,12.892051878385278,-1.7115305923325361,12.134715482351929,-2.093068077839394,11.18292458854844,-2.456671451389961,10.044635260736706,-2.798068591829096,8.729952196575502,-3.110520922743815,7.251319427742649,-3.382829630842192,5.6263235089558075,-3.6335750228707604,3.8722341345947173,-3.8873689266929277,1.991490469050428,-4.0423917135476914,-7.714206199967948e-05
106,3,-0.9009476026736112,2.469780565972222,-0.9009476026736112,2.469780565972222,0,-0.918372379397663,2.4326270318800116,5.1076185530463505,5.037582133033055,6.764415577211542,9.881252428270294,-2.091881125694642e-06,1.3462750422870451e-05,0.21784313830143656,0.06397502604049538,0.3346843475090936,0.20130252738886648,0.5034899489146719,0.40893421654028395,0.66739910416093,0.7036622491478525,0.7778595770669289,1.0669849167605194,0.8527236452525846,1.4757128026794537,0.9012590757748219,1.915425490001977,0.9166358416886148,2.3713886668349895,0.8984228408841075,2.826408373747446,0.8538368219197895,3.2654616159809025,0.7840300600921514,3.6760925201068035,0.6842147485488415,4.044411791838688,0.5603730731584591,4.356244362351955,0.4248504586888431,4.602960774922869,0.2752553336151654,4.778758727688352,0.10709784680716439,4.875024371554966,-0.0714560623956095,4.8841318297391245,-0.2523607514673308,4.803238231445867,-0.43546261679914006,4.631380855579287,-0.6167534334249999,4.367988202301661,-0.7804999571579645,4.017591243806704,-0.918372379397663,3.5919514044247927,-1.03839263679182,3.1020323567085635,-1.1282811770993235,2.5584592341578882,-1.1591630428493276,1.9837300592533227,-1.118644911020087,1.4112189040347447,-0.9991746397391376,0.8781590597580137,-0.782078433138791,0.42830382172061193,-0.44754719123906206,0.11577286913415157,0.0005884426816571649,1.4532849012856058e-05,0.5068138572102996,0.126273163196429,0.9837671772568364,0.5016785191277447,1.3848955350130205,1.0969899456855567,1.722981691284221,1.8761387178939248,2.007381907385379,2.811200234323169,2.223669169952695,3.872098188304487,2.3641508737152583,5.022157557100963,2.4326270318800116,6.224277556308451,2.4306984185739653,7.44305903137091,2.358633629282566,8.64326370757955,2.218961272080424,9.79044019108634,2.014060518742336,10.851305921661307,1.7533696678298303,11.795157570197313,1.4510230997975737,12.597825168359796,1.109577658325147,13.239683338863983,0.7298470360885256,13.700902690316994,0.32727097106889563,13.965743247615269,-0.08440226806129708,14.026743759784853,-0.5028806639089491,13.880182776485588,-0.923536329510333,13.523448082569379,-1.3351575739404904,12.958191449754764,-1.7315679254544565,12.190870896572184,-2.1126895854240444,11.229138648586995,-2.4752650084223253,10.081271289803903,-2.815091776407905,8.757663154548293,-3.125506299336419,7.271010074729149,-3.395393036441521,5.639113867130641,-3.643504574892785,3.879396369841832,-3.8945615924038655,1.9943669545929654,-4.046671387583328,-7.722373328426766e-05
107,3,-0.9339003632847223,2.4709949013194445,-0.9339003632847223,2.4709949013194445,0,-0.9013049026516184,2.4364640208498973,5.076975441677891,5.04998513380364,7.011828597156805,9.88611081701292,-1.760858842037808e-06,1.2295839655747124e-05,0.2008391339418633,0.058779259036646096,0.3113892736810339,0.18602227883992117,0.47206569160417694,0.3800107322509914,0.6306291763128391,0.6574575840102722,0.7410756280227373,1.0022089722404908,0.8190837430290957,1.39323985445529,0.8726417118397409,1.8173173061515746,0.8945708356364824,2.260556750108149,0.8837305706662156,2.70637309353121,0.8464583220920434,3.1399244155070205,0.7834695439079747,3.54859425171959,0.6898127226562336,3.9182061825052927,0.5710894357646716,4.234170371288032,0.4393561439225749,4.487246267494788,0.29242187004290104,4.671002649925057,0.1260219530828036,4.776327257234523,-0.051632170958746317,4.795156118833846,-0.23236234508183984,4.724243335056584,-0.4157696496028595,4.5623241245594155,-0.5976801623518523,4.308634861292668,-0.7623298260917634,3.967560177070645,-0.9013049026516184,3.550734003331828,-1.022457631125247,3.069065537651801,-1.113566848329591,2.5331631413388918,-1.1459642253236133,1.9654272617400086,-1.107328819326158,1.3990602042422826,-0.9901296285391983,0.8711080104829537,-0.7757492014869279,0.4251155255630998,-0.4443426551815224,0.11498126949487528,0.0005848185068097439,1.4442862383641393e-05,0.5042048951527719,0.12557846359460065,0.9797981298636179,0.4992808773882924,1.3808755104994002,1.0925470252043135,1.7198567952459158,1.8698780379797062,2.0057701864698627,2.8037351048511767,2.223916355809476,3.864283737303252,2.366301242446623,5.014946704391733,2.4364640208498973,6.218576894743649,2.435825513185127,7.439618699925073,2.3645473724902066,8.642605801662747,2.2251240460276662,9.792823683554099,2.019961921297118,10.856725351088297,1.7585912129554397,11.803372403617544,1.455283372352432,12.608419431686404,1.1127122205943247,13.252131139109858,0.731796060535917,13.714621330329901,0.32809875470905486,13.980151024104117,-0.08454184232076382,14.041316216229884,-0.5038032130868064,13.894481793898965,-0.9250486797957618,13.53713023272958,-1.3370708240931128,12.971009806962256,-1.7337288467834715,12.202665460527381,-2.115001327851236,11.239812187185866,-2.4776850999827325,10.090761189304557,-2.817630144257087,8.76591491264732,-3.1282173137229536,7.2779524204693375,-3.398362060798836,5.644640531991217,-3.646867503252736,3.8833471183873036,-3.8984981880848077,1.996499894808885,-4.051256000653724,-7.731122250058612e-05
108,3,-0.9465840413263888,2.494270455465278,-0.9465840413263888,2.494270455465278,0,-0.9154492799729965,2.389846996143765,5.096877368870422,5.050827046707495,7.107059073453957,9.979233108560436,-2.273930854146378e-06,1.4010672247447028e-05,0.22548192468894476,0.06635087972780652,0.344554666431806,0.20807548059772238,0.5159634041197635,0.4212988998642329,0.6807778143559869,0.7226073842189722,0.7895782672920143,1.0922891087876665,0.8613453149519219,1.5061422085349574,0.9060076824672706,1.9492241082350545,0.917011158125252,2.406482031368986,0.894326027190794,2.860565733461191,0.8455869011640353,3.296512611104059,0.772185963490474,3.7020935492594256,0.6694987954483101,4.063738617935669,0.5437020447280765,4.367682995496848,0.4072269215977404,4.60578449095259,0.2576506332713646,4.772735343278439,0.09047116393340339,4.860403575062392,-0.08620289708800592,4.861632613352572,-0.26445903443711416,4.773998542752508,-0.444268196963239,4.596890768986172,-0.6217721841504507,4.330026240638691,-0.7815207104577178,3.9781176802492975,-0.9154492799729965,3.552957871337319,-1.0316518032527657,3.0654623405707353,-1.1181156663183436,2.5261429637256083,-1.1464851195701111,1.9571719197529802,-1.104714324115623,1.3913700811546201,-0.9855144154706221,0.865278799687333,-0.7706181789433985,0.42179382053925246,-0.4406366591019786,0.11395924929228042,0.0005789767348588799,1.4299334389266424e-05,0.49841745419473066,0.12420093152709334,0.9670812463164987,0.4933020758666853,1.3609890481485178,1.0784170960329158,1.6928756736892805,1.8440251243877237,1.9720492212471985,2.762680675690607,2.184403598900144,3.804868909400314,2.3224210842618294,4.934618727312779,2.389846996143765,6.115553780634697,2.388240198773464,7.312968794909072,2.3178323210000786,8.49230468888564,2.181064115467737,9.61975628790719,1.9802232753130133,10.662643193682387,1.7245357030839314,11.590794368343227,1.4278503053537552,12.380436509515206,1.092642943573083,13.012243149437724,0.7196818866896689,13.466669837922794,0.3241266489399878,13.728179358679444,-0.08051315580092866,13.789367210742556,-0.4919853745248964,13.64650382571538,-0.9057345562153681,13.29695102108627,-1.3107226960350504,12.742268035836222,-1.7008595983040353,11.988748028954374,-2.0760528309511335,11.043866590677776,-2.4330812313657995,9.91572162410801,-2.7677938950508225,8.614502756808356,-3.073618979831489,7.152671998819801,-3.339605386453172,5.547722706037939,-3.584193862905082,3.816780683727859,-3.8317008278546774,1.9623030410598103,-3.9818586152240703,-7.598689330199555e-05
109,3,-0.887527032048611,2.3778528471666665,-0.887527032048611,2.3778528471666665,0,-0.8755785624624093,2.3249193702588524,5.097825313765136,5.042195952392777,6.663652428809329,9.513462266185522,-2.5670975098996004e-06,1.4419510077052435e-05,0.22932400431830308,0.06777241699547021,0.3465906148279457,0.21104005331146877,0.5145465474336325,0.4245097712218299,0.6734120478905639,0.7237203936361187,0.7747132864973586,1.0878766452152353,0.8386998200473055,1.4923472686952488,0.8760106692410965,1.92223710674653,0.880761934267976,2.362874007871863,0.8534634981043346,2.7976048883933946,0.8019712946938401,3.212352303473366,0.7278484646236943,3.5958544642123167,0.6267338872697549,3.9356256309700046,0.5046943046494878,4.21904620385757,0.3736770461944605,4.438943789892898,0.2311605120068155,4.590814947649038,0.07263425954205394,4.667342195681284,-0.09430241770714953,4.662056216878848,-0.2623102418187121,4.572920337108101,-0.43162886911977083,4.39950435243626,-0.5988087210667739,4.141563401537656,-0.7492963639641261,3.80351571236074,-0.8755785624624093,3.396443305648417,-0.9855229705921548,2.9305063795493917,-1.067701832965898,2.4154331868047154,-1.0949774896612128,1.8720909475980343,-1.0556886421155764,1.331570399294513,-0.9426073637634926,0.8286203416514853,-0.7378797133214461,0.4042258821462153,-0.4224458414516591,0.10930395348194882,0.0005558523455805059,1.3727586432566676e-05,0.4791768747609809,0.1193485215828982,0.9311654950810234,0.4744974843634553,1.312544542748965,1.0383559766466242,1.6353080385659975,1.7773405300535496,1.9081819359411665,2.6655164512009653,2.117303031405594,3.674830929126413,2.255110910980428,4.770860439507141,2.3249193702588524,5.91863652224916,2.327950708938739,7.0846584962674335,2.2641562904933736,8.235427777140286,2.1356416530414473,9.338042745865819,1.9443819948168028,10.360566358012287,1.699114468420427,11.273380248106465,1.4131229870247062,12.052981257766733,1.0886810439877115,12.6801131615799,0.7264129164054357,13.135243454988034,0.34099792849302707,13.402687260057837,-0.05441824586514081,13.474657043142686,-0.45762748077682286,13.346947028797615,-0.8641504623491463,13.016426847866573,-1.2631302887863196,12.484091215238823,-1.6485057508600036,11.755607471923126,-2.0200721661178713,10.837855148842158,-2.374552191340645,9.738381907459837,-2.7077430754827847,8.466849243121441,-3.013049428884233,7.035216951297355,-3.279545760935661,5.460463947045795,-3.525229161172374,3.7592862918973013,-3.7739747816488913,1.933996058947926,-3.9268520626394072,-7.49371865356261e-05
110,3,-0.8580984270416666,2.3767471280069445,-0.8580984270416666,2.3767471280069445,0,-0.8986931635968487,2.376355872879119,5.093106577932437,5.043567127062976,6.442699164120199,9.50903843587342,-2.2562034161934625e-06,1.3786383745776061e-05,0.22166378453949223,0.06524863436514475,0.3384788465559009,0.20451658957365146,0.5066558926716074,0.4139300377454019,0.6683262490393723,0.7097607299108045,0.7750323228421522,1.0726519847864575,0.8454726180024739,1.4788755169326513,0.8894084437338481,1.9138125188684028,0.9003899320632017,2.3627346393315034,0.8783626607832621,2.8086472068599058,0.8307978966300092,3.2368870809218597,0.7590378624177075,3.635462876883817,0.6585149005198271,3.991053570295761,0.5352771370045939,4.29013517045153,0.40152567331946765,4.5246998569635455,0.25486269290448427,4.689517781714498,0.09083954631897469,4.7765731746047555,-0.08259879863260959,4.77879651059497,-0.257699837203274,4.693757793946956,-0.43446512885317534,4.520795737504426,-0.6091306088411449,4.259555704280253,-0.7665170541402291,3.914584035790659,-0.8986931635968487,3.4973870154544926,-1.013623425771961,3.018607249722802,-1.0994644490148173,2.4884937403167475,-1.1282300248802095,1.9287957701736251,-1.087947710599867,1.3717934105617666,-0.9712953454592728,0.8534936745861043,-0.7600804871054431,0.4162470275866766,-0.434943855974505,0.1125160885789346,0.0005719491042059042,1.4125410930973034e-05,0.4927378258172204,0.12275375300234762,0.9568244371213985,0.4878092146545528,1.3476576485078458,1.066968267987247,1.6776744842882596,1.8254006167051642,1.955946341260437,2.7361903488511796,2.1683609539305473,3.7703026753657864,2.3073107207892276,4.892231712807664,2.376355872879119,6.065991298220673,2.3769084826129623,7.2571805540236305,2.309078107863461,8.431480271814843,2.1751788352228854,9.555262232205498,1.977384064709865,10.595963288879984,1.7247706690293505,11.523465924548095,1.4310305145082254,12.313969424084878,1.0985669934496751,12.948061292104068,0.7280850743883079,13.406083251236348,0.33461578644536255,13.672334850416298,-0.06842276953056642,13.739188505038479,-0.47880104407765933,13.602665232671457,-0.8919867389866318,13.25986829663208,-1.296968308879433,12.712084152808831,-1.6876414291149602,11.96532905560401,-2.063870925758544,11.026817581694761,-2.4223926346356577,9.904408302390742,-2.759002615651425,8.608074960262305,-3.067066010368232,7.150093054879846,-3.335553273786108,5.547803971777047,-3.5828185163619315,3.818224997962763,-3.8331420031857117,1.9637360201023792,-3.9861170079555444,-7.606815640796312e-05
111,3,-0.8494213028421296,2.307997223921142,-0.8494213028421296,2.307997223921142,0,-0.8609970894649778,2.3364098956539006,5.089973252815915,5.0286890456961935,6.377550343115997,9.233979523332431,-2.0647455877509347e-06,1.286512869073058e-05,0.20736009855043003,0.060982913944622415,0.31744030445946875,0.19144285619465795,0.47624491424890014,0.3880798719768883,0.6297543073760831,0.6665020856549803,0.7323744351001504,1.0089364273843493,0.8014239599229748,1.3933998852404845,0.845888002129713,1.8063623316762731,0.8594561535249033,2.2340853180418048,0.8417939582799239,2.6605623672843155,0.7997027450041331,3.0718510009205757,0.7342253214977507,3.4564152743027123,0.6407963746298424,3.801343938542221,0.5249778879518608,4.09342504284419,0.39831438886819054,4.324629769636356,0.2584885788906227,4.489554456995032,0.10121378612640834,4.580117968050646,-0.06588792085236726,4.589137932755553,-0.23530637919451544,4.513901998691416,-0.4069578918265753,4.353436786304061,-0.577132822541628,4.1071061684893655,-0.7310793860553909,3.7790460030568873,-0.8609970894649778,3.380173526836412,-0.9744688134485114,2.9206374190540885,-1.0599373272021277,2.4102570297178545,-1.0901425737691501,1.8700462077924087,-1.0532658067219423,1.3313157907626922,-0.9419666346969215,0.8291035355358133,-0.7382997790844468,0.4047321023536265,-0.4231019095449798,0.10950465829072537,0.0005571729083869677,1.3759870252002806e-05,0.4806269145097584,0.1196839622185283,0.9345230957341946,0.4760241708094328,1.317915144423343,1.0420652394724392,1.6426221313577443,1.7842260725330634,1.9172373826643638,2.6765066615558135,2.1277067955984803,3.690705977762035,2.266337424689449,4.792166183800854,2.3364098956539006,5.945644792552788,2.33915653411701,7.117363097919418,2.274578509733657,8.273558415910912,2.1448773073166296,9.381102347203713,1.95214605361189,10.407884909845617,1.705273983159722,11.32418168720568,1.4176975252738306,12.1064631228507,1.091768200829567,12.735505621868207,0.7281508856612241,13.191835341725055,0.3415732693541039,13.459849140737465,-0.05482391673572272,13.531854992603817,-0.4589078409019865,13.403721012863873,-0.866290865892796,13.072346811576365,-1.2662026051277049,12.538712927520091,-1.6526833092520383,11.808426310270008,-2.025638175226446,10.888251910286883,-2.381872904514317,9.785573540112427,-2.717239034360609,8.509855021546969,-3.0251522639361452,7.072840110345044,-3.29463269584195,5.491304682267719,-3.5437330471636246,3.7817515362706504,-3.7964494226901837,1.9462363185696565,-3.9531736275555067,-7.543948703271968e-05
112,3,-0.8636571885222222,2.307152019387037,-0.8636571885222222,2.307152019387037,0,-0.8788222330968063,2.2936571125535656,5.099713884403715,5.043762219030377,6.484434968330663,9.23059797621441,-2.22185274600714e-06,1.3568081644675004e-05,0.21810444429130713,0.06420766920459223,0.3328974893948414,0.20120879014030363,0.4980359788446741,0.4071119010274153,0.656537353317345,0.6978156876281201,0.7607844859772452,1.0541707030757477,0.82922080620098,1.4527565016224482,0.8714818748293065,1.8791324368234754,0.8812719713494656,2.3187705766367066,0.858583107813201,2.754938452752842,0.8107968440189056,3.1732159641729605,0.7392820526507661,3.561829802175531,0.639626110085918,3.9077316258191295,0.5178459146923128,4.197712916278793,0.385984799262899,4.424016457446427,0.24177382940903436,4.581647919025618,0.0809509857151688,4.662927682379985,-0.08861978233509932,4.661149390264697,-0.25930009951746047,4.574182286632983,-0.43105852163863084,4.40164666135651,-0.6002103174840414,4.143473782906222,-0.7520016068563173,3.8043684422837214,-0.8788222330968063,3.3957766463833226,-0.9885454987425047,2.928242109403269,-1.0697994895745202,2.4118621834867615,-1.0956413259583047,1.8678147056542245,-1.0547467675761615,1.3273644885359153,-0.9402970170973146,0.825246987088804,-0.7349356161053082,0.402208255495721,-0.42014964061823207,0.10866028862475866,0.0005520867975505151,1.3635140974567017e-05,0.47540448153565185,0.11845254401375849,0.9229023976027988,0.47060538605511115,1.2997194890912385,1.029188577559274,1.6180127488122613,1.76063871195941,1.886605553177824,2.6390840213370295,2.091883331429437,3.636626427354348,2.226449558345215,4.719109418337345,2.2936571125535656,5.851877256698451,2.2947764735843457,7.00175992788324,2.2298235377656876,8.135619998008014,2.1009594878031796,9.22094603756272,1.910232203906901,10.226223766184615,1.6663930566948326,11.122283585470116,1.382687126962046,11.886059234211281,1.0614601125597463,12.49873528897195,0.7034251367384978,12.94127166722222,0.3231627842323252,13.198474943729504,-0.06630792315511724,13.262981373121194,-0.46279981812813575,13.130974067893387,-0.8619064301789402,12.799696258141301,-1.252966619618826,12.270445845026758,-1.63007947331608,11.549097096939596,-1.993124616751101,10.64267968100479,-2.3389623923116925,9.558839329412216,-2.663551132544662,8.307256943269513,-2.960506956083806,6.899825752212693,-3.21921093192516,5.353317502226665,-3.4574164714374027,3.6841740433847057,-3.698567888363216,1.894696073556939,-3.8457921343413894,-7.339029875206322e-05
113,3,-0.8717778723324009,2.3425786287141417,-0.8717778723324009,2.3425786287141417,0,-0.8736493872669558,2.289162621585549,5.104307566188591,5.043916867879309,6.545405972526878,9.372334968667031,-2.2940592092549463e-06,1.379039855942425e-05,0.22120579116807185,0.06517291180856549,0.3368584459791559,0.20395068626085244,0.502886429239935,0.41206627198324647,0.6613875846565713,0.7052514852404462,0.7644171414750743,1.0637675777380957,0.8309386745064197,1.463710786159945,0.8709321591660143,1.8903888691586948,0.8783380857127131,2.3291552148803487,0.8534325060680215,2.7632892614385893,0.8038329293393788,3.1785178319348,0.7310554113953773,3.5633085103779005,0.6308035656726149,3.904918415774667,0.5091278878406876,4.190486780449113,0.3779770949497727,4.4125859099850375,0.23500284933875418,4.5665016684844755,0.07587092907270088,4.6448026553478785,-0.09173108033947922,4.640969478988929,-0.26036041060825993,4.552959143402999,-0.4301155676292038,4.380398560865907,-0.5974509974662777,4.123162930900295,-0.7478042989591808,3.7858159505586295,-0.8736493872669558,3.379584817174798,-0.9827967443918656,2.9147968359385135,-1.0639121057449363,2.4013464115842917,-1.090110799149907,1.8601730199604267,-1.0499686155795713,1.3223132069955634,-0.9365278423562535,0.8223410444255413,-0.7323418990639633,0.4008985137157865,-0.4188329451725362,0.10833117626838654,0.0005505147829178277,1.3596219071137302e-05,0.47412214370037975,0.11812796027845837,0.9204729413653876,0.46934553353604913,1.296327870615546,1.0264659347304381,1.6138223553146727,1.756014147316042,1.8818027057256002,2.6322013890940035,2.0867678953333066,3.6272491408328738,2.2214223135025555,4.7071785323808655,2.289162621585549,5.83754690279472,2.291278565243371,6.985412017106434,2.227774779021639,8.117867463707723,2.10075520087646,9.202615393490095,1.9121753605069227,10.208317800207766,1.6706374249486307,11.105921967983788,1.389205558948967,11.87239277285042,1.0700832453566247,12.488863872057891,0.7138427330079508,12.936176931127877,0.3348929693898869,13.198940483116095,-0.05387480697813077,13.269514847493504,-0.4503432559299432,13.143759425042555,-0.8501558140984118,12.818564550376871,-1.2426694149742188,12.294856943740394,-1.6219557052055933,11.578142497676268,-1.987844983850776,10.675102670927721,-2.3371304612266823,9.593063632856774,-2.6656820349352586,8.341425919365253,-2.966999860864987,6.931852185392916,-3.230303501802432,5.38095464171902,-3.4733076442005517,3.7050761926216995,-3.71952734682372,1.9063930949878267,-3.871409136635441,-7.387915364329176e-05
114,3,-0.863449207201389,2.3233846442569446,-0.863449207201389,2.3233846442569446,0,-0.863176935374339,2.2969934486546286,5.119548388667473,5.04675345745838,6.482873421263733,9.295542476192624,-2.1307104049640843e-06,1.3193072447907488e-05,0.21241985261530655,0.06249819410510986,0.3246833047570861,0.196034197046143,0.48626340450830213,0.39697465360177103,0.6416472198437148,0.6809516192925357,0.744292002831694,1.0294062861111997,0.8120922600976127,1.41955760633183,0.8544008193196755,1.8373509952213052,0.8650192856746663,2.26862217559299,0.8438785114842198,2.697025436548563,0.7981339280631772,3.108444180002671,0.7290653169131357,3.491320324874043,0.6322837160516884,3.8328161181220066,0.5136095533033369,4.119900548349278,0.3847973106679088,4.344852599426417,0.24358731807336645,4.502640074440861,0.08575278731754232,4.585576857946245,-0.08101940797624523,4.586911345631097,-0.24923372349870632,4.504375356685118,-0.4188607472831242,4.337419615823154,-0.5862705775967563,4.085800801366714,-0.7368980680551093,3.7539838786898483,-0.863176935374339,3.353101681346998,-0.9728170543281166,2.893428490923026,-1.0545279232583857,2.3848265010004184,-1.0815650379238737,1.8481476029969488,-1.0425554960816514,1.3142898522235993,-0.9305554587902274,0.8176776168617989,-0.728149019892615,0.3987906943349535,-0.4167163214727762,0.10780997528151262,0.0005481528391291554,1.3537534584925827e-05,0.4724727738535485,0.1176830804727765,0.9181357378478769,0.4678586812694719,1.2943446871358735,1.023859315089328,1.613020440448089,1.7526815847005879,1.8828019163771,2.628896201981511,2.0899786445789252,3.6249846005182675,2.22699335669763,4.707108752241258,2.2969934486546286,5.840836431620128,2.301056870987594,6.993120831586965,2.239014409560601,8.13085393842785,2.1128492021342966,9.221462447765125,1.924446429086205,10.233284920209234,1.6824199159795263,11.13692860078523,1.3999227867419533,11.909046504887124,1.0792280342725746,12.530503259298591,0.7209824570796325,12.981902638901538,0.33975868273650583,13.247674847941111,-0.05139347123402379,13.320088417325678,-0.45027118678642947,13.194970927883919,-0.8524346974988481,12.86921972326876,-1.247139795869966,12.343816471896792,-1.6284042602481696,11.624363166330937,-1.9960525312819897,10.717650068333743,-2.3468678820337794,9.631115004100993,-2.6767169134498485,8.37427466983671,-2.979095152548776,6.958907940572312,-3.2432091434456796,5.401750678724548,-3.4868872523938284,3.7192494318092453,-3.733759132687622,1.9136102526048913,-3.885917746899668,-7.41560254991918e-05
115,3,-0.8487293641736111,2.3394219941666665,-0.8487293641736111,2.3394219941666665,0,-0.8537628373646838,2.2848211622382437,5.102248440424678,5.0329711230137315,6.37235519004171,9.35970570790713,-1.9661604802831433e-06,1.2650422621359459e-05,0.2046572140364368,0.06010875647040031,0.314274592142462,0.18909287413495524,0.47248598946723375,0.3839988655627812,0.6257962292186385,0.6604658733623412,0.7286391789974364,1.000970403607963,0.7978386141929272,1.3836140324077804,0.8421543895464358,1.794760083950319,0.85526840499491,2.220514744886001,0.8368848385914727,2.644727719615841,0.793872022266897,3.0533374568952882,0.7274181451877962,3.434740290282315,0.6331666676510459,3.7760493255530565,0.5168199804756356,4.064170131946143,0.3899753456534228,4.291234406328111,0.2504417012149025,4.452039302053964,0.09406063702388767,4.538777107707506,-0.07157111581277933,4.544565964208582,-0.23902385264355683,4.466960086780773,-0.408244540332558,4.305225197553958,-0.5756173469642446,4.058940754465198,-0.7266567799150285,3.7323671085246173,-0.8537628373646838,3.33641274010732,-0.9644969634148034,2.881182484761403,-1.0475416415737722,2.3764176512280453,-1.0761249705772409,1.8428513820539845,-1.0387021707872366,1.3113143627926092,-0.9281426965512733,0.8162594126770633,-0.726895513625669,0.3982750807494878,-0.4162578179795994,0.1077065867869752,0.0005477436260123094,1.3527337445699502e-05,0.47214579163165205,0.11760201404925928,0.9173108010996541,0.46750251911380475,1.2926259814232568,1.0228866750632477,1.609901791122055,1.750521913583055,1.8777645508279848,2.6247175257058646,2.082636652990248,3.6177226810247816,2.217190854402175,4.695562105787168,2.2848211622382437,5.823787001920748,2.286869313234222,6.969460959361274,2.2234273857124114,8.099719927559605,2.0966920537511546,9.182353978837456,1.9087070494407297,10.18615919326382,1.6681112880742444,11.082250564924237,1.3879456207245584,11.847761871341048,1.0703986794688705,12.463984168984297,0.7159977007844911,12.911906268688568,0.3390006321714888,13.17623467643931,-0.04787367898489112,13.24934166660221,-0.4426445752576869,13.1270222642529,-0.8411110040725098,12.806031646353947,-1.2328041485632386,12.287076666382262,-1.6119261057674548,11.575365238646448,-1.9783939499372418,10.677228148350787,-2.3290716227971213,9.59960158012712,-2.6598653948034237,8.351468350779848,-2.9642685217071554,6.944065871951574,-3.231428484750153,5.393599656740778,-3.4789780432754056,3.71605115544341,-3.730447872089163,1.9132483572654029,-3.8878463552540543,-7.419282771991252e-05
116,3,-0.840465200451389,2.3099278907152776,-0.840465200451389,2.3099278907152776,0,-0.85331830679935,2.291274011884137,5.070614787563465,5.031589210777154,6.3103069225849415,9.24170385569239,-1.90924636400374e-06,1.2460502695448178e-05,0.20194107624975965,0.0592720926589354,0.31066671366336046,0.18667002756243226,0.4677988977796603,0.379502971082806,0.6205796399856199,0.6534537983447226,0.7237847597401448,0.9914108902574367,0.7938477460775365,1.3718293169385163,0.8392978218801872,1.7812539925772608,0.8537347999920958,2.205905357071324,0.8367374431632094,2.6296986495201606,0.795036991369304,3.0385678839998636,0.7297523275641216,3.420852106310897,0.6364922806048465,3.7635845727640094,0.5208972573400414,4.05356748217377,0.39452254798443925,4.2827995343954575,0.2551926810108847,4.4459395999230145,0.09876111670697146,4.535050910634966,-0.0671723348983048,4.543124695949939,-0.23515153407604705,4.467595145759392,-0.4050841529681207,4.307625343942921,-0.5733110276738045,4.062712360776728,-0.7252806582168855,3.7370607881725775,-0.85331830679935,3.34156051028933,-0.9649399610037426,2.886327886156227,-1.0487621502885842,2.3811404650644254,-1.077912321625017,1.8468116988420833,-1.0407830615575873,1.3142955704852,-0.9302135760869137,0.818189362367651,-0.7286195809769326,0.3992416035207415,-0.4172779100633361,0.10797230883981065,0.0005491098174416776,1.3561063103250814e-05,0.47333651766964396,0.11789751689392333,0.9196509268664919,0.46868596753097885,1.295968198690923,1.025496781923855,1.6141315548655186,1.7550286450131385,1.882791355038215,2.631542812980007,2.0883249769653642,3.6272335507738878,2.223361930091174,4.7080457626091565,2.291274011884137,5.8394355552673725,2.29336997411866,6.988358511269976,2.22970353097357,8.121823657717293,2.1024441220687606,9.207477746643212,1.9136174454150983,10.213961810936588,1.6718844348381208,11.112235181673668,1.3903453429091617,11.879298502514022,1.071225111669457,12.496335179627666,0.7150976111375761,12.94424325581746,0.3363373732856183,13.207679518106207,-0.052217185580212246,13.279029508244822,-0.44850325952770964,13.154151007789878,-0.8482281140329332,12.829903468303588,-1.2408172415200318,12.307148935425275,-1.6203988205528286,11.59129689212914,-1.9868473114334835,10.688907518180537,-2.3369904126898287,9.607165867471426,-2.666716797658578,8.355317853400136,-2.9695241510546975,6.944866969100354,-3.234596658358219,5.392275803958837,-3.4796367562415598,3.7137539326575815,-3.728195806364357,1.9113330455548492,-3.8824385771871768,-7.408963072709265e-05
117,3,-0.8852297055138889,2.339183054041667,-0.8852297055138889,2.339183054041667,0,-0.8766049854072846,2.30261727517423,5.082892203321928,5.062673194577094,6.646403843707044,9.35874974132334,-1.8310655216935835e-06,1.2559415675145256e-05,0.20462123055648687,0.05994762442524696,0.3161416681196577,0.1893489810889658,0.4774312837611186,0.38590079991608,0.6348750350460083,0.6658497285013034,0.7419687283413466,1.011966252555889,0.8150430767136901,1.4022638126712919,0.8625903942995462,1.8228542614879282,0.8779228109169652,2.259430678761058,0.8605196370530446,2.695268268564954,0.8172695854122874,3.1156854734229875,0.7493692711000723,3.5084777473615687,0.6523953211264164,3.860133854178225,0.5322684705162201,4.15695811840125,0.4010213646098816,4.390666407889508,0.25658659671129447,4.55579047861152,0.09487876904501363,4.644280673343788,-0.07612778089861592,4.649127553465009,-0.24864378421126412,4.567960555020659,-0.4224737933451409,4.400242101866237,-0.5938048498714996,4.145818843706738,-0.7477596747113092,3.8093718714685973,-0.8766049854072846,3.4023872677706457,-0.9881516995769773,2.9354963203608584,-1.0709650252853524,2.418910151085875,-1.097985119199875,1.8739672009711563,-1.0578034646492396,1.3321464240238992,-0.9435462214315541,0.8284292780358048,-0.7377740654966183,0.4038414966411856,-0.4218927912777704,0.10911880269363337,0.0005544826111940994,1.3694248326321018e-05,0.47751275325317166,0.11897469723062178,0.9270209406658035,0.4726965348638971,1.305482997518506,1.0337664132899378,1.6250734752152822,1.7684355728135943,1.8946476811482407,2.650670516388674,2.100552099322388,3.652405860095898,2.2354019468817876,4.739307160515545,2.30261727517423,5.876563203969232,2.3035301140140265,7.03088215194208,2.238211085631074,8.169032966751649,2.108874922324231,9.258438264736148,1.9176083947416225,10.26754095327037,1.6732016758671933,11.167147311335535,1.3889265510023612,11.934185127901898,1.0671041513572423,12.54983420892695,0.7084016978018531,12.995029380063428,0.3273751546984953,13.254534396032406,-0.06299300514558472,13.32092947059933,-0.4605828844858706,13.19031495417487,-0.8610474416558841,12.859817754302247,-1.2537559087152024,12.33059733704639,-1.6328356003319668,11.608376290051991,-1.9982003684227645,10.700016064157763,-2.3467198747071207,9.612982302218569,-2.6743398337866062,8.356777484793058,-2.97463054914101,6.943128859012468,-3.2368732177589727,5.388681415755748,-3.4788738194004925,3.709773510712481,-3.7242145632065764,1.908532071992735,-3.8752724624614387,-7.395287886157156e-05
118,3,-0.88427121843007,2.251576977167832,-0.88427121843007,2.251576977167832,0,-0.87969527130176,2.2787550407427997,5.086062211680642,5.035410491714939,6.639207415256488,9.008249874344246,-2.0644882957401584e-06,1.3212548412968522e-05,0.2135944781670794,0.0627516513221884,0.3276880730050897,0.19730148345285645,0.49215240372939384,0.4004179028032361,0.6510415448413304,0.6882141745391573,0.756864685029509,1.0421838556243284,0.8272478169329995,1.4392934710905203,0.8714103886203671,1.8651636099975346,0.8829197546885772,2.3052058231777846,0.8616502040477108,2.7425671786484473,0.8149080731037098,3.1626551222523545,0.7440873790594572,3.5535111201836402,0.6448472265382731,3.901930076900318,0.5232329722335816,4.194573843343787,0.391300950989239,4.423562082998896,0.24684060794667306,4.583795427324999,0.08562731520567449,4.667516947335053,-0.0844900056843858,4.667947137853906,-0.2558843654462599,4.582873278584299,-0.42851736013220565,4.411833449845382,-0.5987002126804475,4.15467976237441,-0.7516543863838488,3.8160429860466447,-0.87969527130176,3.4073203515489414,-0.9906203957954821,2.9390466308944787,-1.072960613186519,2.4213496340562948,-1.0995959015818806,1.8755070249580201,-1.0590341150437648,1.3329745279211063,-0.9443460442873353,0.828747285730508,-0.7381082519135148,0.4038762377466252,-0.4218621391946766,0.10908679054286553,0.0005540400792187915,1.3683678380985061e-05,0.4767152823858926,0.1188134968518803,0.9244678771262882,0.4717374295107861,1.3002981633419055,1.0309059619733059,1.6165317770338004,1.7621707203229127,1.8822136729413146,2.6391780185562355,2.084030275557209,3.6336742568339258,2.2149715947103457,4.711323308823265,2.2787550407427997,5.837480820179995,2.2769728763406056,6.979159083523369,2.2099119498412247,8.103552751910215,2.0799222530621195,9.178597658168831,1.8891643289393871,10.173302573308488,1.6463674455600945,11.059047044153704,1.364630459835933,11.813266398961858,1.0461972120652263,12.417579451011973,0.6916720058391833,12.853336509381627,0.3153701611426508,13.105640960401228,-0.06994607039434615,13.167284990873842,-0.4622218408203185,13.034512329669875,-0.8571845258609784,12.704566181192607,-1.2443446808454366,12.178664813657935,-1.6178961977394068,11.462531965303148,-1.9777337218051605,10.563023183756155,-2.3207441768133372,9.487601619377195,-2.6429045192065637,8.245752122374995,-2.9378553112492356,6.8491645611190455,-3.195020506612902,5.314384972802009,-3.4319637728327437,3.657656411637863,-3.6719323054255564,1.8812083987595003,-3.8187268242221575,-7.287380384623708e-05
119,3,-0.8624605697569444,2.310872389239583,-0.8624605697569444,2.310872389239583,0,-0.8739510446093419,2.271155730578871,5.081576461906689,5.043355832303292,6.475450620526409,9.24548266441142,-2.136825091795093e-06,1.3377650267058035e-05,0.2156820613708372,0.06342742177319265,0.33003008904152065,0.19909844376867347,0.49459918077162107,0.40342617198007236,0.6528816303450027,0.6923329191673546,0.7573315982580425,1.0469020365854322,0.8259973238677785,1.443823307673923,0.8683567225486326,1.868617300301723,0.8781587786905597,2.3066978341595052,0.855462179567007,2.741307006110985,0.8076994999296018,3.1580272153686852,0.7363349098825319,3.545121789459447,0.6370834281850651,3.8896388546039145,0.5159774420763511,4.178507986502742,0.38497332689236163,4.404084886056064,0.24179668889876985,4.561461117158272,0.08217138801696235,4.643047163857637,-0.08618434110489806,4.642185858858525,-0.25578232316022376,4.556714519184024,-0.42666675128387804,4.386166312299064,-0.5952411159117718,4.130348730595923,-0.746873612694543,3.7937867113123533,-0.8739510446093419,3.3877093361744652,-0.9842189207745655,2.922484455624395,-1.0662581758807756,2.4080811519137524,-1.093055056069593,1.8655691566238741,-1.0530942077929146,1.3261735001031274,-0.9393827434068809,0.8246870922823397,-0.7344814952910076,0.4019785444033982,-0.419920322670257,0.10859488409805536,0.0005516405667724245,1.3624307692499572e-05,0.4747489413454708,0.11831544063594807,0.9208132649184727,0.4698181814164225,1.2953407928481273,1.0268189941942873,1.6105563670379048,1.7553411553906213,1.8754387084118151,2.6291513224994425,2.076711019363701,3.620112485115577,2.2073836035775547,4.694023548994,2.271155730578871,5.81637384138591,2.2696113192382756,6.954301498372774,2.203032962224817,8.07512512221453,2.073755078061496,9.146899252419988,1.8839198103530768,10.13874311113881,1.6422079102014357,11.02213134891601,1.3616509582714165,11.774562887064453,1.0444699012089484,12.377696215599588,0.6912525666532919,12.812915392795274,0.31624666272833407,13.065336176804404,-0.06784039912098004,13.127728916614672,-0.4589632458293821,12.996300583950996,-0.8528639692274197,12.668253684978772,-1.2390848858251722,12.14475300787615,-1.6118300827696554,11.431456965475231,-1.9709837098392398,10.535157189853921,-2.3134314549732946,9.463256425675596,-2.635150493758536,8.2251786167798,-2.9297864521338783,6.832552471755831,-3.186775846226367,5.301856636106529,-3.423622629868367,3.6492755444688085,-3.6635152873226073,1.8770194496251589,-3.8104639519775523,-7.27161210346699e-05
120,3,-0.8727019408680555,2.261330068125,-0.8727019408680555,2.261330068125,0,-0.8602063032470106,2.3244787761218055,5.0756888390465615,5.043203376700393,6.552343982660258,9.047270650129532,-1.890928455053261e-06,1.2409035682607513e-05,0.20121466986943198,0.05904806812794907,0.3096965937978627,0.186020558928262,0.46655648108434705,0.37829821604787545,0.619332239531457,0.6516079875234129,0.7230127421988283,0.9890403308653283,0.7939981724794534,1.369285753999499,0.8407753615583,1.7791015433468262,0.8568644249202954,2.2048940556329013,0.8416824951684037,2.6307031258524347,0.8017762599800092,3.0424980640010566,0.7380756008339017,3.4285611015880897,0.6459712048852545,3.775766289278089,0.5309508161003209,4.070657556593305,0.40454663373967265,4.304934506495137,0.26453265966551565,4.472944782793752,0.10671339406767122,4.5664074168811455,-0.06119927328358861,4.577983213387161,-0.23157391795002588,4.504855881121573,-0.40419995072256004,4.34601154984006,-0.5752520259777816,4.100834268230986,-0.7298762101827901,3.773535040202391,-0.8602063032470106,3.375149241346259,-0.9737976807724373,2.915966151225475,-1.059099761302366,2.405952043001333,-1.088934019944191,1.8662469604483238,-1.0516262348646792,1.3282294986756242,-0.940014757158774,0.8269243722087534,-0.7363786135744149,0.4035406523713854,-0.4217918755973478,0.1091493515896641,0.0005552098968970711,1.3711557669116216e-05,0.47878799694579743,0.11923757225861924,0.9307351606772974,0.4741674644792183,1.3123472267467122,1.0378609708288946,1.6354539873889167,1.7768313531295594,1.9086293276174278,2.6651605494592276,2.1178480302871865,3.674735165204437,2.255393606747466,4.7709891906397885,2.3244787761218055,5.918746314892602,2.3262824238983795,7.084262258346403,2.2607733378230113,8.233787708852647,2.1301434773899697,9.334196497721178,1.9365135529828026,10.353385231255173,1.6888274968000017,11.261657329334762,1.4006038435236012,12.035544428420296,1.0743280359974463,12.655937485569334,0.7108293565753493,13.103554230101677,0.32497230159315127,13.363059913294872,-0.06998292505590802,13.427092990540329,-0.47176990946488645,13.29191543505704,-0.8758975974106482,12.954882993875659,-1.271569195886786,12.417464926658784,-1.6528312828079557,11.685758881705032,-2.0195966131031984,10.767018153121588,-2.3687347888915484,9.669099131237441,-2.69621282904973,8.401891544388956,-2.9956356851479002,6.977493509392215,-3.2563300919141764,5.412904907866297,-3.496302043133331,3.7247614178010586,-3.7392965947974406,1.9153773770669444,-3.887433811136992,-7.418495843970258e-05
121,3,-0.8823074541111111,2.282832690402778,-0.8823074541111111,2.282832690402778,0,-0.8945701286543387,2.313968742402043,5.104328843597783,5.029147493489021,6.624463252655114,9.13329968506642,-2.153400751076927e-06,1.3593052951549907e-05,0.2193738792774544,0.06448968517027642,0.3359958766341592,0.20255461900418276,0.503918328689708,0.410661532807941,0.6656583909794962,0.7051212479737105,0.7727162842471584,1.0667644324955265,0.8433768078731942,1.4718961077238921,0.8872387472292529,1.9057790967146102,0.8978799486226374,2.353541034084604,0.8753093827627766,2.7980700012934876,0.8270659682111212,3.224617333085966,0.7546082302468042,3.6211502220968046,0.6535257785174876,3.9743777344399196,0.5299471878668903,4.270870497262477,0.3960736510518795,4.502729839626912,0.24958300986872195,4.664850068346608,0.08611034257292607,4.749387390722936,-0.08643451407511295,4.749456863094484,-0.2603576319157299,4.662783203589227,-0.4356601319929825,4.488845984022679,-0.6086147623448344,4.2274283427371895,-0.7641974141829517,3.8831653152850487,-0.8945701286543387,3.4675777194421635,-1.0076285963078577,2.991324558864504,-1.0916663185074333,2.464669301366371,-1.119034535312258,1.9092423380587729,-1.0779755609625512,1.357061043856183,-0.9613863515477693,0.8437738144373709,-0.7515011656027946,0.4112134554183353,-0.4295306576729675,0.1110689034383214,0.0005640864798955002,1.3931841017228138e-05,0.48530301682319327,0.12095942332496731,0.9409383307736601,0.48020454744792745,1.3231175032161457,1.0492594668505093,1.6443764762518722,1.793237758104856,1.9139306465034458,2.6851867796630695,2.118270995566566,3.6962321730558423,2.2503314652177937,4.791337404990233,2.313968742402043,5.935188185842134,2.3108812427935854,7.094193805237837,2.2414421227259798,8.234989345511373,2.108119588952637,9.325003696371777,1.9131860341507667,10.332795379522512,1.665576692618931,11.229368119202588,1.3786475194463799,11.991906523251334,1.0547269936391475,12.601868641674711,0.6944787519261906,13.040465575088186,0.31246390020256987,13.292738980702401,-0.07835212437153248,13.351544512831143,-0.4758726147598524,13.213246529143126,-0.8757613600562875,12.87522747982955,-1.2673979044047492,12.338897707794363,-1.6449228700970289,11.610224445126557,-2.0082596577718714,10.696308079089803,-2.3542930464147047,9.60484759178195,-2.6789949457418802,8.345568388548928,-2.975980725175066,6.930403803132686,-3.234608437917701,5.376173455977776,-3.472698134435998,3.6993618289005745,-3.7137974182043374,1.9022572136572733,-3.860684735393404,-7.367449863714397e-05
122,3,-0.9018575536805555,2.282241963701389,-0.9018575536805555,2.282241963701389,0,-0.8918544377210313,2.307195197946796,5.095178341379808,5.043792776488995,6.771247591357101,9.130936268764192,-2.235533009522974e-06,1.379907927974316e-05,0.22208624310664957,0.06535267005268608,0.3392595901269731,0.2049234165343434,0.5077298593891332,0.41480763577278146,0.6693103683768307,0.7111763567822025,0.7753287029310945,1.0744123162039343,0.8445421297121203,1.4804976644911416,0.8868219558987528,1.9145704521106177,0.8958866275493563,2.3617264616572324,0.871902353694212,2.8048953802997043,0.8225342552932636,3.2294443539071405,0.7492995552189416,3.6235019453413795,0.6478204701653015,3.97395953939339,0.5242360530768223,4.267582445285268,0.390704339838188,4.496658458799278,0.24485208702886418,4.656242006369811,0.0822734332210808,4.73862795229232,-0.08919568638361418,4.737042256641328,-0.26194703534713626,4.649278391850057,-0.4360421841720608,4.474847917571819,-0.6078177502738651,4.213537042272517,-0.7623472099387919,3.8699430972248026,-0.8918544377210313,3.4555046956342954,-1.004222303657651,2.9807893947377955,-1.087790417300024,2.4559660904565987,-1.1150004475278203,1.902530548057923,-1.0741087765924993,1.3523375320599822,-0.957997296159727,0.8408773206459532,-0.7489158855042455,0.4098246736376348,-0.42809212032289023,0.11070018886852588,0.000562246107603483,1.3886351835948463e-05,0.4837523913338113,0.12057027799491729,0.9379845530454292,0.47867903769999803,1.319024425991779,1.0459617283506242,1.6393513992803088,1.7876534609682664,1.9081422819501008,2.67689151731815,2.111927269400367,3.68489435578177,2.243662986613536,4.7767370813758445,2.307195197946796,5.9172184158633225,2.3042179304124595,7.072855800675053,2.2351027601270057,8.210391966304073,2.102307182248986,9.297360128651766,1.9080909667433728,10.302417485683039,1.6613525903572977,11.196655232277674,1.3753957767139493,11.957321137832356,1.0525327388831667,12.565918145052862,0.693416070642307,13.003698639724345,0.31255259659101653,13.255729017456277,-0.07713793010778898,13.314861689678477,-0.4735677341502306,13.177445022815467,-0.872414673768801,12.840841522366297,-1.2630883583502228,12.306429598374121,-1.6397421102904661,11.580132629780937,-2.002293884789657,10.669006449821865,-2.3476309546382628,9.580706761417822,-2.6717290845481427,8.324913426567617,-2.968212398900598,6.9135121106656365,-3.226456343222971,5.363266539101402,-3.464226961034214,3.6906111665434307,-3.7050116079843884,1.8978224508936261,-3.851811049519191,-7.350515958209753e-05
123,3,-0.91166385071875,2.2432636576666667,-0.91166385071875,2.2432636576666667,0,-0.8442462656064722,2.3047038665596222,5.1161292700177485,5.034171709429286,6.844874368589291,8.974989426173401,-1.858419078209914e-06,1.215271364421617e-05,0.19700147631621132,0.05781666876136069,0.30318478193890325,0.1821224010950991,0.45679415889020053,0.3703650573721871,0.6065233352324642,0.6379878831044495,0.7083181832765646,0.968500421001312,0.7782217054358742,1.341102681871024,0.8245195823080647,1.7428837076833754,0.8408226896175478,2.1605718792205204,0.8265119932474821,2.578554036817769,0.7879636569494317,2.9830856255746068,0.7260527091225126,3.362670502267971,0.6362189601045206,3.70441248775487,0.5238133254500907,3.9950729830623066,0.40013244398156794,4.226459196099405,0.2629683796944426,4.392967032396981,0.10817197101213245,4.486398269780352,-0.05670786200261754,4.499465509380105,-0.224192894781477,4.4293132682624154,-0.39409534426526033,4.274847582307705,-0.5626704492968735,4.0353564374876285,-0.7153079119712564,3.7148701367617827,-0.8442462656064722,3.324138309372831,-0.9568969833747353,2.873188448588814,-1.0418468028330368,2.3717450658789128,-1.072233306375289,1.840569167728259,-1.03642014871673,1.3105657869167946,-0.927193825193915,0.8163051702605155,-0.7268964909099943,0.3985388847337507,-0.41665384577316233,0.10784337446168714,0.0005488015715372802,1.3553033763397493e-05,0.47351407324719624,0.11790321259013228,0.920931317463361,0.4690197839872437,1.299084173056298,1.0269053025472208,1.6195375503630423,1.7585538881291494,1.8906813593247973,2.6383902063985585,2.0985709209560564,3.6386273725425915,2.2355257589451556,4.725065434158257,2.3047038665596222,5.862884256724752,2.3072647773972896,7.018674203903275,2.243175814572841,8.159018717484452,2.1146029536703255,9.251116969885137,1.92363304559567,10.26317675725067,1.6790948358076523,11.165779097514648,1.394333934946304,11.935654964728993,1.0717601428209242,12.55382914272717,0.712128419195996,13.001125508941463,0.33008729117006647,13.26224187731513,-0.06129642675616573,13.329737726081966,-0.45984176526122206,13.1997291150545,-0.8611569931254175,12.869384653870647,-1.2545795096772459,12.339924837474847,-1.6342246277523187,11.617144461077737,-2.0000113185796264,10.707978485865079,-2.3488219412150553,9.619961361857554,-2.6766210461150375,8.362656520105055,-2.9770001626310236,6.947841799637138,-3.239260224039605,5.392202758315408,-3.4812395478582605,3.7121059500769373,-3.7265533497372267,1.9096882440261684,-3.877540624432576,-7.399616286940456e-05
124,3,-0.880395739423611,2.211846065145833,-0.880395739423611,2.211846065145833,0,-0.860613966900618,2.260020578319581,5.103280534743037,5.039075763169227,6.610109884520348,8.849291958688195,-2.292982510700007e-06,1.3652003570675056e-05,0.2187343084873071,0.06447104381516351,0.3327649337825101,0.2016224706273357,0.496421171408846,0.4071276150408119,0.6524758904947559,0.6964482470518856,0.7536764345885277,1.0500257228733771,0.8188646677055279,1.4442481765450796,0.8579678983467776,1.8646455030344935,0.8650708963820931,2.2968270356380573,0.8404968494333225,2.724385372366172,0.791778539351469,3.133345142033073,0.7204050681461686,3.512436729526723,0.6221181163882822,3.849190110242102,0.5028293666430561,4.131000856441855,0.3742382617238466,4.35058609910291,0.23395675583318157,4.503298977248725,0.07763835623314357,4.5817782897409405,-0.0872211837385941,4.579522138566062,-0.25335163859077225,4.494403109101745,-0.4208953297158398,4.325912351540838,-0.5863850084630583,4.073767133525054,-0.7354507452260736,3.7423018228279723,-0.860613966900618,3.3424397726037265,-0.9695204030344108,2.8842465199941745,-1.0508880690695737,2.377396283075181,-1.0779908759241903,1.8425362408945902,-1.0393333736757961,1.3103860844472033,-0.9278362395605207,0.815263844676364,-0.7260468616780211,0.3975878053887953,-0.41543794061555184,0.10746486456709604,0.0005461993390477449,1.3489576625428205e-05,0.470410277036126,0.11720503470526478,0.9130570869343672,0.465635482044575,1.2853125682241484,1.0181467877942036,1.5991114243647182,1.7412718685612265,1.8632121103286954,2.6091385973780037,2.064320526165216,3.5939200302761134,2.195393337486269,4.66171473619842,2.260020578319581,5.778266574179323,2.2597190179373357,6.910922001795159,2.1947315659817517,8.027183645924111,2.0673499657573857,9.09526912489114,1.879680277494842,10.08444171194977,1.640322967729792,10.966293463714708,1.3621997811812068,11.718389201015752,1.047486821959269,12.32241286228992,0.6967231650594368,12.759756970127494,0.32401421224496885,13.015497150930395,-0.05806374592878685,13.082289622089384,-0.44753694257359444,12.95617846828174,-0.8402344289048939,12.634166469803674,-1.2258060068113106,12.117167811218136,-1.598521803301031,11.410545074663386,-1.9582951245604108,10.520772137655559,-2.302037495043377,9.454920485342136,-2.625731202345892,8.222074046904826,-2.9230009042212246,6.833525774985163,-3.1832208845927883,5.305437781202539,-3.423801999460046,3.6537205962753623,-3.667914113297176,1.8803396215078343,-3.819320989771806,-7.288514076102057e-05
125,3,-0.8822253780868056,2.2725540184722224,-0.8822253780868056,2.2725540184722224,0,-0.8323258957375038,2.2659587551103435,5.089683138102753,5.030069045894925,6.623847016665717,9.09217613207854,-2.36559868393009e-06,1.3460867287048381e-05,0.21442793127526089,0.06333314548341801,0.3245714508173366,0.19740657610444423,0.4824339748262421,0.39744580279825326,0.6321353350662542,0.6781527917834559,0.7282731595423091,1.0202312788545302,0.7897906346061031,1.4007799955229139,0.826653462470949,1.8060128581838206,0.8333180143298813,2.2223470939108037,0.8101680928310291,2.634312806928077,0.764424693685608,3.0287939363811,0.6973683805418232,3.3952327021397197,0.6046626999214396,3.7218157344430813,0.4917510457143833,3.9964757829381727,0.3696758299343283,4.212152437082702,0.23588584302841867,4.364207221776789,0.0859408399913704,4.445256679932066,-0.07308716564074386,4.448641717301318,-0.23425838123634207,4.3718681207922385,-0.3977660610262226,4.213971748864695,-0.5602406404791177,3.974192806433188,-0.7075879983873288,3.656287729642947,-0.8323258957375038,3.2705095915902835,-0.941740961838893,2.8263682087266444,-1.024582669139278,2.3330858905416614,-1.054333767813655,1.8107645177556053,-1.0193235523831792,1.2895660354778093,-0.9122056931458578,0.8033810065618713,-0.7153914983685239,0.3922986630401971,-0.41016260173973734,0.10616816599912554,0.0005403015902093473,1.3343120513887072e-05,0.46613910362223504,0.11607191317653451,0.9063802977208767,0.46167908196655444,1.2781816888190374,1.0106657122250844,1.593005280193858,1.7304298520688395,1.8592265021238017,2.5957332522597305,2.0632855437302102,3.579231502068683,2.197790326322807,4.647354724545763,2.2659587551103435,5.765992865640818,2.2689879707520912,6.9024648872287235,2.2068463962919402,8.024097766704097,2.0816037075021225,9.098808697737699,1.8952039153137967,10.095464271685822,1.6561723561809603,10.985198630575,1.3774581145699434,11.745108290384596,1.0612890336147747,12.356432151428047,0.7082827048534831,12.800146362061408,0.33273464710165024,13.06097640148118,-0.052555456675606016,13.131337698116937,-0.4454399087295642,13.007132715348034,-0.8415636529301993,12.685308814449115,-1.2303628928277195,12.166826278185557,-1.6059430396074257,11.457191490933297,-1.96811332551401,10.563087221361856,-2.313690022137656,9.49184264569934,-2.6385855366813296,8.252842189745698,-2.9363770831979012,6.85770686407299,-3.1964154946077032,5.322948062406519,-3.4362350747779122,3.664803865451726,-3.6791114744245266,1.8854935270871604,-3.828594971804729,-7.306211956743129e-05
126,3,-0.8649958802708333,2.2404229582604165,-0.8649958802708333,2.2404229582604165,0,-0.8572753726634402,2.2768781278803543,5.110946287099798,5.029101776860376,6.49448601601703,8.963624178469727,-2.425994237373601e-06,1.3953359225758613e-05,0.22256067842521018,0.06570606204657904,0.33717160201117513,0.2049351985229656,0.5013318350406899,0.4127846438046314,0.6568753701583802,0.7044915920220355,0.7564258643332785,1.0598880162093889,0.819544598917525,1.4549739328035756,0.8565627817133247,1.8751860675636163,0.8617744123585733,2.3061797630844882,0.8357069138663291,2.7316962181323046,0.7860283495484433,3.137997452692523,0.7142610084146009,3.5140919786739113,0.6161334404646377,3.8477907707927126,0.4975008261136996,4.12675469903719,0.36994060812357366,4.34392062804745,0.23093972687805944,4.494796676336547,0.07603763443208482,4.572118627360897,-0.08740909605479143,4.569418473596331,-0.2522605732491078,4.484532949061785,-0.41874906520595445,4.316862379887214,-0.583480546316258,4.065993735702054,-0.7321475506711547,3.736096031952976,-0.8572753726634402,3.3379086512045872,-0.9664624175672802,2.8813268303272093,-1.0483868125922446,2.3758768976178004,-1.0762488649470365,1.842083692125736,-1.0384250548132292,1.3105962673507214,-0.9276916652341265,0.8157311704297158,-0.7264334825960655,0.3979811348977654,-0.4159325045561572,0.10761610565578428,0.0005472094078091743,1.3514240492648912e-05,0.4715713703259682,0.11746926318231601,0.9159155765856929,0.46688650868768616,1.2902238493767226,1.0213278887839377,1.6063524806068523,1.747480335276897,1.8729856390923343,2.619595285999364,2.0766561347343506,3.609906950789787,2.2101375214155574,4.684481127519673,2.2768781278803543,5.80894855467914,2.2782504641588623,6.950472712677527,2.214355052463928,8.076299867548387,2.0873703885012818,9.154327442784906,1.8993113938196082,10.15344682469672,1.658768711578461,11.044849605159891,1.3787344820784453,11.805719594825744,1.0614041506316387,12.417386054583078,0.7073445704151928,12.860890438187234,0.3308397055944443,13.121008390082993,-0.055338882490050895,13.190198485443737,-0.44910789493535985,13.064381810141088,-0.846161734450126,12.740493811407328,-1.2359557531387262,12.219466564464229,-1.6126183977338815,11.506769085925155,-1.975989372789212,10.609032281532219,-2.3228935252581966,9.533522993805068,-2.6492369782706873,8.289563599129277,-2.948569634836665,6.888719881720478,-3.2101832336310903,5.347471964341352,-3.4516650321136946,3.6820354346997015,-3.696385790976407,1.8945538532881616,-3.8474146516661047,-7.342126032579289e-05
127,3,-0.8512517549166667,2.2384581632291667,-0.8512517549166667,2.2384581632291667,0,-0.8576128494343498,2.2483569792322684,5.1135787128491526,5.0425045040623955,6.391293582444892,8.955763303726004,-2.3713239379750852e-06,1.384400366256349e-05,0.22127064042846348,0.06527567108009837,0.33588091569764755,0.20384832492072485,0.5002058004348068,0.41108191782718145,0.6563547503997336,0.7023568358200694,0.7568207497669585,1.0577171841275,0.8208149428348818,1.4532261877491914,0.8584735067119094,1.8742460608491764,0.8639777202164535,2.306284482574158,0.8377996498869211,2.732891849821682,0.7876283517604852,3.1401309489293663,0.7150570265786514,3.516835601904849,0.6159152531662022,3.8506850159713295,0.49619275228028525,4.129267530486645,0.3676009467686884,4.345516709683334,0.22773584570277175,4.4949977302746635,0.07223782699077728,4.570555716595319,-0.0914649268818319,4.565876660884953,-0.25620546856442766,4.47897545709031,-0.4222113731927794,4.309437759161263,-0.5861159185102918,4.057031772781786,-0.7337058930440944,3.7260778556958125,-0.8576128494343498,3.32741175001141,-0.9654846530998046,2.8709874381988856,-1.0461206188125212,2.3663539586621467,-1.0729285224336795,1.833970859582376,-1.0344277057759772,1.3043306268859174,-0.9235070469508312,0.8115344984681515,-0.72272330972783,0.3957900794583804,-0.41357038958058573,0.10698373163712119,0.00054376597272106,1.342947508643351e-05,0.4683029879460191,0.11668159840233044,0.9088890098885062,0.4635362401422253,1.2792864532277912,1.013490491895295,1.5913911110233951,1.73317345739806,1.8539583230305408,2.596787800951322,2.0538256462804902,3.5766167315832886,2.1840733762271536,4.638938810789491,2.2483569792322684,5.749723481138618,2.2482570423104686,6.876573398101121,2.1840693487431366,7.987278553871285,2.0580989997147108,9.050360296586252,1.8724348787665688,10.035385213573742,1.6355788962478846,10.914222360838844,1.3602891437093945,11.664643498918968,1.0486299330739668,12.26846783925493,0.7010187955861132,12.707171700724746,0.3313322923603469,12.965825879868063,-0.04806378520240935,13.036965079918657,-0.4353248605062437,12.916428972993524,-0.8264117450665122,12.6009538685003,-1.2111133333286466,12.091117130879864,-1.58377695175392,11.391888533169167,-1.944341626779712,10.509325732115917,-2.2897334737548047,9.450074227143206,-2.6159210386041085,8.222790767204398,-2.9164823802039854,6.838356445233316,-3.1806954613999046,5.312555830748187,-3.4258595311478617,3.66097937178127,-3.6751279210881163,1.8853032710844198,-3.8319121100001077,-7.31254187113013e-05
128,3,-0.8423054213888889,2.2591231398680556,-0.8423054213888889,2.2591231398680556,0,-0.8899106812487327,2.2541130995051595,5.10590086157269,5.043117555374865,6.324123507631836,9.038441033645215,-2.370891750452282e-06,1.429682007980704e-05,0.22936013514887388,0.06757526411572089,0.3491224020595575,0.2114415961950313,0.5207208212506522,0.4270371123314543,0.6838775555759419,0.7304104446685726,0.7888443357326315,1.1007586224984258,0.8553579367533154,1.5129772164389141,0.8938982156286681,1.9515612386847392,0.8984432890988844,2.4011507430674666,0.8695842543786887,2.8443833490366215,0.8154581211896288,3.266571255061868,0.7378820031462793,3.655983633572255,0.6327061001527977,3.999775778614846,0.5063385759579815,4.285102863850441,0.3710908085202348,4.504755964954643,0.22461530865282275,4.654330621840933,0.06255142538761654,4.7266787594083,-0.10727835561321443,4.7155969718939605,-0.2773756501158692,4.619415512670512,-0.4479138525167161,4.438124649455673,-0.6153869653896513,4.171927975239455,-0.7652013314830103,3.825719588232369,-0.8899106812487327,3.411053237742862,-0.9975106709040706,2.938506448892183,-1.076697102998887,2.4181642761581585,-1.1005782809099716,1.8711635411699024,-1.0578721920442098,1.328704824817258,-0.9418163038624858,0.8254365568776381,-0.73518302737868,0.401974429350418,-0.4197371423623642,0.10850162416847789,0.0005507109506689449,1.3601860946701313e-05,0.4734487382600973,0.11803336289480665,0.9173675261433906,0.468375995915014,1.2893114439430193,1.02301936052484,1.601769958985985,1.7478410649521536,1.8639253468350294,2.616569631845234,2.062775821234678,3.6011502237118305,2.1915629100427156,4.667596746866647,2.2541130995051595,5.781701609054474,2.2520992449545356,6.910957643557526,2.18585937705078,8.023075840034268,2.057730281381297,9.086516945500826,1.8698228997005717,10.070799397699693,1.630703918411507,10.947763472677012,1.3532276958482974,11.695195887984148,1.039506652819695,12.294968206656229,0.6900215454840024,12.728631466974434,0.3187950586185606,12.981384831510834,-0.06167499455646307,13.045965640299027,-0.4494613285184373,12.9184680390374,-0.8404329040770692,12.595924685672777,-1.2242860880893414,12.079257531453383,-1.5953194728361888,11.37381705906249,-1.9534530209770418,10.486057134123495,-2.2956077416979905,9.42302588181133,-2.6177760006853057,8.193778435312593,-2.9136003575513696,6.8095732648686935,-3.1724912416422946,5.28652276607548,-3.4118065070578623,3.6404865856084334,-3.6546306338820003,1.8734262635562875,-3.8050783391181704,-7.261334452663445e-05
129,3,-0.8673632973055556,2.263429646673611,-0.8673632973055556,2.263429646673611,0,-0.8673996360767191,2.251936527043305,5.077353584731664,5.0297547577329915,6.512260848448914,9.055670775192318,-2.321680523148555e-06,1.3820913856707494e-05,0.2214383783932985,0.06526830964922108,0.33686609589503064,0.20411297939955197,0.502495866532875,0.4121423267600531,0.6603463382664038,0.7049797368535012,0.7625343883825462,1.0627706988971062,0.8281032292922694,1.4615379499561694,0.8670880568713476,1.886546942688055,0.8735182173693862,2.3231436803625907,0.8477701309307786,2.7546499102351767,0.7975326331965104,3.1668780092770272,0.7243956406720329,3.548415013467921,0.624160379983092,3.8866819493038296,0.5029019661558601,4.1690176119663445,0.3725027988608461,4.388178651314964,0.23061042215113473,4.5396131253437675,0.07289642096001576,4.616059868013568,-0.0930633172610381,4.611143924512196,-0.2599611215276799,4.522898478173251,-0.4279681292584884,4.350975233798996,-0.593638308170206,4.095236594079863,-0.7425949500884996,3.7601599819110687,-0.8673996360767191,3.3568070139248607,-0.9757832580717547,2.8953457735853467,-1.0564744391273329,2.3855260859098593,-1.0827273677981875,1.8480784986712215,-1.0430865575808927,1.313801708448069,-0.9305340775960237,0.817064886378801,-0.7276809831097629,0.3983072502570826,-0.41610918149901,0.10761547244051088,0.0005467230333583621,1.350279617609714e-05,0.4705632101538188,0.11726887045620456,0.9127388059486361,0.4656831123435337,1.2840029861334197,1.0178053341360342,1.5964655650318955,1.7399526510369103,1.8590429622863403,2.6061198817451516,2.05862342580823,3.588430880357835,2.1883456450299748,4.6530287946471365,2.251936527043305,5.765782263853258,2.251016875732225,6.894221879003608,2.185901948696814,8.00607924073805,2.0589126035406218,9.069826154972782,1.8721483064179159,10.05498583300201,1.634141842416168,10.933393128439196,1.3576974666375627,11.682806599011863,1.044899851149364,12.28504960838242,0.696193660126658,12.721611584903702,0.3255288700699006,12.97760202689229,-0.054657008740478595,13.045633126249635,-0.4424694123156226,12.921651542406543,-0.8338084239693992,12.602527157507264,-1.2183934750250924,12.089004604460852,-1.5905209396001712,11.386251699528636,-1.9500933457276377,10.500545239319612,-2.29400524542506,9.438767055680202,-2.618208955176296,8.209822591952133,-2.916289745625712,6.824844421781885,-3.1775735752426892,5.2998550385088175,-3.419384671917799,3.6506590110561206,-3.664832877118671,1.8791570889178137,-3.8176912009694677,-7.285403850806683e-05
130,3,-0.8762199543194444,2.2603106647916666,-0.8762199543194444,2.2603106647916666,0,-0.8397107444894192,2.2556055769927537,5.103734409382566,5.039282848833311,6.578757621944934,9.04319215756964,-2.242925392418845e-06,1.3275015515750511e-05,0.2125489394417839,0.06266253521363414,0.32321162640479123,0.19590055059317193,0.4820935641308194,0.395485270861666,0.6336802886628469,0.6764587820419243,0.7321865258041961,1.019896324998789,0.795971754899335,1.4029806640742268,0.8346855695392075,1.8117894499681273,0.8425415741629845,2.232469472262375,0.8197686612652612,2.6491762126280887,0.7735843683561764,3.0483802793124917,0.7053240682914296,3.41912873175233,0.6107171953567266,3.749240668160938,0.4954084317903856,4.02634289502814,0.3707351343994836,4.243202301661925,0.23432312249851986,4.395129735327632,0.08188693258453922,4.474764921141305,-0.07926364677227851,4.475572152116038,-0.24200261186316643,4.3952930810647,-0.4064452383184117,4.233263483255101,-0.5691696571183312,3.9890527789706014,-0.7160522141842189,3.666770420688906,-0.8397107444894192,3.277008344570703,-0.9476137138963986,2.8295376879643266,-1.0286571833528309,2.3337600784334493,-1.0565323094963746,1.8098728806179438,-1.0198414030033367,1.2880088490895345,-0.9114814332264192,0.801898279057987,-0.7140758014085198,0.39135711130673023,-0.4090764413815098,0.10586362625403818,0.0005385347993256475,1.3299715556186502e-05,0.4644155082577852,0.115658554061934,0.9027326516040899,0.4599224578143415,1.2727335085093616,1.0066270654508294,1.5859524390540016,1.7232577654096577,1.8507971133044874,2.5846792110152017,2.0538085489815905,3.5636851310546205,2.1876650002490505,4.6268905702661405,2.2556055769927537,5.740391129102148,2.2588575053837854,6.871722595187596,2.1974264494168723,7.988446987146975,2.0734060522810727,9.058731735966717,1.8887546356302576,10.051703864859736,1.6519558180700271,10.938753536592012,1.37586108916926,11.697195514563148,1.0626273610818218,12.30844275525972,0.7127761644981382,12.753609386136441,0.34039435651016153,13.01748233710554,-0.04194235413287888,13.092424590568465,-0.4322664395837748,12.974186440541764,-0.8264234775941837,12.65947040430019,-1.2140690301216848,12.14888431033256,-1.589476655847541,11.447483112540235,-1.9525733583543832,10.561428422224887,-2.300270649769877,9.49747491779233,-2.6285311354469716,8.26439507916825,-2.9309240141805306,6.8731869337588005,-3.1967039871751703,5.339763755299526,-3.4433095273072705,3.6798228371753483,-3.6940428002073817,1.89505342475811,-3.8518276739494595,-7.350547274272554e-05
131,3,-0.9528273240347223,2.3172019902430554,-0.9528273240347223,2.3172019902430554,0,-0.9158067811828267,2.3253430639239463,5.130915401219534,5.050009482698838,7.153934339762297,9.270806527651445,-2.122147268236198e-06,1.3743554784200583e-05,0.22244060421181894,0.06532481430765055,0.34152486693327416,0.20551097342426394,0.513109261393276,0.4172484095934867,0.6788449825402262,0.7173223246882287,0.7891566411539984,1.0864062894713464,0.8623656276750291,1.5004214024171776,0.9080661482823539,1.9442934373251648,0.9195544593205258,2.4027272804581825,0.8967081163709256,2.858070146346841,0.8471580185692826,3.2950310980992703,0.7723876996163942,3.7010756815147023,0.6679273741935716,4.062391295479121,0.5401510511662984,4.365059211764018,0.4017061986365583,4.600887775797052,0.250396351271955,4.76463011653902,0.08194993869219716,4.8483306447220285,-0.09534131457291269,4.8451148665048605,-0.2734458492414093,4.752915434138165,-0.45224698669033847,4.571529264021134,-0.6278689839912703,4.301111064361593,-0.7850081042508606,3.946781140346004,-0.9158067811828267,3.5206408658265103,-1.0284605243695932,3.033839513799423,-1.111266359445414,2.4970376234773037,-1.1364722421651423,1.9323149297954711,-1.0925431066615452,1.3721096984136099,-0.972651306886957,0.8523498803784604,-0.7591605318282199,0.4150474577673487,-0.4333698044160008,0.11202191822267064,0.0005685503742578619,1.4042492758740613e-05,0.48878233964880374,0.12185571210621048,0.947120120788448,0.48355288331772583,1.3311895055878067,1.0561999373154958,1.6538137804366722,1.8045716189537675,1.9243856503941452,2.7015079459237485,2.1293784348085896,3.717959842854282,2.2617269333847583,4.818704896936239,2.3253430639239463,5.968260004751183,2.321961030599446,7.132890094729269,2.2519824794964154,8.279099995751437,2.1179184346355133,9.374206756494248,1.9220816191880652,10.386677696684512,1.6734776312683137,11.287451408703575,1.38553920540734,12.053687951619317,1.0605898367131892,12.666840544845737,0.6992595632110314,13.108100525787155,0.31612496720129546,13.362485647596795,-0.07586413640229304,13.422832129178426,-0.47469568429005354,13.285458106153834,-0.8761126545710337,12.947655563875085,-1.2695386855947284,12.410714557607474,-1.6491701407382287,11.680459050869759,-2.0149999298864762,10.763812958310156,-2.3639450941861746,9.668271968661362,-2.691978357032293,8.403351120437152,-2.9926701273105354,6.980781635928468,-3.2552649341530806,5.417224419922961,-3.497650761624542,3.7290297891064967,-3.7435218123552225,1.9182704779611583,-3.894762048694003,-7.432480413374518e-05
132,3,-0.9739289995763889,2.3074607948333337,-0.9739289995763889,2.3074607948333337,0,-0.9491394970518988,2.330661525973882,5.104631455494263,5.036191944047973,7.312368084761144,9.23183334431575,-2.2862247819816276e-06,1.4553153525088002e-05,0.2350629358380866,0.06908333713938,0.36016289675281016,0.21705890384562793,0.5401186722586092,0.4401315661426765,0.7131468631917381,0.7556785839142454,0.8270988219510726,1.1429582066001898,0.9015025876423874,1.5763195301058242,0.946641969949903,2.0396946684663986,0.9557123553730082,2.516888449753985,0.9288705109404766,2.9893640267792065,0.8743602111631009,3.441196377842413,0.7939475179636439,3.859460140221407,0.6831856231144369,4.2300033774265025,0.5488761478943711,4.538661996722009,0.4042141741981106,4.7772826545652824,0.24692895958454686,4.940781197971295,0.07261242632908564,5.021272591595259,-0.11018563869795614,5.0119897292971105,-0.29324461282331654,4.911107077524396,-0.47652017621833714,4.718684549871221,-0.6560899440166998,4.435114907594079,-0.8162924959306939,4.065864181552845,-0.9491394970518988,3.623533327296142,-1.0631094217682358,3.1197074336105506,-1.146234178491581,2.5654446648411415,-1.1701204618871142,1.9834921164591308,-1.123068793774982,1.407169813483766,-0.9982645344094853,0.873298236956059,-0.7779232887882349,0.42481812125636004,-0.44334846482525936,0.11453372770686153,0.000580568880340009,1.4340220026883113e-05,0.4981582307530877,0.1242771669214482,0.9631737771582896,0.49247214049748145,1.3505640914711734,1.074106978298648,1.673799792820771,1.8324156297914738,1.94285753241342,2.739048608636584,2.14453502857193,3.7639738106425606,2.272289044411796,4.871188348024497,2.330661525973882,6.024728663754055,2.321917601422317,7.190672741851773,2.2469006872225177,8.33557958225304,2.1084805267725546,9.427021951607292,1.9092237454162224,10.433875903860324,1.6582874609717817,11.32759080627918,1.3691265569848836,12.08588147063781,1.0439984529055832,12.690741335344232,0.6834302637296188,13.123859971889738,0.30182143557202257,13.370684677789152,-0.08809586096320099,13.42437879366382,-0.48449911367850124,13.281484804414292,-0.8833139062946904,12.93942788116836,-1.274152683688533,12.399537236869744,-1.6513582056878395,11.667590153299084,-2.0150187875337986,10.750404752045288,-2.362130313423142,9.6553281304829,-2.688719961905584,8.391692550508312,-2.988391568753856,6.971025615242967,-3.250401670270398,5.409771164877592,-3.49256086266796,3.7240773473423014,-3.7385025105806813,1.9158588537666563,-3.890212970073707,-7.423799256224237e-05
133,3,-0.9896151638958334,2.3486068679375,-0.9896151638958334,2.3486068679375,0,-0.9648134296964216,2.3527445497074413,5.113306806904381,5.028534196114595,7.430141564544286,9.396453124864667,-2.2922668522443873e-06,1.4764476118423873e-05,0.23877717200026968,0.07014438939640653,0.36619846419642926,0.22053920497612461,0.5494787179036985,0.4474230324798622,0.7257898759064281,0.7685075495771337,0.8419682061244737,1.1627081688346417,0.9177633449264603,1.6038805962225964,0.9635869836925393,2.0755893897192315,0.9724902879276709,2.561251409668733,0.9446351926210379,3.041894416711801,0.8884479478258288,3.5012141717701715,0.8057813598270946,3.9259830013413795,0.6921774229714107,4.301755379069826,0.5546474665663502,4.6141125133680525,0.4067127238464783,4.8547996678105685,0.24613962603874504,5.018727857917236,0.06852019929614869,5.097996052006849,-0.11737802891055607,5.085878326526218,-0.30315223337947544,4.98070348821594,-0.488735477528497,4.7827331112344025,-0.6701391661722901,4.4925738715671955,-0.8315033647019293,4.115976630215154,-0.9648134296964216,3.66589992088353,-1.0787574518144476,3.1542252174856755,-1.1613194089503949,2.5922518772378402,-1.1839410641531654,2.003043740427583,-1.1350168976590347,1.4202578679505526,-1.0078783386534094,0.8809778369248514,-0.7847649441107128,0.4283651307021117,-0.44696156092911515,0.1154481647152953,0.000585040838739622,1.4450833633789468e-05,0.5018901728079717,0.12521520198411565,0.9703631993648459,0.49615752348515585,1.360822357114866,1.0821673597540244,1.6869416050831896,1.8463293060914747,1.9587934133412452,2.7602377186734715,2.1630073791545916,3.793780337410192,2.2928518480757414,4.910774966360043,2.3527445497074413,6.075003232529071,2.3448010962210684,7.252222479514663,2.2697111976054347,8.408591675790838,2.1302407874656253,9.511219261139757,1.9288924381316157,10.528473863453273,1.6748952598526352,11.43129433213411,1.3818962750566441,12.196958523311354,1.0522570146199066,12.807102440740112,0.686625831902181,13.243101934810376,0.29973705297687603,13.490205379289261,-0.09534965317531974,13.541555873050072,-0.49662621867965145,13.393800799713542,-0.8998135357666985,13.044560881300468,-1.294271520771104,12.495479869549392,-1.6741896888831296,11.75275605994436,-2.039602145501339,10.823675864561102,-2.387451637189573,9.716079912885135,-2.7137453181803175,8.439814872838818,-3.012095684341815,7.006922826585396,-3.2718022452668682,5.434354635987748,-3.5109181712998785,3.738697086138588,-3.753252446430317,1.922175999595705,-3.900580091494914,-7.443583294184313e-05
134,3,-1.0191787849930556,2.384292327673611,-1.0191787849930556,2.384292327673611,0,-0.980407894273622,2.3710734433991147,5.126225264818465,5.022520815056457,7.652108545171545,9.539225742209554,-2.215127133376436e-06,1.4703908672446943e-05,0.23863635933233524,0.07001351637056212,0.36717955063438534,0.22059098570080035,0.5523791187366636,0.4484053802129903,0.7314031889352678,0.7715967984092638,0.850502591275623,1.1693360152391128,0.9290666161693139,1.6154781435130536,0.977296160201308,2.0934607076249017,0.9879702423487218,2.5864516013368393,0.9610790242813291,3.0751100252552477,0.9050478002021165,3.542723668942452,0.8217258062204271,3.975663810456649,0.7066015557851055,4.359063896171448,0.5668199019058381,4.6780943531685955,0.4161761421437137,4.924206227947291,0.252497688178272,5.092107289192539,0.07139728520151672,5.173696483557074,-0.11813488943750207,5.162109506785029,-0.30748113278914035,5.055658468344123,-0.49650207052240974,4.85465747470912,-0.6810908407573525,4.559803070654037,-0.84510744459329,4.177038957173455,-0.980407894273622,3.7196377938366916,-1.0958219346536,3.1997773656703385,-1.17918188202784,2.629035797790817,-1.2015792720375715,2.030906191144098,-1.1513466304872044,1.4395846859744907,-1.0218461571075075,0.8926851069559363,-0.7952214574355432,0.433915765735273,-0.4526805002980831,0.11690495413355363,0.0005922123087586987,1.4628218989406529e-05,0.5077909729945327,0.12670898706928002,0.9812592181065124,0.5019047227305048,1.375360825709266,1.0943268647784896,1.7040274971304077,1.8664334801053184,1.9775323891022563,2.7893358729375857,2.182457140043145,3.832465551305866,2.3121122594680443,4.959172102029471,2.3710734433991147,6.1328255184389135,2.3615828680193163,7.318846023642013,2.2844356740287863,8.483110565030254,2.1425123857524095,9.592501560805603,1.938415152696262,10.615214708010962,1.6815130040186075,11.522073144871618,1.3856037360271243,12.290317064653674,1.0530900434022625,12.901594837944364,0.6846409583581046,13.337302154032336,0.29510179160838695,13.582741114076201,-0.10239007974312554,13.631162323416774,-0.5058354887650447,13.4793353386538,-0.9109520196999634,13.124997725862887,-1.307062712900056,12.569922294011313,-1.6883573736395014,11.82044799991167,-2.0549057079231323,10.883990509954197,-2.40366682721481,9.768505668955651,-2.7306596613050362,8.483949729165541,-3.0294969470560473,7.042469282316923,-3.289459516883552,5.461127696630951,-3.5287218441191377,3.7566050809506253,-3.77122384471605,1.9311384078555371,-3.918306695086824,-7.477411487139389e-05
135,3,-1.0063347804097222,2.3975031326041667,-1.0063347804097222,2.3975031326041667,0,-0.9253387197211704,2.322460679620421,5.100982849014392,5.0358588584857475,7.555674319230493,9.592080356136792,-2.2681395610827824e-06,1.4257900388310653e-05,0.22993196072193028,0.06761436369496558,0.3517846169619936,0.21224240039685963,0.5269600420510328,0.42999034427966076,0.6951006567599121,0.7376910414626185,0.805533759594652,1.1150107010133303,0.8775494946398164,1.5369528759299873,0.9213052295281325,1.9879589648218468,0.9302314140177371,2.4523935276615823,0.9044840015190307,2.9123556101626735,0.8520455618603193,3.352476775613943,0.7745516034007335,3.760277044292274,0.6675546464460764,4.122031038666887,0.5375661129263348,4.423941827845739,0.39736108295065564,4.658019711706883,0.2446423756352701,4.819226054775832,0.07502794716791583,4.8997478204331335,-0.10317978958087771,4.892830997291414,-0.28196188568514446,4.796534431320056,-0.46127684872241614,4.6107563135608896,-0.6372746911244405,4.33572251707915,-0.7945856851986052,3.9766368086232182,-0.9253387197211704,3.5457118599187973,-1.0378063453191892,3.05418549450018,-1.1202197490126125,2.512796630197446,-1.1446839132378677,1.9437667848244364,-1.0996506059521034,1.3797176711654286,-0.9783313791652526,0.8567478801602866,-0.7631093612508021,0.417026277105847,-0.4353530157322833,0.11251097166546001,0.0005707863458030877,1.4098007767250694e-05,0.4904059835972395,0.12228620912074735,0.9496539815093753,0.48505606684896646,1.3338757334306808,1.059036588328395,1.656070085074548,1.808664429157104,1.9257723242109481,2.706527956543698,2.12954549626413,3.7233807862886064,2.2604338525339123,4.823851879625985,2.322460679620421,5.9723665085104045,2.3174471883779058,7.13514774989431,2.245865518644985,8.27869743423891,2.110287324945132,9.370362315287235,1.9130800556879273,10.378667975677656,1.6633015905479949,11.274638116218027,1.3744314499393304,12.035542608447694,1.0488474400760666,12.64296888935503,0.6872482289407579,13.078273828538123,0.30426795475744683,13.326673283127148,-0.08709673531884644,13.381226671489184,-0.48477728180170826,13.238500955306542,-0.884470225406686,12.896064264352715,-1.2755891811248596,12.3554970915699,-1.6523355444829257,11.622913531119703,-2.0147064639434515,10.705525924256651,-2.3596523508072496,9.611110138233059,-2.6832070380526463,8.349436846369715,-2.9790420040879177,6.932454814094183,-3.2365661852354775,5.37697278487732,-3.473647502838596,3.6994390152701984,-3.713852277847497,1.9020881595242662,-3.859983119217412,-7.366110974221947e-05
136,3,-0.9372669984375,2.294566947590278,-0.9372669984375,2.294566947590278,0,-0.9362748351875273,2.3282192743492005,5.1053042458801015,5.040036918323122,7.037105671209344,9.180246834511776,-2.2319689504443207e-06,1.4278729945236103e-05,0.23077830211321282,0.06780785799005343,0.3538336013346107,0.21313868321538693,0.5309477651778888,0.4323621697181398,0.701489197839384,0.7426540311438207,0.8141421083128955,1.1237372311983642,0.8880013507232335,1.5504614432204566,0.9331133488121407,2.007056868057426,0.9427206558541777,2.4775967756825685,0.9169206034248637,2.9438193853483,0.8637970744768976,3.3900114580997127,0.7850684074238855,3.803401197490885,0.6763262076305318,4.169996436856073,0.5442577904136182,4.475781190350559,0.40187342111049656,4.712661775928568,0.24691816219171048,4.875568379558569,0.07501205414080798,4.956655563404281,-0.10542796248757191,4.949167614252178,-0.2863006639978793,4.851218338426123,-0.46758123854542544,4.662774772879993,-0.6454054418034403,4.38412440340274,-0.8042791476080537,4.020568828542286,-0.9362748351875273,3.584474999961776,-1.0497542517881544,3.087218264859164,-1.132831698854868,2.539668589479823,-1.1573256919759423,1.9642946866832234,-1.111559642717439,1.3940752711334699,-0.9886818406720096,0.865503778305777,-0.7709451539941709,0.42119306231495957,-0.4396505403768944,0.11360343526198237,0.0005761202425421356,1.4230016351347416e-05,0.4946846422299275,0.12338047305056443,0.9572106310801177,0.4891650501218694,1.3433355756052814,1.0674543244626677,1.6662926090663135,1.8220438188921115,1.9358454768748878,2.725017059987184,2.1386723425542846,3.7466996635946317,2.268031164340487,4.851370275384962,2.3282192743492005,6.0032315156334,2.3212887854795974,7.168411910687842,2.247899709354332,8.313422518038116,2.110769833411264,9.405703627926162,1.912357370491222,10.413933560295703,1.6617616778487716,11.309321748357355,1.372445156066412,12.069330398119645,1.0467174227172031,12.675716752863243,0.6851886401861798,13.109967362877054,0.302392804996596,13.357380590677442,-0.08877760638229684,13.411046621837611,-0.48634685179138126,13.267513461613829,-0.8860855516825895,12.924288322197116,-1.27745589906416,12.382859845348996,-1.6546820004362595,11.649232723311117,-2.0177653015343635,10.730503335392894,-2.3636410916193387,9.634334139545453,-2.688310944295841,8.370394569346002,-2.9853960999516076,6.950552181016729,-3.2442316611566473,5.391566557787177,-3.4826710872238604,3.7098637488911543,-3.7243116489558328,1.9076435182002482,-3.8716415549244276,-7.388359057722487e-05
137,3,-0.9140471510138889,2.321368078409722,-0.9140471510138889,2.321368078409722,0,-0.9120091740397819,2.330194917783219,5.100449282881375,5.040175245061249,6.8627684543205465,9.287474473533129,-1.999777531960914e-06,1.337392694677513e-05,0.21726446263228916,0.06371886164223052,0.3347247322586884,0.2009026695825608,0.5042960815798105,0.408739162454215,0.6690125084832234,0.7040787655990077,0.7798814762645214,1.0683351890206845,0.8544642806030331,1.4780352361424414,0.9019249854818431,1.9183839234100957,0.9154010629353075,2.3742386218677805,0.8945468297455809,2.8280078964465956,0.8467802797943731,3.26434548554457,0.7735035347731425,3.6705869918164664,0.6702302685824746,4.032770683825394,0.543301005416109,4.3368164450944935,0.40537604268865557,4.574362080550739,0.2543421941924256,4.740016700355769,0.08600119100790822,4.825722482781366,-0.09130152598376137,4.824533167927525,-0.2694768870435871,4.734337199322991,-0.4483560391595159,4.554915444559696,-0.6240312994343358,4.286428076213355,-0.7811963992570556,3.9340096824873787,-0.9120091740397819,3.509771457756133,-1.0246748208256007,3.0248662194169973,-1.1075306365828919,2.48994789599799,-1.13290700077196,1.927057077847559,-1.0893288782942487,1.3685549224770026,-0.969995870713223,0.8502715828884267,-0.7572810067591083,0.414111624075609,-0.43243437250747635,0.11179438839264892,0.000567557789380175,1.4017772444933957e-05,0.48815940608387526,0.12167988617620072,0.9464385021896653,0.48302551087905893,1.3310061280312417,1.055436222616532,1.6545220430933572,1.8039262298628753,1.9262172905918866,2.7014912446460744,2.132391083527835,3.7191557930441506,2.2657946724698794,4.821679587029208,2.330194917783219,5.973478312343867,2.327221685161157,7.140653883362218,2.2572118055038475,8.289505304173181,2.122659623291506,9.38712354756397,1.9259021702731591,10.401751763413618,1.6760277204865133,11.3041301305167,1.3865960926184382,12.0712751940071,1.0600373555617828,12.684556813253609,0.6970893267006323,13.125133534970862,0.3124773384894818,13.378055263132083,-0.08072443347017841,13.436261991615252,-0.48043318470233026,13.296223369956932,-0.8823358971362493,12.955413226357276,-1.2758149091190727,12.415328976895422,-1.6550663620456607,11.682012820189362,-2.0201124209637227,10.762598478263472,-2.367910431365742,9.664773917350255,-2.694488425946457,8.398222718836378,-2.99348626331428,6.974813421819013,-3.254236150552526,5.411304990635709,-3.494694128323165,3.7241036620651298,-3.7385747760114256,1.9153190286656667,-3.887970572535735,-7.419520110636347e-05
138,3,-0.8837478752916667,2.294779292388889,-0.8837478752916667,2.294779292388889,0,-0.9360529239445129,2.317738986062949,5.1108830870130175,5.049596398609243,6.635278096318142,9.181096396851771,-2.2620628162320605e-06,1.4363951695429633e-05,0.23191286076019874,0.06816858720975601,0.35516328471776903,0.2141229514660829,0.5323827219384989,0.434045811781019,0.7026396993002125,0.7450045132130956,0.8146323500498504,1.1265074883589652,0.8877263255237521,1.5532856308014789,0.9321276113180503,2.009561502793515,0.941168310130225,2.4794594008053243,0.9149999737074878,2.9448050584560765,0.8617083607189229,3.3899870334693167,0.7829759879833358,3.802325611778858,0.6743440534479668,4.1678986560577185,0.5424400115782139,4.472732433432244,0.40022167187744795,4.708746317761506,0.24540781583551177,4.870863663295444,0.07361320808847929,4.951224671105874,-0.10673164240822004,4.943061216722936,-0.28749296886999537,4.844486402388299,-0.4686014681370434,4.655486168642195,-0.6461468016675449,4.376390140958123,-0.8046071833290545,4.01256146274131,-0.9360529239445129,3.576435419723409,-1.0488468055027749,3.0794556377287745,-1.1311483208098447,2.5325521229258414,-1.1549064945425598,1.9582088003872997,-1.1085960518174374,1.3893460636554185,-0.985519393993259,0.862324159105857,-0.7681177723713037,0.41953731409968764,-0.43787019598596255,0.1131317471569624,0.0005736245955824243,1.4168476734327649e-05,0.4924649312548977,0.1228324026533317,0.9528520793089633,0.4869597901796203,1.337217083333095,1.0626131006520705,1.6587641477403146,1.8137782780368292,1.9271993603159054,2.7126955905231473,2.1292038541167653,3.729837684820451,2.257983363019583,4.829621102251845,2.317738986062949,5.976346008722095,2.310449887455534,7.136194607876871,2.236731591864252,8.275702888514818,2.0992837674885254,9.36231983367021,1.9005847580145299,10.364732999358328,1.649774842199367,11.254177327415817,1.3603766555564987,12.00816477205633,1.0348080649705347,12.608543822261684,0.6738057802276252,13.036953938348718,0.29198706703784566,13.278900026860766,-0.0976935181233246,13.327712770282721,-0.493187050530922,13.180214828785694,-0.8902243763784674,12.834219004359527,-1.2782951833157394,12.291522172924564,-1.6516709816801802,11.558415800722445,-2.0103950938922805,10.642261784627548,-2.351483078408166,9.550959012939334,-2.6710453255025186,8.294364439728586,-2.9628521908651484,6.8844718838021395,-3.216452138207712,5.338071576354062,-3.4496497119594456,3.6715619927077205,-3.685868307018794,1.8872072899834234,-3.8287232412044747,-7.306456972534367e-05
139,3,-0.954044266326389,2.3723927140069443,-0.954044266326389,2.3723927140069443,0,-0.925262770506328,2.3204403339976714,5.110082867588736,5.046020733271856,7.163071278880498,9.491617024228995,-2.1552764640102903e-06,1.3930414166504378e-05,0.22539533215010987,0.0662008156361896,0.3459135630897142,0.20821726008294225,0.5194726187921076,0.42262514201154666,0.6869253670518591,0.7263439752243639,0.7981111682471291,1.0997171509723531,0.8716602629008797,1.5183103061700673,0.9173495453550701,1.9668416540585056,0.9284553841206737,2.429837047934453,0.9049055072657605,2.88946528385594,0.8544485625156075,3.330305012616482,0.7785971642363505,3.7397329164548383,0.6728362939450705,4.103837283948733,0.5436028244378565,4.408598735560006,0.4036629330319952,4.645780502669049,0.25078531360296646,4.810114261895374,0.08065322762762615,4.8935916597153275,-0.09835215989445463,4.889297633818916,-0.2781079630319593,4.795176633717928,-0.45847533489750497,4.611063805850548,-0.6355133333222687,4.337168186340748,-0.7937545888589874,3.978724153837032,-0.925262770506328,3.5480182122303354,-1.038296991634283,3.056380046657732,-1.1210641122170966,2.5146478367186536,-1.145652780300794,1.945155582319698,-1.10055467111266,1.3806316609234608,-0.979044429029485,0.8572536240078753,-0.7635675317693326,0.4172378810370862,-0.4355556694168649,0.11255860240044448,0.0005709823123664446,1.41028972077594e-05,0.4905302501593831,0.12232075596375583,0.9498203871995656,0.48516671394860394,1.3339980730301844,1.0592232119321776,1.656050583439367,1.8088811680333026,1.925492497013066,2.706675403042799,2.1288568384468674,3.723292894344435,2.2591658933679333,4.823282136121299,2.3204403339976714,5.9709817213425085,2.3145159472124948,7.1325311382129,2.2418982141068127,8.27436042538353,2.105212463001281,9.363766392374993,1.9068971738125446,10.36925593475491,1.6560957555900464,11.261873483629882,1.3663752053581961,12.018953528103305,1.040196871485642,12.622190664454916,0.6783427225398428,13.053090862608418,0.29551081026175674,13.29705695218831,-0.09526604600717122,13.347359837279521,-0.49189397567889387,13.200792872136056,-0.8900632666560464,12.855159483323824,-1.279217517077392,12.312269562529364,-1.65360382217459,11.578446249983918,-2.0132631359484647,10.6610888411911,-2.3552073496370576,9.568134607241644,-2.675545731402375,8.30948058653874,-2.968045799583591,6.897160768152924,-3.2222472269138884,5.3480098119497095,-3.456004467923937,3.678462982214263,-3.6927949850002943,1.8907873098692647,-3.8360543742083397,-7.320447168365427e-05
140,3,-0.9336970482714286,2.2581558312500003,-0.9336970482714286,2.2581558312500003,0,-0.9455357475573514,2.3152424122872124,5.090730686389204,5.039334020158776,7.010302085249871,9.034570964877677,-2.2310271531653222e-06,1.440381569204586e-05,0.2330071745031,0.06844266072205699,0.3574486084775519,0.2152250971328449,0.5365002746104971,0.4367203714831241,0.7088994718453343,0.7502766811185587,0.8227553285801391,1.1353916222167362,0.8973225654042692,1.5666160453425984,0.9427339501859572,2.02796555041569,0.9521414024460988,2.5032881531880604,0.9256227674437858,2.9740616692942603,0.8713401745915721,3.4243320040074994,0.7910387219832213,3.8411180990514193,0.680290405144319,4.210213994313428,0.5459160740793192,4.517411528314817,0.4011541876319177,4.754527039149921,0.24382293569773378,4.916479695499969,0.06961119034110794,4.995436239144969,-0.11285621784406594,4.984724730520862,-0.29529947091559683,4.882647650483499,-0.47761982394093677,4.6894214279573765,-0.6558744792601577,4.405616399224587,-0.8144726927897693,4.036865071151647,-0.9455357475573514,3.595883873187902,-1.0575919165830698,3.0943345298711176,-1.1388492721272654,2.5433064124413467,-1.1612820634239776,1.9654345140469356,-1.113504445991065,1.3937483360432814,-0.9889632894061312,0.8646406905936107,-0.7701949476100403,0.42047936752517756,-0.43876429240151,0.11334061805822528,0.0005744681432515047,1.4189550111751578e-05,0.49296376306051054,0.12297552934904514,0.9534174602075846,0.48738593907790384,1.3375053112075617,1.0632640728172176,1.6585644705521518,1.8144578312217727,1.926398100930163,2.7131280222920786,2.1277664888101437,3.7297101789441625,2.2559570695780433,4.82862410463561,2.3152424122872124,5.97421206485963,2.3076590023313073,7.13273043194114,2.2338661158305433,8.270814788531032,2.096589242614366,9.356031196694888,1.8983139190193627,10.3571926565706,1.6481597615653052,11.245656711518683,1.3596014901835,11.999040029631784,1.0350053465565683,12.59927016818283,0.675046475551257,13.028038507929125,0.29425369449823907,13.270864135115534,-0.09450653451620819,13.32104624668991,-0.48925625492943886,13.17533649490834,-0.8857933454000547,12.831442653708582,-1.2736675532106263,12.291024119738172,-1.6471883180039764,11.560210048053714,-2.006418167167065,10.64618620952246,-2.3483793299589752,9.556668848401406,-2.6691728564332777,8.301332845209554,-2.962541595591196,6.891998909617456,-3.217981374676238,5.345304317219619,-3.453263502262769,3.6775194934236155,-3.6918181592994737,1.8907831656838232,-3.8370297777667037,-7.322308486227499e-05
141,3,-0.88307514,2.2797924660694444,-0.88307514,2.2797924660694444,0,-0.9314097377173328,2.3088433096576026,5.076336792373049,5.040739364507177,6.630227124349534,9.121136165565888,-2.04746932322891e-06,1.3689665989339795e-05,0.222368865568968,0.0652192875293216,0.342516734849339,0.20561123562773376,0.5158690101318304,0.4182518182989584,0.6840467607750722,0.7202986599962788,0.7969572932858189,1.0926352381474478,0.8726318589231644,1.5111756300619077,0.9204959649956064,1.9607389721983812,0.933608626462741,2.425820951379244,0.9116820856350119,2.8884514713453613,0.8623179252756663,3.3329765553999287,0.7869627111919273,3.746488951185901,0.6810671466697117,4.114768864850446,0.5511007116104649,4.423485254031852,0.40995005871703394,4.664130580207551,0.2554870291677583,4.8312255678967695,0.08349012438575547,4.916596375486022,-0.09749951809125584,4.913225928386597,-0.2791954498659704,4.819041736579323,-0.46134700594206807,4.633930593282375,-0.6399025103742334,4.3582057826790415,-0.7992561303934965,3.9972697440906932,-0.9314097377173328,3.5636329310428625,-1.0446646799140695,3.0688488455151703,-1.1272104849210025,2.5239684581028117,-1.151113440107021,1.951556315438699,-1.1049656362876652,1.384552515231944,-0.9821957819512971,0.8592783662564438,-0.7654131699037796,0.41801535612849056,-0.4362605419396685,0.11271060281546938,0.000571440515286912,1.4114580111960523e-05,0.49055016695550374,0.12235778635874092,0.9491059571814618,0.48505963232198274,1.3319390448584543,1.0584439845685998,1.6522234761795258,1.8066447325140653,1.9196363337528428,2.7020252799829416,2.120905003965054,3.715189178654368,2.2492486845614295,4.810702192201832,2.3088433096576026,5.953008501195348,2.3016549235454633,7.108423590344247,2.2282947107517277,8.243613356716796,2.0914552652650724,9.326153590368381,1.8936109297493187,10.324856151710899,1.643877840987127,11.211074421049046,1.3557386253159578,11.962421052034227,1.031598268563949,12.560831085863036,0.6721778279836161,12.988026407261685,0.29202934298860095,13.229574053216549,-0.09596037474544053,13.278830737200682,-0.4897825836928504,13.132618823338252,-0.8852174098872075,12.788730113957842,-1.2718220883493094,12.248910271343338,-1.643917607652038,11.519368870465163,-2.001573817665978,10.60736791596248,-2.341834813790264,9.52069316239628,-2.6608339689707408,8.269074810651658,-2.9523622020930413,6.864370105165238,-3.2059895783533614,5.323220353667239,-3.4394596990340873,3.6618816180409763,-3.6761257344672935,1.8825186947684864,-3.8198159175981696,-7.289458839120361e-05
142,3,-0.8829386577569445,2.292388858097222,-0.8829386577569445,2.292388858097222,0,-0.8940357843699116,2.254105144154643,5.09409340297004,5.05466426122747,6.6292024003720265,9.171532597956196,-2.0301705380185e-06,1.3324827515027262e-05,0.21599887704912893,0.06339756271545009,0.3320906914980838,0.19962831326111408,0.499446492583616,0.4056334501976254,0.6613603061776082,0.6978556542417943,0.7694422379341536,1.057583817886218,0.8413608083851141,1.461392947043865,0.8863755267353944,1.8945640398228856,0.897905705874071,2.34213087079047,0.8758045474184651,2.786810442535493,0.8275091592858203,3.213614780053753,0.7544809204691135,3.6102470467037864,0.6523842893471254,3.963173721733636,0.5274656168417206,4.258771228589711,0.392092829127444,4.489017457232825,0.24415668888406106,4.648778810311347,0.07952439054885209,4.730296494790003,-0.09368780713910027,4.72688198569609,-0.2676230751834274,4.636548310130864,-0.44214632745578225,4.45913787213442,-0.6134623294573261,4.194851535161433,-0.7666448425120186,3.8487372213705697,-0.8940357843699116,3.4326493821712694,-1.0036272900044794,2.957513081639196,-1.0840266814054351,2.4337731871674255,-1.108219243218665,1.8829924504449267,-1.065008421827585,1.336809162604655,-0.947798934443105,0.8302370071553885,-0.7394891839814206,0.40418332694196657,-0.4219758899958394,0.10906152820205,0.0005533616651879064,1.3667548695837457e-05,0.4755106984722664,0.11856580170068796,0.9209333311683343,0.47034395977910526,1.293682579113338,1.0269996381296291,1.6063346833279861,1.754078614842708,1.8681302909202273,2.6250229380266683,2.06605531215309,3.6114979605074407,2.1933990278074864,4.679242802626787,2.254105144154643,5.793818631319703,2.2499834103640093,6.922551653161422,2.1815287880353207,8.03305909065737,2.0512538334457906,9.093791864731989,1.861446576337107,10.07434720940787,1.620842271096621,10.946731411743956,1.3424229922454136,11.688972734017893,1.0283807938607261,12.283235195389443,0.6792455145304339,12.711394656445107,0.30902814546640456,12.958986065271922,-0.06984768815013315,13.019059498249785,-0.4555508725632788,12.887978222865591,-0.8440753833801132,12.562989937455272,-1.2252835601000571,12.04515820812379,-1.5936400731569775,11.339889972097255,-1.9492083108905625,10.453618657248947,-2.2890512282927955,9.393301170158537,-2.6092900197628692,8.16783262916319,-2.903681717192091,6.7882518033561485,-3.161734941295772,5.27039554381143,-3.4007769788917694,3.629826953600158,-3.6438429932374463,1.868244852589512,-3.7953102765210103,-7.242693733929081e-05
143,3,-0.9019739155902777,2.2478774984236107,-0.9019739155902777,2.2478774984236107,0,-0.8943210045373781,2.2675563295810135,5.087928002303363,5.038596339062547,6.772121249616897,8.993448768598935,-1.7555095013774345e-06,1.2518370383249833e-05,0.20479159184935733,0.05990952842737436,0.31755982514902803,0.189681324437353,0.48090754731534685,0.38741735932755905,0.6411357791037179,0.6697832774865925,0.7511443009047919,1.019762393462585,0.8269641081898724,1.4153443164622754,0.8768964034338899,1.8425122334173745,0.8939662269202585,2.2867086596508654,0.8774511530882958,2.730826970059151,0.834201217173131,3.159747093406646,0.7653715119960436,3.5608136874094685,0.6664592620193005,3.920028124310023,0.5435200782789595,4.223210956299517,0.40888990754347765,4.461718899268072,0.2606120327171615,4.629835250031464,0.09469817568587043,4.719296409818159,-0.08055925206550239,4.722984428929822,-0.25705932867296655,4.638590367179594,-0.4344368579326035,4.465755915981143,-0.6086752283063519,4.2045913383140565,-0.7645864472684043,3.8601749944978785,-0.8943210045373781,3.444512961777185,-1.0058272546949671,2.968736495459393,-1.087611442313775,2.443524821248877,-1.1125304776645302,1.8907420190268063,-1.069416207680968,1.3423548710054145,-0.9517689296888728,0.8336675586620655,-0.7425487889289918,0.405837708681724,-0.4236936553667801,0.1095044134532996,0.0005556110007201935,1.3723086624400602e-05,0.4774897746112384,0.11905426107978047,0.9249529913827489,0.47233335775895696,1.299678771090501,1.0314959352544706,1.6142670571662436,1.7620578068582506,1.8779408625106921,2.63744304282449,2.0775167401298322,3.629249749905278,2.206109932855559,4.703056951416097,2.2675563295810135,5.824196503213877,2.2635659586465655,6.959715431576985,2.194551252260358,8.076903899663115,2.0629933977028503,9.143857538572533,1.8711877795554634,10.129811707785155,1.6279789368633335,11.006436624095231,1.3465401228768599,11.751505382714692,1.0291823975682493,12.347008268264256,0.6765586289439256,12.774698977455529,0.3029392824237733,13.02008692322035,-0.07901623337961328,13.076329465908916,-0.4673496168682757,12.939985300536307,-0.857922256712687,12.608557961111643,-1.2404445590555644,12.083441271744773,-1.6093029934292968,11.37043276311266,-1.9645461638102213,10.476376547231204,-2.3032259855770345,9.408645969963818,-2.6214784875858674,8.176553118728073,-2.9131039864425476,6.791538284372253,-3.16769837508412,5.269809823326673,-3.402737819840304,3.6272397661864906,-3.641308960717224,1.865780559544018,-3.788003070045373,-7.228749359186886e-05
144,3,-0.8828212912291666,2.2338850415694447,-0.8828212912291666,2.2338850415694447,0,-0.8836286755785895,2.2503013561147904,5.087739176685973,5.040523955273992,6.6283211993272735,8.93746687280923,-1.6971521421051963e-06,1.2262956354387627e-05,0.20089162304144334,0.058739228507072104,0.31191137302153243,0.18612989455295706,0.47282803732138956,0.380456014166028,0.6309554022442716,0.658214191350423,0.739907126542156,1.0028018129416012,0.8153123893135384,1.3926427297325537,0.8652602946244693,1.8139699566778147,0.8828302950846889,2.252452601681099,0.8672592003401128,2.6912234519160583,0.8252548753502577,3.1153486205861887,0.7579281748095167,3.512306043572953,0.6608131250963473,3.8682364683562724,0.5398512395803148,4.169087875681365,0.40719138228319063,4.406255559575971,0.26089207502330275,4.574014986420953,0.09700001233892037,4.6641215237035825,-0.07631239188435203,4.669452977883562,-0.25104501995083456,4.587631962814087,-0.4268293629910694,4.418209993438378,-0.599682115005242,4.16120667783416,-0.7545539788234749,3.821563841205746,-0.8836286755785895,3.411096036368272,-0.9947226877883238,2.9407780516560096,-1.0764097546796865,2.421160835359403,-1.101739501804275,1.8738991884247247,-1.0595673066874518,1.3306931969534443,-0.9433834042550105,0.8265875149180387,-0.736242467359293,0.4024590611171299,-0.420197987838659,0.10860798633256188,0.0005511262277937665,1.3612252137741449e-05,0.47368912615183806,0.11810249651245965,0.9176605743611764,0.4685853272179473,1.2894975793055832,1.0233551698749612,1.6016809134861378,1.7482085817913535,1.8633592667556926,2.6167830159381174,2.061462226834245,3.6009065221361682,2.18917140145057,4.666441153853359,2.2503013561147904,5.7790091458977875,2.246552684314866,6.905937653673229,2.178332328910469,8.014795586697932,2.0480923248293745,9.073948007018993,1.8580935999017438,10.052884217207202,1.6170882807856664,10.923499359395946,1.3381204426161162,11.663731124103805,1.0234576298373879,12.255688518851738,0.673721101621448,12.681232858412812,0.30304635683124065,12.925939002916875,-0.0760218641035512,12.9829602244946,-0.4615522933432599,12.848817843975327,-0.8494452180932553,12.520965816384512,-1.2294877738616294,12.000717208952832,-1.5961011801094824,11.293757967341024,-1.9493243813320482,10.406816991512375,-2.286217765053057,9.347154018405718,-2.6029284707136604,8.123961008108585,-2.893279623531028,6.7485521738310155,-3.1469118768028324,5.236988820094419,-3.381169840250891,3.6050092955726254,-3.6189875930851527,1.8545271464158215,-3.765515344501583,-7.185835394636109e-05
145,3,-0.872463576111111,2.2561396459861114,-0.872463576111111,2.2561396459861114,0,-0.881426241635592,2.2569466648923933,5.1066930947509155,5.0346546725463535,6.550554313349691,9.026504484879764,-1.6440233299204335e-06,1.2081528782592044e-05,0.1982581548435045,0.05793382187760432,0.3082938720981819,0.18376150133145241,0.4678782462821877,0.3759556953391712,0.6249873218372706,0.6509531482869186,0.7336709032896873,0.9924627545104083,0.8093045672747305,1.3792265656498979,0.8598716696996413,1.7976871041778086,0.8785216464206155,2.2337252825650737,0.8644808974523389,2.6707076986977136,0.8243454878434348,3.093899136649702,0.7591430793440441,3.4909232338082834,0.664338576215349,3.848033897627213,0.5456711639503786,4.151228243926875,0.4150394998693942,4.391827435411276,0.2703808089792392,4.563939004302914,0.10762174993725562,4.6590980034744,-0.06523881478481718,4.669884653378414,-0.24030065039286372,4.593551315591175,-0.41720886281723335,4.42925349873553,-0.591956292680167,4.176617543131599,-0.7493766571597372,3.8402233557105347,-0.881426241635592,3.4316135882781067,-0.995720596520181,2.961602057946018,-1.0805563770584883,2.440687569861769,-1.1085125331263432,1.8906641288380603,-1.068017009308553,1.3436058650832419,-0.9522301974816492,0.8351157916756777,-0.7438767233213456,0.40679375928699396,-0.4248000648108577,0.1098076963153802,0.0005572606853651315,1.3763775118534668e-05,0.4788642472574257,0.1194044985582377,0.9271815440369975,0.4736190592573901,1.3018032055070923,1.0339125403712863,1.6152836209178227,1.765300336366549,1.876916379410776,2.6407201635635276,2.073680658411859,3.6313385802024003,2.19897385445402,4.702416484894907,2.2569466648923933,5.819120377521223,2.2496171213855507,6.948487772346637,2.177686671073679,8.05794982711317,2.043877761925248,9.115876298645658,1.8506756592199456,10.091885020795083,1.6070111208227893,10.9581008423037,1.3260344277631675,11.692763562050155,1.0100547603528234,12.278319389290619,0.6597086123739966,12.696980587478654,0.289101007903076,12.934670447955035,-0.08929498347859684,12.984863393181927,-0.4736192371495343,12.844365187952107,-0.8598488752187048,12.51087837982491,-1.2378669765295012,11.985921015900338,-1.6021803771894922,11.275337082230132,-1.9528905153652771,10.385977155834219,-2.2871211505350395,9.325191924053643,-2.601079975896004,8.102232616823477,-2.888653947740987,6.728443021783733,-3.1395601574813936,5.21987687578731,-3.371111382926184,3.5922479899698456,-3.6061734546555884,1.8474845215407765,-3.750294765810119,-7.156789615991303e-05
146,3,-0.8822122348888889,2.2986854661944442,-0.8822122348888889,2.2986854661944442,0,-0.8743566108878289,2.256843440761502,5.098682581823093,5.0252525913477974,6.623748336062697,9.196724461115124,-1.6301848385595749e-06,1.1964292973293572e-05,0.19630427727025912,0.05736597847043563,0.3052301230887013,0.18194695161916088,0.4632375183969054,0.3722314874320305,0.6188728838725329,0.6445178722159661,0.7266854870960044,0.9827289677652715,0.8018912140074254,1.3658787507587904,0.85235426957983,1.7805932206623385,0.8712143247568915,2.2129130642216857,0.8576113838182999,2.6463447919516043,0.818005538951259,3.066232172593741,0.7533611818490997,3.4602246808705344,0.659143707035842,3.8145901910870452,0.5410588829355549,4.115334112937328,0.4109813855858398,4.3537658718268455,0.26693547013577434,4.523996436228908,0.1049570869811128,4.617619563970902,-0.06690871870873803,4.627313141380842,-0.2407272752919191,4.550444183927081,-0.41608847061348586,4.386306260319364,-0.5889825875351505,4.1346827373653605,-0.7443719241696165,3.8002796360356657,-0.8743566108878289,3.394688080652128,-0.9865942510907382,2.928727919992379,-1.0696073098264696,2.41285096840761,-1.0964087843571404,1.8686265186467348,-1.055728629081505,1.3277107460263107,-0.9409290875914291,0.825171661723783,-0.7349638559996842,0.40196563006919084,-0.41977775038829346,0.10852352751618441,0.0005509363323347357,1.3607294808505331e-05,0.4737844436692385,0.11810461699259565,0.9183203771438943,0.46875947565105447,1.291040806015051,1.0240700674072376,1.604289845693044,1.7499560996468182,1.8671120706148803,2.6201200293457547,2.0663197049800925,3.60640025981047,2.1949846565283924,4.674610612341831,2.256843440761502,5.79027824336999,2.253535168175365,6.920601049277381,2.185420904491371,8.032991291578249,2.0549306904038227,9.095640523688552,1.8643225606306726,10.07785819266837,1.6223838584017882,10.951366598526961,1.3422266050241463,11.693958181340383,1.0261684425944024,12.28762761199533,0.6748842672117945,12.714144964798065,0.302611179058953,12.959032868832088,-0.07800861810959663,13.015445217632056,-0.46498288007399313,12.879942874604229,-0.8541505310358016,12.550048329050671,-1.2352304734443107,12.027176672043058,-1.602602829401537,11.317144357279217,-1.9562920366839316,10.426823608627142,-2.2933473898575283,9.363623497726692,-2.609915161254815,8.136888876848356,-2.899826120595293,6.758084490919328,-3.1527375678676424,5.243417316363194,-3.386056892274224,3.6087521880185864,-3.6227660772819013,1.8560962139927164,-3.767972577058922,-7.190524651400959e-05
147,3,-0.8714196657083333,2.2986022449583334,-0.8714196657083333,2.2986022449583334,0,-0.8496795622352333,2.2625772853805737,5.099886557951082,5.034918437658796,6.542716517046324,9.196391504393082,-1.5668508182566326e-06,1.1507229074606858e-05,0.18885070214223643,0.05518137639578538,0.29380104139343244,0.17506491840179086,0.44619995341893764,0.35829026826260824,0.5966265460361111,0.6206759733927159,0.7013384625415282,0.9469079946848663,0.7749539274737045,1.3169374067788078,0.8250144720695803,1.7180295371913117,0.8448538561103343,2.136864353689325,0.8335567796255314,2.5576436543093473,0.7972515447135448,2.966293230150557,0.7367498859740048,3.350908491389412,0.6475206382816449,3.6981835314169236,0.5349125287630127,3.994477821874299,0.41027481080483397,4.231202888628757,0.27156360583606387,4.402416040583639,0.1147876677792283,4.499665265601867,-0.05236470490733374,4.515481124165502,-0.2222448764964155,4.446902953904115,-0.39448635611118765,4.292820684468931,-0.5651793529782535,4.052591917745397,-0.7195459358435505,3.730399206038794,-0.8496795622352333,3.3372252528450908,-0.9629154803822405,2.8833859420426773,-1.0477862756219873,2.3789243606754256,-1.077415253631059,1.844941096737061,-1.0402794754495321,1.3126579977488881,-0.929406865080917,0.8168724378969147,-0.727518200939866,0.3984099820386844,-0.4163035798354623,0.10768668478029611,0.0005472933266508884,1.3516642573162249e-05,0.4713006997516746,0.11743135239789398,0.9146855187808507,0.4665000233425457,1.287471574720024,1.0199662746314822,1.601642494219929,1.744269099794055,1.86599716887214,2.6134699554944274,2.067215150306003,3.5996782624150443,2.198217036417512,4.668910471180245,2.2625772853805737,5.786815883449067,2.2617940315872938,6.920638653355794,2.1960950973382185,8.037769509613474,2.067778888457006,9.10631207270661,1.8789760967622322,10.095423121025705,1.6383589194359616,10.976610828325601,1.3589557519593325,11.727403532087818,1.043012693802799,12.329494544641898,0.6911377674390101,12.76431653691653,0.3175571671118986,13.017033569767724,-0.06505544618931147,13.080448684218213,-0.4546830582498827,12.950786528466734,-0.8471164675715845,12.625249166007485,-1.2319727856372067,12.104969295696334,-1.6035278146241951,11.395535384307614,-1.961725867585804,10.503636699647796,-2.303516359783674,9.43654292743373,-2.624934903024396,8.203513705495109,-2.9196792764487767,6.815986460286918,-3.177230186791115,5.290222880654815,-3.4150641760697575,3.642184055057465,-3.6563362208932917,1.8738799769186847,-3.8051940334087893,-7.261555291321896e-05
148,4,-0.8792191917638889,2.3048433595624997,-0.8792191917638889,2.3048433595624997,0,-1.0372643116488518,2.3214032792944863,5.05404754635237,5.0304977124666745,6.601276232826132,9.221361345717126,-2.874912327229212e-06,1.712443605786532e-05,0.2742631992163411,0.08085620450212318,0.416655957525111,0.25270919369047845,0.6202820720981269,0.5097510108206452,0.812911695007076,0.8707436986947359,0.9351813597452838,1.3103898802621199,1.0107160592369429,1.7982929559901097,1.0520526142154591,2.315533223624995,1.0521191703767954,2.8433964607014466,1.01183035146219,3.360862127222175,0.9411494952170424,3.850217558358696,0.8426034230120096,4.297426383047041,0.7117819577477713,4.687349334257914,0.5568472112556544,5.005125587620001,0.39282508796082943,5.242825578867798,0.21744356344836388,5.396066051055165,0.026160153911326298,5.457508942134855,-0.17140904732138937,5.421191101329147,-0.36626756857397236,5.286621502367563,-0.5584492144049398,5.055343194261801,-0.7438667896408336,4.729204912612866,-0.9060937311159228,4.315388919235677,-1.0372643116488518,3.8284480107502277,-1.1470215817591254,3.281519411105365,-1.2233403831473428,2.6868765945350397,-1.237353658958402,2.068718702261114,-1.1781023188044542,1.4617568642080285,-1.0397673817100643,0.9037101684321337,-0.805182041714931,0.4380218604990898,-0.4563488885434321,0.11769249428423331,0.0005946071449032258,1.4689175796395808e-05,0.5080812380717237,0.12693015208868533,0.9784912843686187,0.501632366809514,1.3669938162779334,1.0913571101317052,1.6883414419649574,1.8575091414142102,1.953409251655924,2.770492930746805,2.1494411821095105,3.7993421286752778,2.2704068618571984,4.907348106644076,2.3214032792944863,6.058117659761784,2.3051415751452913,7.217550922711035,2.222850178592634,8.352233183893512,2.0777601461248096,9.429950632314759,1.8727674924961015,10.419964796556426,1.6173399952281033,11.294271133102358,1.3251715967444317,12.031270647777623,0.9986917451708923,12.613742508103128,0.6385934139805884,13.02424660246549,0.2593544440662456,13.249166405194511,-0.126322341350808,13.282610093551435,-0.5166519187733405,13.122045790344725,-0.9076430736169931,12.765798894322392,-1.2891129823646725,12.216026718298293,-1.655635065344195,11.47921952582904,-2.0074855519075925,10.562805600483472,-2.3419009901654357,9.474638621424312,-2.6551894834705014,8.224423705359632,-2.941308693646883,6.823910126627036,-3.1900031365429498,5.289541960116878,-3.418966695826357,3.6373356942775397,-3.6514199012631905,1.8692894186356415,-3.7919122518985913,-7.236209584973126e-05
149,4,-0.8779189561805556,2.2818354351875,-0.8779189561805556,2.2818354351875,0,-0.9386643561642963,2.24850144508923,5.071400436252542,5.008644362020064,6.59151391833876,9.129309804081307,-2.921982527834423e-06,1.6360603394478448e-05,0.2598708193516844,0.076845600065046,0.3916714985066132,0.23897352070434957,0.5793434916018714,0.47975485088010994,0.7545745382068388,0.8158390307816238,0.8626831914593941,1.2226317759281868,0.9269541906937928,1.6713662445589166,0.959822884395046,2.1444706728239695,0.9553250034998881,2.624896057482058,0.9148073843737015,3.0937343772187442,0.8477566090620143,3.535334149423299,0.7566084402239925,3.937529319809138,0.6373229969928115,4.28716886676319,0.4972722683242892,4.571334050760332,0.34995457961397886,4.783361657651518,0.19297711417239613,4.919686475434698,0.021860979860591576,4.973882225732492,-0.1549739388796857,4.940605798952077,-0.3296785835205634,4.819326854575642,-0.5026148304590852,4.611197583048713,-0.6703409148528254,4.317493431127596,-0.8180598681114434,3.9442336077715927,-0.9386643561642963,3.504099323024445,-1.0409819564948628,3.00845740740818,-1.1139031721895432,2.4679023150356505,-1.130612484356631,1.9040639255571772,-1.0804582816900683,1.3484541859431574,-0.9573162667543768,0.8356888441224489,-0.7443485356125622,0.40609826378258607,-0.4236318332198306,0.10941118447739959,0.0005544110478161172,1.3694225760731296e-05,0.4757522603528255,0.11867844423402583,0.920438836368954,0.4704220826159965,1.292027400668448,1.0265482079022188,1.603477766500114,1.7524958519288103,1.8642222499671113,2.6217401590636213,2.06133866565082,3.606048020592447,2.1881312522638305,4.6712866237248925,2.24850144508923,5.7831368798736245,2.24419594131331,6.909017133544657,2.1756462261478235,8.01660458243991,2.045313795260214,9.0743809109399,1.8554592995636772,10.05195422903031,1.6148156525817468,10.921334370760361,1.3363861894643072,11.66055784766391,1.0224096588414504,12.251813878344581,0.6734800684124896,12.67703202011341,0.30366721422654563,12.921832512570338,-0.07455674519810429,12.979377137325365,-0.4593132480536119,12.846164829835336,-0.8465646553113704,12.519599829207467,-1.226175588691643,12.000909657792814,-1.5926296098600585,11.295658680978073,-1.9460111607642394,10.410428083375914,-2.283424985323287,9.35230752435251,-2.601051009860897,8.13029897629664,-2.8927273947249743,6.7555146498234375,-3.148077808656699,5.243813311349639,-3.3844136845154176,3.610746456049543,-3.6246894541420875,1.858043628049514,-3.7738531333962793,-7.20174653638561e-05
150,4,-0.9028600296874999,2.3405805462152776,-0.9028600296874999,2.3405805462152776,0,-0.9946224908060696,2.2975468937788355,5.078345867896148,5.021735371152547,6.77877429357267,9.364340915342698,-2.929613332168377e-06,1.690509753682837e-05,0.26961555323820263,0.0796085223694858,0.40793795817568346,0.24817457138240742,0.6052735179498651,0.49938057271489733,0.7906403140434355,0.8510391171704672,0.9065073855284358,1.2779043186098484,0.9765897537956586,1.7500708750682372,1.0135292747407125,2.2490938969358423,1.0108132862925163,2.756922221914241,0.9696492174147565,3.253437621030094,0.8998902475751542,3.7218606403642056,0.804074047789799,4.149042178638187,0.6779759376382569,4.52079891510942,0.52942385893399,4.823214975379418,0.37275379056464647,5.049008309774105,0.20559422669151392,5.194228764040096,0.02338040809201514,5.251987935771051,-0.1648505625436385,5.216618378772187,-0.3506593570522423,5.087608075473693,-0.5342688759359762,4.866299954951639,-0.7119080552234953,4.554242809454905,-0.8678747803935098,4.158049029836419,-0.9946224908060696,3.691392507244825,-1.101422316204044,3.1665832895807293,-1.1766106679093498,2.595119233521015,-1.192134640367534,2.000065866256917,-1.1370866918769402,1.4147686266336494,-1.0054405740418155,0.8756609622209338,-0.780086785335246,0.42493609615012856,-0.4429781110540371,0.11431885651435993,0.0005783422372175797,1.4286449349372654e-05,0.49512974028131224,0.12361257975138153,0.9555103981709827,0.4891753026759638,1.3377493804428737,1.0656970803104524,1.6558399660819796,1.8163062277221182,1.9200458367047497,2.7127270760919044,2.1174913626001644,3.7251571104380634,2.241809876325644,4.817956995687134,2.2975468937788355,5.955566113734365,2.2869477782529675,7.10445677399542,2.2108380999540684,8.231574400839373,2.072063691338601,9.304866172998077,1.8731989700891727,10.293578471103771,1.6233832671805288,11.16953192593792,1.3360399877447324,11.910795045856913,1.0135277122880006,12.499728520516475,0.6565208870468642,12.918461574065628,0.2794205107903141,13.152920387492822,-0.10505707002397312,13.196733862325981,-0.4950057483841131,13.046928811842006,-0.88631988752208,12.701451662100716,-1.2687192669349616,12.16213159304297,-1.636648474983543,11.43518633147719,-1.9902448506711472,10.527840823083121,-2.32663448511721,9.447808140596306,-2.6420312434790785,8.204703178428717,-2.930316330518494,6.810228441167006,-3.1811735759302233,5.280814054856111,-3.4122100347367335,3.632498715386369,-3.6465954925867625,1.8673424339914813,-3.78894575541632,-7.23054847085497e-05
151,4,-0.9915440318125,2.337113271208333,-0.9915440318125,2.337113271208333,0,-1.0052479156401664,2.286942054714619,5.066056258351105,5.023273184600839,7.444623721046132,9.350468824820208,-2.9874077695560806e-06,1.7268613679093353e-05,0.2754442743054343,0.08132795615624787,0.41668783886064226,0.25352723422451556,0.6179671083097825,0.5100640982777219,0.8065646626083647,0.8689562983452072,0.9236636600360479,1.3041671027001858,0.9935464395811631,1.7849089049121274,1.0292367240354259,2.292140295793288,1.0243054903611946,2.807304994900819,0.980246233337596,3.3098621071005456,0.9073177554053116,3.7827959407036604,0.8082982964666836,4.212889346879133,0.679089503649981,4.58597302063933,0.5277389335875637,4.888227904165054,0.36875820886058464,5.112580521008066,0.19972379798429907,5.2553186958731795,0.015995020167637482,5.309749083910751,-0.17338997662483208,5.270383412239555,-0.3600292971528025,5.136884120516025,-0.5442385055817909,4.910733265088848,-0.7223007699009932,4.593578086462432,-0.8784874650843556,4.19212359853385,-1.0052479156401664,3.7201503275631667,-1.1119162927400335,3.1900554864175272,-1.1867635785828108,2.6134172834968066,-1.2015714223192293,2.013448518926341,-1.1453689547031727,1.4237032916133263,-1.0121302694330405,0.8808342445986258,-0.7847510484965897,0.4272537613599554,-0.44529187167170314,0.11488348962384294,0.0005808402352546012,1.4348599041451049e-05,0.4967816934129208,0.12406815309391779,0.9576072267326429,0.49062316634480635,1.3390558817350044,1.0680416332712568,1.6554238322537538,1.818905679131322,1.9172668884614767,2.714548679545377,2.1120099045777425,3.724920682127538,2.233623371916447,4.814297077951301,2.286942054714619,5.947191333832793,2.2744350696829634,7.0902774114273335,2.19708916682735,8.210799324152534,2.057835857663453,9.277064386527558,1.8592720675671628,10.258706073665325,1.610467284241725,11.127922114326909,1.3247000894780787,11.863100483633138,1.0042238143865598,12.446855343299514,0.6496148304692114,12.861524116412461,0.2750930870328233,13.093171091875393,-0.10678320755450083,13.13547211536082,-0.49417650552177206,12.985445752484688,-0.8830415646297205,12.64100161494168,-1.263174058245332,12.103896141328626,-1.629044767954732,11.380246441570323,-1.9807699288208729,10.477178002735489,-2.3154637506441196,9.402313909043402,-2.629327659369751,8.165183933225443,-2.916240185360439,6.777411417668022,-3.165903129093358,5.25534028797519,-3.3958040155405347,3.6149417723189523,-3.6289809321731106,1.8582903483911783,-3.770503580254099,-7.19535477175706e-05
152,4,-1.0182429519305556,2.291288938798611,-1.0182429519305556,2.291288938798611,0,-0.9843918970828661,2.2691438083546736,5.058654804625878,5.024989148862937,7.645082205652067,9.16713197209087,-2.8743441932799023e-06,1.6736513414225e-05,0.2672190877278723,0.07887076823598396,0.4046508196843679,0.24601855404161996,0.600673965873245,0.49526797953177987,0.7848144206921329,0.844302195166257,0.8998503813161848,1.2680353618191935,0.9692203502758381,1.7366950674071169,1.0054589550545476,2.2318561628770888,1.002154829600799,2.7354951894125463,0.9605953616476358,3.2275740315571952,0.8906518797692786,3.691414480696371,0.7949384702583078,4.113987566767564,0.6693653564164778,4.481288501705762,0.52175639263562,4.779620410096173,0.3663313431314624,5.001879445788031,0.20075025276463698,5.144267241947985,0.020493692895942953,5.200079549743215,-0.1655292579507502,5.163811923094767,-0.3490197318794173,5.035038603348568,-0.5302442032912922,4.815144541936907,-0.7055220089373252,4.505695148348022,-0.859380491415785,4.1132368515933475,-0.9843918970828661,3.6512752241857074,-1.089732897422166,3.1319574298314072,-1.163884904552934,2.5666222208335574,-1.1791116565828417,1.9780407140229324,-1.1246021798702523,1.3991550620303583,-0.9943671572034214,0.8659758793720966,-0.7714669989644518,0.4202224095862837,-0.438056323310514,0.11304509902847218,0.0005718524510681471,1.4126198996060857e-05,0.4894956420101753,0.12221321305943428,0.9444396067830114,0.48357532398635966,1.3219497651422718,1.053349191146576,1.6359310895024077,1.7950090590170558,1.8966138039322582,2.6805658566367767,2.0913769575242416,3.6805688291929624,2.214032139023795,4.759852282427187,2.2691438083546736,5.883372922499856,2.258970546745431,7.018124254049521,2.1843340081953904,8.131578994939657,2.048015563429811,9.192193328506605,1.8524991312163275,10.1696843667233,1.6067262305606622,11.036275575021577,1.3238586397317136,11.770314892003706,1.0061380306550276,12.35434325901645,0.6541458608431625,12.770630249095136,0.2820300394888808,13.005154665039191,-0.0976998432982775,13.051471498986658,-0.4831936128556081,12.906471732655792,-0.8704142421129031,12.567941647364925,-1.249201999547668,12.037499304270629,-1.6140493456960814,11.3211047945847,-1.9650704461599,10.425723538844464,-2.2993945862812355,9.358816002224666,-2.613240358100427,8.129740027242791,-2.900507389370279,6.749938896572133,-3.1509227229543924,5.235562058640102,-3.3818874271382047,3.602397471998052,-3.6163557932221293,1.8523930883078528,-3.7596687729031415,-7.174678330696717e-05
153,4,-0.9880650283472223,2.258270844861111,-0.9880650283472223,2.258270844861111,0,-0.9530241676155248,2.2551915230738167,5.068483748866503,5.0270388774212895,7.418502973109337,9.035031118520363,-2.808494549271114e-06,1.620506825211529e-05,0.25844961271473416,0.07631172194582363,0.39103944156185594,0.23789603480993077,0.5801751797667011,0.478691407044962,0.7577851938615285,0.8157528943185031,0.8687356829384122,1.2248553380291594,0.9358045053125864,1.677323632336643,0.97117148355983,2.1554945203122067,0.9686814514853502,2.642119821484885,0.9295721673384534,3.1180140522566138,0.8633257796354917,3.5672220483874666,0.7723795900673117,3.9772781362784224,0.6526563826276526,4.334720832178543,0.5115585981930597,4.626314115771633,0.36267935801215917,4.84511511566527,0.20360990581562852,4.987303172693341,0.029820818621799413,5.046170681760429,-0.1501913636760238,5.016098069270318,-0.3284616821513337,4.896333677390935,-0.5052937410707774,4.687851401389404,-0.677122074761116,4.391785504521292,-0.828826407675582,4.014125862442818,-0.9530241676155248,3.5676925484233166,-1.0585165094908615,3.0640573696466387,-1.1338795126354246,2.514080935057675,-1.151696887452403,1.9399123196282335,-1.1010096730160335,1.3738228874404375,-0.9755621124023737,0.8512804952352789,-0.7583217652671983,0.4135497375798057,-0.431327015483522,0.11136719170091708,0.0005639468032817497,1.3930255489091968e-05,0.48335824543726486,0.12062811525016817,0.9337404034129523,0.47770413805999346,1.3084350204613056,1.0413605430748245,1.6208307078741984,1.775826550812816,1.8807821576122543,2.65361722535889,2.0755861730761564,3.645683977001142,2.1989295832212994,4.7172211865749265,2.2551915230738167,5.833461965269333,2.2465150994538643,6.961598361786913,2.1736560468355686,8.069259381279197,2.0393416077324233,9.125026975715155,1.8460258621554804,10.098723867962512,1.6025818071921711,10.962657568368394,1.3220801200866656,11.695215436954488,1.0067602713384738,12.278952482788041,0.6572040948631206,12.69615979995789,0.28744835986897094,12.932809313782242,-0.09009784070572148,12.982389432037834,-0.47361440175093156,12.84169419810724,-0.8591186823247353,12.508395624217723,-1.2365448731169768,11.983957900190152,-1.6004409920564262,11.27414724395204,-1.9509383229512791,10.38571939619314,-2.285194115806905,9.325914586491482,-2.599445876884605,8.10385721834162,-2.887602611132678,6.730751408629633,-3.139385388501778,5.222503583996391,-3.372083748915907,3.594686377578834,-3.608575269651883,1.8490916369807777,-3.75432402048334,-7.164478695860671e-05
154,4,-0.9954080534270834,2.2742815597361115,-0.9954080534270834,2.2742815597361115,0,-0.9786940886519525,2.2801243747359528,5.054872865418837,5.012664208504815,7.47363522839995,9.099087787123498,-2.9037959260669528e-06,1.675131609484954e-05,0.2671265716154906,0.07887880676124512,0.4040456808891303,0.2458630268956607,0.5992156349727517,0.4946133681389148,0.7821959087844256,0.8426353856851798,0.8960361708069124,1.2647575397408721,0.9643250945813052,1.731233329683097,0.9997010749329173,2.223719079886324,0.9958994397195852,2.724336774615214,0.9543024688322675,3.2132588731240954,0.8847812842262671,3.6740398303655932,0.7899357391874148,4.093875909060797,0.6656648256641021,4.458984265292174,0.5196697317541902,4.755860748382968,0.36597585636346897,4.977507235817369,0.20214671533162165,5.120155537631051,0.023577001385708715,5.177093568939927,-0.1609854238896479,5.142745533755829,-0.3433695040899245,5.01653690365908,-0.5238924739933579,4.79966091661913,-0.6989165646807524,4.49347063917585,-0.853010094237146,4.10427659036472,-0.9786940886519525,3.6453477228604694,-1.0850307647308979,3.1286415839404595,-1.1604250068021835,2.5653554093340483,-1.1770192198302252,1.978163408751159,-1.1238100643723323,1.3999919715444182,-0.9946155125076592,0.8669339888328562,-0.7723045666379265,0.42088614605532887,-0.43884481055833996,0.11327242668021593,0.000573232704664914,1.4160042988665382e-05,0.4909100197727719,0.12254719373578829,0.9475606674232481,0.48503833685510006,1.3267893457950033,1.0568047789324384,1.6424176652932834,1.8012996629822515,1.9046259875043052,2.6904882672233486,2.100687471131781,3.6948334610338214,2.224339948943163,4.779034700861898,2.2801243747359528,5.90789132495543,2.270277275778665,7.048229473264409,2.1955997116611132,8.16734281183954,2.0588664848404634,9.233501983754257,1.862560370211714,10.216236401918735,1.6156560593520168,11.087588281969607,1.3313762453003648,11.82575027285488,1.0119854471645287,12.413130635328075,0.6580857734661609,12.831872973190677,0.28391128621565537,13.06785680753915,-0.09794362911645313,13.114584762448837,-0.4855901454645998,12.968925375981112,-0.8749435768166608,12.628661489006278,-1.2557703169195058,12.095439435827418,-1.622513813749109,11.375280345379693,-1.9752700749316987,10.475225921044885,-2.311141754765083,9.402823219986162,-2.626322106425865,8.16753075570096,-2.9146805416315504,6.7809046306076315,-3.165901404708489,5.259228157954161,-3.3974716363399655,3.6184184443295,-3.6324535334539605,1.860487257496975,-3.775789341212576,-7.205441673261077e-05
155,4,-0.9732294443125,2.2446811530208333,-0.9732294443125,2.2446811530208333,0,-0.9555100138299544,2.3167704732251555,5.06570970990707,5.014636354146983,7.307115745435164,8.980660630167554,-2.7611984230407167e-06,1.595010405314907e-05,0.25445265743127315,0.07512208760451222,0.385232536902048,0.23425639172481447,0.5720531867924514,0.4715805120608503,0.7480793548554522,0.8041204680676057,0.8590670324302315,1.2083168634908346,0.9274189301696788,1.6562281082598118,0.9650552919944346,2.1307337839730485,0.9657300935466921,2.615058761190236,0.9304103701131824,3.0904067751695825,0.8681954324247968,3.541038843217108,0.7812161924325827,3.9545295735496104,0.66511521822698,4.31731735694477,0.526960084735238,4.615910441577313,0.38010655030191326,4.842959414491702,0.2220339557284182,4.9941554948991325,0.04810093484046572,5.062248369584262,-0.13322738193961248,5.041034344853879,-0.3139007992118378,4.929194235114982,-0.4941194965658263,4.7271844093093085,-0.6701541725439938,4.435682359479599,-0.8265295412824556,4.0603491091396196,-0.9555100138299544,3.613869836379233,-1.065773312301987,3.107794856851254,-1.1455220256563698,2.5530632111579146,-1.1666524614280722,1.9721881143139526,-1.117741737054782,1.3981063747886977,-0.9921831219819476,0.8671374200680297,-0.7724153548018889,0.4216146105704477,-0.4399136634024153,0.11362931688823007,0.0005758522630836403,1.422382582800162e-05,0.4940661639575586,0.12325774313146128,0.9553841300715155,0.4884481233601399,1.3400281897398698,1.0654607865428793,1.6613858726095727,1.8180002285214798,1.92928578060087,2.7181077713206525,2.1304641141678347,3.7360973865126095,2.258198262352504,4.836256960128403,2.3167704732251555,5.982797704124331,2.308228363191791,7.141850359759209,2.2332526902887175,8.279932314938744,2.0946107725591476,9.364507222052724,1.8948506991683123,10.364311594226201,1.6431811722555052,11.25066432868419,1.3531803118411265,12.001192541227642,1.027317454833782,12.597885848045966,0.6663787421312639,13.02255096397212,0.2849977302206335,13.260877545558204,-0.10388283651864474,13.306380816138685,-0.49822905808315276,13.156061027804885,-0.8938072952447245,12.807897247472393,-1.280177990274011,12.263825642043415,-1.6516894463268839,11.530238519946233,-2.008453234807711,10.614562890581793,-2.3475647180174346,9.52472629852895,-2.6652173793398126,8.270572735600416,-2.9552687147710657,6.86404162631458,-3.2073600848708583,5.32182145013381,-3.439279346956993,3.660184898187839,-3.6744074512566693,1.8812985822142807,-3.816694269017178,-7.283501757470793e-05
156,4,-0.9278508685277777,2.2522393829166667,-0.9278508685277777,2.2522393829166667,0,-0.9593897685479925,2.2742273267918347,5.065965550104225,5.0213094434037195,6.966408312506843,9.010900068658817,-3.02988457826452e-06,1.690549438421791e-05,0.26839605408563677,0.07938084605531615,0.4043002883077034,0.246779521768466,0.5976427731391388,0.49524379138254243,0.7777117123046001,0.8417907707086634,0.8880585295779656,1.260807840986063,0.9528041548813284,1.722404183187881,0.9849037943967397,2.2082924053195714,0.9784368905072709,2.700812585300629,0.935064029127019,3.1805190508283454,0.8647670890375839,3.6314439858598107,0.77022980381181,4.041302043989943,0.6474670321228299,4.396883900148226,0.5040745618333028,4.685273157208702,0.35376769637003797,4.8999406816811755,0.19399091032198604,5.037470468727081,0.02004705197129496,5.091468729422771,-0.15965820024947544,5.056568997704842,-0.3373039482453595,4.932218205054834,-0.5133925012539193,4.719499581235263,-0.6845123548659774,4.419564887566168,-0.8356158369704689,4.038365813205631,-0.9593897685479925,3.5886533556127613,-1.0647253945370447,3.0818862001688103,-1.1401436491510208,2.528796587814503,-1.1580323592446777,1.9514746654219992,-1.1072561649959392,1.3822297524826395,-0.9813743247949506,0.856653341198643,-0.7630922945042615,0.4162455458883266,-0.4341829044341645,0.11211598135353325,0.0005678492296456776,1.4026530131857764e-05,0.48681265882744246,0.12148129018768403,0.9405927210596761,0.4811480431277312,1.3182595748395385,1.0489920744261578,1.63326221282697,1.7890345266230863,1.8955108770277196,2.673629790501243,2.0922044629507504,3.673552250405161,2.2169778323256146,4.753774969507113,2.2742273267918347,5.879305016243027,2.26608696559899,7.017112825332199,2.1932823360684957,8.134593935643835,2.0585145008370693,9.200083241664766,1.8642021898922443,10.18314048521249,1.6192284015585494,11.055800944768858,1.336713466379097,11.79619863026382,1.0188774738442499,12.386645486015514,0.6662810986685691,12.80917187759082,0.293065793513944,13.049509402241389,-0.08823985847395521,13.1009695116942,-0.47576291129409154,12.960210838579592,-0.8654349812107349,12.624799801042414,-1.2470365420878524,12.096157230282836,-1.6149920543010048,11.380079455590026,-1.969358235109671,10.483399163987045,-2.307194367801711,9.41347499385967,-2.624638163564745,8.17960149248141,-2.9154879289296196,6.793202166021074,-3.1693309083970203,5.270469850807236,-3.403593707048932,3.627275505537143,-3.6413450295139493,1.865592463160182,-3.7872098594496952,-7.227235684999334e-05
157,4,-0.9214647909166666,2.246586915527778,-0.9214647909166666,2.246586915527778,0,-0.9224483808465502,2.269904607849806,5.0619404336621185,5.018335563953538,6.918460926064292,8.988285323899015,-2.728000107775542e-06,1.554242215913935e-05,0.24750587492948456,0.07311831381519882,0.3741118151576639,0.22776988691372793,0.5548809696035909,0.45809133925431916,0.7248844314172832,0.7804754863157549,0.8316560849384267,1.1719490848526382,0.8971237472487464,1.6053904720925765,0.9329388893041307,2.0642446647185975,0.9330851840906796,2.5323222590113597,0.8985149140610231,2.991487641239167,0.8380433007149243,3.4265709779729137,0.7537222071583588,3.825609060819086,0.6413189677792993,4.1755313147924875,0.5076801891325267,4.463331943126233,0.36574593398014604,4.68195654884083,0.21307283702735938,4.8272961161785926,0.04516577696198347,4.892392032609799,-0.1297835084781251,4.871298447721165,-0.3040037792147914,4.762792164861248,-0.47772700954146674,4.567353445546673,-0.6473954700029014,4.28565425392686,-0.7981044723976465,3.9231589187488654,-0.9224483808465502,3.4920901395803248,-1.0288887573844123,3.0035359913228916,-1.1060691172594728,2.467962745307105,-1.1268331141792087,1.9070100344660164,-1.0800976551179622,1.3524005056511434,-0.9593618718654829,0.8391643606072855,-0.7474313586191345,0.4082272180132377,-0.4260603537652853,0.11008696100496153,0.0005582903636509398,1.3789564684328107e-05,0.4795068185298038,0.1195809723493205,0.9283383588851505,0.4742409893534325,1.3037557455767548,1.035293740936785,1.6185524246765948,1.7679625514086643,1.8820823137086466,2.645467939133931,2.0812232598953626,3.6392471250991028,2.209184199311088,4.7147554422106674,2.269904607849806,5.837252685156304,2.265175673755524,6.973760171420257,2.195475772018133,8.091578777754226,2.063337486406013,9.158844336812548,1.871092393266283,10.144854288151183,1.6275983620693333,11.021353940845051,1.3460153096466434,11.766190836710665,1.0286428805159125,12.361422333947033,0.6761205705219636,12.78886452913172,0.30267241858381855,13.034074578931792,-0.0790952615908769,13.090230792253141,-0.4672614662141726,12.95389054985029,-0.857732204028694,12.62253664729455,-1.2402734514275342,12.097516333813637,-1.6093145416304606,11.384555193565381,-1.9649347092780458,10.490407691552106,-2.3042155403382854,9.42234245400589,-2.6233132841130056,8.18955393075611,-2.916033037058271,6.803358291236338,-3.1719466644765895,5.279844009649263,-3.4085094397741806,3.6347780692502423,-3.648839904897984,1.8700026988573473,-3.7973042685717306,-7.246499036689185e-05
158,4,-0.9086762108263888,2.252077713576389,-0.9086762108263888,2.252077713576389,0,-0.9546626408405393,2.2667125760419222,5.055002282987271,5.016377791739828,6.822442833428963,9.010253251859297,-3.11262367372976e-06,1.7105309677646366e-05,0.2709992396592085,0.08021229589896589,0.4073973121715662,0.24904786320500466,0.6012190328871257,0.49918907579722316,0.7810731694313526,0.8475127902968164,0.8903258258686213,1.2679646480123166,0.9535274072186459,1.7303203471543107,0.9838779175036908,2.2161388572085072,0.9755858775876325,2.7076898323328606,0.9304757130168125,3.185529228012694,0.858680602999263,3.6337731521488306,0.762982158286693,4.040281928036901,0.6394797383403422,4.392035727278646,0.4958322310042616,4.676347039283194,0.3457486021158002,4.8869298971697726,0.18665644552896263,5.020602014675714,0.01384860540431551,5.071199183667299,-0.16434314177497028,5.033565233732261,-0.34020701112926466,4.907308207807515,-0.514330388557284,4.693623406263117,-0.6834085797891704,4.393730332705448,-0.8325773497917583,4.013575386858938,-0.9546626408405393,3.5658151512657783,-1.0585680074273032,3.061780759367832,-1.1329362693692684,2.5120531153493597,-1.1503671767746049,1.9384767367761233,-1.0997933762216985,1.3730410674973574,-0.9747719452322058,0.8510088945827907,-0.7580434484352002,0.41354358785294804,-0.43138867577391315,0.11140265348424806,0.000564327164662576,1.3939419454961484e-05,0.48391371934094046,0.12074728025322232,0.9352583165496398,0.47832771278348796,1.3111976783930626,1.043044074176181,1.6250714230311765,1.779251601067652,1.886703089245066,2.659575435911205,2.083324366489741,3.6550527746655694,2.2085548201224725,4.730929157988141,2.2667125760419222,5.852457585811318,2.259862195693594,6.986815870507731,2.1886622417067443,8.10157430485975,2.055733086052565,9.165205143033612,1.8634106299978548,10.147364837670537,1.6204669902005822,11.020138108338129,1.3399027498941054,11.761647935020799,1.0238683127163688,12.354147042844936,0.6728607489995423,12.779576881684624,0.30092271157112793,13.023538459801957,-0.07948744996503138,13.079167502002877,-0.4665216300777762,12.942924557990688,-0.8561315912944183,12.612167928079627,-1.2381116239381567,12.088100709436063,-1.6068708819583293,11.376301523028097,-1.962432671262084,10.483398500942032,-2.3018181334734864,9.41656360074695,-2.621116742292533,8.18492610282354,-2.9140668603544557,6.799771129546223,-3.1701772725929445,5.277187779924007,-3.40682194517758,3.6329795847645183,-3.6470654154448936,1.8690626490253475,-3.795300437789412,-7.242675081566405e-05
159,4,-0.88982935125,2.294217035145833,-0.88982935125,2.294217035145833,0,-0.9618235971460947,2.335734069426678,5.075151518409859,5.0238560430659485,6.680938499412516,9.178846882937538,-2.8500287460513714e-06,1.6318732745022694e-05,0.2600138278906918,0.07679924473426435,0.3931272921183005,0.23929525061357304,0.5830389541252813,0.48132011152226317,0.7613623783075124,0.82000204233845,0.8728565840035579,1.2310308257659692,0.9405530675533809,1.6857088671929237,0.9767541079281022,2.1664537560954886,0.9752899828874366,2.6561197033377058,0.9373590920215823,3.1356072559136967,0.8723915541593582,3.5890259917148604,0.7827073944243438,4.0039348020788275,0.6640444468539649,4.366818651010883,0.5236656057476252,4.664301325191502,0.3750962820471663,4.889252475326673,0.21577784443810138,5.0376143960964255,0.04100687807951935,5.102352769024258,-0.14075007295422062,5.077467827203885,-0.32149438166783306,4.961836016531647,-0.5015447159990774,4.756064031270507,-0.6772717432056846,4.460921771798906,-0.8332510685090359,4.08212605742503,-0.9618235971460947,3.6323901291913465,-1.0717816756037128,3.123240276672848,-1.1513280551275968,2.565557287859187,-1.1722524589495558,1.9818284037243736,-1.1230419777653846,1.4050159400617046,-0.9969758413592934,0.8715115023024108,-0.7762906309805713,0.42379953964811157,-0.44222605519960206,0.11423631869849907,0.0005790291149060248,1.430217900793385e-05,0.4969074762414106,0.1239567842347974,0.9611039542770529,0.49129487478169304,1.34838466851656,1.0718369057526609,1.672201649286541,1.82917423965598,1.94244105639829,2.73528065737587,2.1457691062161213,3.7603946393422487,2.2754315534000384,4.868697558096385,2.335734069426678,6.024295500087745,2.3287196718061156,7.193220956366966,2.2550353744599065,8.341882057911894,2.1173999831695283,9.437613281039496,1.91828217322551,10.44898974052442,1.6668228046999312,11.34712966033926,1.3765444024013083,12.109431604975093,1.0497840260206703,12.717612167040542,0.6871733103512566,13.153126678222797,0.3032993619444057,13.401261463447275,-0.08891218446554269,13.455118959479911,-0.48749663021500345,13.311264084447044,-0.888242171251552,12.967212210803973,-1.2806232782510367,12.424453328374248,-1.6588952618642014,11.6889834975183,-2.023107258151536,10.767869658291987,-2.3702313795776493,9.668722968553565,-2.696295743070921,8.401146169224823,-2.9949279423546744,6.976930448342181,-3.2554344531647557,5.412766169351389,-3.4957213610997804,3.7250105269231386,-3.7394778883788207,1.9157452889159003,-3.8887641798097228,-7.42103457889155e-05
160,4,-0.9238106496944444,2.4008888850416668,-0.9238106496944444,2.4008888850416668,0,-0.9457448466092337,2.280281962903458,5.057119026346298,5.017388679927536,6.936073896686832,9.605626286068992,-3.332402147039886e-06,1.7592666130766182e-05,0.27711587438841917,0.08219675136106074,0.4142894699780473,0.2543199168076045,0.6086270737791686,0.508067222769968,0.7872230358971386,0.8598790991772677,0.8933270647366499,1.2826709503788127,0.9526849885036724,1.7455767792497003,0.9791662783767948,2.2299998195097896,0.967353549712466,2.718292489513339,0.9194261379469453,3.1912759806220548,0.8457396848472132,3.6334815178198525,0.7491459305525062,4.033253898730519,0.625762282876034,4.378077371788279,0.48317169865829235,4.6557589039145615,0.3348782801653839,4.860432772667132,0.17814497108342972,4.98923805834564,0.008129856396108807,5.036263643296063,-0.16706148081770159,4.996517130185742,-0.3399452807562626,4.869650306084026,-0.5112533540520918,4.656809609797574,-0.6778286444122462,4.3590979538536025,-0.8250162650711701,3.9822539501669043,-0.9457448466092337,3.5386383995697925,-1.0488558270856991,3.039284528952537,-1.1230528508152193,2.49448512361403,-1.1410485918099245,1.9257397968901189,-1.091700593370126,1.3646811458211974,-0.9684108865261749,0.8462806183029338,-0.7537756340898413,0.41148408431359806,-0.4293644371727189,0.11091622651339197,0.0005622469399743374,1.3887579268658554e-05,0.48260900261782697,0.12038005259608467,0.9337564512695784,0.47720965028855417,1.310612775940838,1.041361952497074,1.6263074507882294,1.7776988485040741,1.8904795295151202,2.659249350197562,2.09016766131482,3.6573645948313978,2.21874506198359,4.7374929946837305,2.280281962903458,5.864964956144027,2.276604530372232,7.006914721501636,2.208139943472784,8.130750904377834,2.077301225022207,9.204674130764767,1.8862415154823804,10.197971214348453,1.6436234808898578,11.08228113842975,1.3624277139027627,11.83525151796544,1.044767003852566,12.438649296584625,0.6911177071759166,12.87390876385748,0.3156565510993859,13.126150528478,-0.06897600544411231,13.188117234100867,-0.46081146017708347,13.055951317932974,-0.8556442252812543,12.726756973829946,-1.2430323320169074,12.201584268663247,-1.6171875931156137,11.485972374078852,-1.9780032606633788,10.586588786292173,-2.3223526574731768,9.510712266376812,-2.64618485751115,8.267653690466553,-2.943094595031913,6.868946768867977,-3.2024296619472854,5.331012355321391,-3.4417306780993697,3.6699990142867764,-3.6842914884675193,1.8880276741284,-3.833535703677717,-7.31564050289334e-05
161,4,-0.9363819803819445,2.2894825620763886,-0.9363819803819445,2.2894825620763886,0,-0.9634883196692509,2.284694840474882,5.08656717838363,5.016696588127329,7.030460856457244,9.159904907217678,-3.127497850361074e-06,1.724475558991454e-05,0.2733029301714343,0.0808852764552648,0.4109376206611009,0.251175582484699,0.6064477941385288,0.5034947504440987,0.787786026633021,0.854831062885371,0.8978531408927891,1.2788669446478933,0.9614547912334533,1.7450982485185182,0.9919477488840109,2.2349265532649496,0.9835422324624317,2.7304944816044197,0.9381053079534237,3.21223748988472,0.865843902477296,3.664184663797479,0.7695377178888674,4.0741303789582455,0.6452230755443319,4.428968177376934,0.5005689334651481,4.715905965655431,0.34934521688641873,4.928577667230066,0.18893930872019724,5.063728639731422,0.01459841629493938,5.1150924038732954,-0.1652756369388524,5.0774167335248395,-0.34288251132239805,4.950259260444512,-0.5187737859923778,4.7347950336165825,-0.6895712297162386,4.4322453175427805,-0.8402354317330548,4.048622049374005,-0.9634883196692509,3.5967280880200008,-1.0682855327164265,3.0880463911090916,-1.1431654626241712,2.533311036164294,-1.1605122893033353,1.954613896697037,-1.1092167387269647,1.384260454254549,-0.9828575330967969,0.857824771868486,-0.7641234620871499,0.416788650437941,-0.43474008698942795,0.11225980055107142,0.0005685905775415166,1.4044812748185633e-05,0.4875000172245813,0.12164752253064429,0.9421089508072322,0.4818590755459487,1.320770213455868,1.050701823760237,1.6369921793036861,1.7922938925435605,1.9007116087599591,2.6791119430228445,2.0990750097414668,3.6820456709062417,2.2256329748957127,4.76614676694667,2.284694840474882,5.896458360797079,2.278285765312911,7.039938732816076,2.207005576600534,8.163911557421617,2.073431249582796,9.236577283980818,1.879858571214822,10.227298956322748,1.6350903941425288,11.107861958737628,1.352219099799385,11.856125714745325,1.0334072125646032,12.454108943123373,0.679164038868,12.883516032399593,0.30369296755776637,13.129754154365028,-0.08038426387338383,13.185855295630512,-0.47114908793920685,13.048232593727425,-0.8644561973054473,12.714233375019496,-1.249943445207341,12.185116186525256,-1.6219145420140921,11.466584815271405,-1.9803485645994725,10.565426679594731,-2.3222041883308653,9.488998085401654,-2.6435140391952507,8.246644783238855,-2.937957491800088,6.849894235846405,-3.194975499909179,5.315115104786242,-3.432108369135471,3.6583751171380294,-3.6725985883859575,1.8817387403287693,-3.8202159304245207,-7.290222054556869e-05
162,4,-0.9405132817291667,2.291472731361111,-0.9405132817291667,2.291472731361111,0,-0.9706678255862613,2.311136555101128,5.079409482413412,5.015611645658831,7.0614791299998725,9.167867300860363,-3.0272826541765502e-06,1.697233902104518e-05,0.26962032968162025,0.0797256445067152,0.40638235879959594,0.24794153115939457,0.6010022939486676,0.49774954807449323,0.7824564986409308,0.8463286611094543,0.894011021356771,1.2680261540515352,0.959891976178827,1.7328832807453842,0.9931001272630582,2.2225948420845505,0.9876392429525062,2.71947079798153,0.9450999500163579,3.2039948606081166,0.8754224050924709,3.660102732709514,0.7812022396020591,4.075383217180913,0.6583162917458115,4.436441104638496,0.5143124621795653,4.730121424209422,0.36295554335890606,4.9496635045313235,0.201647982824264,5.091426582676504,0.02564050421945838,5.148758673762731,-0.15655983349607264,5.116046457089952,-0.33699147256647277,4.992558658431674,-0.5160864558940922,4.779252485284863,-0.6903124238318712,4.477193569813474,-0.8443412088752612,4.092349207000108,-0.9706678255862613,3.637620943915211,-1.0782317549440887,3.12464357384455,-1.1553513341353685,2.5643439715450844,-1.1739915817216147,1.9791847645828156,-1.1228409389352996,1.4020060498088758,-0.9953746801129743,0.8689792178021953,-0.7740728763536152,0.4222605655565398,-0.44046856000588025,0.11374206445931878,0.0005761168993503098,1.4230711991349214e-05,0.49394589002648076,0.12325720197854488,0.9544944254128044,0.4882182914126986,1.3379565331236007,1.0645017671554233,1.6579854247350572,1.815674617299154,1.924635987653921,2.713761257485152,2.124894627030347,3.7291771114040086,2.252257935265914,4.82643302556464,2.311136555101128,5.970050316580813,2.3036381092925615,7.126515748724712,2.2304348519876878,8.26271662832012,2.094204943573622,9.346461676564887,1.8973421307398428,10.346771449795375,1.6488204469758543,11.235152283007665,1.3619406054837773,11.989286845838311,1.0389340156732285,12.59108995178573,0.6803554490488702,13.02217932683566,0.3005962272621952,13.267934786882913,-0.08756993134176609,13.32145597260525,-0.4821981032220254,13.179264924407859,-0.87909765989356,12.838829742390544,-1.2678067109574147,12.30156926575597,-1.6425864967519102,11.57338719161736,-2.003432739019746,10.66127358938584,-2.3472938089428643,9.57278410559343,-2.6701880994246094,8.317472246106313,-2.9657661915962357,6.907080653646326,-3.2234149937176113,5.358219490940194,-3.4608559984540546,3.6871767031688654,-3.7015301884093748,1.896110642650389,-3.8485024673041885,-7.344202087284194e-05
163,4,-0.9639667193680554,2.2611489593819445,-0.9639667193680554,2.2611489593819445,0,-0.955477389345573,2.3281260062322224,5.052521949306695,5.015893158317645,7.23757016840528,9.046546058952584,-3.023140516531165e-06,1.674549860399534e-05,0.26560252709252685,0.07858076773032435,0.3998336032471335,0.24417425924308414,0.5908518452969094,0.48984736168597853,0.7688009687714282,0.8324317050106333,0.8781033209320224,1.2466866450164849,0.9427679425163865,1.7032493335483352,0.9756559729992531,2.1842787548735956,0.9709079750736203,2.672566334768555,0.9300684107429629,3.149113347647009,0.8628321544958072,3.5982894834015675,0.7716515977222141,4.00801028621226,0.6523572072795676,4.365170895157541,0.5122227846757865,4.656836639562649,0.3646415353679217,4.876285526765191,0.20694176121008798,5.019799816325076,0.03432638207699845,5.080640110402589,-0.14494520079222994,5.053027833392362,-0.3231047387221695,4.935944194069251,-0.5006261071788817,4.730004473434337,-0.6740478341486532,4.43591188891249,-0.8281805323027297,4.05921323018743,-0.955477389345573,3.612354160369145,-1.0646662763435681,3.106590407263796,-1.1440047187451696,2.5525434010853028,-1.165360668491477,1.9723937640363254,-1.1170991545846702,1.3988073939661478,-0.9923179946804269,0.8679640621431168,-0.7731213460249933,0.422215005623124,-0.4406412521041647,0.11384226184476831,0.0005771661030744895,1.4256032418428433e-05,0.49540004116186637,0.12357445784235313,0.9582364544526899,0.4898119883349779,1.3443040301766613,1.068612135099332,1.666985037006359,1.8236231065823751,1.936166625868961,2.726851367033155,2.138651247734617,3.7486048039889375,2.2678355755803383,4.853211664759769,2.3281260062322224,6.0049873885903935,2.321649456518129,7.170218806705492,2.249106467361113,8.31560470442352,2.1132098594359388,9.408782003516485,1.9163713232457862,10.418612918122683,1.6675818721548654,11.316453131919278,1.380147588249099,12.079842427563422,1.0562372914665772,12.690539813965046,0.6963095821979531,13.129963570930041,0.31470286448945656,13.383255719658031,-0.0758600963247651,13.443255638432877,-0.47352678115999774,13.306188604426591,-0.8741774079816012,12.969181488290884,-1.2673526582370245,12.4332939704205,-1.64730450459693,11.704075535673203,-2.014034036675771,10.788161380701954,-2.3644463073041213,9.692759605812046,-2.6944743140965013,8.427110254512355,-2.997618170504368,7.0026967696593925,-3.2630062659907804,5.435978746781216,-3.5084506473985075,3.7431605401207872,-3.75767134988186,1.926174112780347,-3.9120938006181336,-7.465554975603991e-05
164,4,-0.9445591527152778,2.2453501588819447,-0.9445591527152778,2.2453501588819447,0,-0.9511599121976961,2.307564201053476,5.073321213427336,5.026119821945368,7.09185598281642,8.98333723062377,-2.997687567670034e-06,1.6644914320214028e-05,0.2640828861610288,0.07812362019144149,0.3976207872869677,0.24278766925510917,0.5876532127416353,0.48711727243854586,0.7647345031095085,0.827868924282313,0.8735678594648754,1.2399593604601433,0.9380021006616243,1.694189948562092,0.9708066409402335,2.172809610772588,0.9661132877395829,2.6586810075232306,0.925416921732994,3.1328644187049886,0.8583418637880131,3.579755347168731,0.7673148583867706,3.987269560707881,0.6481754292779832,4.342300406926945,0.508191917770507,4.631913441854234,0.36076193804502515,4.849383792460075,0.20327838952510222,4.99100775585146,0.031026887525190415,5.0500998323202415,-0.14767876112359885,5.020969993957272,-0.3250231626919228,4.902711756354481,-0.5014192156350002,4.696080044487632,-0.6733752124478831,4.401943737395479,-0.8257714083823442,4.026006841685583,-0.9511599121976961,3.5808229320149425,-1.0582913915064744,3.0777273809994385,-1.135602636005772,2.5273836605205764,-1.1553641617401156,1.951859988144189,-1.1062852665894072,1.3835143360690343,-0.9817647610225377,0.8580652492010552,-0.7642970201966023,0.41723035626173943,-0.43536104032907325,0.11246306978642764,0.0005700572737633988,1.4080537642600154e-05,0.48926549226402494,0.12204465531227833,0.9465234308080992,0.48377293314934916,1.3283341721314832,1.0555954753346704,1.6479860581022663,1.8018182683688477,1.915231060277155,2.6950163968945993,2.11691236690126,3.706054596196159,2.2463082701066077,4.799807837024753,2.307564201053476,5.941035192839228,2.302573371206829,7.096339721773219,2.2318337978600473,8.232629310609166,2.0978780186900674,9.31765275603554,1.9029915463093223,10.320307477656984,1.6560650541778652,11.211929026097735,1.3703553502239787,11.969996345179055,1.0480939957512814,12.576210615110956,0.6898452501816699,13.01197953127461,0.31001868060656046,13.262478908010351,-0.07857372100081193,13.320618828243623,-0.4739476617775252,13.182752038886896,-0.8718773586701417,12.846195597197829,-1.261861059716606,12.312235953410056,-1.638124369189894,11.586663976402962,-2.0006394891450974,10.676371498337097,-2.346331692054708,9.588827093634226,-2.6711955719416767,8.333509190164365,-2.9688513236908434,6.922097961860084,-3.228639043937505,5.371161502309618,-3.468300393869724,3.696956961179583,-3.7113332273220796,1.9015832239074535,-3.860498260235961,-7.367093921358946e-05
165,4,-0.9110152297518248,2.2604476700547442,-0.9110152297518248,2.2604476700547442,0,-0.9497718068020047,2.301345923490735,5.074161232011549,5.018059980100585,6.840004449673525,9.043740296787805,-3.1772246380070215e-06,1.7080447359853066e-05,0.2697968387973872,0.0799418257378722,0.4045824030352199,0.24779340016289372,0.5960759602817656,0.49597469052435506,0.7734400767442826,0.841086962043953,0.8809320943213667,1.2572442307560463,0.9432760119136075,1.7146514591671653,0.9736952710390949,2.195320931106323,0.9664608489060602,2.682004416272596,0.923273746432031,3.1557315784499114,0.8539794544313881,3.6009816685145473,0.761109031458672,4.005837265663931,0.6405553719094342,4.357391978493858,0.4996845479080838,4.642949238203326,0.3519417427607731,4.856064464193542,0.19466987081927464,4.993310585939066,0.023109316093923873,5.048251894713989,-0.15447783642340238,5.015426855215412,-0.3303744869826564,4.894119634302056,-0.5051018849350035,4.685222374878385,-0.6752806860125552,4.389687327162291,-0.8259419762100896,4.01323662245749,-0.9497718068020047,3.568365855852441,-1.0555696432308546,3.0663081318117493,-1.1318615968302441,2.517596368793065,-1.151054921310774,1.944105853223185,-1.1019017614536895,1.3779536521105713,-0.9777876083776424,0.8546147019422736,-0.7612095283322312,0.41556620470580663,-0.43363465039955423,0.11202095680739155,0.0005678594128970755,1.4026197063899174e-05,0.48743473999441195,0.12158317026598307,0.9430960907929462,0.4819819887642545,1.3236902385964169,1.0517714519261727,1.6424381891373028,1.7954351842740275,1.909045360359169,2.6856882145399057,2.1103965770444564,3.693537343897748,2.2397891584862966,4.784018603791569,2.301345923490735,5.922049448826164,2.296939829732177,7.074379547519918,2.2270448284444115,8.208053461864452,2.0941522386830314,9.290940049198966,1.900497803339982,10.292034180550793,1.654894260481976,11.182737849688172,1.3705078434938713,11.940551999637396,1.0495188783088523,12.547163394640426,0.69244850483818,12.983944661649629,0.31363459523802545,13.236007142595977,-0.07415892978660532,13.296163962233846,-0.4689542477406638,13.160658367359451,-0.8665274100154206,12.826697156086423,-1.2563788006164667,12.295454712904842,-1.632715291081345,11.57261345828957,-1.995476358338644,10.664970589647796,-2.341558410120527,9.579915713034897,-2.66692742684019,8.326862356520921,-2.965177140579309,6.917439966006696,-3.225623141294763,5.368177989049018,-3.465966889625643,3.695310938435911,-3.709683441625227,1.9009333372057557,-3.8595534194814984,-7.365290829775662e-05
166,4,-0.8968277360659722,2.2888883443541665,-0.8968277360659722,2.2888883443541665,0,-0.9080847232800117,2.295527013032566,5.065324132355151,5.015274459258518,6.733483156975287,9.157527523821145,-3.2627844663434436e-06,1.6729723002854745e-05,0.26250161398388905,0.07796682360908984,0.3913549071934899,0.24075112991059197,0.5741867544837703,0.4802621672487078,0.7424333232703568,0.8120842722536427,0.8430739971030989,1.2109227563503393,0.9007321121849102,1.6481486997012815,0.9285177750020209,2.10679372138449,0.9211161693724543,2.5707385487250045,0.8802162411684212,3.022271997218427,0.8151764860040278,3.4469844861242023,0.7282424214238673,3.8338529922370665,0.6152398491545996,4.170801085855292,0.48295304108779874,4.445823910195465,0.34399830567130657,4.652770411181009,0.19557438376109093,4.788251547063311,0.032868077057027274,4.845867242153883,-0.13639661977269568,4.82003701165032,-0.3049474281117401,4.709650720104972,-0.4733828705865246,4.515084688070544,-0.6384967697053351,4.236735467542683,-0.7858015290253635,3.87959581838098,-0.9080847232800117,3.4552479502878057,-1.0136961967131357,2.9741328084920737,-1.0913091765160658,2.4461028988209055,-1.1137820191285601,1.8921515373375581,-1.0696988924616218,1.3434339676817684,-0.9520920948831585,0.8346253400223196,-0.7433003511572415,0.40652837399961805,-0.42454576627473883,0.10976562388255968,0.0005573695058475859,1.376601051301858e-05,0.47951640390610445,0.1195156542066701,0.9298915358367079,0.474508284540937,1.3080445128598817,1.036979942458834,1.6264336925594318,1.7726607334408149,1.8941703069900238,2.6551381709958584,2.0978547426478054,3.6560894765836056,2.230409130761207,4.7410651542174485,2.295527013032566,5.875287368957586,2.2947511425347273,7.025618320910335,2.228300541534488,8.159071489543335,2.0984623338242008,9.243369109231256,1.9073316684293287,10.24727372548746,1.663618466412322,11.141894868081259,1.3804472084496608,11.904402670845604,1.060038342792929,12.516153863388736,0.7029759397935867,12.958219452240062,0.3236671583183599,13.21544098670853,-0.06502025965596031,13.280404734815098,-0.46098947266560303,13.149184281649259,-0.8599051280488346,12.818874624542323,-1.2511618636978594,12.290592483355615,-1.6288705865182531,11.570013497332925,-1.9928931840030601,10.663971602741585,-2.3400651041681395,9.579927626332356,-2.666307505900074,8.327392846942503,-2.9651848136974808,6.918112833820434,-3.225998926134265,5.368744220892251,-3.4664616985769237,3.695649547411312,-3.710060508749696,1.9010441045523947,-3.8595852233114054,-7.365351537813253e-05
167,4,-0.9408918072916665,2.279901766118056,-0.9408918072916665,2.279901766118056,0,-0.9476349817607259,2.2964770628428317,5.066832954532001,5.025570120196673,7.064321142347481,9.12157346003068,-3.212579616940919e-06,1.708141665859965e-05,0.2693911820458549,0.07986665652257594,0.403427703376232,0.24733937378099205,0.5937934487715288,0.4946783188499984,0.7698498144394761,0.8383189967900755,0.8762912872140239,1.2524028950081094,0.937982668534069,1.7073092419087954,0.968203200631818,2.1852615845357364,0.9613007762988961,2.6692592642541744,0.9189537997563588,3.1405975500698986,0.8508777454766766,3.583979477152445,0.7594766621775872,3.987643188733213,0.6405310612780133,4.338781076794737,0.5012254996785268,4.624723795553959,0.3548230253883324,4.838956148451262,0.19859784887140866,4.977917428502639,0.027748602129975496,5.035015824369283,-0.14951637379585211,5.004607734784108,-0.32547788683657314,4.885780181279822,-0.5005996097662608,4.679244916475966,-0.6714313361703128,4.385806980830556,-0.8229184829650262,4.011079485808352,-0.9476349817607259,3.56749895631179,-1.0542789146841025,3.0662947517187007,-1.1312986496725244,2.5180398941211566,-1.15103069136937,1.944687149008743,-1.1021905482014798,1.3784592954500028,-0.9781729370186485,0.8549434760907638,-0.7615202568312203,0.4157152472088459,-0.4337805456968954,0.11205421586158877,0.0005679751416023537,1.4029123823299076e-05,0.4874569555824251,0.12159559997698643,0.9429578985390387,0.4819734847765785,1.323199356078809,1.0516135856265234,1.6414069416656136,1.7949045385383697,1.907290535345419,2.684468510614947,2.107747023416181,3.691223305894247,2.236093290210792,4.780124059436818,2.2964770628428317,5.916018371835933,2.2908061709345158,7.065600765913817,2.219602354844271,8.195881323840231,2.085417575552828,9.274721474575763,1.8905626660528616,10.271142628396325,1.6439311232880764,11.15661293132149,1.3587665925906902,11.908738874572636,1.0373390582955269,12.509353732173864,0.6802659772062086,12.940024609524254,0.30194705004990235,13.186098059140843,-0.08481679597284794,13.240645389400175,-0.4780052420066532,13.100187736749731,-0.8733736061186167,12.762227579371155,-1.2604503590466467,12.228232918366269,-1.6334833472484127,11.504160352855779,-1.9924447006289523,10.597063648924312,-2.334290446053413,9.514567144743136,-2.6550673579350663,8.26628276484354,-2.94848263691173,6.863992495496764,-3.2040207938082337,5.3243038114015935,-3.4393388502587667,3.663483721106711,-3.677757738620245,1.8837386839312187,-3.8230066595748498,-7.295547770626866e-05
168,4,-0.9626671529469026,2.2503223061061948,-0.9626671529469026,2.2503223061061948,0,-0.9498643671336073,2.2858466369806343,5.062870829242651,5.017387120760277,7.227812878062556,9.003230107954757,-3.422511782789591e-06,1.7722208365388156e-05,0.2784084940970863,0.08265886781858886,0.41531561805522504,0.255372431671964,0.6092861349487941,0.5095475947220114,0.7873054298831293,0.8615512561380457,0.892892347388574,1.284243949995209,0.9521143405121423,1.7468792555469883,0.9789303378760765,2.2310812830108753,0.9678757256478558,2.7194300539316085,0.9210012878587205,3.1929289907840563,0.8484920449720821,3.636214983377145,0.7530159380620786,4.037649399766404,0.6305052252568618,4.384639744918838,0.4884148438853693,4.664834579163431,0.34021076416443663,4.872169881270953,0.18312645702761737,5.003572780923378,0.01231085390085732,5.052906655499053,-0.16404542143299367,5.0149719000543,-0.3383359129081746,4.8892693462170715,-0.5111965615876334,4.6768493080115725,-0.6793523872843958,4.378768639903283,-0.8279702305233725,4.000795315683216,-0.9498643671336073,3.555400245746965,-1.053880977856724,3.0537488873532026,-1.1286398595925748,2.5062787369126283,-1.1467247400186962,1.9346969857471816,-1.0969986093475521,1.370876719751859,-0.9729201380025548,0.8500079360849069,-0.7571082501555878,0.41323507896100264,-0.4311595539934049,0.1113714591575287,0.0005644708546284194,1.394260292131904e-05,0.4844313670752225,0.12084174448868516,0.937131087177499,0.4789863716658595,1.3151445404660147,1.0451310733549728,1.631669705483782,1.7839532112962635,1.8963901488002448,2.668334352053354,2.096300371302951,3.6694749473469632,2.224753802671771,4.752652722455241,2.2858466369806343,5.883030773919968,2.2814288059416237,7.0275897316907265,2.2119527121371623,8.153595688808519,2.079871979848491,9.229123507050401,1.8873873563432042,10.223356052476952,1.6432417960865056,11.107859082404133,1.3605155044785284,11.860254500799492,1.0413810291857761,12.462324516795052,0.6863723722346483,12.895544470878745,0.30976708388645274,13.145116461837844,-0.07571460166149056,13.203912950360458,-0.4680693060170889,13.068233604017234,-0.8630598796161753,12.735355079595532,-1.2502164164446117,12.206516012805507,-1.6237540479567951,11.487450861094226,-1.9835908253653003,10.585014284808036,-2.3266297346977596,9.506658532527048,-2.648860486653476,8.261850657700702,-2.9439307422238894,6.86225721205143,-3.2012603856435407,5.324400791393616,-3.4384434832727195,3.664496924064663,-3.678776186089232,1.884722669753133,-3.825895725392482,-7.30106099041219e-05
169,4,-0.9531867347291667,2.3077553543611113,-0.9531867347291667,2.3077553543611113,0,-0.9452057423419662,2.3068710753956405,5.0676313002757105,5.02320050895198,7.15663283553819,9.233011836481904,-3.1486515252015102e-06,1.6751647463763918e-05,0.26430458802426643,0.07834204458225888,0.3961916613184124,0.24273113251004874,0.5839371627694172,0.4858011156155686,0.7584690684631501,0.8240487305301699,0.8653187583088346,1.2324765249543679,0.9286339736540828,1.6822659725472247,0.9611992259748482,2.156105472270993,0.9570886098169672,2.6372875277893435,0.9176054563730124,3.107241095770489,0.8521143348104728,3.550611806085951,0.7628310779974925,3.955445027518263,0.645435733209945,4.308673132749254,0.5070549162432026,4.59732528381218,0.361005101290406,4.8145819118907385,0.20467734304710308,4.956625262233238,0.03338275123492313,5.016663733888289,-0.14453259804013074,4.988915521780588,-0.32120929060385756,4.8724013354316575,-0.4970084459734026,4.667827701118692,-0.668400176713885,4.3760389441248355,-0.8202727559161404,4.002722939848464,-0.9452057423419662,3.560405051014172,-1.0519418833352256,3.0603880499866865,-1.1289750516802661,2.5132964734308487,-1.1487288138554672,1.9411027723720216,-1.100022768174013,1.375998781684347,-0.9763220578517071,0.8534962141512982,-0.7601969381378383,0.41507007573334365,-0.43314204557746105,0.11190319792953875,0.0005673774217865759,1.4014138775298465e-05,0.48720572138437773,0.12150912735515079,0.9431122157065702,0.4818334184509927,1.324414469496218,1.0517914185256727,1.6441921237454684,1.796064336544898,1.9119966306986158,2.687490427164876,2.114511247276876,3.6971122173437427,2.244816846851798,4.789893388040172,2.3068710753956405,5.930582527604708,2.3024265025889394,7.085689916359967,2.2318846270345376,8.221971395819532,2.097730442608942,9.306987506805202,1.9022509934276055,10.309435883803166,1.6543985990872678,11.200467385305263,1.36754503128771,11.957421998329707,1.044042744078159,12.561922426730476,0.6845898801942544,12.99535979230346,0.30376340014626024,13.242969529850093,-0.08547541756624268,13.297802982010191,-0.4810322828826099,13.156418273855433,-0.8785899420340707,12.816387793934375,-1.2675859576469914,12.279292499064194,-1.6422300226468916,11.551236664535272,-2.0025060345576757,10.639425839903408,-2.345376651027859,9.551630493037816,-2.6669028229569993,8.297604728394994,-2.9608063027571125,6.889263675206984,-3.2165812307179533,5.343344872679219,-3.452012074129773,3.676215388308128,-3.6905366581123946,1.8901050990268853,-3.83558875808736,-7.319558555129532e-05
170,4,-0.9609543598263889,2.3393483344583332,-0.9609543598263889,2.3393483344583332,0,-0.9340968264040956,2.2608622617988274,5.047877285934188,5.015270463642468,7.21495303534744,9.359411005542936,-3.501673177642799e-06,1.7759942952586548e-05,0.27813264722122577,0.08267142507862038,0.4136759322401442,0.2549339160503164,0.6054249356658917,0.5077751972846951,0.7804990820316179,0.8571268961093319,0.8830968773141062,1.275661302795276,0.9395984244084853,1.7327046842370493,0.9641407696008495,2.2100563129262163,0.9515264212911428,2.690585686612968,0.903960578859351,3.155700700248191,0.8315999147247938,3.5904697165407806,0.7370954201986056,3.9836655169803796,0.6164175196335926,4.323118886905164,0.47685713163933585,4.596880415531049,0.3315743594421652,4.799154524182607,0.17773272354091865,4.92703553284409,0.010456775993105896,4.974548683859597,-0.16229148960011874,4.9365917188395345,-0.3331135186219372,4.8126408729916585,-0.5026969190365795,4.603659945301944,-0.667860009313341,4.310593672061413,-0.8140225305052057,3.9390078721702295,-0.9340968264040956,3.5010646572763906,-1.0367584441523585,3.0076540254111355,-1.1107619294678013,2.468967312136011,-1.1290400431010212,1.9063196405689247,-1.0805332330166257,1.3510786815372635,-0.9587050212361741,0.8379253163965611,-0.7463320949941313,0.40745412013695115,-0.42517446686960325,0.10983802345085075,0.000556826326509123,1.375363434388196e-05,0.47801771341328675,0.11922932271453905,0.9250162914560479,0.4726939230460652,1.2985608787161171,1.0316144390230204,1.6116200777023364,1.7612432185389835,1.8737053619700164,2.6349044662046848,2.0719240390850713,3.624238371154365,2.1996494858738886,4.695007997029894,2.2608622617988274,5.812830828543741,2.257326848499753,6.945087597998599,2.1894295803715873,8.059410066845135,2.0595397191745355,9.124200032776024,1.8697842482861147,10.108928325480504,1.62877044552281,10.98539994821001,1.3494125795386251,11.731393838495446,1.0338499136393942,12.328796145883121,0.6826075514968025,12.759186223247115,0.30982039709846565,13.007831619767966,-0.07190409576203358,13.067597004308318,-0.4605594788987946,12.934749853006247,-0.8519267284499308,12.60653676932827,-1.2356140825932085,12.084139352709434,-1.605867733220393,11.373203622625683,-1.9625837555052363,10.480497060905623,-2.302676332835376,9.413389321638919,-2.622158599690442,8.181253900277767,-2.914727614916484,6.7956493457781795,-3.1698964997655716,5.272948608329035,-3.405086653000378,3.6292236375621485,-3.6433705789372546,1.8666434100057538,-3.7893075290523632,-7.231238731300759e-05
171,4,-0.96806947925,2.369542259298611,-0.96806947925,2.369542259298611,0,-0.9929864074784104,2.327286346738535,5.067970979342326,5.012724475808399,7.268374149427735,9.480212746903128,-3.110049479135567e-06,1.724565274011163e-05,0.2736293754081691,0.08094311201131918,0.4121666508439526,0.25159331623812564,0.6095874283389453,0.504951284404,0.7940860710672402,0.8586011175410958,0.9082099187144321,1.2867717022964804,0.9764528735536275,1.759322713821369,1.0118246429114413,2.257870829730301,1.0079417903674863,2.7645362643577904,0.9661039598758014,3.259425638423134,0.8961918874149555,3.7260167316515416,0.8006860671276362,4.151409276563104,0.6752665687352234,4.521628386860231,0.5276607034081344,4.822917402471385,0.3720890860171204,5.048100092997762,0.2060514576316835,5.193270338151921,0.02486325363882715,5.2515207686035295,-0.16253668190688256,5.217110249102176,-0.3477868956231508,5.089409311271278,-0.5311731744317185,4.869608262909303,-0.7089601326749142,4.559077579556777,-0.8654283934248653,4.164246090042429,-0.9929864074784104,3.698622465480425,-1.1008783780521405,3.174369023023947,-1.1773446016760758,2.6028614330017983,-1.1941319122348124,2.0071202436462556,-1.1401338256468436,1.4205491219970323,-1.0091151629657797,0.8797380559554094,-0.7836754459403802,0.4271605333321463,-0.4454218071267117,0.11498421957517863,0.0005820670222271428,1.4378042000378515e-05,0.49874471388557245,0.12447846188256352,0.9633413033234766,0.49289073014763046,1.3499020035552691,1.0744086460355804,1.6723030378904233,1.832172581766873,1.9407009274286606,2.7378835489853377,2.1419103400271338,3.7616067052678352,2.2693016839482074,4.867416378659425,2.327286346738535,6.019370098364019,2.317983365506749,7.183496994206546,2.242103314171649,8.326235802041023,2.102430384308418,9.414983594489513,1.9015064487360376,10.418412348752287,1.6485605091739506,11.307777493530544,1.3572076777297153,12.060660604468321,1.0298827896688307,12.659008102969288,0.6673336853884523,13.084558888644253,0.28424999783620575,13.322939430853896,-0.10636909746360065,13.367635446239746,-0.5024849280432003,13.215631247366636,-0.8998311306296134,12.86489593710711,-1.2878886599870703,12.317385734691502,-1.6609476222390795,11.579549964805278,-2.0190881143482713,10.658893084587064,-2.3593549049717772,9.56343978028085,-2.677889090258013,8.30315839973867,-2.9684927778239065,6.89013805478157,-3.2207500936925193,5.341248398424061,-3.452522288225401,3.6729437815047694,-3.687258721696674,1.8875207506367824,-3.828585981940773,-7.306195092027961e-05
172,4,-1.0262111512569445,2.3996494743472225,-1.0262111512569445,2.3996494743472225,0,-0.9619723917687588,2.294098596513977,5.0688574480859865,5.008071699602796,7.704908339253843,9.600667574310208,-3.2691646921961586e-06,1.732013769514446e-05,0.2730694764654001,0.08096438730343156,0.40890514129618927,0.25071330934861974,0.6019974395894545,0.5014351197426372,0.7808744717696209,0.8499085417263452,0.889384181480416,1.2700518925736737,0.9525792957606942,1.731899664595972,0.9837675969780941,2.2174200705857814,0.9770058190881685,2.709275018261547,0.9338309202521721,3.1882979610030664,0.8640595357773816,3.6387283150371923,0.7701447001754513,4.048389813449207,0.6478475747132986,4.404056093990479,0.5046494232718637,4.692695238380676,0.35428707398156206,4.907646759815859,0.19417140500791766,5.045364511811284,0.0196046635691761,5.099306853937597,-0.16085616330365934,5.063998552764769,-0.33922672232007156,4.938864051022159,-0.5159172678449139,4.725026687938289,-0.6874111007452359,4.423723669525192,-0.8385326701282464,4.041054364913871,-0.9619723917687588,3.5899548689619056,-1.0667361700668496,3.082030978835688,-1.1413941230283735,2.528119144041699,-1.1584349617395273,1.950384349842039,-1.1069316179928013,1.3811292959078676,-0.9806237716744228,0.8558369491014592,-0.7623158186481082,0.4158282950387202,-0.43374851349474297,0.11201333889349628,0.0005674802842146069,1.4017184165643622e-05,0.48681502631497425,0.12145144329894308,0.9415088633937567,0.4813048275201734,1.321097004731565,1.0500475270770044,1.6388949586567507,1.792174501682032,1.9046121057476326,2.680431220171972,2.1051003886045323,3.68584822199241,2.233581125886921,4.77345726145919,2.294098596513977,5.9081308796819805,2.2884754134409517,7.056541041475795,2.2171732534110573,8.185638521694894,2.0827186507148276,9.263203894378249,1.8874315955524974,10.258173590343231,1.6402586416642562,11.14194584440401,1.354529754226405,11.892093623487272,1.0325948250493031,12.490459289796311,0.6751543465405937,12.918658301581893,0.2967071325449044,13.162132019238761,-0.08987156623733175,13.214091616872135,-0.48252141897576645,13.07122589204353,-0.8769741070566743,12.731220622029669,-1.2627594526539234,12.195733382280073,-1.6341558829510898,11.470901873548907,-1.991178716011457,10.563941975095073,-2.330839554365463,9.48261579707197,-2.649253834150986,8.236641652241843,-2.9402143381493144,6.837870323924549,-3.1933192058866218,5.302926875678437,-3.426245177878736,3.6480553000714404,-3.6622610094179233,1.8754600696509676,-3.805559898541723,-7.262253685470558e-05
173,4,-1.0706481391527778,2.3478431304375,-1.0706481391527778,2.3478431304375,0,-0.9994585768909751,2.286127664265077,5.074611200193141,5.018527985531063,8.038546224781168,9.393397516147678,-3.415333580546507e-06,1.8345508313631233e-05,0.28967191745175563,0.08584636292193726,0.43400506715299153,0.2659849311695309,0.6386541685811952,0.5320509776957569,0.8273359317182494,0.9015166101006861,0.9402561591647177,1.3461962788275053,1.0040554721598194,1.8337545441169734,1.033049756496414,2.344580407107714,1.021335185311493,2.859947651498717,0.9710255800744522,3.3594212121400333,0.8929239381130012,3.8263997340828406,0.7900211480642162,4.248270401841006,0.6582857884630041,4.6115252507758315,0.5058595627236312,4.903048085463833,0.3472011137776332,5.116487447362693,0.17968065222828847,5.2487798723170735,-0.0015141606047316015,5.293783095368608,-0.1875441269595941,5.246472761677325,-0.3702730870764246,5.106856276283775,-0.5502589250306679,4.876630925855741,-0.7240286565369085,4.557542056288467,-0.876187331980448,4.156249077844923,-0.9994585768909751,3.6863228840824656,-1.1032480567752518,3.1598696771824124,-1.176022268184707,2.588124810970412,-1.1898780834429035,1.9938153528662834,-1.1339287056030491,1.4099025486344534,-1.0020918470665887,0.8724501901079295,-0.7772213415377315,0.42330649626885525,-0.4412484235950505,0.11386464667596995,0.0005759621558720654,1.4227754925422357e-05,0.49298253140924014,0.12308626474611056,0.9511225480420579,0.48701246478487603,1.3312736499407152,1.060809841701877,1.6474808247216333,1.8077015075973697,1.9100769814459155,2.699525329917815,2.106384137917972,3.706662425398352,2.23019816368791,4.793754337150365,2.286127664265077,5.925575980248564,2.2764459211199246,7.06895591613014,2.2019652126232248,8.191201441746076,2.065453691384623,9.260598229533986,1.8693640762703096,10.246681399684865,1.622633159645917,11.12148105786345,1.338438468586318,11.86315787961288,1.0189680410277355,12.45405825014824,0.6647393071850887,12.876221326826107,0.2899380013254401,13.115388245182135,-0.09287407455974292,13.164904871019951,-0.4818479433094846,13.021464514678986,-0.8729130120489144,12.682659436212038,-1.255802820599481,12.149950512243388,-1.6249148170061918,11.429194949700758,-1.9803014085061823,10.527292159366157,-2.3189955389436476,9.451674379486928,-2.6371031718186715,8.211725680611169,-2.9283839881779725,6.818975117178506,-3.1823800283823034,5.289745198865205,-3.416595685101398,3.640033019956037,-3.6541746631911223,1.8718841102854484,-3.7994183072009644,-7.250533439399513e-05
174,4,-1.1285174143216783,2.3855735254965036,-1.1285174143216783,2.3855735254965036,0,-1.021034498027643,2.335670481507257,5.061285670518988,5.027384256158975,8.47303522861757,9.544351638523167,-3.178473107745528e-06,1.7828722386657328e-05,0.28327812262135016,0.0837570544228753,0.42710235464022145,0.2605224497037272,0.6319200573462368,0.5231246697860941,0.8231846492490273,0.8897434095607122,0.9411169640942157,1.3335302940147011,1.0109727567054545,1.8230112729591508,1.0462235406728317,2.3388643959829962,1.0403306625509405,2.86230590639508,0.9947952398934842,3.3725244649191124,0.9200417265329245,3.852288945523076,0.818848621138963,4.2882187041769075,0.6869899785197555,4.665934853769688,0.532678729618268,4.971404530136496,0.3707496053405172,5.197487160661583,0.19875122613733986,5.340484155466052,0.011985123045572468,5.393668734145855,-0.180287894474778,5.351564336445845,-0.36948730476956515,5.213961974925866,-0.5559478862832208,4.9825072084621125,-0.7359173643112071,4.659002545682229,-0.8934646512823223,4.250373272524174,-1.021034498027643,3.7706919249900364,-1.1282308666988368,3.232562613201446,-1.203248026646886,2.6477025382498183,-1.2175788557172629,2.039581226301007,-1.1602160918652276,1.4420948623577063,-1.0251009323216351,0.8922375597927487,-0.7948577739297051,0.43283849866083196,-0.45114945413635266,0.11641166194864452,0.000588776343833497,1.4544364779478465e-05,0.5039054741894269,0.12581650670658912,0.9721739248367672,0.4977998105985959,1.3607496966163364,1.0842990164745525,1.6839699963524106,1.8477313465235892,1.952350711789283,2.7593028713522205,2.1528594092873936,3.788700672693851,2.2790782968338044,4.899705893873952,2.335670481507257,6.056204503889978,2.324940311599029,7.224165140922153,2.247729610456515,8.370043418049919,2.1069155968125948,9.46130996568332,1.905083387755485,10.466744079791463,1.6514794779842532,11.357722692341746,1.359700398426187,12.111950374060298,1.032096166894778,12.711470622536856,0.6693091042757344,13.138068711188442,0.2859484379770276,13.377370918475084,-0.1050714911314552,13.42282320207747,-0.5018129108253864,13.271322734918158,-0.9000873237270636,12.920704991970993,-1.2894109698970162,12.372764641857595,-1.6640938634216285,11.63377709080818,-2.0242311235558224,10.711063394049951,-2.366851382807856,9.612464313164697,-2.688054729252439,8.347779507210369,-2.9815706204333634,6.928955951285935,-3.2368644761479426,5.372771846353633,-3.4718241601156703,3.695623340991168,-3.709999424410486,1.8996960860469818,-3.854338363775331,-7.355338988476666e-05
175,4,-1.1340522550972223,2.369858084451389,-1.1340522550972223,2.369858084451389,0,-1.0238900261528916,2.3237895617511835,5.0704093877657455,5.02025486951206,8.514591433493825,9.4814763199107,-3.0390733210081014e-06,1.7484780521715474e-05,0.27875668139228743,0.08231866056543506,0.42161866625109606,0.25656583543418093,0.6254057273883642,0.5161577876091873,0.8167422402237096,0.8794682632097484,0.936157336814913,1.3203620742015207,1.0081376095084897,1.8078802173236905,1.0457131357616603,2.3228933650373107,1.0421164065580955,2.8466601546537187,0.9985880867052099,3.358290623974151,0.9253482874517924,3.840353029318334,0.8250886940713144,4.2791945237172,0.6935467210144586,4.66013599035515,0.5389495869982054,4.968835966345795,0.37624170913791305,5.197877029155855,0.2030933889096983,5.343345971122316,0.014918482170233064,5.398357214039816,-0.17885968335172206,5.3573434428477595,-0.36949469211911945,5.220090605554697,-0.5572020521861664,4.98831042787357,-0.7381202576524345,4.6639265922070905,-0.8962098365562589,4.254041871000573,-1.0238900261528916,3.7729433274533664,-1.1308147431998299,3.2334390350720277,-1.2052122486957766,2.6474284743067225,-1.2186692215308528,2.0385364198182163,-1.1603661705162223,1.4407415450581782,-1.024456112649672,0.8910185463487861,-0.7937904038886865,0.4320679999979504,-0.45025784014371184,0.11615977488613445,0.0005872940120166977,1.4507971552100427e-05,0.5024357021435266,0.12546580030968518,0.969019203189978,0.49629460181172197,1.355952959161436,1.0808023682604562,1.677600657842119,1.8414410131699928,1.9444672634909057,2.749446247643402,2.143554376409193,3.7745425819533533,2.2684482298839765,4.880560506474545,2.3237895617511835,6.031428527613072,2.3118838740410395,7.193151235628107,2.233601122413986,8.332228162042636,2.0918668308532617,9.416192678941696,1.8893408476029008,10.413917819398439,1.635344442555483,11.296913192514895,1.3435404089044654,12.043050066018226,1.0163810508180389,12.634579323130474,0.6546188523381476,13.053550491288565,0.2729010022659762,13.28589253870824,-0.11585159547468099,13.325361390776111,-0.5096716151832401,13.169173467980077,-0.9043744909052,12.815493336819276,-1.2895520505287177,12.266423959132016,-1.6595953053312777,11.528506383759654,-2.0146572696747005,10.609294168004222,-2.3518589209482643,9.51682478803669,-2.667414747368946,8.261040968121383,-2.9552053042471296,6.853970199575091,-3.2049111834609763,5.312373797917237,-3.4343316210728103,3.6525805723514586,-3.6667969424524856,1.8768273068195025,-3.806491128498141,-7.264030907665955e-05
176,4,-1.1312776257638888,2.4188037879027777,-1.1312776257638888,2.4188037879027777,0,-1.0468693326363363,2.332157609482129,5.073806833094018,5.023971332014475,8.493759205484459,9.67730134896224,-2.952732136521244e-06,1.74854400454321e-05,0.27982321793065773,0.08251983942994931,0.42473885412161116,0.2577760993055874,0.6318119047726045,0.5196928962285966,0.8272918591408507,0.8872312814717568,0.9507182156772567,1.3344191857828045,1.0262541138881665,1.8301280340368293,1.066739222862365,2.3549605727205396,1.0650723938394842,2.889769628940967,1.0223195885767802,3.4131198489069434,0.9487551305003428,3.907011011414447,0.8470921830505962,4.357251625597599,0.7130149289132336,4.748607042362301,0.5549510358881132,5.0662045510509275,0.3882166075980917,5.302258717146729,0.21056162287710734,5.452609669913023,0.017432672720736335,5.510130512778513,-0.1814511013591242,5.469096311746677,-0.37706208149072973,5.32929550051142,-0.5695192968417047,5.092533192701532,-0.7548046766669636,4.760876334696783,-0.9165087560158698,4.34170671798542,-1.0468693326363363,3.849753007342444,-1.1557134233497008,3.2982482293914597,-1.2310573549058137,2.6994995844099265,-1.2440023090629317,2.0777467752356418,-1.1836282659257693,1.4677400890325443,-1.0441361887091096,0.9072174865459263,-0.8082967550148898,0.4396522493518975,-0.4580177867172629,0.11811735416313929,0.0005967085201352882,1.4741128784629382e-05,0.5098507596718973,0.12737389827503956,0.9818989886146514,0.5033794535196475,1.3718260307057397,1.0951716443317963,1.6944863102928567,1.8640701665557933,1.9608245319212592,2.7804459685057625,2.158058078309688,3.8133068212591277,2.2801365272598444,4.92590307272075,2.332157609482129,6.081797532534365,2.316807677745343,7.246841535298558,2.2352678765399716,8.387552472386895,2.090713757906097,9.471623126327428,1.8859721794609492,10.468190089156403,1.6304620801377925,11.349092481893411,1.3378525740961018,12.092558592267395,1.0105092850903086,12.681174526363652,0.6490594086716991,13.097270092064939,0.2679997498070568,13.326986124546755,-0.11992573783356428,13.364207874773248,-0.5129265917749712,13.206191484473234,-0.906977209136264,12.851056873916685,-1.2918008152317437,12.300789339628857,-1.6618860047690411,11.561755014697114,-2.0174527981287707,10.641291512517725,-2.3556558903964997,9.547194929319888,-2.6727101805457614,8.289158339510745,-2.9624592891151753,6.878967826677563,-3.214497254082473,5.333175281991337,-3.4466034310933042,3.6679341562756522,-3.682157048274962,1.88528707791239,-3.8248503005478613,-7.299066128669815e-05
177,4,-1.1346364973541665,2.414769922701389,-1.1346364973541665,2.414769922701389,0,-1.0640964922145038,2.353156817954572,5.054155982550346,5.017519590655187,8.518977989839621,9.661162408982827,-2.8525736015418536e-06,1.7386069001671634e-05,0.27923999682925116,0.0822401800168247,0.42527038988833527,0.2574534307139026,0.6342598478024132,0.5200743121431323,0.8325445327573215,0.8895103734715173,0.9591107863183292,1.3401071277433518,1.0377052069234973,1.840785136197977,1.0809288283050285,2.3720468592335364,1.0813991803888752,2.914515573874596,1.0399838620595632,3.4463985321166364,0.966918043380229,3.949281477022476,0.8648797497835753,4.4085481346479565,0.7294698492407788,4.808504281933317,0.5692191134369797,5.133812275515289,0.39970585068953896,5.376327121833326,0.21874133169143445,5.531618452054874,0.021793720525553804,5.592292056238758,-0.18117598599547827,5.552421652470148,-0.38089058795706804,5.411730347964498,-0.5773648020590931,5.172044123833458,-0.7664230294223154,4.835504901778794,-0.9313133346401952,4.409697993132262,-1.0640964922145038,3.909707044672566,-1.1747349258392075,3.349114360082444,-1.2510602257648213,2.7405660007496615,-1.2637754688846123,2.108814693356079,-1.2019045927001857,1.4892450728855173,-1.0597125876428817,0.9202085061076277,-0.8199021128731688,0.4457927793665717,-0.4643346744207971,0.11972431196249095,0.0006046015981566292,1.4936378379309597e-05,0.5163396457046224,0.12901666902394385,0.9939064001663397,0.5097038105893363,1.3879261247291241,1.1085790644981293,1.713541154572985,1.8863061693267194,1.9818993691941844,2.812754610028491,2.1801200391538456,3.8564446510811123,2.302135760179361,4.980097836760371,2.353156817954572,6.146778734226175,2.335954867515328,7.32189356400617,2.251787085039013,8.471551236992127,2.1039389065764222,9.56308345453189,1.8953561647904928,10.5653222654637,1.635657337829412,11.44987846373968,1.3387534111276662,12.194869359995996,1.0071341248945183,12.782864515352983,0.6415403246452676,13.196226688617825,0.2567036161303056,13.421218590628282,-0.13444493586881698,13.451961486981444,-0.5300439069363978,13.286008766734888,-0.9259931809466898,12.921809564539796,-1.3119249854465653,12.361722880606239,-1.6823050760375202,11.612519429187728,-2.0373852659308365,10.681936118850528,-2.3743490045738445,9.578152463229726,-2.689455598108575,8.311227978225947,-2.976607267627341,6.893288247923314,-3.2254781097938663,5.341192500322631,-3.4539955224096945,3.671343504703608,-3.6856178276440947,1.8859686463279082,-3.8240903621536275,-7.297616071891376e-05
178,4,-1.116380992048611,2.372359683111111,-1.116380992048611,2.372359683111111,0,-1.0338357652825076,2.338043028703893,5.067917606172432,5.029686053599788,8.381913609966352,9.491484872156803,-3.069211604370115e-06,1.7679594213154062e-05,0.2818904716098099,0.08324186500942428,0.42635803425820684,0.25944941781828,0.6323577539187446,0.5219449317781061,0.8256223195473924,0.8892509489493726,0.9460290346617918,1.3348669190841198,1.0183904759198847,1.8274346627861777,1.0559416853620058,2.347584681496771,1.0519289373787137,2.8763771356800083,1.0076853158925714,3.392744217974458,0.9335750892505273,3.879142091716385,0.832334711782533,4.3218570921308626,0.6996690101872995,4.706146640072777,0.543848227457967,5.017603860226597,0.37988705873275364,5.248782468485205,0.20539083152994259,5.395743485303617,0.015694604568159493,5.451530363950542,-0.17974693997867322,5.410493394838562,-0.37214506475647813,5.272360310072367,-0.5617246840035415,5.038791546047515,-0.7445860356424053,4.711660926869802,-0.9045240528541927,4.298073179095326,-1.0338357652825076,3.81240104252177,-1.1422055997548168,3.2675541552961502,-1.2176974862841194,2.6755524449344947,-1.2315549675338007,2.0602834353342727,-1.1727875743201572,1.4561243579222853,-1.0354606014429901,0.9005022770805889,-0.8022673042248143,0.4366316706863014,-0.4549908410927957,0.1173710621133387,0.0005932993114069506,1.4656478665146707e-05,0.5073867583208167,0.1267191602375482,0.9781102614401554,0.5011077373715785,1.367952743198188,1.0909371562613008,1.691511093264543,1.858088357387975,1.9594984970246805,2.7733611951468315,2.1589382170059497,3.8060923766394077,2.283515029908929,4.919747203676508,2.338043028703893,6.07796280595671,2.3249550574999613,7.246530108021089,2.245211320447358,8.391787191491494,2.1018136334580713,9.481148258120273,1.8974701831560097,10.483397831640437,1.6415656435842967,11.369982902581908,1.3478277194242971,12.11874755003257,1.0186994577733672,12.711930591983453,0.654914220049432,13.13155676857426,0.27117276046552447,13.363539189778125,-0.11955877862823543,13.401647252029372,-0.5153176997736064,13.243119448382338,-0.9119053685472643,12.886141855555195,-1.2988628797499178,12.332856701168048,-1.6705505354280044,11.589866860598711,-2.0271165084018357,10.664794919480038,-2.365661233874584,9.565752851806302,-2.682375522737217,8.302770181103595,-2.971107878696832,6.88797330221885,-3.2214914227816607,5.338245400723806,-3.4514158544211693,3.6700330167019617,-3.684326088697669,1.8856212237877215,-3.8239721608753707,-7.297390464762533e-05
179,4,-1.0854429627222222,2.29596513675,-1.0854429627222222,2.29596513675,0,-1.0304180807326964,2.3558361996955357,5.070470021651058,5.0190965368153675,8.149627418313687,9.185840797076724,-2.8745822086605546e-06,1.7056812571709413e-05,0.27305069962353046,0.08051229127888616,0.41465189431883204,0.2515679467932022,0.6171297371704301,0.5073345018803295,0.8085957450712902,0.8664488380404171,0.9300407620532454,1.3037167902099998,1.0050282338392065,1.7889031236489128,1.0460613531730936,2.3032122763392473,1.046131485773791,2.8280669292846983,1.0061701457989398,3.3426078875317846,0.9360996127779848,3.829274693362052,0.8384389558086232,4.274167829125129,0.7087987797419267,4.66229193946073,0.5552741115151029,4.978922431417719,0.3927699088253608,5.216212318495455,0.21897581294957388,5.369819391705332,0.02930274066600321,5.432432413584897,-0.16676800524268198,5.398068273495779,-0.36036845531507317,5.266145599360506,-0.5516138201733959,5.038065961127789,-0.7365086759575554,4.71549562598364,-0.898727036444709,4.3053835317414455,-1.0304180807326964,3.8220167640273877,-1.1411727098325575,3.278281101110033,-1.2189282911121677,2.6862203766310433,-1.2346922484355989,2.0698394155453532,-1.1772606219097785,1.4637503478234697,-1.0405121215016546,0.9057109787180049,-0.8068969646023776,0.43937275471903836,-0.45795041763628275,0.11815913808251793,0.0005975151396197306,1.4760376353731504e-05,0.5112089960779148,0.12765644273987528,0.9857874831843113,0.504934507082169,1.3789597977972141,1.0994606062610321,1.705263951613027,1.8728250296989994,1.9753928390922826,2.7955378370713677,2.176223334455866,3.8365973952981944,2.3014024682629772,4.959076736283934,2.3558361996955357,6.126239235419647,2.3420607025683746,7.303553897949346,2.2611457998978244,8.457088507312678,2.116218813762142,9.5540470070139,1.9100995295846699,10.563063101655262,1.6522980063694066,11.455490813453954,1.3566518214095704,12.209144016504473,1.0256138727690631,12.806262603577608,0.6598892694220734,13.228862291168232,0.2741929103846584,13.462843901410956,-0.1185267755963174,13.501967847014333,-0.5163902033645232,13.343436668027122,-0.9152719842193288,12.985358032815281,-1.3047441044050962,12.429770633204965,-1.679204248032295,11.68315898178025,-2.0388522604844974,10.753003259744935,-2.3808026179588295,9.647255130959957,-2.7012295751244646,8.375785811619771,-2.9939192534414656,6.950579989839658,-3.248370368760014,5.388432658531224,-3.482557493951459,3.7057300208886956,-3.720113741867614,1.9045962223267503,-3.8637681104027113,-7.373334065932289e-05
180,4,-1.0356948429166666,2.2733310229097223,-1.0356948429166666,2.2733310229097223,0,-1.0195684208931692,2.2882981549574444,5.057376457873517,5.021823688369297,7.776112959147522,9.095284819988148,-3.1552033030968164e-06,1.7881084804513398e-05,0.28443632453059553,0.08406772669646641,0.42912418919879414,0.26162538663017687,0.63498466202117,0.5254959946542078,0.8269833592772413,0.8938575766663592,0.9449291407122562,1.339576857674386,1.0141706042110326,1.8308333997480895,1.0482921911302676,2.3480232069344655,1.0408389231210746,2.872124283756022,0.9934653277535079,3.3821450866798495,0.9167762961335479,3.860761462578819,0.8136966187811907,4.294582094902497,0.6801367644422495,4.669286178406227,0.5244461283635949,4.970968726374732,0.36154473138031173,5.192673872845712,0.18904370930512984,5.330921572392276,0.0023186234034160477,5.379238871227657,-0.1893416672269813,5.332430826817381,-0.3773711584442668,5.190571058049945,-0.5621094978770066,4.955582026592269,-0.7398418343193883,4.629536643442219,-0.894792092709258,4.219583788596159,-1.0195684208931692,3.739930092339708,-1.1238143500289037,3.2032666315153433,-1.1959437615821364,2.621348569470649,-1.2079118251752758,2.01750101000555,-1.1490812664170662,1.4252585005693408,-1.0137282210540304,0.8810883148836884,-0.784965319363682,0.427088868493819,-0.44498810734665517,0.1147780661790419,0.0005800786719037029,1.432999917991101e-05,0.4959878295213427,0.12387936545787728,0.9560357682701893,0.48983303129283134,1.3370603702763662,1.0663419660241944,1.6534400003383825,1.816192997876624,1.9157190087553566,2.7109361717289717,2.1112564545028856,3.7207203218305653,2.23388884054908,4.809968603583793,2.2882981549574444,5.943268319674696,2.2768113870247686,7.087293212576745,2.2002921811908704,8.209220164986126,2.06158210532183,9.27723579062607,1.863223292184203,10.260816465324629,1.6142861580648085,11.13198815756224,1.3281025022556907,11.868982518763158,1.0069713754732614,12.454284074141725,0.6515218729024975,12.87012234419182,0.27607983275187215,13.102493645992046,-0.10669770344054824,13.145060590267885,-0.49491921770044395,12.994865964195819,-0.8844899709564542,12.649867747787209,-1.2651543177511002,12.111897144684304,-1.6313641910104655,11.387164600159434,-1.9832442203646128,10.48289026962264,-2.3179189949704324,9.406786822967748,-2.6316082307604276,8.168466930580124,-2.9182146152828317,6.779625668355858,-3.167471278735193,5.256665780096171,-3.396922932899494,3.6155948399809703,-3.629636584675456,1.8584989496688282,-3.7706860632473393,-7.195703025283262e-05
181,4,-1.0028374443333332,2.2732483132430557,-1.0028374443333332,2.2732483132430557,0,-1.0174971004479143,2.306188991988491,5.092107187461582,5.017979038318985,7.529415927994792,9.094953909985108,-3.1820988364267115e-06,1.7841269927309902e-05,0.28342859806167703,0.08380820874847957,0.4271915078339232,0.26063876658482055,0.6317713558367326,0.5232367993737356,0.8224997899414171,0.8896596518276906,0.9396604802945909,1.332918246014201,1.0086246931973868,1.8214512122236763,1.0429632844434724,2.335900525817564,1.0362722195480207,2.8575047226724237,0.99016560879806,3.365540491855426,0.9151086785908626,3.842902828599156,0.8139042705612088,4.276350185287611,0.6823593333349248,4.651659139672688,0.5286315248784245,4.954950888265131,0.36743272993575826,5.1791879382766695,0.19627956001935548,5.320732658442543,0.010464278579633885,5.372916059020951,-0.18083603915545782,5.33029548106083,-0.3691062710034959,5.192653384586908,-0.5546754241915098,4.961613170213767,-0.7337937563478112,4.638960149877177,-0.8905868065098045,4.231586344575326,-1.0174971004479143,3.7535107535134853,-1.1240347893741651,3.217313942815113,-1.1984285703764812,2.63471230558696,-1.2123145844329228,2.029121637342897,-1.1547698637016763,1.4343252314138226,-1.0198407630258537,0.8871636660823277,-0.7903789884900666,0.4302302986041357,-0.44835271334206805,0.11566609850846367,0.0005847479728790547,1.4445164296394953e-05,0.5001275037248598,0.12490209718050581,0.9641805735855441,0.49394881381490513,1.3485360723897235,1.0753932889998867,1.6675850005818664,1.8316745307427011,1.9319096461705292,2.7340297595827563,2.1287541031971786,3.7522686238626553,2.2519268612019006,4.85043137519994,2.306188991988491,5.992740252101366,2.293935378692431,7.145543595009996,2.216088975769027,8.275722551249212,2.075564075597585,9.351201837179236,1.874968802329314,10.341230262433625,1.6234796140106444,11.21764689209857,1.3345541895667874,11.958558800766715,1.0105347159373437,12.546370171220968,0.6520824268843308,12.963242156382197,0.273645032682205,13.195141704291565,-0.11201427536330724,13.235765056718217,-0.5029682347244789,13.08222218004553,-0.8950712526886023,12.732556275342436,-1.277981248724972,12.188720110321011,-1.646098042819144,11.457082921562197,-1.999532197031753,10.545038023343372,-2.3353813103307433,9.460480506387709,-2.6498405342221236,8.213219797388401,-2.936785286642006,6.815158723085538,-3.185914221441433,5.282926697688624,-3.414885024521859,3.632744293028595,-3.6468856752145404,1.86683324778366,-3.786599487253649,-7.226071119442775e-05
182,4,-1.0052311722916665,2.286433847423611,-1.0052311722916665,2.286433847423611,0,-1.0022818393894184,2.312618994197086,5.072318909022385,5.020462766321566,7.547388305790021,9.147707419116545,-3.21783353871298e-06,1.7755510695165304e-05,0.2814560068585341,0.0832902800976107,0.42337995402012335,0.25869825055421625,0.6251999091703215,0.5187388587864874,0.8128676152618439,0.8810979604270662,0.9275193280150078,1.318885990438904,0.9945739135718804,1.8008475702982294,1.027624192809243,2.307919865917887,1.020443241933126,2.821696087966716,0.9746878180273056,3.3218721298771356,0.9007050936966614,3.7917364471006,0.8012307989983922,4.218386939897846,0.672066851867694,4.587929038298298,0.5211890155945342,4.8867741838378995,0.3630314023825003,5.10804537863935,0.1950499270363235,5.248176286828663,0.012504512857772137,5.300561548025824,-0.17562762398011908,5.259762125932668,-0.3610061660137042,5.1254602884553035,-0.5440114668202363,4.899125533540079,-0.7209790275158064,4.582363086127714,-0.8762322253570207,4.181810845586578,-1.0022818393894184,3.711153307071986,-1.1085051036984226,3.1826644626348237,-1.1832077731831683,2.607781488792563,-1.1982132356326254,2.0095559765091053,-1.1425492630484277,1.4213684895474834,-1.0101221779802902,0.8797155024776154,-0.7836850855378805,0.42690461462736107,-0.44503414711814865,0.11485208048705256,0.0005810737170658751,1.435387726636644e-05,0.4975241016735367,0.12420521123947524,0.9602759402531061,0.4915652518377853,1.344672108181341,1.0710177445394746,1.6647726561008875,1.825594740720545,1.9308815648276436,2.726963570514827,2.1300307551244404,3.745247906551406,2.2557734106974054,4.84468597288613,2.312618994197086,5.98956805204648,2.30275551579868,7.146195791974439,2.2269366492962206,8.281309813994849,2.087947870371659,9.362619605282296,1.8883079438562076,10.359104221797981,1.6371593120997041,11.24230092633501,1.3479849724495379,11.990014278881752,1.023151878682615,12.584360926697453,0.6633499812369719,13.00722496438227,0.28312095167518314,13.244326292381334,-0.10466722335086158,13.289167934648596,-0.4980276049077587,13.138707517099187,-0.8927525864171794,12.79086364095429,-1.278412667258699,12.24750295650017,-1.6493475470171133,11.514947806455977,-2.005645160144545,10.600563684564237,-2.3443721903596693,9.512230029313518,-2.6616918505013114,8.259757493721892,-2.951435495008736,6.8550667698583,-3.203229552293531,5.314837581174509,-3.4348270386217092,3.655344432010711,-3.669562417413235,1.878779682829965,-3.8114978260993206,-7.273585250475325e-05
183,4,-1.1035634850347222,2.3591451727916666,-1.1035634850347222,2.3591451727916666,0,-0.9991150577636227,2.29120785823588,5.0682687890868445,5.028804258739544,8.285678330746482,9.438615433478144,-3.285290473746625e-06,1.7926585600682885e-05,0.2837103383257842,0.08400762594449247,0.42607507459847416,0.2606638569441872,0.6283042183362981,0.5221626584781198,0.8157620344465931,0.8860586028201186,0.9294400410857526,1.3250739711175161,0.9951489552394146,1.8076685491023996,1.026707433042422,2.314659099000786,1.0180020253810276,2.827594631012889,0.9708186446799117,3.326186358374449,0.8956144171429954,3.793800578650504,0.7951835694648385,4.217654709025791,0.6653710012657487,4.583997240410115,0.5141890655314928,4.879403826439976,0.3560689061996209,5.097170579874244,0.18845699078437186,5.233898617894875,0.006619187320285586,5.283150392823397,-0.18049218132686737,5.239651479875423,-0.36458409771339106,5.103228721024932,-0.5460674832748632,4.875476231789896,-0.7213249803993323,4.5581073835954955,-0.874800423594435,4.157826899406321,-0.9991150577636227,3.6883213649785223,-1.1036603913003793,3.161838632285596,-1.176869624955888,2.589764554936475,-1.1908316814881386,1.9949924634820233,-1.1347516897192222,1.4106282825857308,-1.002670324671669,0.8728231908947042,-0.7775482489458548,0.4234547690630559,-0.44138801399074484,0.11389953662324817,0.0005761467944990647,1.423228409404945e-05,0.4932070220368752,0.12313531499026056,0.9517992792957225,0.48727580822656086,1.332653597614979,1.0615778751136713,1.6497575547364993,1.8093771831552485,1.913347046922592,2.7025867105209733,2.1105729688435497,3.711595850633619,2.2350397036047958,4.800959886028507,2.29120785823588,5.9352817723690094,2.281237833398982,7.081153614097814,2.2058724967784493,8.205599343042234,2.067875586598912,9.276602821263538,1.8697540974782236,10.263409573985292,1.620588730096596,11.13780810494572,1.3337675696774651,11.87780992904593,1.0116609536896848,12.465712745287117,0.6549783822763681,12.883596170330634,0.27815668547936273,13.117354392622524,-0.10603422613711001,13.160605831696849,-0.4956147123549669,13.01039928004502,-0.8864096070393259,12.664739963912167,-1.2680870154020383,12.125546169233532,-1.6350479512148555,11.399147937327637,-1.9873909306989432,10.49290358352361,-2.322224350790294,9.414674250052116,-2.6357648574644097,8.174226185952918,-2.9219237672149196,6.783406302191094,-3.170455566083818,5.258762310575011,-3.3989497027836237,3.6164298351763127,-3.630501576940655,1.8586026153233977,-3.770215545277387,-7.194805173124739e-05
184,4,-1.0839520167222223,2.2635138531319448,-1.0839520167222223,2.2635138531319448,0,-0.9993858702988659,2.302806480185701,5.0860873726055145,5.017878947293607,8.138433228643553,9.056007673652996,-3.3023522779188075e-06,1.7970314983905646e-05,0.28430075199126187,0.08419297902364802,0.42684417350046516,0.2611893519027731,0.6292998455693661,0.5231295606359617,0.8168531447450276,0.8875562188969928,0.9304390747478223,1.3270998646613776,0.9959674945581615,1.8101508665184003,1.0273213766973939,2.3174995010598183,1.0184446023537135,2.830696343074805,0.9711881863896021,3.329485913195986,0.8960485853977117,3.7972949114626626,0.7958372228064675,4.221414236195132,0.6664066319538025,4.588172599539927,0.5157298208386477,4.884219840322878,0.35815441851537666,5.102893074420898,0.19106303674432426,5.240796145164801,0.009652859649552967,5.29146369783263,-0.17722303776303172,5.249550513958265,-0.36135390611371365,5.114765228793827,-0.5432016666399889,4.888551183624809,-0.7191840361091517,4.572449359031288,-0.8737310387740687,4.172984527984143,-0.9993858702988659,3.703688148954184,-1.1054694092311481,3.1766921764842695,-1.1802866873479227,2.6033096303415513,-1.1956578094746528,2.0064622246355994,-1.1405134592361432,1.4194263927462063,-1.0086494211783648,0.8786505621645146,-0.7827466117582906,0.4264402823084514,-0.44457286548396907,0.11473553059524787,0.0005804868733924947,1.433940287871863e-05,0.49696101891794997,0.12407131013075158,0.9589346250271844,0.49096568322117895,1.3422915104692028,1.0694989054165513,1.6610798460211527,1.8225688697402025,1.925639873011488,2.721711789929521,2.123139949953123,3.736963440851861,2.2473080149230107,4.832556010216171,2.302806480185701,5.9728560887614695,2.2919716707735645,7.12431599754452,2.2156918917381483,8.253899364327378,2.0768459308579335,9.329595810085383,1.8780073544790574,10.320702120967853,1.6282843749550187,11.199081195750411,1.3410435308834825,11.942821501619612,1.0185713333345385,12.534270978563011,0.6614639457394609,12.95550818119287,0.2840499425633811,13.192370282506637,-0.10101004415101919,13.238365043043006,-0.4918526811980757,13.09037372026833,-0.8843973242395795,12.746179622645236,-1.2683579341389168,12.20744383019806,-1.638153976785487,11.480224700896228,-1.9938932880517088,10.571601427207604,-2.3326558129184174,9.489159664249936,-2.650594949584675,8.242414151821787,-2.9415115588810807,6.843001034786434,-3.1949762118535063,5.307334546195429,-3.4286030936054694,3.6514725813960625,-3.6656425963350356,1.8774557500176499,-3.810156704249995,-7.271025854517079e-05
185,4,-1.0660934796458335,2.2864938362222222,-1.0660934796458335,2.2864938362222222,0,-1.0112606557078998,2.3236516321421803,5.069142330406642,5.025036449064873,8.004349330726242,9.147947426050807,-3.3270109970263593e-06,1.811298208560879e-05,0.28659225569459873,0.08486711359085031,0.43037467408092595,0.26330902699224934,0.6346746738936277,0.527451982312898,0.8241186815760618,0.8950554898191465,0.9391276201062342,1.3386053081348335,1.0057768348982907,1.8262896365802581,1.0380169500158183,2.338776444275133,1.029669894222517,2.8574706780680788,0.9825306095473999,3.3619186754769177,0.9071378851211787,3.8353504230197397,0.8062854246018456,4.264872234215312,0.6757427212022737,4.636596765449692,0.5235474605973696,4.936945327953981,0.36421214510557426,5.1590961606992725,0.195105204938696,5.299536861977109,0.011386731191036746,5.35165884164604,-0.1779561434981836,5.309998746121542,-0.3645776294248529,5.174224145991296,-0.5489092405020519,4.945776514890194,-0.7272906793213845,4.626213722526232,-0.8839308301157968,4.222154813876903,-1.0112606557078998,3.7473243476938163,-1.1187020207129539,3.214038510816349,-1.1944129771880616,2.6337892524896414,-1.209887244451542,2.02981594500448,-1.1539561804836889,1.4358252128394768,-1.0203884139542798,0.8887134893472939,-0.7917227108147179,0.431276625125426,-0.44958982917858586,0.11602312323751039,0.0005869265015671619,1.449856449833945e-05,0.5023845401180494,0.1254330633830604,0.9692141496255742,0.49629262612302494,1.3563984528750408,1.0809643612539457,1.6781553525632342,1.8418604575076651,1.9449491667118135,2.750132087016805,2.143828497814219,3.775421105148001,2.2684811303949983,4.881514929812105,2.3236516321421803,6.032351725833502,2.311740145859211,7.193995333223201,2.23369092565649,8.333047768177417,2.0924654404960155,9.417172625613196,1.8907221868961817,10.415382052020377,1.6377204845405802,11.299310148260096,1.3470132749851988,12.046907147580805,1.0209625962049578,12.640451130373744,0.6602246567206931,13.061975440618534,0.27930394759333393,13.297332097727052,-0.10899704188395407,13.340131351446017,-0.5027783563193592,13.18739875895901,-0.8979119704964916,12.837078241637665,-1.2840299223552074,12.291026553937884,-1.655522741849866,11.555528435132413,-2.012519283128242,10.637888447541197,-2.3521048285247996,9.545909822171357,-2.6704405149067436,8.289323262951982,-2.961330435338284,6.879975874874089,-3.2143391078115644,5.334497439868784,-3.447228138441685,3.669131890712368,-3.6833873717855568,1.8860139417259296,-3.826484373989555,-7.3021844664948e-05
186,4,-1.0777471065902777,2.2559022820902777,-1.0777471065902777,2.2559022820902777,0,-1.002399525064411,2.28305074332595,5.076954978912263,5.020879936265131,8.091846067939459,9.025554824572122,-3.6576006384934326e-06,1.898468518803074e-05,0.29827591026273476,0.08855733821747576,0.4447884614863015,0.2735667458102122,0.6520097223841781,0.5456742125156891,0.8414666050471743,0.922133103402419,0.9526259614125938,1.3735155839675077,1.0134900392656003,1.866551137898849,1.0391362814681102,2.381267941885192,1.023958324395412,2.898810556011007,0.9704391579003618,3.3987744212801947,0.8897107090995282,3.86477487005783,0.7848661545365422,4.284525274894738,0.6518529814750199,4.6448557035784805,0.4988106793397506,4.932980863334288,0.3401268633724577,5.142868350315862,0.17298096407046784,5.271704809881949,-0.007612209925890396,5.3135017929036925,-0.1929309876475411,5.263317917826271,-0.3749476204882514,5.121188231697622,-0.5543127287204246,4.8887859887643765,-0.7275969802690129,4.567797319631081,-0.8793936254705332,4.164815159169072,-1.002399525064411,3.6933558714520545,-1.1059998920722895,3.165481773050565,-1.1785970728968183,2.5924037978139687,-1.1922045386252154,1.996864902086721,-1.1359018585114813,1.4118727700837201,-1.0036110280982016,0.8735434508626815,-0.7782113306461494,0.4237702945605799,-0.44169683496772394,0.11397024223286405,0.000576391142927183,1.4238474719185003e-05,0.4932265988275113,0.12315769871357632,0.9513556653475738,0.48721356942960475,1.33127624833814,1.061077672668803,1.6470939736741674,1.8078788972999664,1.9091790075292272,2.699386153711033,2.1048681022237457,3.705924087661885,2.227958519450281,4.792081588704056,2.28305074332595,5.922579079815779,2.272405778294579,7.0641852279872,2.1968288539520517,8.18414214342705,2.059096472879276,9.250670283732429,1.8616927186674974,10.233249160921329,1.6136155476275424,11.103876252105321,1.3281298923099094,11.840717144724561,1.0075318871798835,12.4261719453737,0.6524702623400118,12.842393527644509,0.27726606697030864,13.075304680698503,-0.10539873674503036,13.118496846099456,-0.493562099686551,12.968966918526057,-0.8830606796993297,12.62466357543646,-1.263585270509615,12.087438578120736,-1.6295259943043907,11.36355099939643,-1.9809421252889847,10.460302512256202,-2.314914219408431,9.385515202878004,-2.6276355780502243,8.148928245856341,-2.9130055685064935,6.762371744659214,-3.1607851078387097,5.242375860375228,-3.388485010173435,3.605072378501436,-3.6191181238757983,1.8527039107432994,-3.7580928231208066,-7.171671064433795e-05
187,4,-1.0493346403402777,2.2657529662083333,-1.0493346403402777,2.2657529662083333,0,-1.037332463747936,2.3224826351651497,5.070888128222134,5.027191019894146,7.87852208692419,9.064966057174216,-3.441467230159615e-06,1.8696774954437212e-05,0.29571741743114793,0.08758257995737019,0.44385454875395614,0.27165766225137955,0.6542053514551253,0.543997656083945,0.8489529460770254,0.922794847813715,0.9667043891581992,1.3795410081700448,1.0344168456638065,1.881331276561307,1.066518336531249,2.408155716770499,1.0566963768613098,2.940788758273311,1.0068616684449014,3.4581192072413547,0.9279250396124652,3.942859871381416,0.8228260713637666,4.381744373959761,0.6872978764004337,4.760521005166205,0.5297026577282095,5.065302022220168,0.3650399289761222,5.289191616256395,0.1906930343552274,5.428735895246857,0.0018018299671503917,5.47735059204488,-0.1923148703730807,5.429679979358435,-0.38303546122460724,5.2856713780996305,-0.5707518666619911,5.047118387347231,-0.7516900204530801,4.715954732525883,-0.9097533469644281,4.299287933471902,-1.037332463747936,3.8114414684924753,-1.1441518225734817,3.265241828018778,-1.2183078011171455,2.672611142974025,-1.2311039333198224,2.0573148236852146,-1.1715873341799008,1.4535819951247955,-1.0338518971619235,0.8986773722698428,-0.8006572905681052,0.43563038156646355,-0.45388983778889314,0.11707107370700533,0.0005916164140338991,1.461510210814069e-05,0.5057424034862025,0.1263263408680329,0.9745067267702936,0.49941071899071643,1.362275540185373,1.0869229703905623,1.6836821649845881,1.8507010376877433,1.9494757309649133,2.761510266402542,2.1468194913981495,3.7886987733237234,2.269526370770706,4.895815621525462,2.3224826351651497,6.046630162735471,2.308194471277815,7.207100035815759,2.227695788026372,8.34376834460753,2.084042052746708,9.424285750688245,1.8799885129578338,10.417698741838546,1.6249122935422367,11.295728861887595,1.332486626175289,12.03647520874503,1.0051680792834632,12.622418214454688,0.6437139354093618,13.035840862458059,0.26273362394295313,13.26289816835206,-0.1249021728175292,13.297547360912551,-0.517248218234989,13.137188091838903,-0.9101468724677572,12.780157949595178,-1.2932428836152092,12.228712332151412,-1.6609690439242024,11.489519253862643,-2.0134992856229648,10.570244706707266,-2.3479894789622566,9.479025635399005,-2.6606975757792197,8.22588369511546,-2.9455643906427493,6.822901268849626,-3.192359976548713,5.286854291070252,-3.4188341560832574,3.6340679455561324,-3.648221025293457,1.8668310693576418,-3.7852621940653,-7.223519221534438e-05
188,4,-1.0220360089444445,2.263570255694445,-1.0220360089444445,2.263570255694445,0,-1.0199235436848622,2.310591621418875,5.071523155108309,5.024627630415266,7.673560902830305,9.056233332549718,-3.5779863155331495e-06,1.888350156541086e-05,0.297448106153773,0.0882270200729206,0.4447256687287794,0.27298623702298624,0.6534727383946225,0.5454016914439241,0.8455151727666789,0.9231989236382127,0.9599004244805773,1.3773975011287032,1.0241640551190827,1.874919348451908,1.0530630968783126,2.3958002855169225,1.040590069362235,2.9210138278648006,0.9888982152707683,3.4297907840184716,0.9089966783329105,3.9052703556685637,0.8038886140619035,4.334646496767671,0.6693936812535521,4.7041688298565,0.5137938638504447,5.000461604962466,0.351849351186344,5.217049727387013,0.1808588219889475,5.350810991694346,-0.004087626752704042,5.3954740855489565,-0.19391788525957235,5.345922580594939,-0.38027189627826496,5.20220418141864,-0.5636721395426084,4.966116426567088,-0.7405205034562332,4.639530928873095,-0.8950730939819028,4.229358176034746,-1.0199235436848622,3.7495648476814236,-1.1246920897941606,3.2126105492780637,-1.1976739058242467,2.630049832992137,-1.2105909636510548,2.0250988256459093,-1.1525718412526729,1.4313035671939676,-1.0176539548773318,0.885257814157564,-0.7886468753945061,0.42932123831293045,-0.4474206668346623,0.11543415044583798,0.0005836839963481518,1.4418732614288487e-05,0.4993957828436812,0.12470301064469337,0.9632130172500477,0.49330112439930673,1.347879970790104,1.0743188977517026,1.6676668900010494,1.8304417215268396,1.9330215840125906,2.7330860365986753,2.131040050313389,3.752171924757154,2.2553599822391632,4.8517689741937495,2.310591621418875,5.996046875412175,2.2990123036100756,7.151234433608822,2.2214636879443295,8.28404307077575,2.080824315923628,9.362198471222012,1.8797086431059054,10.354743046976711,1.627354251458049,11.23332560468364,1.3373228149137175,11.975906224193285,1.0120490883586724,12.564792826285778,0.6522870826332582,12.982094446680073,0.27260654605161094,13.21378028118413,-0.11413063591261853,13.253606728656814,-0.5059472628326716,13.098780327391026,-0.8986653782572253,12.747460235980887,-1.281924446762152,12.201728688118424,-1.6501394156133025,11.468085643750685,-2.0034603396309234,10.554040466847596,-2.339029498586209,9.467582916483074,-2.6530925084610337,8.218593437378466,-2.939576310997041,6.8190199116404715,-3.1882287557373843,5.285511983316497,-3.4167644347633686,3.634283972697565,-3.648412463993318,1.8675250796340426,-3.787849005241176,-7.228455618146375e-05
189,4,-1.0354782785833332,2.308861545375,-1.0354782785833332,2.308861545375,0,-1.0304926313803338,2.2823317152315847,5.085765443014914,5.022362775734945,7.774486969860773,9.237437554617644,-3.855798022369333e-06,1.9903078841388004e-05,0.31241714149519495,0.09278920050570477,0.46532444216409125,0.28644981232680256,0.6812871654902406,0.570938229043885,0.8780053382192348,0.9640222448981882,0.9921931979097588,1.434586210022128,1.0532593400278232,1.947544709069132,1.077073483374644,2.4817744602210223,1.0579314753883722,3.0173823434480984,0.9986399728004669,3.532949993038287,0.9110476437903734,4.011368143822948,0.7986296570376419,4.43992163340708,0.6574643928060415,4.805112294878813,0.49630740467514484,5.09399342994122,0.33029581565068294,5.300758439853734,0.1566668274360781,5.423026989007877,-0.029566845550401996,5.455215139492137,-0.21930719394715714,5.392889972504254,-0.4043073806254316,5.2367672732529496,-0.5853171419296391,4.9892208597463625,-0.7589516558597376,4.652586385397742,-0.9097086214252058,4.234129036503001,-1.0304926313803338,3.748029353325739,-1.1311716811658503,3.206815960033855,-1.2002714893208317,2.6220010764211223,-1.2098473827313583,2.0166161077764957,-1.1493213807381157,1.4238588809692558,-1.0129612134128942,0.8798485061902586,-0.7838504384807307,0.42634638512421147,-0.44415189211756445,0.11454856400427595,0.0005787903849004394,1.4298310518758475e-05,0.4947625037301023,0.12358342397301297,0.9534768235793183,0.4885897273171465,1.333282386129469,1.0635072886260195,1.6486264563757393,1.8112023378265247,1.910098202811532,2.7033255806231793,2.1051492085919286,3.710162629776592,2.227669484001389,4.796313561235243,2.2823317152315847,5.926552156177411,2.271435431762663,7.067728071879846,2.1958014608413765,8.187177328296647,2.058206668213922,9.253218266750295,1.8611205340946577,10.235424589561505,1.6135170589372956,11.105878120048605,1.3286260954927986,11.84281435689155,1.0086922330960977,12.428681636334781,0.6543046768938935,12.845652720147752,0.2797261009944282,13.079640727820546,-0.10242215952407757,13.12419791897688,-0.49024170520569677,12.976250719191874,-0.8796265231383085,12.63364661062615,-1.2603105349922796,12.0981109449304,-1.6267162414419918,11.375757811811248,-1.978927234490729,10.473729552189134,-2.31403232668162,9.39968045923307,-2.6282169938575195,8.163182043231679,-2.9153528408404523,6.775904915512881,-3.1651449857360077,5.25424154720341,-3.3950978555884492,3.614206176489266,-3.628254565506529,1.8579097966842222,-3.7697068619156315,-7.193834374416132e-05
190,4,-1.0520379266388888,2.299202306347222,-1.0520379266388888,2.299202306347222,0,-1.0655973947136306,2.303366809060241,5.09726663428498,5.016682664873404,7.898818663432882,9.198792267496396,-3.854258555440967e-06,2.0317730820626054e-05,0.31987954793903195,0.09490336751505006,0.4777058316550221,0.2934817920010114,0.7007711532308193,0.5858535686142464,0.9046212557929036,0.990534656263846,1.0238072932565385,1.4757442902081923,1.0881353264291764,2.0053854884286624,1.1137211017546385,2.5575637600522665,1.0945807243493781,3.1115731366009878,1.033559484668298,3.6450975794269573,0.9428910387783979,4.140255695490239,0.8262278192311818,4.583719567356308,0.6796196507897955,4.961395371131575,0.5122037664774853,5.259808690323783,0.3397043095623261,5.472904368519,0.15938298000485052,5.598216893600518,-0.033795190582410366,5.630031843295352,-0.23035123069800442,5.563873562709118,-0.42170173001047145,5.400619705203232,-0.608550326005939,5.142894587086169,-0.7873557156305871,4.793314380569924,-0.9421326086790871,4.359592249489253,-1.0655973947136306,3.8565611234193824,-1.167938630101593,3.2973393308512557,-1.2374206040395452,2.6939765269058404,-1.2454701383185507,2.0703131505556884,-1.1814507235532783,1.460540239248108,-1.0397627466812038,0.9017201817096915,-0.8034135573423394,0.4365450566689112,-0.4545715894348727,0.11717790801612851,0.0005914728748915113,1.461232459076227e-05,0.5048762878165584,0.12617253324365893,0.9714782978172896,0.4983266859421172,1.3563215598560814,1.0836145235664745,1.6744695713489317,1.8436082275232764,1.9369939788456008,2.748986940831303,2.131421599228877,3.7691834887755515,2.2518635366320336,4.868003838834051,2.303366809060241,6.009587660660061,2.288530611707563,7.160323539112666,2.2084257040664843,8.287219424274864,2.066073682497591,9.358390621535827,1.8641530415847252,10.343320526052809,1.6118773276064535,11.21410999844689,1.3226995234848,11.949135878840467,0.998942255837513,12.531064314514248,0.6412464019918304,12.942309412987326,0.2640031043715906,13.169072887927209,-0.120099616739364,13.20525062930935,-0.5091907748313484,13.04811908946548,-0.8991852544887001,12.695860440931304,-1.2798234385081775,12.150530137816137,-1.6455751609782865,11.418560256636397,-1.996596461294082,10.507378970388158,-2.330034954381746,9.424893189316007,-2.6421346943969297,8.180898555995187,-2.9268252488167903,6.787259970787401,-3.1738743666977065,5.260535593324551,-3.4008813811071836,3.6168653164075772,-3.6309363520233475,1.8584459203263373,-3.769162415532792,-7.19279550948947e-05
191,4,-1.0335771867847223,2.293603958347222,-1.0335771867847223,2.293603958347222,0,-1.0636224945435873,2.325533840108232,5.082215744849729,5.0237201724375184,7.760213359566379,9.176394046969657,-3.866111379938821e-06,2.025978585081346e-05,0.31872325065024015,0.09458527150845687,0.4757179054071208,0.2923830836510233,0.69768260187105,0.5834938413013704,0.9005917037276067,0.9863757113580908,1.0193772705123056,1.4694481788218223,1.0837675139681078,1.9968731505119546,1.1097981955990652,2.5469633201667343,1.09144901816277,3.099196085651197,1.0314680412088415,3.631407126156903,0.9419619206120553,4.125807272888715,0.8264908973988836,4.5691048567985355,0.6810311038387763,4.947202868820939,0.5146340847001081,5.246583671494372,0.3429646887766585,5.461110441375064,0.1632640181810382,5.588217419742514,-0.02952373249948145,5.622080532937297,-0.2259327876465272,5.558104833158235,-0.4173730902714073,5.39704737281021,-0.6045377472339508,5.141416772960596,-0.7838689075154336,4.793719501616249,-0.9393396878963067,4.361573177648856,-1.0636224945435873,3.8597387519827233,-1.1668898117560313,3.301276881461091,-1.2373514746844816,2.6981936244431983,-1.2463226825447815,2.0743296576205266,-1.1830646995158307,1.4639314649189343,-1.0418659487444786,0.9041676733044535,-0.8055587516159277,0.4379072748799407,-0.4560810376275063,0.11759323693415843,0.0005938459454357708,1.467062185844672e-05,0.5072459439868366,0.1267347489860564,0.9767587056353215,0.5007870834115461,1.3647279217283101,1.0894912970481991,1.6861093510302954,1.8544930235893273,1.9518655079892047,2.766504381026312,2.149263354569618,3.794895922921508,2.2721813227376546,4.903279975118915,2.325533840108232,6.05551341874443,2.3118069164419772,7.217643274112299,2.231981217645585,8.356282751308353,2.0890418377005684,9.439121390350046,1.8856631113240923,10.435206286558143,1.6311501917935103,11.316220386779882,1.3391205861240545,12.060192853414446,1.0119678817357105,12.649505339970661,0.6503908222616076,13.066309883137349,0.26898143385386614,13.296611066973243,-0.11939112791929506,13.334213039349674,-0.5127961978529503,13.17635823699809,-0.907076973862285,12.821221582869212,-1.2918488847566194,12.270903438762435,-1.661516410252362,11.531932752730308,-2.0162370528079325,10.611846807805971,-2.353134401826193,9.518665187416481,-2.6684231895354524,8.262311906020113,-2.955982621147402,6.854796172345453,-3.205489777262344,5.3128619462216164,-3.4347323348310006,3.652824534186746,-3.6670374241969736,1.8769118897870845,-3.8065897832194198,-7.264219178490724e-05
192,4,-1.0240706267638888,2.2866609080069447,-1.0240706267638888,2.2866609080069447,0,-1.0642834878349898,2.327162157336748,5.096833212049442,5.02652825357602,7.688837041454438,9.148615857287666,-3.852403783838684e-06,2.0265252513098437e-05,0.3189680385118471,0.09464166717458407,0.4762520391178961,0.29263182112826575,0.6986050632768664,0.5841027411971537,0.9019013938841803,0.9875467848375628,1.0209319209130503,1.4713420579986234,1.0854178576199158,1.9995740275426952,1.1114041484748993,2.5504843887106015,1.0928559828731466,3.103476991046179,1.0325279109228782,3.6363102794839275,0.9425613498988223,4.1311292264466,0.8265442892049488,4.5745932661771995,0.6804728165307004,4.95256702000495,0.5134536550153427,5.25151190671652,0.34122315319324287,5.465304661421309,0.1610556478247249,5.591419816858725,-0.03207428932948218,5.62408699264474,-0.22865160111634772,5.558785809249973,-0.4200564278222828,5.396369148620863,-0.606979352149876,5.139448808399649,-0.7858692773741642,4.7906330254365646,-0.9407264227203178,4.357633822621352,-1.0642834878349898,3.8552841733326133,-1.1667728035748728,3.296685262753173,-1.236474221251342,2.6938534358231756,-1.2448154115537768,2.070593495216118,-1.181162242010917,1.4610592137696732,-1.039879274503762,0.9022821308411431,-0.8038642326696176,0.4369587711099211,-0.4550799441254307,0.11733469820653673,0.0005925534172745555,1.4638656869178648e-05,0.5062027959488278,0.1264678722379252,0.9749644203238117,0.4997935189850679,1.3626310307375995,1.0875060898428024,1.684131004558264,1.8514726913118535,1.9503801552182571,2.762603173874518,2.148602716780417,3.7904458322199397,2.272593060986383,4.898759503033404,2.327162157336748,6.051499047051255,2.314697941249698,7.214758785356748,2.2360889961180637,8.3551516832577,2.0942382427282826,9.440323266517503,1.8917498840610294,10.439238464085546,1.6378807508887732,11.32346774625033,1.3462272693418362,12.070911010226052,1.01916145921271,12.663811212928417,0.65736211366191,13.084169815586003,0.2754374815990516,13.317839340218447,-0.11371548963424416,13.358484984853074,-0.5081567312875979,13.20321946799474,-0.9037128509442246,12.850092965418051,-1.2899607088305405,12.301095422917353,-1.661273746054001,11.56266417587948,-2.0177940295289476,10.642255669858068,-2.3566196078558956,9.547818181061219,-2.67393434016986,8.289219258263499,-2.9635753569821532,6.878428463837173,-3.215157233224866,5.332178394289259,-3.4465105263302935,3.6667840403321037,-3.681040745967406,1.8844282563263253,-3.8225209837621112,-7.29462107341673e-05
193,4,-1.0410840887847224,2.278427645534722,-1.0410840887847224,2.278427645534722,0,-1.0681373889716814,2.3081029812634397,5.072685200548888,5.012667830659254,7.8165760211403805,9.115675706281088,-4.135555283417229e-06,2.1051215005567914e-05,0.32973870144322714,0.09801057365082468,0.4900870378102977,0.30217428807773344,0.7162183614097223,0.6015052702334203,0.9212121948162876,1.0143303385743216,1.0387093708133144,1.5075011389870545,1.0999919058267578,2.04386400294897,1.121967568675017,2.601086069860023,1.098897665711728,3.158243529868745,1.0339898731505568,3.692943832619779,0.9398592977644833,4.1874288167661575,0.8203115098148865,4.628631092253875,0.671431206373896,5.002753448420792,0.5024712878301382,5.296653468543108,0.32921017900421357,5.504661768970316,0.14877875324783948,5.624675867626813,-0.0439817729316917,5.651272595901649,-0.23966652706850755,5.5802219350099325,-0.42981027662502175,5.412601237088728,-0.6152619907548715,5.151165911752394,-0.7926022577967269,4.798595537018557,-0.9459532791808514,4.3626105385921825,-1.0681373889716814,3.8579971792738816,-1.1694148562175797,3.297781255780165,-1.238086410022533,2.693894093767428,-1.245599084861414,2.0700434500714016,-1.1813014868255312,1.4602855416861928,-1.039543459677472,0.9015649136863713,-0.8032588864058858,0.43648708790330426,-0.45452349287481036,0.11717025911983626,0.0005914885286486681,1.4612643146646317e-05,0.5049644261180853,0.12618791653776854,0.9718185549323985,0.49844236325429514,1.3570718127858683,1.0839964394141692,1.6757815703653012,1.8444994499475573,1.9390117965937501,2.750704975591817,2.134266441765151,3.7721127710432487,2.255625577421192,4.872581745737734,2.3081029812634397,6.016288521675776,2.294256930643872,7.16964033776926,2.2151090695695386,8.299641105379745,2.0736269851281324,9.37437631396214,1.8724293919544888,10.363270997020466,1.6206757246056,11.238338440433797,1.331776676902015,11.977844283916408,1.008002151408902,12.564320627748831,0.6499382265805906,12.980018969588784,0.27195861746792105,13.210959543035106,-0.11324775461466716,13.250854598900432,-0.5038204479166238,13.09679452888209,-0.8956688561811665,12.74677241450435,-1.2784915482197439,12.202666884390233,-1.6467141952915003,11.470756508193702,-2.0004613257815826,10.558334049885245,-2.336831450741571,9.473190218242774,-2.6520079241864556,8.22503291555387,-2.9398400790191053,6.825672525117735,-3.1899813847839864,5.291664367616157,-3.42007555060607,3.6391728359260447,-3.6533250213444517,1.8703582913710737,-3.794202825678594,-7.240580744854502e-05
194,4,-1.0394732111666667,2.303511559993056,-1.0394732111666667,2.303511559993056,0,-1.0445799153757949,2.313138911988403,5.088610437105623,5.0288836369478345,7.804481371440197,9.216032998773738,-3.970462408303004e-06,2.0251150769029558e-05,0.3173462860221808,0.09430954862325354,0.4720112192918919,0.29087241299039673,0.690458435587907,0.5793025823492423,0.8892462032178903,0.9775374955850071,1.0044314286300424,1.4540051070568831,1.0660019803228922,1.9732193444051425,1.0900862891057164,2.513899150194374,1.0708774894413646,3.0560128258089208,1.011154169023977,3.577959073478143,0.9228427532106657,4.062465777737517,0.8093824250169539,4.496672786334417,0.6667190381562084,4.866885294387258,0.5036760934853499,5.15993348102048,0.33558529609399285,5.369869958640441,0.15963959138828068,5.49421699269055,-0.029211840253909164,5.527247500912768,-0.22170651244952094,5.464412370267929,-0.4094348304224077,5.306405726950974,-0.5931179528732874,5.05562453768149,-0.7692828413226618,4.71444653912561,-0.9221713072084802,4.2902688706874015,-1.0445799153757949,3.797513622824191,-1.1465265185013487,3.24892556038624,-1.2163899882545488,2.656213057357246,-1.2258818149216117,2.042750758167975,-1.1643476087307596,1.4421906961232351,-1.0260427198996913,0.8911118238496305,-0.7938777099861909,0.4317813624108209,-0.44980452681553795,0.11600589977519775,0.0005861608298364964,1.4480367472469709e-05,0.5011021942179111,0.12516293023493003,0.9658265932607577,0.4948729491856624,1.3507717299628732,1.0772866583196894,1.6705199623208524,1.8348533246359338,1.9357280003326154,2.7388895094833416,2.133594480878942,3.7592890682362037,2.2578404029196912,4.860139984492817,2.313138911988403,6.005668178129246,2.3017893877131383,7.162180051597488,2.2246251981810663,8.296467331609833,2.084496048391942,9.376326693011768,1.8839676851198635,10.37085192076209,1.6322216724334195,11.251716380269567,1.3427596702762188,11.996876157273084,1.0179379242369506,12.58860093480801,0.6584265123217591,13.00891946534205,0.27873609593699694,13.243684334883131,-0.10831799045311495,13.286510194661604,-0.5008100624398035,13.134437167628054,-0.8945961317407564,12.785435248098302,-1.2793145452369488,12.241389487712212,-1.649367326554672,11.508607522498364,-2.00489176995688,10.59441223924755,-2.342994542964747,9.506618249470334,-2.659867191646803,8.254954082521344,-2.9493577022668336,6.851247299384781,-3.2010973991919998,5.31207863425285,-3.4328153576049187,3.6536279246333763,-3.6678188916340804,1.8780081198713925,-3.810184806481348,-7.271079560194572e-05
195,4,-1.0373436307638888,2.408676660756944,-1.0373436307638888,2.408676660756944,0,-1.0583994589120023,2.3436665857397405,5.07202025748898,5.04124675820869,7.7884922430971875,9.636784105819313,-3.991242038980963e-06,2.0423077003880368e-05,0.320204372416518,0.09514061899842495,0.4765188941958678,0.2935315490294759,0.6973670518249321,0.5847878225479863,0.898534536583881,0.9870977970258211,1.0153880449993942,1.4686540478274033,1.078131128743713,1.993655190590622,1.1030127899539528,2.5406160516940264,1.0841425662246966,3.089297926402752,1.0243047737093067,3.6178648514506087,0.9355283788508865,4.108843715006876,0.8212668630185015,4.549208873538122,0.6773927166140954,4.92507844055652,0.5127876646161575,5.223083932969493,0.3429221046188777,5.437140843470052,0.16493318743756222,5.564659662379604,-0.026315045846109306,5.599751689900584,-0.22146754391773454,5.537708329965551,-0.4120075713568967,5.379124025578238,-0.5986456428194724,5.126323495829531,-0.7778318384792773,4.781624682676393,-0.9335421977277758,4.35245252321453,-1.0583994589120023,3.8533853785453682,-1.1624946874024482,3.2973372796494367,-1.2339787519258987,2.6962027554989745,-1.244081650120343,2.073744286367682,-1.1819374812968493,1.464184606629205,-1.0416970093887339,0.9047353049254315,-0.8060311068433366,0.4383819320726976,-0.456676290845985,0.11777483487791447,0.0005950549823238901,1.4700147434530518e-05,0.5086316243308407,0.1270503999621563,0.980153291063781,0.5022774187813837,1.3705084786110282,1.0932633862982126,1.6945237144858767,1.861805177607997,1.9630435093887102,2.7787132942694024,2.16311242231582,3.813370509904358,2.2883960186516727,4.9292865467107605,2.3436665857397405,6.09012809690852,2.331283288912689,7.261686785075311,2.2521168343945144,8.410259429285357,2.1090844599982685,9.503175094196699,1.904820395728729,10.50909301346872,1.6486736482799427,11.399306056251357,1.354377784925548,12.151498223741758,1.0243748290289725,12.74775099515062,0.65940954175807,13.169931449535461,0.2742569651671285,13.403816374025272,-0.11803290737934591,13.443081863375246,-0.5154460931335658,13.284906445551337,-0.913726057306067,12.927441577374868,-1.3023374895632847,12.372829578835708,-1.6755883324608822,11.627707297892007,-2.0336036949869025,10.699748899984186,-2.3734584991801597,9.597129363272046,-2.691322882985801,8.329953593538706,-2.981024061065117,6.910432477241729,-3.232166877426935,5.355548235177832,-3.462711682027395,3.681840306709718,-3.6961881076029153,1.8916349551687348,-3.8360497917076835,-7.320438546261618e-05
196,4,-1.062197533763889,2.3895968596041666,-1.062197533763889,2.3895968596041666,0,-1.074654442202718,2.3408686137379378,5.091265230675079,5.020285992099138,7.975098132395071,9.560448445044695,-4.153252409672711e-06,2.103382792269986e-05,0.3292640039711172,0.09788897637954914,0.489239563379779,0.3017206623081029,0.7150491683562489,0.6005406888531128,0.9201026048374324,1.012772623486558,1.0382468856794518,1.5055266106818663,1.1006922970763815,2.0419297253890485,1.1242296832693548,2.5998788185502604,1.1029436719129133,3.158608738581204,1.0398166938814877,3.695781783187308,0.9472729376022472,4.193588346935584,0.8289508512521914,4.638822693912547,0.6807612830371317,5.017462509081618,0.5118918484411356,5.316074070435783,0.33818839092102915,5.528703262873155,0.15678369985122342,5.65298633511189,-0.03748947063256371,5.683228058567078,-0.23509265436719406,5.614956977014654,-0.42740317031088526,5.449089835926542,-0.6151927695432022,5.1882793441584605,-0.7949326487847332,4.83514215921125,-0.9505207122249822,4.397421225618727,-1.074654442202718,3.8900259939100468,-1.1776624067037196,3.326109726540462,-1.2477097935034607,2.7177333315177643,-1.2559539172287846,2.088857523769716,-1.1916379089632945,1.473895082839892,-1.0490458787055619,0.910177498965188,-0.810906814993892,0.44076391814836513,-0.4590326332913717,0.11834976218139713,0.0005976297787943723,1.4764132169917136e-05,0.5104569009085134,0.1275383716828222,0.9829360536773631,0.5039563720988031,1.3733841943296141,1.0963885668309898,1.6968611711668171,1.8662552192362705,1.964397263132194,2.784102009421994,2.163171417256442,3.819122166003879,2.2870150903107156,4.934710072050478,2.3408686137379378,6.0945028332984466,2.327229697770859,7.264339376577649,2.2470803841934424,8.410626217789167,2.103417986412582,9.500850216749772,1.8989234941210147,10.503860167410881,1.6429490783861618,11.391151704758212,1.3491862037362143,12.14060092242001,1.0200267858728984,12.734456830709508,0.6561562044252547,13.154728271415484,0.27225003855039304,13.387294161018275,-0.11874447202678251,13.42587970521997,-0.51488811537797,13.267668369126211,-0.9119956140427105,12.910781263456212,-1.2996050933357624,12.357293356738037,-1.6720727172396177,11.61374276342784,-2.0295464425886633,10.687688028877746,-2.3691180952225444,9.587178928435833,-2.686963988501329,8.322188957246132,-2.9769083852351805,6.904797312244871,-3.228543031583751,5.3518575504531185,-3.4597788445308018,3.6797958769304566,-3.6941127707508046,1.8908498155952516,-3.8350133442043157,-7.318460624453287e-05
197,4,-1.0681015373402778,2.3856143984444445,-1.0681015373402778,2.3856143984444445,0,-1.0908509158980364,2.3778102316681733,5.061586971924789,5.0138764992967895,8.01942605295507,9.544515165567494,-4.063689938816153e-06,2.0948258731945347e-05,0.3287952385505811,0.09765474605941751,0.4897827378469578,0.301478544423666,0.7173173043568098,0.6009651859467318,0.9248805708844873,1.0149343527773487,1.045844597148873,1.5107788526637242,1.1110829748174729,2.0516838803683655,1.1371999872965042,2.615486756205812,1.1180451733747638,3.1812580554692174,1.0564261456390935,3.7263864505128894,0.9647188495637036,4.232735316421871,0.846504318566649,4.686752375801135,0.6975805912217683,5.074021602139384,0.5271816470283368,5.380689262811955,0.351345921362235,5.600453272541404,0.16721746150866726,5.730660761671498,-0.03039952023257956,5.7653068508468,-0.2317830967167064,5.699648537727079,-0.4281048818107192,5.5344407532811175,-0.6200610762390868,5.272242942901822,-0.8039849609648825,4.915620228140707,-0.9634217249834706,4.472389083839199,-1.0908509158980364,3.957698194366711,-1.196705570965468,3.3849529881649256,-1.2688923321259753,2.766477962493946,-1.2780032436427469,2.126733178954213,-1.2130447408688854,1.5008425099168745,-1.0681805866927814,0.9269164471367115,-0.8258329726704959,0.44889932800633314,-0.46751586774905474,0.12053742034311425,0.0006086690696514532,1.503687431387226e-05,0.5198442611660864,0.12988814271410984,1.0008566999133197,0.5131979627086279,1.398102676132401,1.1163619215338612,1.7268838604230692,1.899967686676992,1.9984191623393868,2.833883539919009,2.199676766004864,3.886602398964253,2.3244366151228175,5.020734283531836,2.3778102316681733,6.1991723567658985,2.362441263131584,7.387096918605594,2.279445701079365,8.550320896102534,2.131993681859455,9.65581612134885,1.9229305411037456,10.672000064916444,1.6618611064832733,11.570036502277421,1.3627623748936355,12.327614230109909,1.028113450776444,12.926892512107264,0.6586442610463134,13.349808607075392,0.2692444889753995,13.582235918005548,-0.12698429615207735,13.617998931681509,-0.5281175669592207,13.454410803308393,-0.9299640176076878,13.08971223389193,-1.3219836118401551,12.526122711596907,-1.6985213290307615,11.770352402064617,-2.0597838756117763,10.830115214300466,-2.402876680741371,9.713595693803525,-2.7239709047792835,8.430902952875925,-3.01684749863013,6.994258947838679,-3.270991675009907,5.42070520297746,-3.504550786460413,3.72684167989293,-3.741325434517919,1.9148969977817194,-3.8835681217740303,-7.411119046513656e-05
198,4,-1.068883495986111,2.413466581048611,-1.068883495986111,2.413466581048611,0,-1.103990064158533,2.3849326720938135,5.076457620066382,5.022604474115313,8.025297086108289,9.655947918250812,-4.074783358479797e-06,2.1104472154709644e-05,0.33146749928635016,0.09842492244623581,0.49405596857339973,0.3039724596118701,0.7239154742615368,0.6061489957652432,0.9338282859697211,1.0240273107883224,1.0564907924904388,1.5247961292302428,1.1229453851232918,2.0713441271541155,1.1498703850463172,2.6412998975172006,1.1309674008226123,3.2134952367943623,1.0689857305233628,3.7650184725472906,0.9763748392475758,4.277442436197874,0.8567261881954166,4.736952629256611,0.7057809935367583,5.128851336481214,0.5329097858818637,5.4390137197100605,0.3544117010755455,5.660981311460188,0.16747675989118155,5.792027029170254,-0.03306404698236836,5.8260731141161894,-0.23726734301538102,5.7583678914143634,-0.43610433654155256,5.5897745232288765,-0.6302047366425972,5.323024409718121,-0.8158032712048964,4.960887743476445,-0.9762492585707874,4.511464169875344,-1.103990064158533,3.9902561893505344,-1.2096316442187194,3.410974615555386,-1.281059477856474,2.7862004494186885,-1.2887877011655984,2.140693422868707,-1.2219749406574645,1.509859251420352,-1.0749864546340953,0.9319909256596329,-0.8303679869264071,0.4511345449754389,-0.4697360569342735,0.12108439734483706,0.0006111941115694031,1.5099502939663358e-05,0.5217889544710423,0.13039073185382033,1.0043129850417603,0.515069812623516,1.402671135582778,1.1202532279761923,1.7323395112864777,1.9063711498515188,2.0046269930493836,2.843208939892511,2.2064506710619414,3.8991826391373587,2.3315266473709335,5.036791695464878,2.3849326720938135,6.218795455291057,2.3692699278399334,7.410222394146085,2.285616181469673,8.576711707163987,2.137132822852943,9.685049823467454,1.9266801367750856,10.703469926506497,1.6639399236430552,11.602972567187669,1.3630127746351586,12.361137029961553,1.0264575631246904,12.960066020708725,0.6550865556216665,13.381675667414234,0.2639439437536669,13.611878428593332,-0.1337379072159753,13.64461421840949,-0.5359712885815362,13.477358482688317,-0.9385061081974617,13.108542375926605,-1.3307437920726977,12.5406070045263,-1.7070175088957713,11.780502925871168,-2.067557710599159,10.836179692879044,-2.409498213768693,9.716044145975408,-2.729052722322313,8.430410537302718,-3.020058894389213,6.991680806522343,-3.272079867785718,5.41704367708619,-3.503347331383694,3.723202839787516,-3.737685476433843,1.9124636272899143,-3.8775226134850236,-7.39958231690942e-05
199,4,-1.1194466426805556,2.4344044973055556,-1.1194466426805556,2.4344044973055556,0,-1.1210014385797924,2.3511011822286045,5.074247638265353,5.021834442693022,8.404930858502755,9.739717642050309,-4.26197388471249e-06,2.1914969174275983e-05,0.34377888386271543,0.10212881956647225,0.5116398103155955,0.31514315799946524,0.7485087438379118,0.6278179513489976,0.9637349081327673,1.0594851780077417,1.0877577528931788,1.5756901225744224,1.1529726911896117,2.137642891704396,1.1768686645943862,2.7219271832669993,1.153268430262387,3.306511181034308,1.0853915748990548,3.8677455115140256,0.9863965995448799,4.386785058013439,0.8602761072347245,4.849688309934171,0.7029706337832132,5.241760276775419,0.5243099095779118,5.549034034999251,0.34103040167820947,5.765461999736616,0.15029935492019209,5.8888300182214,-0.05310319269737912,5.913530679091071,-0.2591057071590642,5.835309770124258,-0.4586653175877878,5.655574185988332,-0.6525500125899958,5.3775613247583305,-0.8370964743967971,5.004481054422109,-0.9957054811271238,4.544839600508634,-1.1210014385797924,4.014495215728492,-1.2238385109494931,3.427397398620296,-1.2922141352587087,2.7962741082845595,-1.296770656697479,2.1459823254141406,-1.2269135458414375,1.511928677133004,-1.0772734154707837,0.9322759031217634,-0.8306889826101547,0.4508032848677094,-0.46915681105380513,0.12087111988682904,0.0006094597488966072,1.5057422125751129e-05,0.519528887611446,0.12989311787595556,0.9983941220654742,0.5125746691268367,1.3922154055435083,1.1136920398514705,1.7168092065944478,1.8933309350392555,1.9837806390355863,2.821075776707202,2.1805164706924773,3.86533443481317,2.301169825453953,4.988836274390092,2.3511011822286045,6.15474856842074,2.3331426355877447,7.32863219737405,2.248552092772898,8.476764684240955,2.100578393191727,9.566636755624053,1.892109344834476,10.567215098895982,1.6326983765466967,11.450213972674685,1.336192823025559,12.193821567952236,1.0050323936920706,12.780649410279015,0.6399247306514494,13.193081678420477,0.25557649184674397,13.417388233545918,-0.13509777831855566,13.447686925116562,-0.5302437492732608,13.281522020309097,-0.9257678403433649,12.917330563239906,-1.3113141921104696,12.357454860542248,-1.6813624332583346,11.60864228852004,-2.036179519349733,10.678599320984087,-2.3729691969012374,9.575466241400076,-2.6880136795430047,8.30925233031754,-2.975238675587994,6.892021369908788,-3.224338380698692,5.340559407239648,-3.453246315001399,3.67118946026475,-3.685433313029835,1.8860558092418365,-3.8246477561104295,-7.298679732937975e-05
200,4,-1.15493845525,2.388712728986111,-1.15493845525,2.388712728986111,0,-1.08130930622754,2.307063604268512,5.062639623332638,5.023069453464112,8.671407365122858,9.556911160017462,-4.514998217345376e-06,2.2086798278286483e-05,0.3438942137262359,0.10244101673826977,0.5082934865230967,0.3147201877582427,0.7396329064872997,0.6244391741714821,0.9475247151885796,1.0498742070021807,1.064079620931327,1.5560869406717732,1.1225388892112416,2.104474289227958,1.1408217643904923,2.672078926024009,1.1133305936524305,3.2375844518941,1.0436109823824964,3.7783035062072803,0.94475295197151,4.2764072242034645,0.8207156342153831,4.718925545092361,0.6675424628238963,5.092166472767594,0.49473173445063223,5.383132184350689,0.31836409984244096,5.586462630525569,0.13546288308095433,5.700414296228415,-0.059237969626065715,5.719843944105073,-0.2561963953428032,5.640815994564299,-0.44688487898626844,5.464765319665428,-0.6322460139763068,5.1947907934074715,-0.8089021888664962,4.833873817269718,-0.9609399284659494,4.390041494326491,-1.08130930622754,3.878373434274094,-1.1805200687940398,3.3120806906621887,-1.2469454816010745,2.7031951789355446,-1.2521081645656165,2.075502285365496,-1.1855840795180204,1.463056706727515,-1.0419378763370242,0.9026843781200141,-0.8042539174437829,0.43678220251873673,-0.4547157879770683,0.11719476381649266,0.0005913896260635277,1.4610421610263463e-05,0.5047069125862812,0.1261365216303537,0.9711433234715723,0.4981586124230493,1.3560424223643208,1.0832813363190528,1.6745427541872866,1.843210745718285,1.9377185322593486,2.7487771275623443,2.1330391589316875,3.7695511292640127,2.254510331535199,4.86943431009719,2.307063604268512,6.0126055596547525,2.293182662927426,7.165434990483093,2.213829819488819,8.294855359436696,2.071940368177249,9.368857839126736,1.8701306803575697,10.356764252788132,1.6176021886853567,11.230493875946019,1.3278460223768005,11.968250340114341,1.0032134002578064,12.552545185860643,0.6443841050671527,12.965651500982178,0.26585337136639076,13.193665821629331,-0.11958490688133601,13.230435289078985,-0.5099966492977321,13.073229179286168,-0.9012326039932583,12.720252307072544,-1.2829596138520871,12.17361855695121,-1.649608040395772,11.439848186503488,-2.0013282972089326,10.526467436583786,-2.3352657986300076,9.441482688155968,-2.6476734349460833,8.194788088741449,-2.9324968200627004,6.798339841556547,-3.179524602676843,5.268779705710425,-3.4064379810189687,3.622307046057236,-3.6363958612772285,1.861132830238521,-3.7744122624173926,-7.202813948794964e-05
201,4,-1.1175862699722223,2.316322007125,-1.1175862699722223,2.316322007125,0,-1.1310409477279297,2.3371363550972277,5.107601925134028,5.025279990793789,8.390962971701875,9.267285836201392,-4.306568161951225e-06,2.2123340531707994e-05,0.3470171136407178,0.10309335971319683,0.5164507314047295,0.31811100093742234,0.7555971951873874,0.6337348237471324,0.9729905525983691,1.0695184722518833,1.0983697509620542,1.5907213559490598,1.1643591827823416,2.158193092021525,1.1885325571169354,2.7482636449365043,1.164557273061103,3.3386155632784247,1.095614854082848,3.905254657828074,0.9949816406583446,4.429017746578322,0.8667168459669273,4.895698679802483,0.7067812136527362,5.2903512971740465,0.5252235424591682,5.598809700445208,0.33909327010750606,5.8149761916572436,0.1456526697048071,5.936692061039493,-0.06024135728541121,5.958433392446718,-0.26829957702464763,5.8761067896580474,-0.46932212713811655,5.691382717933007,-0.6640488447224325,5.407804889362257,-0.8487846394402256,5.028899235394867,-1.0068777286483837,4.56351349703682,-1.1310409477279297,4.027844754544791,-1.232318770332325,3.436101917186028,-1.298804889495443,2.801198781413021,-1.3012786804792649,2.1481291584080973,-1.229402862476612,1.512334519993739,-1.0780679441023564,0.9318793516421108,-0.8303581379280612,0.45031974662530716,-0.4685116163857963,0.12066981785120237,0.0006081054411280052,1.5024334670165821e-05,0.5180293586639741,0.1295467265856959,0.9949246900945006,0.5109967024717272,1.3866578997624648,1.1098581514913899,1.7091740428729436,1.8861973776532008,1.9741542108794685,2.8096206155476056,2.1691175816637003,3.848611229518967,2.2883123607268585,4.966034922947881,2.3371363550972277,6.125226374894324,2.3184576622431363,7.291930543408299,2.233570305292218,8.432628194833462,2.085745349778366,9.515027529510563,1.8778890919929991,10.508323152699866,1.6195349116256923,11.384458774376588,1.3244769078979524,12.121830903533654,0.995147381763245,12.703242100708621,0.6322509383947152,13.111270037847007,0.25040890398485827,13.332356276020322,-0.13755313378310755,13.360741602553595,-0.5298146979667901,13.194063531929187,-0.9223302907199403,12.83083529336865,-1.304832907694419,12.27343959315601,-1.6718651839197691,11.528623391645914,-2.023719418424232,10.604072631067597,-2.3576410795971685,9.507891642533542,-2.66995850955287,8.25003026651742,-2.954658539097928,6.842468737729017,-3.2015268599591415,5.301867217255369,-3.428387830912874,3.644416477089461,-3.6585483559205305,1.8722238029217242,-3.796466022919769,-7.24489977063461e-05
202,4,-1.1112981132291668,2.3538085305208334,-1.1112981132291668,2.3538085305208334,0,-1.1553604703642044,2.3947761323229004,5.07533478198103,5.021544926026165,8.343750786111453,9.417264261587,-4.234882296740212e-06,2.2132870269706262e-05,0.34803320748793914,0.10330151032806453,0.5191800984902708,0.3192261836097683,0.7610239758649153,0.6368439412311241,0.9817991341356221,1.0761765337339737,1.1105470455978013,1.602632318679412,1.1797592832482378,2.177004289396484,1.206940255844336,2.775540149742044,1.1855172848531772,3.375758078271422,1.1184897164141347,3.9533839623056455,1.0190813402453343,4.48892063601856,0.8912272085385669,4.967793015560587,0.7306496898299777,5.374587675898478,0.547374893908428,5.694591500678172,0.3586416843951959,5.921218533319188,0.16164569979252968,6.051863889577043,-0.048865967217739385,6.080489127728106,-0.26237125946147105,6.002515485729728,-0.46937089784885033,5.81927988034664,-0.6704761885789562,5.534097236846839,-0.8617466967990585,5.150340385835963,-1.025935149282109,4.676918029377627,-1.1553604703642044,4.130371969700822,-1.2611796645047257,3.5253025671498652,-1.3310472251422387,2.875055032946998,-1.334855470550039,2.2054332570100144,-1.261926675780825,1.5530129309593186,-1.1070212426851265,0.9570771019017402,-0.8528318689534617,0.4625296922640309,-0.481224719105318,0.12394420016941995,0.0006245958445668384,1.5431781516290696e-05,0.5320446903832734,0.13305478952751254,1.0217402756012126,0.5248046790785883,1.4238170729886706,1.1397610270056344,1.754599668574967,1.9368204590631006,2.0260345737718346,2.8846519706845477,2.2252555503481655,3.9507464815294653,2.3463227557480932,5.0968045158937745,2.3947761323229004,6.284998842544925,2.3735911742164824,7.479984016380488,2.284165380193064,8.647194684708326,2.1299668508708787,9.753370447717842,1.9141267133643083,10.766841382863738,1.6466069826421608,11.658841272978286,1.3417469687777839,12.40731751385579,1.0022265950698752,12.994830232947226,0.628958689009888,13.403803042910234,0.2370966407624916,13.620711628704772,-0.16010132163105859,13.640095194536965,-0.5606837951537474,13.460022782664208,-0.9604532791644318,13.079496852610347,-1.3489050274987935,12.501494469519129,-1.720501559256477,11.733444631884167,-2.0756009874895955,10.783710464977288,-2.4114770919863613,9.66104660763136,-2.724498063295886,8.376040665597305,-3.008682322387076,6.941286605597612,-3.25382629610904,5.374058256975955,-3.478175836989701,3.691067002537268,-3.7054247002828515,1.894684560690989,-3.8390159104975297,-7.326099098245284e-05
203,4,-1.1155843908194445,2.3160823003749997,-1.1155843908194445,2.3160823003749997,0,-1.1392497851786725,2.322594904237695,5.0938994573655405,5.020542982767623,8.375932638656357,9.26632680245639,-4.6110200998411306e-06,2.3063677637945315e-05,0.36030203035306096,0.10720013884455334,0.5340802492465,0.32996427740573364,0.7787382659850588,0.6557640776327465,0.9992924313015334,1.1040918159072244,1.1237296829958419,1.6383474687516058,1.1864573620067107,2.2177482969839715,1.2060716524029436,2.8177758682839347,1.1765367827412267,3.4155406543325046,1.1015825017187109,3.986670250431779,0.9951417663476678,4.511946926567524,0.8615982381620603,4.977363840691405,0.6970425756480351,5.3682701682787535,0.5118113599932459,5.67089432066799,0.3231649429612972,5.879678419413688,0.12823287978613396,5.99301878292762,-0.07826316770602845,6.005863201701982,-0.28605833641875344,5.914556563097084,-0.486057487418116,5.721180973134328,-0.6791788946940859,5.429615957217921,-0.8618689948004371,5.0436406674733805,-1.0175976868502246,4.572293762141181,-1.1392497851786725,4.031890555875555,-1.2380236404763505,3.4366716912372586,-1.3021152083706837,2.7995219189124882,-1.3024531680852307,2.1453455721347354,-1.2288670996496056,1.5094120355860428,-1.0763937072101712,0.9295364189418659,-0.8282863435820174,0.44894816671088567,-0.4669690233737208,0.12024378327661403,0.0006056785841641798,1.4964684512732996e-05,0.515672251525784,0.12898131828061038,0.9899056876189651,0.5085888628764359,1.3790953353589748,1.104295636950469,1.6993114204448045,1.8762675938300895,1.9623182302489477,2.7942491975391333,2.1558013105094918,3.8269282369999242,2.2740994137289112,4.937445180310303,2.322594904237695,6.089425165414745,2.304117035616668,7.248887664133599,2.2199034601220617,8.382565382343358,2.073143260221869,9.45838289651666,1.866659659663468,10.445709757871752,1.6098774556901037,11.316618012050363,1.3164815435197637,12.049574480446854,0.9888759774987269,12.627416084386532,0.6277676369514906,13.03275330989917,0.24773687002990247,13.25205060139879,-0.13840290900153412,13.279554220209508,-0.5287794668337653,13.112918614830107,-0.9193006677524824,12.750701627304348,-1.299685856941817,12.195344690831519,-1.664451160240735,11.4536615450167,-2.0138450019703624,10.533424226762163,-2.345098931051499,9.442838884937688,-2.6545506612250267,8.191957123160188,-2.9362321702909178,6.792849904795435,-3.1800299625141784,5.2622279700778565,-3.403690832230654,3.616314794773621,-3.6303714602613972,1.8573335521530032,-3.7653318889014593,-7.18548572107653e-05
204,4,-1.1183550895833332,2.3067430241249998,-1.1183550895833332,2.3067430241249998,0,-1.1570683163547648,2.3205771830087234,5.089909722759392,5.00917731895678,8.396735355509803,9.228961642411385,-4.433056734517288e-06,2.279360228961296e-05,0.3575629208225123,0.10622392923952415,0.5321081384399481,0.32777090831742334,0.7783340357147975,0.6529292955138777,1.001876284719903,1.1017427088664005,1.130252675950898,1.6382555831888614,1.1970559185105785,2.221942345079683,1.2204134057396963,2.828227262693311,1.1938786681837041,3.4339521904442023,1.1208549554866132,4.014283858302251,1.0151548744176015,4.549432224805785,0.8811144799816961,5.024784687265252,0.7147701236696753,5.425054930660573,0.5266327540906129,5.735854845683342,0.334338472316022,5.951162730939378,0.13519679219625255,6.069059468197297,-0.07592959332330519,6.0842395649775565,-0.2884155719136982,5.992920984858049,-0.49282562941837527,5.797248056974101,-0.6899130224564873,5.501286189976645,-0.8759375510465472,5.1090777968101015,-1.034060538309751,4.630053393664816,-1.1570683163547648,4.081040406479521,-1.256352031571981,3.4767514748570636,-1.3200464839714483,2.8304937522306743,-1.3189162996041366,2.1676750973284857,-1.2429466438554841,1.5240736732051972,-1.0874276892204728,0.9378960506502604,-0.8357874265297693,0.45265727613946977,-0.4706605317629245,0.12114946248345472,0.0006097856474508779,1.506668124365535e-05,0.5186528573881074,0.12977085666886193,0.9946327364599769,0.5113613589814381,1.3843181802502083,1.109601526563216,1.7041125875388106,1.8841109207197988,1.9660317592726768,2.8042460191421794,2.157896768756781,3.8383962912009073,2.274219194807617,4.949477726041432,2.3205771830087234,6.100986263235142,2.299965584201073,7.258903216541554,2.2137666546543806,8.389999832921632,2.0652984685244915,9.462308012336006,1.8574907480700271,10.445363503020884,1.5998504350152885,11.311452139948617,1.3061036518721143,12.039285939035661,0.97866345306475,12.61195839357503,0.6182299257022309,13.012337408933355,0.23933733066684373,13.22713262797225,-0.14527846871750616,13.250803020155947,-0.5338207459003845,13.081176842862181,-0.9222808394528732,12.716947105133752,-1.3004810391485273,12.160643321078911,-1.663030226969382,11.419116856444917,-2.0102459258649823,10.500137487099039,-2.339426495551633,9.411875760248067,-2.6469691001599935,8.164315390731902,-2.926962401780844,6.769431697194644,-3.1693540722115032,5.24380828654423,-3.39184478685526,3.6035325660214217,-3.6175120881337235,1.8507362187531982,-3.7519485192857,-7.15994586979068e-05
205,4,-1.0892865583680555,2.312742297833333,-1.0892865583680555,2.312742297833333,0,-1.187112855650702,2.3547511060135657,5.071820420279409,5.012797650867507,8.178485565204829,9.252963911566416,-4.468066529236044e-06,2.3271862157690754e-05,0.36571917617403055,0.10857794209856243,0.5450563105396254,0.33536781167845725,0.7980426023867199,0.6686205472512259,1.0279625389231193,1.1289728328577655,1.1602661926311404,1.6796067385797815,1.2291667190110172,2.2788852408715052,1.2531888639201905,2.9014539280541016,1.225757565978123,3.5234078296798312,1.15044592798869,4.119155602473456,1.0415134183079737,4.668323229479135,0.9035037687204219,5.15589390812568,0.732446184151897,5.566208784907075,0.5391635667850265,5.884566792376236,0.3417315674416807,6.1048527426699115,0.137395055549729,6.225155198872028,-0.07911568508054546,6.240093463305891,-0.29694966806127376,6.145837088438447,-0.5064724647237099,5.944608823131528,-0.7084654762364244,5.640589226993985,-0.8990994032765217,5.237933008864884,-1.0611214465637606,4.746314126282865,-1.187112855650702,4.182991334191788,-1.2886991477216279,3.5630767588716954,-1.353702025873358,2.9002602634835646,-1.3521674310145892,2.2206344701379757,-1.2738535915173355,1.5609131915328802,-1.114003050551974,0.9602779205351551,-0.8557820760988316,0.46329659693176356,-0.48163510516538743,0.1239467469607577,0.0006235635563607036,1.540747830739707e-05,0.5299722687366142,0.13263843900906747,1.0154587537694,0.5223730283222323,1.411978165039637,1.1328402097467674,1.7364635109268691,1.9224273935329022,2.001349888654199,2.859551766507833,2.194403842979237,3.9117328872533013,2.310243509820089,5.041010638894846,2.3547511060135657,6.210119985192272,2.3311514294221762,7.384420695690314,2.2410089100498523,8.530159914151437,2.087837163377531,9.614941450730432,1.874736402164973,10.607963441941616,1.6114625258256665,11.481274100081647,1.312018157719352,12.213488741233302,0.9789067924294648,12.787699466406215,0.6128926898294593,13.18679722990393,0.22874274115955662,13.39759083639037,-0.1606299406170006,13.414752757428877,-0.5534033472289941,13.236370927311302,-0.9455222962815928,12.861409162962145,-1.3267077299013281,12.29270876191032,-1.691539224698971,11.537469847263555,-2.040372649501623,10.603804388562766,-2.37051812485333,9.500210886246988,-2.6783849333945997,8.236997473585893,-2.9580644894579495,6.826456867309553,-3.199490700892383,5.28549853143077,-3.4205769881408243,3.630494888395651,-3.6446065381202946,1.8637280750253828,-3.7765752350632193,-7.206941828123875e-05
206,4,-1.1026877355625,2.362985630840278,-1.1026877355625,2.362985630840278,0,-1.176974093042071,2.336386981082655,5.110523615920174,5.024704718699921,8.279103105556853,9.453980578034448,-4.191307200030023e-06,2.2361723590176958e-05,0.3526792279075799,0.10456757068174069,0.5275144662662936,0.32369797024435304,0.7747910986154812,0.6467703102819115,1.0013186889028698,1.094466552253195,1.1343191382575657,1.6318154655382697,1.2062385957792372,2.2188105751897886,1.23455975329274,2.83094395618986,1.212357259647578,3.444861405492988,1.1426124711151957,4.035302182285832,1.038920441596298,4.5818865001919304,0.905508856525815,5.069339071197308,0.7383042586355545,5.4816540728076655,0.5479242315296833,5.803711118224578,0.3523405376311866,6.028880557504259,0.14901814426630047,6.154769662317285,-0.06707562606321989,6.175645690877101,-0.2849641863896579,6.087412638379488,-0.4948489385047677,5.8920949328546905,-0.6972984496406299,5.593773005975394,-0.8883431481666351,5.196594605814483,-1.0507141186149591,4.710264463143685,-1.176974093042071,4.152072925174742,-1.2786694550836062,3.537193760268611,-1.343724050212322,2.8793822058580663,-1.3424426078072704,2.2046950054507333,-1.2647506234124744,1.5496983072894281,-1.1060209326416897,0.953358794803896,-0.8496151733013989,0.45994801274725644,-0.478148987115471,0.12304906954373228,0.0006190469170848026,1.52958731069122e-05,0.5261440109219644,0.13167924233786032,1.0081495479795608,0.5186043635554366,1.4018214454284377,1.1246805712503243,1.7239154335003117,1.9085773625786058,1.9867326163190528,2.838896348032472,2.178102577867252,3.883330097802747,2.292691794117584,5.00412654305495,2.336386981082655,6.164238104062031,2.3124643242188556,7.329253867445698,2.2225694335957678,8.465686165229531,2.0702865741285,9.541441953418387,1.8587790658543029,10.526056999311148,1.597786256221111,11.391932499238596,1.3012169210129516,12.118004508263068,0.9715340170489623,12.687648891843695,0.6094397104312148,13.08402332681892,0.22947951660367502,13.294132263473951,-0.15566835687586378,13.312720807487493,-0.544333166676369,13.137854799219921,-0.9326340332750007,12.768399344769993,-1.3105097199095161,12.206995701703246,-1.6726924359950552,11.460547391130282,-2.0196176747147865,10.536814790310698,-2.3486716122719544,9.443907098299771,-2.656311953625594,8.191710026482601,-2.936654438264697,6.792077922447998,-3.179631091550234,5.261471911998086,-3.4029786845857477,3.61585699106448,-3.6298346990820147,1.8572083914155748,-3.765436965532292,-7.185686211541748e-05
207,4,-1.151350710125,2.3311276137569443,-1.151350710125,2.3311276137569443,0,-1.186388308087151,2.3906609700864223,5.083488973506262,5.026079821635413,8.64447017261733,9.326521032436862,-4.11798563806654e-06,2.224702699258836e-05,0.351500074552412,0.10414948819455833,0.5266548048914734,0.322752729571653,0.774610156937694,0.6455438603138763,1.0024510647122753,1.0934511229950743,1.137220021776232,1.6317974352675937,1.2110451714449528,2.220717735176823,1.241248513703051,2.835728610460237,1.2207711248619257,3.4534310585866415,1.1524812961390467,4.048455232976777,1.049922042945134,4.600271286228727,0.9172686553896062,5.093431699566926,0.7503511600291517,5.511719718465326,0.5597573852658446,5.8397664150797794,0.36351578968251447,6.070706199605986,0.15904662653239235,6.201919025636171,-0.05876289600557055,6.22740392162675,-0.2788774580448225,6.142789481879631,-0.4914009403054123,5.9498717225977185,-0.696874818183371,5.652533265945584,-0.8912432515256912,5.254743750424622,-1.0569626037686732,4.766120780307125,-1.186388308087151,4.204006309911838,-1.2911031348300308,3.5836579463184077,-1.3587723387094803,2.918947239290619,-1.359154349075891,2.2362715838374445,-1.2818680372658557,1.5727616811857954,-1.1220629398673063,0.9680633700104089,-0.8626872755154027,0.46728476539403213,-0.4858969544701052,0.12507577438262205,0.0006295803446319261,1.5555746909014187e-05,0.5354981895578983,0.13398552664750718,1.0268935896477338,0.5279625861580727,1.429053411481041,1.1455731405408114,1.7588326417529825,1.9450349436933827,2.0285747643294885,2.894583039922225,2.2256646121780674,3.9614278014220345,2.3444293594705634,5.107116195967963,2.3906609700864223,6.293800632463078,2.3675229564018747,7.486225568145876,2.2765518937523166,8.64999645059827,2.1213133383246032,9.752082955494622,1.9049941333568277,10.761083355972307,1.6375681706979324,11.6485169947442,1.333336256721279,12.392609845137487,0.9949165449128421,12.976174029749838,0.6231462702086553,13.381851776326412,0.23306255729543376,13.596289879448676,-0.16220781890681363,13.614134561399093,-0.5608262044263811,13.433500624844875,-0.9587060473223149,13.053381462675324,-1.3454576895604242,12.476687788161033,-1.715633558762031,11.71072981084008,-2.069651226302828,10.76371526944542,-2.4048322703576828,9.644216991279873,-2.717575608560742,8.362620620862096,-3.001914871869364,6.931307314978204,-3.2476456258496,5.367333297862448,-3.4729586725407406,3.6872055957299623,-3.70150162434523,1.8931223592257445,-3.8367545696082015,-7.321783652125931e-05
208,4,-1.1955599158487105,2.4080482258725198,-1.1955599158487105,2.4080482258725198,0,-1.1615740007716413,2.3589952948291617,5.079269003005283,5.024601685595685,8.976397844067003,9.634269824261962,-4.102980932953323e-06,2.193336335466964e-05,0.3460306740339967,0.10258414881786618,0.5177548630441513,0.3176242479261573,0.7607450433039221,0.6347818995939664,0.9836358347787265,1.0744666881223346,1.1149680752112725,1.60248490855063,1.1865401134549118,2.1796758499133673,1.2154772288633238,2.782072935661662,1.1949034092187083,3.386814663072458,1.1276516395391964,3.9691225276733273,1.026998959154937,4.508968783438613,0.8970093128590096,4.991300823734562,0.7335510615936376,5.4002924944955755,0.5469757448626624,5.720929938188471,0.3549399485142842,5.946525350614608,0.15488194159165544,6.074540739296847,-0.05823889367777335,6.099106965971412,-0.27361295081256043,6.015943510908373,-0.48154810824851635,5.826812396891029,-0.6825923959534559,5.535514229301369,-0.872783065146978,5.145926900782351,-1.0349335423793748,4.6674594465982615,-1.1615740007716413,4.1170844504436275,-1.2640840444792618,3.509717893619537,-1.3303879472485487,2.8589071895658194,-1.3308611631885765,2.190469740525312,-1.2553390067203383,1.5407353402500361,-1.0990489107794392,0.9485003833362053,-0.8452171154542873,0.45793411510557436,-0.476225429334449,0.12260401605031766,0.0006173421279996649,1.5253104214988521e-05,0.5253829646170596,0.13142803689937133,1.0081941862981136,0.5181075039239751,1.4041278524177994,1.1247179228564266,1.7295951803071277,1.9105717134705236,1.9965661202430929,2.844744228806806,2.1924498502336447,3.895218343292284,2.311434950663434,5.024301529287766,2.3589952948291617,6.194780790354274,2.338049025446884,7.371888750890596,2.2499450305239126,8.521615297199759,2.0980734041163522,9.611222113228214,1.8854954050042274,10.609524981820497,1.6220220772797616,11.488192846447456,1.3217921277048632,12.225512287049412,0.9874368332598068,12.804315895368964,0.6198427756607127,13.207294359618679,0.23395100979735647,13.421130552874303,-0.1571756733113425,13.440456654508564,-0.5516419434165247,13.263375167009434,-0.9453400858072543,12.888893371372221,-1.3279423301784075,12.319922584582162,-1.6940254481311081,11.563747238931722,-2.0439815386351703,10.62855341020238,-2.375154805344014,9.522895230283277,-2.6839904318846313,8.257119634692334,-2.9646087831889716,6.843540500264651,-3.2069576447959296,5.299079628442881,-3.429039613576905,3.640099673417699,-3.654224344128145,1.8688179082106093,-3.7872496248335064,-7.227312030049638e-05
209,4,-1.163122924484623,2.37290254568998,-1.163122924484623,2.37290254568998,0,-1.1942722413546456,2.3713998591528624,5.068869604751566,5.022381734442855,8.732857277434741,9.49365679068656,-3.9530271679381e-06,2.1869432357560253e-05,0.34670952655640513,0.10260163013981592,0.5212009121125654,0.31861607330723324,0.7686931594970232,0.6385403904431194,0.9974699733329094,1.083644633963176,1.1347003381539686,1.6200725192565135,1.2115886941182021,2.2084882147031006,1.2449343220236182,2.8245593028770424,1.2273905053650402,3.4448527939340066,1.1615438605285144,4.043822989162976,1.0607443299783117,4.600640926192202,0.9290906179136718,5.099494945319038,0.7623769567707395,5.523778398325779,0.5712146167264969,5.857725990126145,0.37375235276799434,6.094113633155088,0.16751740279303357,6.230024516034897,-0.05251499348274703,6.25920538646037,-0.275149955526077,6.177093191646853,-0.49031518769200827,5.985380881264513,-0.6984277037673251,5.687923186085119,-0.8952957210589156,5.288722640009853,-1.0631707628785854,4.797515907219546,-1.1942722413546456,4.231858262292481,-1.3001899546705105,3.6072469581211912,-1.3684824322032738,2.937808359322404,-1.3687275186536787,2.250278547301246,-1.2905363721045844,1.5821781057107585,-1.1291485857768078,0.9735148865859139,-0.8676157631891144,0.4697119046859973,-0.48830864470849256,0.12566016376674835,0.0006321175829582999,1.5618940373981082e-05,0.5371015610331831,0.13443632061339214,1.028690029625399,0.5293280438231649,1.4295452261255033,1.1475688240377306,1.7567598143878922,1.9466826123647647,2.0229184044687907,2.894335720416673,2.2156963632635573,3.9572970963761427,2.329800221636254,5.096842572359946,2.3713998591528624,6.275045717062578,2.3440171837379036,7.45675546598654,2.249524169948663,8.607856585556766,2.091767580550689,9.695752656588187,1.8741611206949422,10.689603583188209,1.6067798377829157,11.561576667035647,1.303888269792943,12.290557280557712,0.9681004345904755,12.860000888974135,0.6002293552901798,13.253195909722411,0.21507841244181788,13.457372255049254,-0.17449985077224783,13.46762018653091,-0.5668291164638255,13.282390752253521,-0.9580167772671182,12.900932050662451,-1.3379539288416706,12.326287039627484,-1.7014031269808987,11.565768810815891,-2.0488934701679558,10.627512049908617,-2.377879343415015,9.519958288281542,-2.684884180015329,8.253294119683702,-2.964076965388149,6.83964219126008,-3.2054239779769684,5.295714749254881,-3.4268699573252257,3.6376740700291545,-3.6517374092505284,1.8675703887633393,-3.7848086452669136,-7.222653833808613e-05
210,4,-1.0988839972291666,2.393449023361111,-1.0988839972291666,2.393449023361111,0,-1.1488051571534652,2.3829959695317022,5.099143910823253,5.019715567224319,8.250544211835086,9.575860422530404,-3.788790165207067e-06,2.0803704917045475e-05,0.32950133933105613,0.09754083649874126,0.49504975327196976,0.30276273035864637,0.7300533798400954,0.6066089647062114,0.9476328744211514,1.0293933314193824,1.0789197125777132,1.5392150101905788,1.1536970126657162,2.0990856876092194,1.1879184975720012,2.686300986710299,1.1744568674280882,3.2789740479048857,1.1154927007766564,3.8531016762834276,1.0233958355155712,4.389010997587471,0.9017164426607587,4.87163417252521,0.7460479807864925,5.284957678205296,0.5661675895994804,5.613577611520487,0.3792179338896854,5.850110034179686,0.1826640987845112,5.991203151025372,-0.028483363435701244,6.030220032759571,-0.24352664190958648,5.962086331471992,-0.4527142980379159,5.787746810943227,-0.6563639918541473,5.510265677352234,-0.8502944980059811,5.132900516802792,-1.0170628503769126,4.664552013282269,-1.1488051571534652,4.121848514020332,-1.2565466399358536,3.5195581575045702,-1.3278909124115035,2.8712391379525006,-1.332734913496864,2.202918922909781,-1.260454392990079,1.5513824736571487,-1.1059167660500573,0.9560820932750942,-0.8519732256795002,0.4620242391046124,-0.48067997665278966,0.12379638250377772,0.0006237648091613086,1.541135771453426e-05,0.531217444190326,0.132858561092888,1.0198718727320062,0.5239417900927561,1.4207397085978493,1.1376690460612444,1.7501104303195318,1.9328462263910602,2.019912065159851,2.8780333946179284,2.2173265364744523,3.9406207981602166,2.3364827981373715,5.082239516287302,2.3829959695317022,6.265028130800932,2.3599459390438975,7.453651228358553,2.2688589073265804,8.613612701131853,2.113338680267094,9.711787710577795,1.8966557412034701,10.716711253738799,1.6288755223614524,11.599885001242583,1.3243893549414745,12.339561481901494,0.9859424854147837,12.918632946352732,0.6144979971250983,13.319888689996198,0.22514944035959186,13.53016888049673,-0.16894540379814882,13.544331565403331,-0.565899387519403,13.360723716050066,-0.9616084198779646,12.978590080637431,-1.3457220532612637,12.401086353929388,-1.712834649841028,11.635744774466806,-2.063388836083078,10.690979672334015,-2.394758543659724,9.575552404539803,-2.703412277487835,8.300005191230596,-2.983481834906155,6.876836696746604,-3.224911015922478,5.323154820284399,-3.4458190278302996,3.655485217923382,-3.669686436474557,1.8761347479427808,-3.8009145239640385,-7.253389215056448e-05
211,4,-1.1120981193333332,2.416108480756945,-1.1120981193333332,2.416108480756945,0,-1.1799866885010049,2.3790923451847963,5.080417381343382,5.016866644663265,8.349757321604558,9.666517795699802,-3.866227520200698e-06,2.1453330536930694e-05,0.3402637429686787,0.10067709326499306,0.5117792259035977,0.31273446971179547,0.7551757915380546,0.6269596480305973,0.9804774926903935,1.064360004399645,1.1161452448244824,1.5918303527610398,1.1927666693187073,2.1708607248893825,1.2267938887586822,2.777650580825189,1.210943927155329,3.3892552989134277,1.1476677783120885,3.980615125065973,1.049987886499059,4.5312576641409645,0.921831228665969,5.025592501049799,0.7589433193225908,5.447192331875722,0.5716515366539464,5.78039814698463,0.3777467288768577,6.017909579639998,0.17473171247133795,6.156634845919001,-0.042415206242415106,6.190161475797773,-0.26269441486765355,6.113714427261116,-0.4761634890589317,5.928681493424901,-0.6832173330114688,5.638590200518596,-0.8796768562233104,5.247125961897604,-1.0478833428563255,4.763677400161513,-1.1799866885010049,4.2054359942443265,-1.28735788765244,3.5876203160006455,-1.3575099598366391,2.924150499995429,-1.359986561081834,2.241560965642573,-1.2841771306945942,1.5772361807533546,-1.1250700324577043,0.9711736605922948,-0.8655020510647089,0.4689010656690498,-0.48762190070238454,0.12552233653392214,0.0006318016535661759,1.5610718646125892e-05,0.5372169611592805,0.13443344434601487,1.0295562726142675,0.5295499798891876,1.4315175728331209,1.148490809918612,1.7599865296718862,1.948901132277371,2.0274209320324985,2.8984879115064226,2.221398316609049,3.964005148129637,2.3365698915480326,5.106674508742808,2.3790923451847963,6.288499220971786,2.3524901498759054,7.4742561424865634,2.258642433243526,8.629760524704952,2.1014016157700874,9.722350088544214,1.8841755922027674,10.721119046100776,1.6170251034740297,11.598163660751284,1.3141914758936053,12.332289355163164,0.9782413781724068,12.906854500557131,0.6099254105662232,13.30502168891347,0.22400098001237315,13.513867094399211,-0.16671648157895957,13.528307686447214,-0.5605987006813707,13.346599935981365,-0.9537888899668616,12.967774786283945,-1.336177843467052,12.394649178856595,-1.7025172121587753,11.634314661759737,-2.053331380662516,10.694687649896228,-2.3860461641400104,9.583998594633357,-2.697134785989504,8.312243651031944,-2.9806816046015974,6.891386220770601,-3.2265091400144463,5.338039703473803,-3.4526067267038267,3.668306119608596,-3.6824511297009157,1.884098554664318,-3.8199236675622443,-7.289664674295426e-05
212,4,-1.1708392857083334,2.4205803623263886,-1.1708392857083334,2.4205803623263886,0,-1.1415283565475782,2.4048279218498427,5.095445790456539,5.026033171813315,8.790792582336115,9.68440917893676,-3.777578400725835e-06,2.0730405178442667e-05,0.3283167651685138,0.0971927208467519,0.4932281396325361,0.30166784804793856,0.7272895967749797,0.6043797617794606,0.9438937562478587,1.0255307374450169,1.07441279156589,1.5332834924307273,1.1485387345978424,2.0907348022223617,1.1822041617478467,2.6752263039894264,1.1683791096561729,3.264941149948407,1.109320844063731,3.835994532918672,1.017419793307873,4.368854387113484,0.8962672076771959,4.84860588883044,0.7415186873361729,5.259418105076257,0.5629024502484937,5.586078086035891,0.37742654839465506,5.8213394293110365,0.1825107068139168,5.96193964459656,-0.026882021804431833,6.001316326522211,-0.24021027740911688,5.93441743367966,-0.44787234676922677,5.762127384779251,-0.6502673582740282,5.48739370229406,-0.8433075311680354,5.113317325831469,-1.0096746000670385,4.648584840114323,-1.1415283565475782,4.1095673134966955,-1.24981663160605,3.5107959433012597,-1.322131470806992,2.865617070352088,-1.328321854048977,2.1998525385922583,-1.2575769841139028,1.5501417670349469,-1.1045289242725962,0.9559006657860719,-0.8517655898238836,0.46222259868120813,-0.48103140595483956,0.12392613089834292,0.0006248171128107356,1.543689856757471e-05,0.5325687306064415,0.13315761637735166,1.0233569271605867,0.5254241545868753,1.4268510880552587,1.141533992017664,1.7592080508709647,1.9404998057576646,2.0322575096562527,2.8910402914185336,2.232992037191144,3.960631746788101,2.355356030981805,5.110892834827886,2.4048279218498427,6.303870932181846,2.3843420056423006,7.504070801983497,2.2952706002177337,8.676759995220491,2.1410802416540213,9.788504738401294,1.9249117108721479,10.807463784462271,1.6567689967156582,11.704711273866414,1.3510539366249947,12.458063616554314,1.0104619174957592,13.049971242549455,0.6359042035165534,13.462747701474754,0.2425794878999469,13.682769454756206,-0.15622238709720654,13.704499553410214,-0.5585724732969213,13.525932209070927,-0.9602931602645813,13.145981711338033,-1.35087173993505,12.567534875978295,-1.7247795030881594,11.797932230754046,-2.0824063419759176,10.84543670916531,-2.421035988350233,9.718691085213814,-2.737030198416656,8.42817131181405,-3.024371780714613,6.986367713339864,-3.272772171330931,5.410484011369654,-3.5005617418448622,3.7171729013581882,-3.731587845469821,1.9086631442073203,-3.868544486665237,-7.382449199485736e-05
213,4,-1.2089239739444446,2.4664648390208335,-1.2089239739444446,2.4664648390208335,0,-1.1819482557893253,2.4351569936126847,5.063749104995152,5.025082799723028,9.07673669006568,9.867986660678916,-3.821253463349663e-06,2.128365757910458e-05,0.33775232280714296,0.09991410188715844,0.5083037300898448,0.31047286463962975,0.7504876927657514,0.6226608555361398,0.9750727474544478,1.0574980598299173,1.1109859350764841,1.582291729706379,1.188545417048216,2.158953457571463,1.2240369794916697,2.7639777826771827,1.2101182804480137,3.3746697035487903,1.14908680957274,3.966169226309294,1.0537599147455732,4.51810878556353,0.927901765887757,5.014909523683921,0.7670996443527032,5.4400788352916125,0.5814956178428683,5.777804706610237,0.3887548933650982,6.0205525531406225,0.18630306524952955,6.164949656499811,-0.030970448224824074,6.204260415404852,-0.25209441956022366,6.133353833500028,-0.46708562354279565,5.953267650535595,-0.676298065324899,5.667201210649425,-0.875466927559644,5.2785386145310165,-1.0467072930634835,4.796444131536262,-1.1819482557893253,4.238008960427607,-1.2925020015913735,3.618416559993126,-1.3656313534710152,2.951611817833068,-1.370400015184134,2.264351458374248,-1.295871646378044,1.5944529444535134,-1.136773680522374,0.9824804959981226,-0.8755301541610225,0.4746945116623495,-0.49381391917409684,0.12716242641157494,0.000640536075365912,1.5825966058837688e-05,0.5452280565661815,0.1363871879298147,1.0461344096476413,0.537652997795248,1.4563555271026627,1.166965274758406,1.7927622864839194,1.9817892832734674,2.0677575589137276,2.9496787721991473,2.268401271151308,4.0370799781757505,2.388891383236203,5.204642099471305,2.4351569936126847,6.413633367722216,2.4104827171668592,7.627985852626622,2.3165168476704703,8.812545398157592,2.1569854120042224,9.933592127466877,1.9352336335024554,10.959113595406942,1.6615139919359383,11.860121474649093,1.3504718189125404,12.61450149730459,1.0048559198581946,13.204850047914821,0.6256027724239354,13.613633089315003,0.22808170855158258,13.827430500322539,-0.17430124208974523,13.840990628065788,-0.5796292783184515,13.652614628858645,-0.9837110550910361,13.261518394373299,-1.3759708080570667,12.670913170624425,-1.7508751850018187,11.888484291866213,-2.1088606969562,10.922825386331365,-2.447234259879134,9.782891309347535,-2.7623827672331895,8.479460024702787,-3.0483119125972915,7.025309567441636,-3.294753928446413,5.437924760065054,-3.5202172139103602,3.7341944937638987,-3.748697789442703,1.9164817850071445,-3.8825642550122277,-7.409203638131634e-05
214,4,-1.2139896742291667,2.4788689149791665,-1.2139896742291667,2.4788689149791665,0,-1.1860086977006583,2.4471025542079095,5.114845066390249,5.014260595350634,9.11477053555655,9.917613662920502,-3.7244143146976285e-06,2.1011946887428867e-05,0.3340342340938302,0.09874949253223546,0.5035969686665076,0.3071904909388906,0.7446772854150692,0.6167426928366337,0.9690718283492452,1.0485667532777112,1.1061036047289103,1.5705963525467432,1.185525427532004,2.145261319606432,1.2232831517125906,2.749328891267765,1.2118554660552032,3.3602618554182087,1.1532954788084415,3.9532541842355458,1.060184947987424,4.507866472043816,0.9361391576448288,5.008352056408915,0.7766281026696266,5.437987001519292,0.5917008356358612,5.780672642160851,0.39902059553725616,6.028563098921204,0.19603952941570843,6.177985198931282,-0.02233632702464029,6.22191141177713,-0.24505276533930978,6.154941554008655,-0.4620043164563171,5.977899268691717,-0.6734518106156028,5.693824363661693,-0.8750163175240258,5.305989062185749,-1.048611408980449,4.8235248981859185,-1.1860086977006583,4.263589618380775,-1.2985026543111724,3.6414718178211856,-1.3732043191814187,2.971252164165277,-1.378900059824592,2.279942529249153,-1.304523034597892,1.6057229002939382,-1.1447389754022486,0.9895592315795532,-0.8818511025916834,0.478158973772649,-0.4974354693925478,0.1280972247425642,0.000645254651158465,1.59425515310852e-05,0.5492237286808749,0.13738922129640938,1.053686167837094,0.5415738720484241,1.4665964849653073,1.1753711493064414,1.804894454589028,1.9958185965462616,2.0810463302447837,2.9700955339827018,2.2820257410680926,4.064260489607014,2.40203171294729,5.238546002919601,2.4471025542079095,6.453835899332516,2.4206323513547563,7.673735100629725,2.324382660919208,8.862816066359072,2.1622142704066416,9.987148417874216,1.9376077213189657,11.014576571525325,1.6609836375158435,11.916043482297747,1.3471586274480596,12.669454976583237,0.9989754519452759,13.257494870796565,0.6174496161006324,13.662754799305898,0.21807191643594118,13.871991829604598,-0.18567158969521988,13.88018563542338,-0.5918457140228842,13.68589131490341,-0.9962450522334051,13.288585043803092,-1.388282883177472,12.691746009351595,-1.7624485536080479,11.903325114459147,-2.1192219288568714,10.932163732323243,-2.4559539364906455,9.787442532797078,-2.7690834896952548,8.48014163178674,-3.052677543369394,7.023212863962592,-3.296545769843402,5.434280521166273,-3.5192614635559862,3.730334390253073,-3.7448352223101247,1.9138206525446633,-3.875832312681025,-7.396356984406016e-05
215,4,-1.1757972695625,2.4949873056458336,-1.1757972695625,2.4949873056458336,0,-1.1909424162159152,2.5187307631233375,5.099881185465506,5.019034118397121,8.828017680793742,9.98210112755974,-3.641211705266681e-06,2.0799405237371452e-05,0.3312342920414921,0.09785801010558483,0.5002728718510624,0.3047532711363222,0.7408958667531094,0.6125177077207866,0.9656206010227539,1.042486893843978,1.1039466943996803,1.5630843661248572,1.1851542472392966,2.13710437669738,1.224936837227862,2.7414847648245355,1.2156768385073558,3.3537826947552385,1.1593103580801878,3.949235719850343,1.068303639387773,4.507386928555935,0.9461967806265523,5.012424878569712,0.7883738898308752,5.447523608293879,0.6047603431822438,5.796428602110899,0.41292057813627786,6.051080295654312,0.21020964045414076,6.207546463984388,-0.008603020741177615,6.258480535566652,-0.2325507555250474,6.198103254684722,-0.4515505563040766,6.026834395737678,-0.6658893745867105,5.747299065970372,-0.871151997863149,5.362350749232344,-1.049006740153302,4.880769856606028,-1.1909424162159152,4.319511551646378,-1.3081700557042863,3.6937484200923985,-1.3874190524212806,3.017534710504122,-1.3966874168765686,2.3181686603474807,-1.324295984330274,1.634483255373291,-1.1643955193922542,1.008361102801135,-0.8985641540106282,0.4877336693134105,-0.5076353839633815,0.13078402743918777,0.0006593782916662499,1.629085318237603e-05,0.5618686325221928,0.14050013904630787,1.0790675050816483,0.5542308981054228,1.503379863925688,1.2036302519840159,1.8518352141463634,2.04505285378273,2.1369772425908904,3.0451054156919324,2.3452546868338087,4.169141892385077,2.4705086382070194,5.376441033270862,2.5187307631233375,6.6268455041361625,2.4932200443428525,7.8828932228837205,2.395618834574758,9.108027429665963,2.2297538765553027,10.267152131356497,1.9991000070691878,11.326934138203011,1.714320412534812,12.25718646843047,1.3906680987565896,13.034873101486628,1.0311333583877293,13.641893653214069,0.636867532459037,14.060095653558887,0.223970392861938,14.275679070699422,-0.19348605987925427,14.283395240497704,-0.6133119746306293,14.081773559901237,-1.0309789684290591,13.67039096864913,-1.4354003575600252,13.05304304303537,-1.8207457409278787,12.23821568748769,-2.1873845906194096,11.235381857559657,-2.5325015972687313,10.054417421151312,-2.8523865261612067,8.70708389784727,-3.1409412006275566,7.207182361572869,-3.3877596641514343,5.573299727901923,-3.611993996051988,3.8233315785852398,-3.8383103624385164,1.9602187508225248,-3.967027269191222,-7.570387022950439e-05
216,4,-1.1575331348402778,2.5221121261875,-1.1575331348402778,2.5221121261875,0,-1.1763682189056515,2.5313601872495064,5.0726931729947315,5.022188742978781,8.69088851029297,10.090623804649567,-3.5029558112998802e-06,2.0189625599738116e-05,0.32194820207715946,0.09506667441015862,0.486981784297196,0.2963234777458348,0.7222706501599526,0.5961446923988953,0.9429032578769007,1.0156565267224398,1.0800655614796515,1.524499177223244,1.1620086610639317,2.086703899560427,1.2038170389707272,2.6799657314401166,1.1978030392223844,3.2824680131418447,1.1455828069464666,3.86999417724994,1.059121054220008,4.422409401170503,0.9416898804862872,4.924021328932948,0.7885639621976426,5.358044516040248,0.6093409223161053,5.708164391754809,0.42124311473986625,5.966070808195442,0.22164631005975344,6.127500298665885,0.005364671587994777,6.184811903781773,-0.21676277302624908,6.131905656768952,-0.4347038673904496,5.9688258864148445,-0.6486635866948043,5.697835231532749,-0.8541827516376402,5.321462685638826,-1.0329542678891797,4.848164385875619,-1.1763682189056515,4.294581450873003,-1.2954312587985606,3.6756589542345957,-1.3768172377157637,3.0052931485701517,-1.3884774160746034,2.3106374035539283,-1.3185354222266412,1.6304420650926301,-1.1609143117917187,1.0066188611848836,-0.8969733648055458,0.4872382455258799,-0.5072912213395938,0.1307397544380182,0.0006595965156300382,1.629574700721969e-05,0.5625334041110077,0.14062609559096093,1.0812091249457925,0.5550321195992578,1.507448072186432,1.2059719710489545,1.8580092629689517,2.0499517155003906,2.1452396275975554,3.0536185220070458,2.3553773127885984,4.182264746072681,2.482108915625729,5.395012435385574,2.5313601872495064,6.651493706033679,2.506405618206941,7.914015053421831,2.408894066875313,9.14578323683469,2.24269125892987,10.311477930425339,2.0113230777436897,11.377564401298708,1.7255311950499408,12.313685558194535,1.4006561391502357,13.096679498557132,1.0397177877788044,13.708350815478024,0.6438719283378713,14.13045674054454,0.2292586569394449,14.349118095857074,-0.19003002879041286,14.359025629341993,-0.6118386522040433,14.158643493222293,-1.0316713309464063,13.747463957219155,-1.438444953426271,13.129189620171221,-1.8263441625685328,12.31221064162982,-2.1957717563039005,11.305890652303853,-2.543920039361503,10.119984679925,-2.867065210326733,8.766135979480577,-3.159060670432428,7.25804022734323,-3.409394589443803,5.614221031546299,-3.6372941080828856,3.8525310229583956,-3.8675846665998765,1.9757829058920546,-3.9997493610282313,-7.63283139979447e-05
217,4,-1.1751957345208333,2.534009090708333,-1.1751957345208333,2.534009090708333,0,-1.2166545576560996,2.5395655214861574,5.097223771648239,5.023270507102353,8.823501288282108,10.138221923761924,-3.6178175855360864e-06,2.1007742041392474e-05,0.3352689456301588,0.09897323836488667,0.5073645271480808,0.30861637611014464,0.7525274976321331,0.6210020310398158,0.9821062438612159,1.0580308098074624,1.1242487897460274,1.5878711276399324,1.2083405640135438,2.1727968435138947,1.2501347854132299,2.789314585580768,1.2417669639549684,3.4144849354858073,1.1851258633189343,4.022959578811333,1.092864432091291,4.593742251446943,0.9685953649189171,5.110559432282101,0.8076481074125323,5.556115176050792,0.6201665664702641,5.913712014365344,0.4240886887636598,6.175019435744605,0.21677749293575505,6.335937875970368,-0.007045892214685589,6.3889167859433496,-0.2361641549139938,6.328025417183135,-0.4602565757540008,6.153671758433362,-0.6795700474547532,5.86853431860364,-0.8895620749765022,5.47554620978255,-1.071499199549064,4.9837038765090895,-1.2166545576560996,4.4103619790288136,-1.3364216131832474,3.7710798536538572,-1.4172387820870564,3.0802927419389197,-1.4264479827037657,2.3659552644097204,-1.3521486907249711,1.6677896520173123,-1.1884394927242525,1.0286102931090608,-0.916671267364722,0.4973512356714841,-0.5175483485350759,0.13330582072630967,0.0006717323538846325,1.659652875451443e-05,0.5718926954268102,0.14305184703215085,1.097147745050452,0.5639212943925116,1.5267290719423932,1.2237888804979822,1.8781494077766185,2.0777101396056143,2.1643693403396376,3.091266326238147,2.3718996891464648,4.22888541468058,2.494828530045714,5.448982877692376,2.5395655214861574,6.710716237177454,2.509760272798852,7.976135179539354,2.4073553611725416,9.208353514299288,2.2364624684510446,10.372093651293941,2.000794103962965,11.433970893416301,1.7112590815105473,12.363865383914126,1.3833190933534185,13.138927480534806,1.0200365627226855,13.741313655993519,0.6226084119446691,14.153150308097668,0.20723269202514888,14.360954362540133,-0.2119778116627179,14.359833426683156,-0.6328646376749524,14.148672499016657,-1.0509236960887407,13.727387878592342,-1.4550828584961175,13.100106520979768,-1.839555024018508,12.27563201642919,-2.2047676468438464,11.263728122459128,-2.5479533757390045,10.074534894609295,-2.8654506944984286,8.72005444841158,-3.151212639879778,7.2143032222524255,-3.394893960795826,5.576056378458172,-3.6157152780730235,3.823363727608076,-3.8383679090309446,1.959296175929185,-3.963285596978607,-7.563246823066347e-05
218,4,-1.2047928066944444,2.542595201069444,-1.2047928066944444,2.542595201069444,0,-1.2078198917967309,2.512308485777722,5.103600342135717,5.02654744775189,9.045719423340024,10.17257377065231,-3.678466412405186e-06,2.1129336923869816e-05,0.33671600086953446,0.09945412724497259,0.5088071542612449,0.3098340579035737,0.7537290481889548,0.6228967884255421,0.9824413926071996,1.0603410084270137,1.1231004758956795,1.58999682695862,1.2053961625854965,2.173907733263321,1.2452614617211604,2.7884738716100013,1.2349694001375617,3.410723144715343,1.1765566851456277,4.015346977208197,1.0827927738685608,4.581456275263933,0.9573882284757944,5.092936133239901,0.7957885714368671,5.532702834184424,0.6082067159676087,5.884321866979707,0.4125670546808032,6.139736560424567,0.20626494959907418,6.295121015242915,-0.015925482435995002,6.343226184944559,-0.24284638705473435,6.278423315879769,-0.46428382614204894,6.101374757558029,-0.6805455605159646,5.814971342822427,-0.8872010037751196,5.4223223605497815,-1.065792456219666,4.932503331966527,-1.2078198917967309,4.3628065794183915,-1.3246890631066741,3.7286775346716707,-1.4030944049056777,3.0443907457477146,-1.4108781540290127,2.3375309408427243,-1.336412026341175,1.6472471103446686,-1.173957150803105,1.0156867484477228,-0.9051406207533894,0.4910080264070036,-0.5109066434756421,0.131587895094835,0.0006630219549285032,1.6381361780562716e-05,0.5644644302421001,0.1411937245308921,1.0829750082645295,0.556609860508869,1.5072500070180648,1.2080040710087727,1.854639384846538,2.0511312274228564,2.1379669139835245,3.052158947646147,2.343912612541331,4.176123254069784,2.4666028551256187,5.382113916125295,2.512308485777722,6.629929266789728,2.4845581255696447,7.882190194405423,2.3851782102051735,9.102526418700542,2.218126216156866,10.256107347259352,1.9869559529846395,11.309917651335917,1.702336151396848,12.234110833538406,1.3794523133065903,13.005973682468465,1.0212319560120684,13.607693176611294,0.6287563868107414,14.021374749218584,0.2179777385785611,14.233422145762885,-0.1971834339280207,14.238710708239374,-0.614631144277162,14.035833123727972,-1.0299298406588238,13.624385787515743,-1.4321027191485118,13.008131482885984,-1.8153881192653258,12.195476418925708,-2.180178956515548,11.195792663017313,-2.5236831372787423,10.018844510721804,-2.842203689890365,8.676271695960507,-3.129652835544472,7.181749352478167,-3.3756390270724,5.553729492789883,-3.5992071782244626,3.809991123408751,-3.824910717974322,1.9534291473518677,-3.9533928479463354,-7.544368075221464e-05
219,4,-1.2122497252222222,2.5551892833541667,-1.2122497252222222,2.5551892833541667,0,-1.2328454814865526,2.525285415233301,5.075635274514714,5.027877260388553,9.101706803402536,10.222960962078266,-3.9348605311505486e-06,2.2056476650657915e-05,0.3503375495795208,0.1036015706774885,0.5277429825781909,0.32211835146233114,0.7797996787481876,0.6463842909649602,1.0138991803385633,1.0983777102510366,1.1560630304935196,1.64427175516213,1.2376031201310118,2.2445388326266515,1.275346428277444,2.8747330678625453,1.2616205582805013,3.5112178339939755,1.1988035479275292,4.128094001878408,1.1002277336085116,4.704132414855684,0.9698208198464451,5.223088254224381,0.8030000122826526,5.667772446161124,0.6102859772154193,6.021699223082976,0.41000152363871434,6.276970890527274,0.19941895218846536,6.429993458814154,-0.026845256461056274,6.473646331019729,-0.2574498060082021,6.402441618556279,-0.48205071963964474,6.2172797493023,-0.7010341976482518,5.921295657968842,-0.9099461989068611,5.517814410233008,-1.090069591956955,5.016204450861462,-1.2328454814865526,4.43415496369638,-1.3499365074500043,3.7874374110481384,-1.427880341744616,3.090603891255075,-1.4341262571696662,2.3716873328335177,-1.3570244494469768,1.6703955506479211,-1.1909241972247087,1.0293978430913502,-0.9173995456954024,0.4973667861797404,-0.5173875646835879,0.13322035246266353,0.000670872061741845,1.657574950921552e-05,0.5707122593116263,0.142793933615586,1.0940983648671372,0.5626255559728923,1.5215132624809655,1.2204333671632142,1.8706829637880515,2.0711849036864964,2.154711537592124,3.0804538071347483,2.360295435426875,4.212743539362906,2.4816624863144288,5.426630717609308,2.525285415233301,6.681482991672337,2.4948557152233035,7.939584594578896,2.3923413128347755,9.164301740563833,2.221851504724538,10.320614449171215,1.9870838152841195,11.375391362591838,1.6988890604834015,12.298749420406041,1.3726409179413654,13.068036091450391,1.0113677454483712,13.665572318098073,0.6162435568377637,14.073639788927034,0.20337203429700929,14.27888144745551,-0.21322011231689414,14.27648082139644,-0.6313999362898925,14.06537216181678,-1.0466983883580838,13.645509189509198,-1.4481136333892297,13.021028515649435,-1.8299038322544299,12.200711977778992,-2.192508664080642,11.194289129088173,-2.5331909780218766,10.011856461914322,-2.848326532588362,8.6653542642428,-3.131922353336955,7.168716794723386,-3.3737173199115658,5.5405986444369315,-3.5928348233670193,3.7989224972720774,-3.8138211261280826,1.9467173089859602,-3.9377576491236725,-7.514531143526309e-05
220,4,-1.1992492899305556,2.5468737714375,-1.1992492899305556,2.5468737714375,0,-1.2198540018719426,2.4994276807612166,5.0972301336629044,5.029149169503485,9.004098078170887,10.189691742354476,-4.219963235453552e-06,2.2731458055681482e-05,0.3590690318947622,0.10639815572653104,0.5380526752333898,0.32971554652909013,0.7916215670333171,0.6595440297924466,1.0249199679518946,1.117387678387742,1.1634288669217627,1.6679656368864313,1.2399469748031882,2.270693058996537,1.272142640517669,2.900685142864012,1.2527857385758139,3.5341533268740544,1.1847810207252727,4.145285687885609,1.081911499411623,4.713195709813698,0.9483627798665999,5.222155824386107,0.779754040307665,5.655603636475309,0.5867238611565192,5.9977677553836735,0.38749689711173096,6.241468774633601,0.17923453076983173,6.383767345423547,-0.04352507182753943,6.418158552854674,-0.26969747675735134,6.339690760646874,-0.4892723560296525,6.149642435700116,-0.7028735378180583,5.851382753197336,-0.9063289897861653,5.448351659905326,-1.0813987665896767,4.949840870564389,-1.2198540018719426,4.373237764867479,-1.3333335463266773,3.733949720620967,-1.408659663832536,3.046125948973985,-1.4138103081819857,2.3371634768356775,-1.3372865975430763,1.6459538765818842,-1.1734305457814822,1.0143353296048467,-0.9039461061763495,0.49011931545429194,-0.50987029950912,0.13129317589897896,0.0006612625898215733,1.6338201783838165e-05,0.5626670713113668,0.1407694745607492,1.0789754271374496,0.5547446502304438,1.5009955536180357,1.203572967029343,1.8462328533386385,2.0430287675749734,2.1276373531336357,3.0393587354350817,2.332103949513605,4.1577656273262775,2.453923383580392,5.357607100565536,2.4994276807612166,6.599003870012883,2.4721690965462395,7.844918286240538,2.3739604096521933,9.059325601752784,2.208691261075873,10.207719672353479,1.9798143526131833,11.257367389627731,1.6978313069896538,12.178639090266081,1.3777257610405669,12.948941589146331,1.0222948572772388,13.550496628011889,0.6325050517205846,13.96538880758334,0.22413551886806335,14.179927804721771,-0.18902044396009804,14.188814657672518,-0.6049095522988645,13.990427349772338,-1.0191275944590539,13.584131710078825,-1.4207272532203574,12.973443064444314,-1.803930507385626,12.166515761118918,-2.169081344984582,11.172488236191079,-2.513341723851564,10.00091538057733,-2.8329637357041846,8.663251122494474,-3.1218067316703797,7.173011483318955,-3.3694227279874545,5.548515407429409,-3.5947689323834884,3.80744508222701,-3.822348272596659,1.9526374930107846,-3.952798150255425,-7.543233125292005e-05
221,4,-1.2230920840833333,2.5785482160902777,-1.2230920840833333,2.5785482160902777,0,-1.2218963537089003,2.51712322426041,5.073015116642945,5.022734827050913,9.183112448920845,10.316416839900205,-3.987921949948298e-06,2.2079781770123487e-05,0.3501386880574592,0.10360302300534224,0.5266904717058472,0.3218227156113729,0.7774117328721043,0.6452513472770629,1.0097985650842927,1.0956292238100267,1.1502582433846151,1.639041795465051,1.2302405673495878,2.236010216500298,1.2666318940148378,2.8621743088756646,1.2518796248242652,3.4940292769833605,1.188437328724107,4.105861745583906,1.089632247443475,4.676643416652483,0.9594162404251881,5.190330023669661,0.7932868194661219,5.629963029611422,0.6017351334993262,5.979307155408096,0.40295490755955155,6.230666421642518,0.1942261634438558,6.3806128864775635,-0.029805294655901808,6.42221347451485,-0.2579320881428966,6.350141896401982,-0.4799651016487851,6.165378926821181,-0.6963593745446958,5.871085414532995,-0.9027796111519498,5.470573240664794,-1.0807641892858728,4.9731013237614405,-1.2218963537089003,4.3961347801832105,-1.3377667997900076,3.755214735633012,-1.4150572030330175,3.0646598469447786,-1.4214853096646363,2.3521465029086657,-1.3454180544393182,1.6569499859236623,-1.1811291187748645,1.021334580892908,-0.9101905115180434,0.493587060188482,-0.5135160604286643,0.1322398705942735,0.0006660993633625799,1.6457639438962373e-05,0.5668340420554194,0.1418081710145739,1.087013607282025,0.5588608004685002,1.5121812694027092,1.2125256250583258,1.8599332030705469,2.058225645531708,2.143302578377673,3.0619214469626015,2.3490913626670715,4.188519967296908,2.4715646527767445,5.397045211966961,2.51712322426041,6.647299793511266,2.4893691594233514,7.901960389486989,2.3901526304282634,9.124736040742205,2.2234146992548114,10.28087730497643,1.9926550550601143,11.33743195096605,1.70846848300553,12.26458369737983,1.3859566892663524,13.039610228508776,1.0279469796958187,13.644643538106566,0.6354210257763537,14.06168257313706,0.22426602355792316,14.276982670261871,-0.19163757479991375,14.285245829390838,-0.6102303155767342,14.084872268335973,-1.0270887080753073,13.67525234516427,-1.431206002491037,13.059947580444886,-1.8167778677298618,12.247182757864383,-2.1841587083644063,11.246168265818625,-2.5304975499534788,10.06653024558561,-2.8520241705590452,8.719804268468577,-3.142556545428211,7.219601319755786,-3.3915742403659066,5.584367938779051,-3.618146069712655,3.8319136692118767,-3.846920773299012,1.9651132381516287,-3.977893797237199,-7.591123848989968e-05
222,4,-1.2524751805486112,2.506754709611111,-1.2524751805486112,2.506754709611111,0,-1.2132107376003851,2.4653520140418177,5.084148167770258,5.0215033286988415,9.40372403037864,10.029180892705014,-4.1330896697326e-06,2.2510119878881398e-05,0.356089679495579,0.10546119709427067,0.5342180283775351,0.32707267264726214,0.7866090831772399,0.6546967468567798,1.019106315476411,1.1098018053004066,1.1574758113609112,1.657419134887737,1.2340924085886906,2.2571916723276173,1.2664134603513095,2.884287552980606,1.2471785376997837,3.5149225602567093,1.1792345224910672,4.123270734256093,1.0763029953523235,4.6883974426020325,0.9425899757603716,5.194514926979794,0.7737943826461385,5.625029046674122,0.580608533569316,5.964172508383908,0.38130610077684335,6.204791609848226,0.1731775908140775,6.344016090933918,-0.04909375921330575,6.375484049212153,-0.27435206098785164,6.294441983518862,-0.4925488384337866,6.102390487870055,-0.7042551280064111,5.802943920361791,-0.90530705343551,5.39980400533582,-1.0776373691286736,4.902480243473108,-1.2132107376003851,4.328473771306011,-1.3237175531071732,3.693249152292438,-1.396263946750775,3.010947918269717,-1.3993976431715873,2.308730039221643,-1.3220382048360595,1.6249910422912206,-1.1588501494837598,1.0009006032762338,-0.8919666006988928,0.48341453884017543,-0.5027968031592862,0.12945117275072693,0.0006518088791432087,1.6104791972619128e-05,0.5545035927127429,0.13873549278698802,1.0632480508177098,0.5466844594885175,1.479183173923107,1.186065447489456,1.8196277943504318,2.013370689875615,2.097339999345403,2.995427072034138,2.299350771054777,4.098017511424769,2.4199604308858143,5.281130989579694,2.4653520140418177,6.505475027083227,2.438991939173584,7.734534753310226,2.342657494222109,8.93278239066151,2.1801979622477536,10.066188802358868,1.955045579810603,11.10248400188398,1.6775881822656262,12.012473633922745,1.362622165892888,12.773916232623392,1.012896790691857,13.369321815188462,0.6293252137191171,13.781052655214706,0.22740119025248473,13.99561088230239,-0.17936834867835932,14.007733254328048,-0.5890786374618222,13.815728324436943,-0.99751692756994,13.418815369711206,-1.3940093931909374,12.820241966050252,-1.7729654152081455,12.027773268661381,-2.1348169610046646,11.050094508044474,-2.476826207177234,9.896262365825406,-2.795319251723172,8.577185678970606,-3.08421044061832,7.1058071134886625,-3.333090130126189,5.499841414483571,-3.560641417230743,3.776415775873371,-3.791105960067797,1.937983576394955,-3.9257500411539747,-7.491616284841758e-05
223,4,-1.2516181410694445,2.4617884142847224,-1.2516181410694445,2.4617884142847224,0,-1.2076138198698576,2.4591990316886223,5.084360574421908,5.0209973058415525,9.39728928191385,9.849276928358575,-4.307213694440721e-06,2.2899846653510957e-05,0.36102824023361263,0.10705573481140808,0.5399267591317248,0.3313526671446551,0.793009941875969,0.6620234150362382,1.0248663108168343,1.1202464110144976,1.1610649665433856,1.67024509187004,1.2348788311296595,2.2711238152266797,1.2642665031098936,2.8978791275801252,1.2422521710990273,3.5267330311219918,1.1719819543670689,4.132012114978776,1.067383994740917,4.693066081514712,0.9327517528995951,5.1944618908003894,0.763835199170811,5.619992987406516,0.5712869482902638,5.954287712341894,0.37321156293992747,6.190531756285945,0.1667692039464473,6.326113046602145,-0.053463815082386935,6.354875278524171,-0.27653406307514816,6.272193800389995,-0.4925947620639876,6.079590416916,-0.7023338032232961,5.780621702845096,-0.9017030054376707,5.378878269115698,-1.0727932811386705,4.883687596741836,-1.2076138198698576,4.312309765936337,-1.3177591147994634,3.679989206941259,-1.3903447245907206,3.000675755656748,-1.393953283135944,2.3013156072363192,-1.3173982988096975,1.6201082781025269,-1.1552148693521493,0.9980931206563521,-0.8894648413567944,0.48214572716270065,-0.5015184409596423,0.12913052011505624,0.0006502643130897177,1.6066566375095252e-05,0.5532259070041424,0.1384137031821825,1.060786218445951,0.54542231748338,1.4756735906480127,1.183305161006629,1.8151737984202694,2.008615874956063,2.092054237973194,2.9882309022417335,2.2934481719476,4.088012863724585,2.4137525103453177,5.2680844733221335,2.4591990316886223,6.489322529114461,2.433288599620252,7.715401140164481,2.3378128375466,8.910994978262101,2.176598322315564,10.04227501540508,1.953026890943062,11.077153285174116,1.6773809234809427,11.986579851225335,1.36431537374869,12.748392741413696,1.016478688842816,13.345119250825643,0.6346845903583727,13.759092954660773,0.23427824618643048,13.976724150399184,-0.17135142556678937,13.992587239498803,-0.5803582146944009,13.804785792747976,-0.9885779747673118,13.412308914346955,-1.385374405670067,12.818151022128587,-1.7651527694293754,12.029815253761369,-2.128313619237392,11.05573503424212,-2.472079434826339,9.9047330459553,-2.7927217449976744,8.587507459375537,-3.0840834888725226,7.11682155355776,-3.335657253587426,5.510253018032866,-3.5660629439365863,3.7848371419920257,-3.799546567030209,1.9429446456947004,-3.93706020899721,-7.513199697891611e-05
224,4,-1.2651297168055555,2.4463704179027776,-1.2651297168055555,2.4463704179027776,0,-1.2006932105095889,2.445648177482263,5.094263131419328,5.02454946476423,9.498735706889947,9.78759164494224,-4.412530888317165e-06,2.3108298557898306e-05,0.36352459368060214,0.1078814056202794,0.5425440840214626,0.3334748696646295,0.7955661851819483,0.6654542744845086,1.0266100725457834,1.1247923342346873,1.161234289783446,1.6752903899706257,1.2331810437168986,2.2757922262234507,1.260650834312341,2.9012187847071065,1.2367833474614467,3.527796377277453,1.1648485582794506,4.12991450803185,1.0588796632800217,4.687045250550805,0.923235740283908,5.183919795978434,0.7537306598304137,5.604526654132126,0.5610731868758617,5.933721365293784,0.3633727294496757,6.164932324204805,0.15779277880349293,6.295788927898328,-0.06107288583514309,6.320384023264738,-0.28231399662098955,6.2343378536128204,-0.4961693615638408,6.039381710366087,-0.703393366979715,5.7392429087841155,-0.9000365737811171,5.337645979213356,-1.068403227614667,4.8439748299011605,-1.2006932105095889,4.275433905925855,-1.3085360787367677,3.6471602792058917,-1.3792446179317488,2.972953450484151,-1.3817801711793967,2.2794513286353313,-1.3051676458643389,1.604389284606569,-1.1440561127721893,0.9882718664441202,-0.8806840743760422,0.4773675498563761,-0.49653899130092355,0.12785092697947464,0.0006438732278079986,1.5908567539884508e-05,0.5479186208862497,0.13707314127722325,1.0510043452122273,0.5402566807766351,1.4627717231523423,1.1724133341558076,1.8003135130529366,1.990741240837843,2.076211906955362,2.962640175437009,2.277592522137613,4.054458325084896,2.398734374979326,5.226780543534705,2.445648177482263,6.440854494280328,2.4216439613169545,7.660619385607304,2.328347790227851,8.85092786741954,2.1694306830379486,9.978047592192397,1.9481506153660961,11.009917568169918,1.6746699025092988,11.917455024736421,1.36355197511875,12.678409125451648,1.0174395061090893,13.275193654838246,0.637166245736624,13.6900365388459,0.23806947735700262,13.909244777014056,-0.16644079243324558,13.927290063475743,-0.5744542651784349,13.742196124743277,-0.9817511234579749,13.352904119849342,-1.3776624081780677,12.762381850125458,-1.7565547258717211,11.978122538036576,-2.118783266913589,11.008571773878877,-2.4615458778979074,9.862582574568087,-2.78110481223658,8.550891194175128,-3.0713157140898364,7.086299611529021,-3.321716890349879,5.486407509345285,-3.5508736812476087,3.768267525708597,-3.782937417039272,1.934319954731172,-3.919309199817123,-7.479324982025662e-05
225,4,-1.2837831212083333,2.433133855479167,-1.2837831212083333,2.433133855479167,0,-1.2134473915650474,2.4001651611041086,5.082918984054993,5.01546134107491,9.638787557780867,9.734633978827166,-4.479428323797866e-06,2.354829445848535e-05,0.37059340832165766,0.10996607417616042,0.5531420063874385,0.33996350019753296,0.8109060501537314,0.6783918703048117,1.0458268104124042,1.1464641696694677,1.1819362779289346,1.7070319150071005,1.2536575397490115,2.3178848999165873,1.2796156881862997,2.9532249187808928,1.2529811482391116,3.588642690103596,1.1772880097471246,4.197952085137331,1.0670043808861058,4.760239604868764,0.9267540058874428,5.260034316176747,0.7525084814341004,5.681215434099433,0.5553200769926818,6.008648421393838,0.3536478642472,6.235963417328987,0.14472579435199195,6.361095845298566,-0.07679090767705045,6.3784623962536475,-0.29981784114770543,6.284071639713594,-0.5145050176808333,6.080115959727153,-0.7216280629463567,5.770796373835834,-0.9172591928041115,5.360297408981566,-1.08374527958055,4.858451281999312,-1.2134473915650474,4.28286135745937,-1.3181918679210318,3.64896728910355,-1.385472997759618,2.9707809119269295,-1.384559367026647,2.2750340116792334,-1.3048620604377847,1.5993767321333905,-1.1414288825699406,0.9840335045830703,-0.8769813339490186,0.4747750980851529,-0.4935699276162316,0.1270132788186129,0.0006389105239674041,1.5786809762671018e-05,0.5428389425953857,0.13587574816399414,1.0395925648704276,0.5349672469290341,1.4446294635777726,1.1597419040841075,1.775357613204214,1.9672956820837684,2.044625076178147,2.9250410337962025,2.2401051643143703,3.999548498153454,2.3565364620716185,5.151893895618231,2.4001651611041086,6.3439843406605085,2.3744924931994094,7.540519380278869,2.2812881406259584,8.707200404929836,2.1242600598492225,9.811187559299098,1.9066407656040996,10.821315969378311,1.6383773183034231,11.709345729529955,1.3336748412378119,12.453713082897377,0.9950030972958792,13.037377789953284,0.6230431356466415,13.443051846744734,0.23269353764583786,13.657377676409233,-0.16303443619757568,13.674933520289345,-0.5623910571801204,13.493714817473277,-0.961339383774127,13.112560215518613,-1.349488362719362,12.534213645219058,-1.7213555584821287,11.76582884927801,-2.077309218364228,10.815478184314935,-2.414596608432875,9.691629543958282,-2.7295243511892235,8.4046061342741,-3.0160137969784993,6.966776475301046,-3.263719555289177,5.395249899775959,-3.49082330618022,3.7066325912424407,-3.7210341753072953,1.9031912675245748,-3.8572760459429993,-7.360945341693419e-05
226,4,-1.2756478389236112,2.418333767152778,-1.2756478389236112,2.418333767152778,0,-1.2087316530087475,2.430195846993894,5.086605872556692,5.025221023123421,9.577706946601614,9.675420860573409,-4.519213780323009e-06,2.356524215823193e-05,0.3704220785689596,0.10996260690387424,0.5522819301754639,0.3397151013449107,0.8089823589060753,0.6774642121795746,1.042613055243365,1.1442527922749683,1.1775759512370905,1.7029162727136473,1.2484475097158456,2.3113629292933333,1.2739270304875971,2.943960947257958,1.2472622824052075,3.5765073005453134,1.171990785741,4.1830450249279965,1.0625106883657227,4.742870589042744,0.923373185741278,5.240685054253337,0.7504782294103628,5.66050558638851,0.554756663964114,5.987288364769857,0.354538500400842,6.214687569447043,0.14698519143781008,6.340612236568243,-0.07331509229113088,6.359420690016495,-0.29535937242660126,6.26702468870022,-0.5093522409593896,6.065484487191332,-0.716094925445982,5.758849854841739,-0.9116765208293613,5.35114385568751,-1.078444554849448,4.852031982831787,-1.2087316530087475,4.278958010274392,-1.3143286505094702,3.6472191091237907,-1.3826814212312322,2.970703924118428,-1.3829618762282974,2.2760568509389687,-1.304452945259842,1.600898054512915,-1.1420431698219184,0.9854925276273295,-0.8782225354460953,0.47574767660177625,-0.4947205288826685,0.12735042283037304,0.000641044075362598,1.5839000680014908e-05,0.5452079153343078,0.13641979638166737,1.0453217194424531,0.5375028454171964,1.4543378922358816,1.1661167897165312,1.789461495881087,1.9796091165746694,2.063334952151838,2.945556348354164,2.263237531116982,4.030541001360704,2.3835274641612463,5.195446715393597,2.430195846993894,6.401831284291897,2.4065247149656326,7.613929670004661,2.3141061936412672,8.796876350910237,2.1565559033202844,9.917197738382214,1.9370734672967922,10.94306335065857,1.665722476318893,11.845583592931026,1.3569456652164322,12.602642169059491,1.0133341966442178,13.196742455951178,0.6356816603628113,13.610184847393102,0.2392106274287148,13.82930966342098,-0.1627664414715568,13.848563618434168,-0.5683710797016386,13.665914743642567,-0.9734235307643089,13.280233681753003,-1.3673218974207078,12.694389237687146,-1.7444672743871195,11.915748034409601,-2.1052142582015243,10.952622517341887,-2.4467707095988027,9.81373114967669,-2.7654075977884247,8.50966973270577,-3.054994344515827,7.053096024469362,-3.3050952021872444,5.461452523484141,-3.534168449331167,3.7516489560564596,-3.766242884215044,1.926057615227079,-3.903110283657242,-7.448412107618281e-05
227,4,-1.2857159417222224,2.4045294010069447,-1.2857159417222224,2.4045294010069447,0,-1.1947491844106566,2.4051630215615663,5.106127279119602,5.011071392285381,9.65329939082566,9.620191489843643,-4.535346271804209e-06,2.345820655748794e-05,0.3683065937224191,0.10938130652846001,0.5485288806538329,0.33768472308287223,0.8027965227629509,0.6729815165046327,1.0338013260090018,1.1360058779714732,1.1666636705768179,1.689714856055666,1.2359106505207933,2.2922821129787425,1.26021560745291,2.918296438621552,1.2329736365413408,3.543815452444927,1.1577657228276266,4.143199606783214,1.0488995494551014,4.6960449130331146,0.9108957474065625,5.187314458093429,0.7396958727273201,5.601297207782093,0.5461086624487551,5.923209528207358,0.3482418693435783,6.146865573266741,0.1432482814783795,6.270271332810214,-0.0742580443057037,6.2879022236842905,-0.2934271130841344,6.195754209225783,-0.5046066615649654,5.995887026897907,-0.7086188353471314,5.692311463897562,-0.9016213965770709,5.288998443966569,-1.066185548540094,4.795485531456157,-1.1947491844106566,4.228989412381641,-1.2989750580083557,3.6045986445937044,-1.366457055839742,2.936007049907318,-1.3667224596703278,2.2495160570862676,-1.2891669871589597,1.5822788432641257,-1.1287174260055044,0.9740709498335355,-0.8680365110731526,0.470257665903933,-0.4890245716575246,0.12588822034648792,0.0006337275871765112,1.5658170672627396e-05,0.5390419284546715,0.13487197191414635,1.0336229160204873,0.5314447429804341,1.4382470344588156,1.1530653119957168,1.7699040407290445,1.9576134110233758,2.041076096340998,2.913072895034867,2.2391624856059935,3.9864348368821534,2.358558266388896,5.1390427464058615,2.4051630215615663,6.33289397927497,2.382196863491032,7.532620875904164,2.2912068526677745,8.70373202061849,2.1357408904876602,9.813098727540993,1.9189350264697957,10.82920319575677,1.6507201140871983,11.723423120857646,1.3453679513717127,12.473826746796341,1.0054261239938227,13.063044904785375,0.6316662398026534,13.473499657652155,0.2391521765035985,13.691607120820244,-0.15893243144359154,13.711808350999188,-0.5607190413044584,13.532034022486593,-0.9620563702138947,13.151113762224849,-1.3524281922252441,12.571843852358368,-1.7262700423436963,11.801484234891907,-2.083914330280721,10.848241206399289,-2.4225775724918024,9.720732379470439,-2.7385495328666525,8.429443542734006,-3.0257427323928523,6.986910743487784,-3.273806720183993,5.410416695244737,-3.5010201594377506,3.7167213442072327,-3.7311844996936974,1.9081851874766667,-3.8669971870470325,-7.379496490458625e-05
228,4,-1.2417359807569444,2.3969931569444447,-1.2417359807569444,2.3969931569444447,0,-1.1815960751673384,2.4487416651990115,5.073321790419465,5.019311512126894,9.323092914715572,9.590040013648307,-4.407183990486258e-06,2.2861830065467092e-05,0.3591380544543296,0.10663497295207748,0.5352915543090436,0.3293445563781086,0.7841306685368518,0.6567028662073068,1.0109301286799195,1.109220712533558,1.1425746286137695,1.651080225019952,1.2126289441538591,2.241740097549665,1.2391899090949308,2.8566183451050886,1.2155937029775812,3.4724817596540207,1.1450847193313383,4.064318487292218,1.041429509025489,4.6121138713199885,0.9088268578526022,5.100993897682777,0.7430377442874958,5.515300709418235,0.5544679504473219,5.840165466732213,0.3608264683592358,6.069093509370364,0.15922570497106595,6.199673356063247,-0.05574298553941091,6.225966163491872,-0.2733882966745497,6.143501463262558,-0.4841120782585946,5.953810942513831,-0.6886624347330524,5.660387869842085,-0.8831353064140847,5.266723474763226,-1.0500320715851672,4.781903381733701,-1.1815960751673384,4.222756482045174,-1.2892685911447623,3.6040957493993235,-1.360459600271591,2.939435828869083,-1.3643816966638187,2.255018870750244,-1.2900304723232383,1.5881239201783324,-1.1319239417468052,0.9788532284771313,-0.8722297360586249,0.47312173685412334,-0.49227922104987715,0.12679886891926742,0.0006390439586986689,1.5788692551602145e-05,0.5443815701965885,0.13613851315559802,1.0453984167950907,0.5369676374980368,1.456648943516034,1.1661345173133892,1.794829147541197,1.9815210113499522,2.0721932328127926,2.9510141047761946,2.2756575481585686,4.041322861074963,2.399252790499527,5.213281094054171,2.4487416651990115,6.428257313157243,2.427247515860309,7.650202345987215,2.3362571943523336,8.843900006289442,2.179338948924848,9.97548860154081,1.9596804757975932,11.012734973387989,1.687399595668382,11.926355407181408,1.3770442933432256,12.693883326274488,1.0312472986223,13.297511942747683,0.6508222227084566,13.719240506042267,0.2511038763841457,13.945140680052742,-0.15449189524349252,13.969451285725043,-0.5640707432552132,13.789960948260514,-0.9734286187359419,13.405366058694327,-1.3718862687642817,12.81838829496659,-1.7537996125941315,12.036281636804212,-2.119526333688109,11.067253641591677,-2.4662458060375525,9.91992204587336,-2.790181070301765,8.604803113238733,-3.0851133062750526,7.1345046894639985,-3.3404453761115835,5.526488009719116,-3.5747879219289507,3.7977032778345587,-3.812440715890409,1.9504132910291825,-3.9539113816447187,-7.545357127761432e-05
229,4,-1.2106180306944445,2.392227143006944,-1.2106180306944445,2.392227143006944,0,-1.2060114779160895,2.418931621128612,5.083891864838961,5.0237467325123895,9.089455858011044,9.570971847252498,-4.769644169598801e-06,2.4166503198030406e-05,0.3782500820251479,0.11246254234466076,0.5616651477257623,0.34654860620216305,0.8200306133492342,0.6894232109624183,1.053493962391697,1.161808496694569,1.1859873534098926,1.7253626568311324,1.2534159567928107,2.3371735123177664,1.2752060575323292,2.9713368072277455,1.2449188625703493,3.6036073659757935,1.1664428002484009,4.208147553205918,1.0544574790509325,4.76454050149735,0.9136049663201542,5.25786649672334,0.7397924486582218,5.67254008624288,0.5439445866012579,5.993916568159509,0.34429265119650104,6.216025760617516,0.13784490440657884,6.337084166289653,-0.08093571950056304,6.351687782342943,-0.30118809232027577,6.255921474958397,-0.5132702119196758,6.051942362569537,-0.7180969004787636,5.743829449056909,-0.911857111462809,5.335584250819002,-1.0770257947538624,4.8367937187951116,-1.2060114779160895,4.264766671548142,-1.310580952177274,3.6346559526904043,-1.3782214000236392,2.9602081900003268,-1.3782008175856695,2.2678844273621435,-1.2998086748490243,1.5950936002358804,-1.1379103259032701,0.9818989633160894,-0.8750201672413388,0.4740063207275047,-0.4929069690379677,0.1268824912762882,0.0006386743373373291,1.5780469442725813e-05,0.5431647832744428,0.13591123422641915,1.0413224016157807,0.5354747374132195,1.4486253271801761,1.1616509486794366,1.7822168399953768,1.9718983014341378,2.0547030918985123,2.933869177148665,2.2534402699225144,4.014235507780322,2.3728478669117297,5.174009787326875,2.418931621128612,6.374895697742253,2.3949955638817726,7.58128178377898,2.30265523743312,8.75846894753296,2.145532304933126,9.873157057079641,1.9268257863795515,10.89369071179418,1.6565572853658745,11.791346583545275,1.3490985665340487,12.544143159926492,1.0070252622826381,13.13469491934107,0.6311254749206973,13.54541325666284,0.23654479048241017,13.762728760023371,-0.16347052937183282,13.781137638074782,-0.5670475430306622,13.598640840207608,-0.970021713317537,13.21413994349285,-1.3618393837339962,12.63051736214429,-1.736925462758664,11.855133023574457,-2.0956293052376083,10.896289946015852,-2.4351728082769073,9.76269608731786,-2.7518496470005465,8.464926278347141,-3.039568903733143,7.015603886246227,-3.2879622056071347,5.43210681061824,-3.515400698044337,3.731276867618374,-3.745793145653655,1.915491524977319,-3.8814874957000653,-7.407148765151863e-05
230,4,-1.1890198112430557,2.4098795784722222,-1.1890198112430557,2.4098795784722222,0,-1.2020749144688505,2.385331425714537,5.107265498005265,5.019564481257053,8.927294005686392,9.641596814186553,-4.8293498768620514e-06,2.429804997755073e-05,0.37987726509697134,0.11299443913598671,0.5634260539890327,0.34793964713738523,0.821756007786773,0.6916997003029071,1.0545834884177807,1.1648193403577936,1.1858694254813802,1.7286319079789898,1.2518787313059194,2.3400324834815125,1.272238369131986,2.9730672058406267,1.2406426688713998,3.6035190348600845,1.1610905829974256,4.205640936448164,1.0483092160330045,4.759146811805804,0.9069553096869416,5.249260588451444,0.732957958010217,5.660549764570045,0.5372214048174453,5.978525921677625,0.3379120896838248,6.197350289439038,0.1320363336585403,6.315350977698289,-0.0859149194825984,6.327247098905585,-0.30510911983865646,6.229247234985454,-0.5159375963786068,6.023612869736206,-0.7193036010293485,5.7145224552370655,-0.9114086418578301,5.306081156936641,-1.074834805225152,4.807949692142282,-1.2020749144688505,4.237453988736386,-1.3048683456467862,3.6097547771755494,-1.370838333077327,2.938591838018793,-1.369570384072195,2.2502948805029424,-1.2905799525517543,1.5819993491592044,-1.1289343237142198,0.9733971936810044,-0.8674713655431275,0.46969259439585354,-0.4883164385321415,0.12567313186178686,0.0006323087926491826,1.56235054774482e-05,0.5374416612643284,0.13450546677244862,1.0297690641479866,0.5297349152188157,1.4317822177975525,1.1487866972974758,1.7606039826509392,1.949401470124099,2.028825394335805,2.899474162333405,2.22405718494923,3.965988414562272,2.3408865098039584,5.110387253757543,2.385331425714537,6.294843542729698,2.3607204975870313,7.484219664037802,2.2686995204701352,8.644307773295969,2.1128825864957976,9.74230350245003,1.89645594025516,10.747042777920143,1.6293308640210094,11.630267736908396,1.3257008005987976,12.370381819470948,0.9881121392674177,12.950327361443104,0.6173486595366395,13.352848999241937,0.2283555809488869,13.564659367995926,-0.16580334610730058,13.58042780547195,-0.5632841210359826,13.398278923403923,-0.9599829108400325,13.017224137279342,-1.3455018407428545,12.440197635634263,-1.7143573851755074,11.674542762263492,-2.066907006764389,10.728526056402904,-2.400428190855374,9.610806186480866,-2.711288232540447,8.331872804787746,-2.993511951063766,6.904222985609776,-3.236922779081715,5.345021767798277,-3.459632961348675,3.670890531210897,-3.6851791012790893,1.884205534823455,-3.8175242751680236,-7.285086042170403e-05
231,4,-1.18052305775,2.393141635625,-1.18052305775,2.393141635625,0,-1.2189665733826858,2.4201445719208285,5.075651142152204,5.024196536573816,8.863499428162028,9.574630606466696,-4.817906026193528e-06,2.44184292804919e-05,0.38220390686667266,0.11363723026475983,0.5675383329876567,0.350171056802995,0.8285992292445611,0.6966296661442377,1.064497396030766,1.1739496598873786,1.1983749818066363,1.7433899002464799,1.2665098019367929,2.36159166261929,1.2885202083373795,3.0023787209433084,1.2578754386534008,3.6412424244532855,1.1784740478366986,4.252050554216032,1.0651269237030738,4.814134802548497,0.92251053760281,5.312372662722137,0.746484449791112,5.730963651343085,0.5481126052469698,6.055062090169857,0.3458682089024417,6.2786078218696755,0.13677852436070448,6.399796998974842,-0.08468968154230282,6.413194411588625,-0.30748534763446134,6.314904676756915,-0.5218004774979137,6.107204380269442,-0.7285086527671468,5.79434069585399,-0.9237232451652763,5.380504881946481,-1.0897481545277796,4.875539438759865,-1.2189665733826858,4.2970704480042805,-1.3233046323781148,3.66052226408456,-1.3902208185277092,2.979869969713252,-1.3888904589412103,2.281850566723492,-1.3087212184940658,1.60414376889957,-1.1447476827726555,0.9870017472502427,-0.8795909508799279,0.47625109649004643,-0.4951329995087271,0.12742798188454374,0.0006411500824043421,1.5841940971863633e-05,0.5449875073822342,0.13639092051556478,1.0443189872871845,0.5371881742211966,1.4521610778337755,1.1650202641438203,1.7858484307223892,1.977074192595687,2.0581139497814975,2.9408179510631483,2.2563449370799793,4.022774525516658,2.3750003787208103,5.183822101453389,2.4201445719208285,6.38555611971376,2.395125877787635,7.592283231661022,2.3015986292615414,8.769242240550062,2.1432300668331554,9.883092125706106,1.9232681960732194,10.90216001589893,1.65180216445222,11.797733629602725,1.343278559403033,12.547879644279192,1.0003244904163227,13.135292630437256,0.6237804101845171,13.542488233778649,0.22885992323960216,13.75603231489119,-0.17114335075162748,13.770586537264743,-0.5743329649929635,13.584334138486907,-0.9765275210551778,13.196368884142924,-1.3671722955457328,12.609770535814084,-1.7407117960504115,11.832091355495395,-2.0975228455757624,10.871814546793656,-2.434864811022588,9.737812413854376,-2.749081197382754,8.440802084890157,-3.03414843009064,6.993520882054581,-3.2797950984410655,5.413418397444053,-3.5044078382377077,3.7173732547391434,-3.731844911602378,1.907820210399203,-3.864894121922239,-7.375483250724658e-05
232,4,-1.1857463402847221,2.3917165928819446,-1.1857463402847221,2.3917165928819446,0,-1.2238604141577072,2.412069865180497,5.122728903412968,5.022479186181196,8.90271641884739,9.56892920640743,-4.793419857824458e-06,2.443985889906204e-05,0.3828694371963669,0.11379993784900032,0.5689469342937463,0.35084314778121917,0.8311052003098123,0.6982650812109426,1.0682330483936169,1.1771501494956331,1.20310883195684,1.7487200160741427,1.2719574278512975,2.3694787412843707,1.294372312058085,3.0131054304971254,1.2637341062713763,3.6549148263995073,1.1839154585766296,4.268564709178728,1.0697872220072495,4.833188116320169,0.9260741647375929,5.333494770025345,0.7486643094246251,5.753532067648596,0.5487447970939856,6.078336320067708,0.3449600327613474,6.301810539948453,0.13440286031147955,6.422175208026212,-0.0884060743840182,6.434042043443981,-0.31229501046317293,6.333608001840851,-0.5273675755531428,6.123298778301036,-0.7344753391933266,5.80753651956114,-0.9297121955229455,5.390695385176506,-1.0953610899677662,4.882813212488187,-1.2238604141577072,4.301705554153447,-1.327239687188125,3.6629417377963027,-1.3930249324370945,2.9805990142755805,-1.3904962861418881,2.281477534406254,-1.3092222217113265,1.6032513027777175,-1.1443939426421834,0.9860860281701127,-0.8787854087191234,0.4756452142795057,-0.49442357564326883,0.12722610292205755,0.000639949739197587,1.5812482490576552e-05,0.5437857294699947,0.13610502359102072,1.0417232011759103,0.5359545293264331,1.4482180043451975,1.1621476105440955,1.7806698553195852,1.9719161552990603,2.051847266450738,2.932790936524445,2.2492127760138136,4.011387185697276,2.367266491750162,5.168707167156293,2.412069865180497,6.366478348341972,2.3869651921767496,7.569136070722135,2.293599046716594,8.742045033458862,2.1356230929577813,9.851983922753961,1.9162708156804404,10.867392105255583,1.6456015059662126,11.759659327942181,1.3380232091860398,12.506935595107183,0.9961560512234038,13.091986518889007,0.6208397361662593,13.497399522539476,0.22724993297203785,13.709802650381159,-0.17135619525405454,13.723898704499314,-0.5730918350841864,13.537901176036515,-0.9737941706798245,13.150928724132966,-1.3629493633440586,12.566070403681604,-1.735033272199372,11.790868341434543,-2.0904386383920928,10.833784719772627,-2.426450835911617,9.703660963772972,-2.7394429048692266,8.411168661868425,-3.0234285297467625,6.968984166860762,-3.2681874174590457,5.394471911620705,-3.4920585755515186,3.704419315021679,-3.718826728565622,1.9012133253278434,-3.851618669881567,-7.350149333184395e-05
233,4,-1.1868663214722224,2.396398024451389,-1.1868663214722224,2.396398024451389,0,-1.2346672815345654,2.44348741233512,5.097337381729017,5.0126315990663075,8.91112536312831,9.587658970379456,-4.728740064856253e-06,2.4322879693069276e-05,0.3815553047882825,0.11335198213595798,0.5677833889604288,0.3497593185922181,0.8304227693191631,0.6966989339048383,1.0687346283814272,1.175506191728111,1.2054125632386106,1.7477593531428854,1.2763564197261734,2.3701862735978163,1.3009643652577378,3.0165601531725783,1.2724361223933154,3.6622006019020166,1.1944659787763654,4.280677407730967,1.0818091542623105,4.850961472025857,0.9390890445969956,5.357550005120759,0.7620610656124348,5.784217913537652,0.5618684929668181,6.115678216755791,0.35722518586377616,6.345523351171854,0.14520004774214462,6.471680940329682,-0.07973708579179248,6.4884408147861,-0.30630857854554544,6.3916901052102,-0.5244692164989525,6.183617059104613,-0.7349975200028549,5.868461252650303,-0.9338552015966085,5.450456731723944,-1.10300884390185,4.939614686377026,-1.2346672815345654,4.353879104708054,-1.3408864855792615,3.708987265361666,-1.4089347032641208,3.0192200385722807,-1.4075855103647958,2.3117962277662962,-1.3261759504705721,1.625002847210658,-1.1597792425613365,0.9996886965320508,-0.8909151600227353,0.4822926556843924,-0.5013717429842024,0.12902202261555068,0.0006490541829622517,1.6037372272939095e-05,0.5515794242707587,0.13805133253445284,1.0567123037811736,0.5436459434136643,1.4690472073105048,1.1788507474295686,1.806139304228731,2.0002378769409153,2.0808659896017434,2.9747843087803245,2.2804491298417005,4.068504479296045,2.3992741188962854,5.241694518248133,2.44348741233512,6.45537667572745,2.4165098833102157,7.673327132282737,2.320075811394978,8.860288385654913,2.157985173033227,9.982477379033948,1.9336411711722221,11.007850598359695,1.6573856121927226,11.907423497123307,1.3439669701577568,12.659137163921619,0.9961804705652425,13.245681482411227,0.6150171295348438,13.649636191377919,0.21596432775433372,13.85773958549689,-0.18747685258700414,13.864955592486755,-0.5933413206075696,13.669834978668844,-0.9973851574759569,13.271867039893786,-1.3889830463953952,12.674563660597663,-1.7625883587179179,11.885927017423558,-2.1186468362250084,10.914867385307103,-2.454483397349304,9.770649681129433,-2.7665213870942282,8.464348571118164,-3.048827543673267,7.009015050020174,-3.2912359277124272,5.422365883176876,-3.512301699833241,3.7214775549539176,-3.735980189865043,1.908908337583759,-3.8651001823436713,-7.375876624163176e-05
234,4,-1.1764251630833333,2.4009996420694444,-1.1778498074673387,2.405323752976951,1,-1.2235801645099726,2.4274306498047715,5.09651518827075,5.023063277013305,8.832731975721162,9.606069409707082,-4.751951602569309e-06,2.423342285203e-05,0.3796841399100865,0.11284612598830149,0.5643792946380445,0.3479511160627475,0.824799248072976,0.6926603839075142,1.060813026960623,1.168062961289166,1.19579026033044,1.7359038968392586,1.2655754309837506,2.353210316182092,1.2895079201255064,2.994003408602652,1.2608452346407368,3.6338591626726364,1.183239171771525,4.246613474438261,1.07131278137634,4.811453789183789,0.9296219521370792,5.313038981642375,0.7539204834512672,5.735293327984356,0.5552655231289292,6.0630621806849945,0.3522495291321091,6.2900095449471705,0.1419701486846413,6.414108855597815,-0.08104585285514301,6.429727198205736,-0.3055747917594312,6.332829458298104,-0.5216295341443707,6.125647255571829,-0.7299809644956621,5.812452381401748,-0.9266295594920041,5.397509858141383,-1.0937180887216729,4.890807239151891,-1.2235801645099726,4.310176581235279,-1.3282255064974902,3.67123154516636,-1.3950934906305934,2.988114383736113,-1.3933281870998275,2.2877527266504916,-1.3124482444114631,1.6079964265654658,-1.1476207470311492,0.9892003809063661,-0.8815432425440831,0.4772416171274758,-0.496130735650648,0.12767968997755555,0.000642386852824807,1.5872509849586798e-05,0.546064170922105,0.1366568518908588,1.0465429067150753,0.5382771308138291,1.4555633846237237,1.1675150239944887,1.7904420964535268,1.9815678838050188,2.0638482004402907,2.9478986351534693,2.2630053753533805,4.03296666194887,2.3822110062242445,5.197500120370644,2.4274306498047715,6.4028796398472725,2.4019455085023136,7.613156816438806,2.3073807450272144,8.793289834147753,2.1474323882519064,9.90965726688883,1.9254225999138754,10.93033143518902,1.6515911703240758,11.826399886217736,1.3405848011032273,12.575820944115591,0.9951814814438741,13.161270755010763,0.616369135696885,13.565316191700568,0.2195640087455335,13.774663454160343,-0.18178352023739575,13.78420917450055,-0.5857002903555627,13.592427990951979,-0.9879478058003454,13.198736661286205,-1.3779369416344156,12.606562580814154,-1.7501343993725955,11.823809075610388,-2.1049743989623955,10.859288862992504,-2.4397868609108384,9.722171788883314,-2.7510053707817512,8.423432494641261,-3.0327178529502135,6.976015836238077,-3.2747974297544538,5.397514491578907,-3.495712890713093,3.7048865161578624,-3.719314082500755,1.9006366787456561,-3.8488375162466735,-7.344842096947028e-05
235,4,-1.1613098473541668,2.381086079625,-1.1762166266778875,2.4059809933232974,1,-1.227454883644517,2.420468130820475,5.083829032904942,5.025371458971234,8.719244491133352,9.526397984653894,-4.748250966309206e-06,2.4295169574840335e-05,0.3808340686851839,0.11316848752659954,0.5663157792577574,0.34903854353009284,0.8278576220966832,0.6949837837067093,1.0649799657549888,1.172205442921676,1.2006771359073394,1.7423265873321077,1.2708318726305212,2.362181775018064,1.2948122193234453,3.0056294684092677,1.2658287265884496,3.648072968058967,1.187552219749773,4.263164277071681,1.074695438436462,4.8299375451239035,0.9318789542421697,5.332940134318676,0.7548972479752261,5.756007793443339,0.5549185220504613,6.083932623368823,0.3506680373659152,6.31039265331995,0.13928251200485328,6.433419192710209,-0.08468274424454726,6.447448438185273,-0.30992982757252696,6.348541652781906,-0.5264260658831259,6.139059891151443,-0.7349445505327531,5.823413738893929,-0.9314877427523373,5.406004243521738,-1.0981974660251952,4.896956317145599,-1.227454883644517,4.314229444100862,-1.3313452090201958,3.673530670447222,-1.3973554274579512,2.98906484984217,-1.3946986934633538,2.2877957701679885,-1.3129982296923466,1.6075645028104204,-1.147523714048812,0.988664535379842,-0.8810759166854268,0.4768606444084133,-0.49567484779200216,0.12754735921351731,0.0006415742911433535,1.5852595660694258e-05,0.5452197687635832,0.13645837329810562,1.0446543968452566,0.5373994117691022,1.4526001406396767,1.1654237543738708,1.7864304866786591,1.9777313670400694,2.058851346629935,2.9418059715028333,2.257158719314475,4.024156032182076,2.3757027229449896,5.18559238687685,2.420468130820475,6.387595270421548,2.394752595434072,7.594323876731485,2.3001955720342404,8.770852322464942,2.14049731660782,9.8836795328655,1.9189802196872994,10.900999430823386,1.6458612509569481,11.79401655563246,1.3357458894632013,12.540788559649126,0.9913971468063871,13.124075731231427,0.6137901673551137,13.52652495053236,0.21828510957061936,13.734905208623339,-0.18172195009240855,13.744145526972671,-0.5842805980539238,13.552734319425378,-0.9851807660703213,13.160091050150577,-1.373878864986933,12.569626438266539,-1.7448703668760404,11.78920721557934,-2.0985979608069174,10.827601237855099,-2.432405959260186,9.693928361570215,-2.742741849487641,8.399105452533691,-3.023711131191196,6.956012870579427,-3.265213306152727,5.382165967547642,-3.4856600238663797,3.694449182907292,-3.708830039732739,1.895336766356655,-3.8382225487057884,-7.324585254771834e-05
236,4,-1.1740189559097223,2.4253549277847224,-1.1749730642750418,2.383463902833398,1,-1.2281591434800505,2.3886818084291646,5.056564791033392,5.018912832889814,8.814665902578982,9.703511558791517,-4.711533130519674e-06,2.433957869695415e-05,0.38203535431103947,0.11347263867034899,0.5686857253799383,0.3502249484654706,0.8318151083689477,0.6977371516072948,1.070429670782482,1.177332834869113,1.206912327078355,1.7504077142352796,1.2771151665077984,2.373421676265004,1.3004417338510668,3.0198772240069713,1.2701078713825809,3.6648253824404593,1.189915731925275,4.281596386275234,1.074802607587568,4.848996947596803,0.9295898348482776,5.351456199494828,0.7502607332752222,5.772785863400239,0.5482092376582096,6.097858270044639,0.34233725343889526,6.320537258993709,0.12987310677241565,6.439104449456692,-0.0945470097524781,6.448287837973936,-0.31958388429140144,6.344473949518115,-0.5352315006393158,6.130351696578513,-0.7423117320538747,5.810638996514804,-0.9369084786133683,5.390014194319149,-1.101336913991073,4.8788168015598234,-1.2281591434800505,4.2951246171929895,-1.3295393838316287,3.6547002165656552,-1.3931577698937812,2.9717473091123003,-1.3885732977811942,2.2730847402831325,-1.3056618806079021,1.5962526070530683,-1.1399012805838669,0.9811364303545953,-0.8743954192683471,0.47296675789785747,-0.49149764769113613,0.1264385022880801,0.00063565481473992,1.5706722716268e-05,0.5398054135823962,0.13513595946394055,1.033557845017784,0.531941014775465,1.4362398606866245,1.1530789573020563,1.7653021986103403,1.9559948799420666,2.033522597427925,2.9084254605796067,2.228528134968416,3.9772414668969147,2.3449028206462645,5.1237712680669185,2.3886818084291646,6.310077843119252,2.3631950077793884,7.500919067024081,2.2700907620805393,8.661981832153641,2.1130105573560822,9.760364103332963,1.8951865492464453,10.764822154309341,1.6266226171676865,11.64705181580454,1.3216306057220732,12.38546615125234,0.9828290132664075,12.963066122376276,0.6110678171190643,13.362685723664603,0.22139626381791297,13.571170774105179,-0.1730545783336046,13.583370016713385,-0.5704306910653826,13.397605195020162,-0.9666286722544397,13.013085847755107,-1.351262364165356,12.43294244794005,-1.7188935116597466,11.664700565170975,-2.069941990933078,10.716780849553608,-2.40174884052734,9.597964584489585,-2.710750491584768,8.31883097166584,-2.9910476255176297,6.891930621553665,-3.2325534917311,5.334440457854296,-3.453427633708918,3.6629553122341902,-3.677195866709831,1.8798212345413463,-3.8080776604827955,-7.26705884689479e-05
237,4,-1.1821846639166667,2.367498076652778,-1.1760728176786575,2.4059167102314056,1,-1.2426255418434904,2.3884963550592184,5.0918924206391925,5.032624459689694,8.875974953490731,9.47203425322994,-4.659790397625399e-06,2.43430009981691e-05,0.38273086998750877,0.11360891014001637,0.5706551776794239,0.35100427042467885,0.8358331518884358,0.6999773452467434,1.0770493464924258,1.182224730801471,1.2160692051443092,1.759253387125157,1.2885366797299735,2.3874249696543477,1.31372236983429,3.0400777177859033,1.2846053936890567,3.6920015504009607,1.2048512036620453,4.316163487203388,1.0894188861578675,4.890982594046556,0.943137697062079,5.400515230110582,0.7619558226671262,5.828187364105015,0.5574181312669675,6.158505738319856,0.3487052348269797,6.38509024058954,0.13312641912875742,6.506074396759252,-0.09462866320250303,6.516056003190142,-0.3229878385467264,6.411364592687809,-0.5417324763901986,6.194754448612287,-0.7516051745293771,5.871079194807112,-0.9485815602142841,5.4451913770264815,-1.1147579367790064,4.927690087438525,-1.2426255418434904,4.336999769855303,-1.3444963477316865,3.6891976857874442,-1.407979988507654,2.998768868394806,-1.4024507283279344,2.292896914236823,-1.3178376322924872,1.6095231730404993,-1.1497456653337086,0.9888771831901902,-0.881333870192773,0.4764889190238911,-0.4950502247037628,0.12732197663064596,0.0006397786339979913,1.580899602061236e-05,0.5429199019159839,0.13594942579874283,1.0387131502364761,0.5348741659898889,1.4422248152106465,1.1588432088769844,1.7711749213676113,1.9647567248182893,2.0385653459182227,2.919943465911157,2.232152560311614,3.990947459103511,2.346710238030949,5.138847066499909,2.3884963550592184,6.325562188865765,2.36103204161813,7.5158121063590695,2.2661290670830807,8.675333154438139,2.107564908127085,9.771348123835773,1.888671565414517,10.772797132324888,1.6195125241849082,11.651600218510138,1.3144066483595076,12.386411433014956,0.9759455274232475,12.960466345124098,0.604933343237918,13.356815882854528,0.2163335158746723,13.562490437066765,-0.17682976021870808,13.572473290239156,-0.5727980179609261,13.385169734755163,-0.9675634810784701,12.999825966566547,-1.3508407092182368,12.419559364804071,-1.7172713103568247,11.651836182937691,-2.067328725570567,10.704985028587846,-2.398397656331129,9.587671186081819,-2.706943686962799,8.310339200407542,-2.9870835134096594,6.885394291292839,-3.2287327199065667,5.329862340652451,-3.4500062976309303,3.6601970805248527,-3.6743944370547914,1.8786283115783617,-3.806153045297069,-7.26338601427678e-05
238,4,-1.1754690433055555,2.3944630540555556,-1.1865000233762752,2.3803762538611286,1,-1.244640981102478,2.3982075704132857,5.086337468709356,5.022858315857925,8.825553321269684,9.579917419900887,-4.572144400862249e-06,2.4029893455745836e-05,0.37817591100195036,0.11221511020904987,0.5644902404524975,0.3469237823965689,0.8277026289342309,0.6923254016672374,1.0678977875993312,1.1701812200970216,1.207529771746244,1.742729818498118,1.2816512338713,2.367012878111304,1.309166092761449,3.0167800366733126,1.2828974815081093,3.6671207648675392,1.2062354063905136,4.291198797662257,1.093818226265823,4.86747239966133,0.9502593410014939,5.379900776730911,0.7713412699549188,5.811722715758399,0.5684227750629823,6.147168719647303,0.36058370793872924,6.379505304933374,0.14513461041993422,6.506491993727333,-0.0832291692826685,6.522355898531266,-0.3128856664575591,6.423066459941794,-0.5335007713730139,6.2110610413202645,-0.7456954751612396,5.890937442528188,-0.9453017388871581,5.4673557544791365,-1.11418892335408,4.950814679161301,-1.244640981102478,4.359755377605669,-1.348891216816426,3.7103401641942555,-1.414365770078488,3.0171934057120833,-1.4101376014717542,2.307769759280006,-1.3259761749068841,1.6204028863293547,-1.1574119599227342,0.9957650774255746,-0.8874922608926624,0.4798751344584106,-0.49859506433785167,0.12823701249961642,0.0006443912365937939,1.5922977131712932e-05,0.5468027428986821,0.1369255010920382,1.0459754670319712,0.538671410007736,1.45193064823402,1.1669221430168402,1.7824607721878731,1.9781163122658778,2.050645498781991,2.939178318118578,2.2441891683473902,4.0162467651099485,2.3579081370607513,5.169985345068856,2.3982075704132857,6.361951526539123,2.3687547323388722,7.556577956393219,2.2715070408452402,8.719385704789833,2.1103985563122967,9.817458813710761,1.8889070969176855,10.819674241405696,1.6172539068451255,11.697963809797239,1.3098992808857413,12.4310713734898,0.9695006301347904,13.002374539614012,0.596907050378976,13.395090050234135,0.20714759401194371,13.596442925588097,-0.1867271915434638,13.601636516763392,-0.5829781358909361,13.409296224052653,-0.9776184807722799,13.018877031398507,-1.360384413056551,12.433695352158265,-1.7259576095051365,11.661401268858885,-2.074859171878302,10.710484413492471,-2.4045169855910236,9.589748385661432,-2.711440540248559,8.30975448446562,-2.989792806548993,6.883002215007132,-3.2295436746061776,5.3265867462739775,-3.44884641865475,3.65700575019791,-3.67119356907496,1.8765249528596801,-3.8009848858736897,-7.253523538824675e-05
239,4,-1.1991026310555555,2.380093029798611,-1.1757038673811329,2.3697983973682675,1,-1.2527168156101196,2.3743164540493087,5.090651345132562,5.018032938822417,9.002996946900165,9.522424928851448,-4.563482872682178e-06,2.4205812474212623e-05,0.3814143258657911,0.11312702040021579,0.5698697522972974,0.349974632935323,0.8360515201856303,0.6987793863466276,1.0790033482872223,1.1815415330420445,1.2201723066445551,1.7600781049933911,1.2947757722455064,2.3908413247861784,1.3218546380819047,3.0471010827428,1.294195865247006,3.7034773606861693,1.2153298594757347,4.332681612664298,1.1001849214062756,4.912836813708378,0.9535851165853277,5.427698626434764,0.7714609219350645,5.860384386311704,0.5654408380037991,6.195103512425294,0.3548748777607607,6.42524906903301,0.13714239819220547,6.548791835513798,-0.09301556149614285,6.560188420857009,-0.32386618933299266,6.455680426537163,-0.5450302140617397,6.238021100388467,-0.757164009348358,5.9121235191840915,-0.9561348988223597,5.48294298540396,-1.1238532272501227,4.961257038422102,-1.2527168156101196,4.365748388592188,-1.3550956839841852,3.712753499641276,-1.4185250812174839,3.0170113983762126,-1.4122476618200244,2.3060247515665564,-1.3262511888878423,1.618075043631983,-1.156288038388263,0.9936726340308577,-0.8856668549810643,0.47855526700920376,-0.49706832469984136,0.12780301251311738,0.0006417919969443279,1.585923077150288e-05,0.5441214243139078,0.13629477991974973,1.0399331385377462,0.5358762610191576,1.4423230275107635,1.1602172992012385,1.769264600301726,1.965709720664407,2.033981525066199,2.9192962998836305,2.2244589892028803,3.987243639602454,2.335736119256263,5.130478043891663,2.3743164540493087,6.310896856505667,2.343940392693526,7.493312286376359,2.2466161154757756,8.64365816162051,2.0862807238822927,9.729443814541384,1.8663942329160499,10.719968041088181,1.5970774688062386,11.587558370102691,1.2926316303440206,12.311283279786666,0.9556602706976173,12.874787649690353,0.586978462527855,13.261543500980105,0.20144013528707527,13.458978811526,-0.18806214809460048,13.462406856608409,-0.5798297882048756,13.270515829638741,-0.9699351996320272,12.882804836070234,-1.348237437410658,12.302585965272092,-1.7094890131939064,11.537451899985925,-2.054218310868568,10.59581905784291,-2.3798915446084936,9.48640860782869,-2.683065902760183,8.219675358638423,-2.9579775259195125,6.807986391679732,-3.194716122114633,5.268249416390076,-3.4112454677218027,3.6167760810909906,-3.630803382899611,1.8557990188153575,-3.7588518100874766,-7.173119847120854e-05
240,4,-1.2074428415833334,2.3754406074305554,-1.2124012456521838,2.3848389237935974,1,-1.2586799969391795,2.413884021949566,5.087155591460341,5.016988356688707,9.065616182296214,9.503811226705164,-4.525041465235611e-06,2.4017942413069035e-05,0.37854833647017805,0.11226381689964243,0.5658893547433922,0.3473941088987265,0.8307978640832139,0.6938877849083515,1.0732254830296546,1.1738385905552138,1.2151360252267318,1.749624945054736,1.2913899902345427,2.3782519552763715,1.320780614136652,3.0333717585783586,1.2959516475326542,3.6899011473836927,1.2201868935849012,4.32075352407299,1.1081294014278977,4.9041148865637085,0.9643727162374832,5.423674284464893,0.7846256815170056,5.8623725209389645,0.580298599620807,6.204129164217835,0.3706225110961565,6.441960873396491,0.15290104134280985,6.57341888079853,-0.07820765000317917,6.592497851044267,-0.3109507688813317,6.494957866122157,-0.5348437326925355,6.283106790688417,-0.7504513224865954,5.961463046840763,-0.9534909481480593,5.534640898701155,-1.1255383142977398,5.013197080928957,-1.2586799969391795,4.415771865293126,-1.365203553876538,3.758750638880908,-1.4323039700469178,3.057003674972477,-1.4285866513649488,2.3384302359713063,-1.343634613761013,1.6419816565611576,-1.1729176041215112,1.008993232476031,-0.8993221280762989,0.48620242786330503,-0.5051374745818183,0.12990624472082385,0.0006526160142192657,1.6126428558815423e-05,0.553527311722369,0.13863278264882334,1.058204170215696,0.5451888772388224,1.4678671353567405,1.1805527976493588,1.800611531500495,2.000322386929743,2.069787176772381,2.9707576201466623,2.263127905809851,4.057394416311741,2.375601829784618,5.220328953826349,2.413884021949566,6.420664629506334,2.381864126359242,7.622506580542689,2.281683743145909,8.791147254647878,2.1174489088927055,9.89353216929809,1.892774643258821,10.89847658446606,1.6180317055714712,11.777920218974984,1.3078148070970972,12.51069018559947,0.9648134547261836,13.080289843614198,0.5898898910852515,13.470066596915945,0.19814803835544706,13.667399280337717,-0.19731960819225822,13.667678865732789,-0.5947938857013052,13.469721616553532,-0.9902968486519905,13.073163582627023,-1.373552767141414,12.481504686506907,-1.7392578346234708,11.70257929588965,-2.087968797317157,10.745047148973445,-2.4171378511533517,9.617866503009026,-2.723298919994779,8.331741986553286,-3.000638078736174,6.899303622788269,-3.2391477079424282,5.337767463102776,-3.4570642023036924,3.6637273115799944,-3.677945998735081,1.879499864829297,-3.8060824945083316,-7.263251511405248e-05
241,4,-1.2405370862986111,2.3562833551180558,-1.214933275487983,2.355470976914419,1,-1.1914679293289956,2.32876209846619,5.077453483628966,5.015944716029214,9.314091480752804,9.427165694490704,-4.351780845110508e-06,2.2990346109643978e-05,0.36209100266075295,0.1074124782915866,0.5408516577011201,0.33222372573589914,0.7934524654560529,0.6632555374559782,1.0241681213507339,1.1214470965006753,1.1585012780111406,1.6706571247008033,1.2298808806504606,2.26966670293338,1.2563493619685895,2.8932125323522264,1.2309883940111883,3.5172870933431377,1.157065670425444,4.116030419561563,1.0486910006651096,4.668682998018099,0.9103813222501436,5.159803245580773,0.7381901600176929,5.573306248555158,0.5431156155507556,5.894109401926318,0.34353625658127895,6.115843865664438,0.13691276961010077,6.236479309926539,-0.08182626986381153,6.250611403436234,-0.3015541348671913,6.1545067837682215,-0.5124181323734823,5.950615139831223,-0.7150915874130881,5.643423488502958,-0.9056740171649136,5.2374354312878335,-1.0668979072970193,4.742699183266274,-1.1914679293289956,4.176821391331096,-1.291180382276426,3.5551819828409554,-1.3540388749248327,2.8916552175234855,-1.3504055076614825,2.2123954150410703,-1.2703958371708695,1.5540025474621724,-1.1095706391272755,0.9553766359910507,-0.8514317979267432,0.46064219198085493,-0.4787355504663086,0.12316650115877986,0.0006193108759653092,1.5302757787119414e-05,0.526026731014596,0.1316784450624884,1.0073231699946967,0.5183877472133785,1.3999230946584234,1.1237933119036647,1.7207674721030075,1.9064331855733923,1.9822815927926276,2.8348521469362025,2.1724149789138965,3.8767461362734843,2.285928885857876,4.994421899981102,2.32876209846619,6.1509268674313216,2.3042244985586713,7.3119655655996825,2.213984301527139,8.444180140247592,2.0616350146582882,9.515614988002087,1.8503449697222172,10.495946855194543,1.5898384661258866,11.357716391791882,1.2939926752892754,12.079985886943183,0.9652673614322227,12.64624747088873,0.604367706708935,13.039777922753727,0.22579663136996816,13.247691252619857,-0.15781414968020696,13.264816941814901,-0.544810704518347,13.08928994437146,-0.9313399325038134,12.720035382885952,-1.3073961700715087,12.159732816766828,-1.6677552502355848,11.415297517260012,-2.0128756897704325,10.4944860644422,-2.3401773173142426,9.405390461566961,-2.6461538510676146,8.157860837930183,-2.92496436565597,6.763697681736072,-3.166598932265402,5.239280328490181,-3.3887295855367228,3.6004873991870037,-3.614397746702751,1.8492640475154078,-3.7492481508282727,-7.1547926596449e-05
242,4,-1.2303159601597222,2.3549383729930558,-1.239648686521758,2.363584222487713,1,-1.2238246590032744,2.3465098189135545,5.077390511391908,5.011958369318556,9.237350120139416,9.421784605955253,-4.306699161837457e-06,2.3206712802178377e-05,0.36652279707639823,0.10861659107369455,0.5488981520698826,0.3365053854563905,0.8068891702243846,0.6728353455223868,1.0434725747605975,1.139242344839983,1.1825576125507902,1.699343503415413,1.2576450871030387,2.311346193961794,1.286823763406482,2.9494994287289904,1.2628608575993956,3.589220496670203,1.1889333794417536,4.203954040406516,1.079337731513837,4.77228249502282,0.9386422329668245,5.278180877603922,0.762796370832371,5.7049527180076245,0.5630373672066514,6.036919708371851,0.3581966106922189,6.2673196040398285,0.1457508318250264,6.393856756472014,-0.0794148758994994,6.410821457834197,-0.30582758968377055,6.314252847186769,-0.5232931826817248,6.1065675225374685,-0.7323886516001693,5.7923237374342555,-0.9290085618279172,5.376152255830383,-1.095347208871178,4.868420079838803,-1.2238246590032744,4.287294723029295,-1.326460440225661,3.648705487642018,-1.3909122624923633,2.9670671075632495,-1.3867892994577002,2.269397389004806,-1.3040208505350275,1.5934098913471086,-1.138203832428336,0.9791240587192664,-0.8726848544784463,0.4718150460443355,-0.4901964214938506,0.12606693382474343,0.0006333638959598693,1.565065571716346e-05,0.5372450584954551,0.13455074238124012,1.0271775226672184,0.5291687549028358,1.4249985258780906,1.1459409696936529,1.7482864069904642,1.9418286930650297,2.0100171642685143,2.8841503591230184,2.1983107936553106,3.939532563435373,2.3083100218710118,5.0693357012977405,2.3465098189135545,6.235908760105432,2.316689246374138,7.404519185488892,2.2209144414966167,8.541584980048997,2.063135251008053,9.615116765213614,1.8467994170430657,10.59491600240554,1.5818800917512952,11.45377849031259,1.282426244473003,12.17113182855304,0.9509196568242002,12.730881094370657,0.5880474518398431,13.116710686947515,0.20831351005504212,13.31614003843547,-0.17571215270128507,13.32439158407424,-0.5624910180111474,13.13994603403934,-0.9482755098735351,12.762017480997523,-1.323154574917835,12.19352547863734,-1.6820060723030554,11.441576237560886,-2.025384053695241,10.514066923812882,-2.3507848702588263,9.419187153755084,-2.6547664884242854,8.166849763806944,-2.931541354024207,6.76888848119186,-3.1711452617337925,5.241691408156504,-3.3912863889920493,3.601124831208473,-3.6150200419168206,1.8491092584474105,-3.748031257696209,-7.152470492851854e-05
243,4,-1.2112652924097222,2.358247730520833,-1.2241687282801665,2.358685228269173,1,-1.23386369637395,2.377362523272743,5.097682596432137,5.029194381626054,9.0943155715131,9.435024890358612,-4.274566729366906e-06,2.3086722373271147e-05,0.3647747697908541,0.10808091597717083,0.546608263807223,0.3349527209338116,0.8040823756984883,0.6700005825478264,1.0407737612267463,1.13499126434832,1.1809121835603744,1.693970762457652,1.2577745924546873,2.3055690451277724,1.289272474187658,2.9443468365364693,1.2680141194444865,3.585956968416226,1.1969263513596855,4.203977290644264,1.0900373129498473,4.776989502840773,0.9516746528134635,5.2888415938324185,0.77753530787052,5.7225874911348935,0.5786638709600022,6.062181776013441,0.3738419026155321,6.300436311382746,0.16048884945834532,6.434609983734229,-0.0665718561248395,6.458510348882007,-0.29576188643449147,6.36770152931254,-0.5166970409200407,6.1642072691002125,-0.7298144454228696,5.852276170675818,-0.9308027039933215,5.436306999083059,-1.1014513500443641,4.926588470909712,-1.23386369637395,4.34141044977715,-1.3400299752979967,3.6968999301494416,-1.407294708357817,3.007730945541947,-1.4047034493524049,2.3014255811865993,-1.321940333009322,1.6164147415752996,-1.1545034728211565,0.9935025513941769,-0.8855160571964493,0.4788284593868775,-0.4975184375924644,0.12795646727346902,0.0006429101372352931,1.588649772015834e-05,0.5453765313446103,0.13658488658945914,1.0427332594378667,0.5371796017803939,1.4464879935441433,1.1632757759750105,1.774388098707336,1.9711098754371768,2.03953072716134,2.927389520541464,2.2297932402752996,3.998085553427226,2.340206643916914,5.143796816071866,2.377362523272743,6.326115678062696,2.345128247931878,7.509604681107886,2.2456653676709104,8.660017996750819,2.083081704211572,9.744767212249183,1.8610066548021291,10.733138838212993,1.5897203430493052,11.597530900277068,1.28364947150158,12.317154596934639,0.9454873896657112,12.875850453769512,0.576121025527992,13.25732653479052,0.19043802826252176,13.449274408087462,-0.19867366073834902,13.447276990057714,-0.589527364628657,13.250287209356125,-0.9782217804710613,12.858060444360259,-1.3546716072097456,12.27414433920714,-1.7136878087162832,11.506337047509357,-2.055844235445942,10.563234979219537,-2.37866246336642,9.453714884739199,-2.678761389718265,8.188357117289025,-2.950452368959729,6.77962172992319,-3.1839268206802878,5.24446275863017,-3.3971199760166524,3.5992117709503635,-3.6131828862558,1.84616788852747,-3.7381203509555436,-7.133557524150202e-05
244,4,-1.2282165263958333,2.3550461116875,-1.2209344795838428,2.36565205838917,1,-1.226763558280997,2.3546253707324856,5.081504720333158,5.027290025061033,9.221587336139958,9.42221565365672,-4.3270479228369645e-06,2.3279230097663706e-05,0.36757580703681814,0.10893894045909723,0.5503364175258433,0.3374510416576374,0.8088299255217892,0.674623197132456,1.0457679647953606,1.1421017466303658,1.1849412901835557,1.703380725561656,1.260005595852387,2.3165714416898364,1.289131654891425,2.9558926758862136,1.2650943484503572,3.5967499212771865,1.1910806259257347,4.212578775252505,1.0813984351811654,4.781959315438666,0.940597608451476,5.288863351483845,0.76458710224998,5.716574827542959,0.564591717112028,6.049380753323166,0.3594543738055953,6.280486319942795,0.14663046368437804,6.407561978758604,-0.07901621552279266,6.4248503198644515,-0.3059871883016781,6.328343806267979,-0.5240525958976631,6.120430022088425,-0.7337721187220513,5.805651147569508,-0.931006899137878,5.3886325167940194,-1.0978785469824153,4.87976296051821,-1.226763558280997,4.297265078440608,-1.3296972023882108,3.657127261426598,-1.3942964380902636,2.97382553339898,-1.3900992247236208,2.274472511102951,-1.3070367460057484,1.5968951450771498,-1.14073515488941,0.9812148616843851,-0.8745480129947192,0.4727995457163025,-0.49120814044110334,0.12632522833803286,0.0006346502261649415,1.568244511469904e-05,0.5383484510945372,0.13482538418736206,1.0293732084031344,0.5302701406102296,1.428242989864088,1.148403395424608,1.7525915932668468,1.946176789060344,2.0154171940486214,2.8909242991691406,2.204769075571128,3.949274648205543,2.315699041991121,5.082546534123333,2.3546253707324856,6.253005950493001,2.3252370437153953,7.425796564004163,2.22950572063886,8.567165014042175,2.071307185223599,9.644908230305495,1.8540366786752607,10.6285816768837,1.587682209307373,11.49072331508755,1.286374931274234,12.210530165679293,0.9526576052684276,12.77171499643622,0.58730043311995,13.157800449858941,0.2049979391862291,13.35621301750764,-0.18148245599931287,13.362185191032678,-0.5704619989507879,13.174290930064759,-0.9580443030294078,12.791907112427358,-1.3341572887216766,12.218195950963715,-1.6935733920229652,11.460575035786727,-2.036794541461139,10.527290338678375,-2.361281610485071,9.426901833223624,-2.663590051319501,8.169703203079377,-2.9379658329557663,6.767900821845947,-3.174526731955115,5.23822808163409,-3.3910988226034515,3.596842623765515,-3.610780730019436,1.8459146767966486,-3.739519849789363,-7.136228088198186e-05
245,4,-1.2346149955833332,2.3351067768263887,-1.226348986557523,2.352614794806346,1,-1.2228182044312075,2.3479182056594334,5.058171679097448,5.019259510671188,9.269627759926856,9.342441116708375,-4.3552982454300834e-06,2.3344723374498907e-05,0.36840390036816817,0.10920725986192442,0.5512507365973031,0.3381613590564757,0.8097366348006311,0.6757963577957578,1.0463294246560702,1.1436598030356344,1.1847955781165742,1.7050540567591903,1.2589612313320033,2.3179524715269975,1.2871067623060364,2.956508028857747,1.2620986895057915,3.596107598605553,1.1872223663583659,4.210216686622227,1.0768583116098036,4.777488977815475,0.9356102202274231,5.282000163895027,0.7594423084185276,5.707165651621354,0.5595936880449502,6.0374238840680805,0.3548685541168072,6.266123084710923,0.14271019635598137,6.391061437710568,-0.08202325718902678,6.406608541520453,-0.30789755760311327,6.308866859551045,-0.5247598267877852,6.100295353446829,-0.7332148190493541,5.785477288472483,-0.929183848536427,5.369055768045932,-1.0949020920561097,4.861393208828387,-1.2228182044312075,4.28063323491694,-1.3249496798358456,3.642675807292985,-1.3889834535073466,2.961902269035205,-1.3845936359404791,2.2652711017611207,-1.3017513058124326,1.5904084964982796,-1.136085062705108,0.9772300111890375,-0.8709887986551177,0.4708870328470095,-0.4892266287017187,0.12581787053099933,0.0006321275414302471,1.5620074727041154e-05,0.5362471670283815,0.134295627543022,1.025449680443368,0.5282162426686005,1.4229586820494498,1.1440287681701726,1.746337051699027,1.9389033570381935,2.008525965903951,2.880350081076402,2.1976037234451646,3.9351707608865465,2.308613932316044,5.064866338828281,2.3479182056594334,6.231866470702098,2.319154880894088,7.401450361260735,2.2242484571798857,8.539976755565329,2.067021303217122,9.6153291059869,1.8508197688065984,10.597123909973513,1.5855692074237937,11.457933151313497,1.285337578011934,12.176954355849839,0.9526487404800261,12.737879545316762,0.5882654955179384,13.124206932659629,0.2068471446673594,13.323327533983097,-0.17885787655999516,13.330422517999507,-0.5671566491681871,13.144014309702104,-0.9541420887954172,12.763435902587089,-1.3297435584067003,12.191807229729843,-1.688723545041202,11.436504915386283,-2.031564114051002,10.505742293797733,-2.355715968548409,9.408054596236779,-2.6577291922621216,8.153714155154825,-2.9318517452600585,6.754907584755127,-3.168213486620443,5.228343761373006,-3.384602677388669,3.590159705436174,-3.6040754813590503,1.842532165132814,-3.7327521000800687,-7.123313000424759e-05
246,4,-1.233152539746528,2.347647441763889,-1.2315681101477938,2.343434153805544,1,-1.2276470681133145,2.3502525421684006,5.093217835260081,5.011901207324947,9.258647477595108,9.392614592673445,-4.290293383469972e-06,2.317552865937789e-05,0.3661546590703236,0.10849396618241654,0.5485398887389511,0.33619720001686626,0.8065912175754986,0.6723601319287402,1.0433708092637624,1.1386596565013485,1.1828238788948842,1.6987956260411734,1.2584069744554591,2.3110508332074655,1.288183942810535,2.949730446499241,1.2649123327990173,3.5903009829081287,1.191736040110094,4.206246668424946,1.082894155236448,4.7761660619314,0.9428945388415868,5.2840203146414115,0.7676193034496583,5.713067825129194,0.5682268325179113,6.0475479148616085,0.3634897496074237,6.280580230486781,0.15084579656753058,6.409727849674141,-0.07485697768449492,6.429120339067182,-0.30214795902851127,6.334624712147148,-0.5207959114740225,6.128495364950586,-0.7313334321627718,5.815149475691999,-0.9295835272166839,5.399103453359751,-1.0975955087644491,4.890663594931295,-1.2276470681133145,4.3080149841485085,-1.331703662276183,3.6671514778252687,-1.3972840380245048,2.9825921020622452,-1.3937655833058618,2.281559882041516,-1.3109603340578018,1.6020659373483885,-1.1444277933364837,0.9844600002860948,-0.877469651392595,0.47436804495932816,-0.49283331356926974,0.1267373000727833,0.0006366347646710003,1.5731610640210444e-05,0.5398656322141723,0.1352211688478514,1.0318102745922704,0.5316861305269617,1.4308229708091273,1.1511049946811,1.754633143680866,1.9500593736060339,2.0163547537940802,2.8955732210285974,2.2041523080637972,3.954019307229835,2.313249927681264,5.086532304681266,2.3502525421684006,6.25528639532537,2.319017534921972,7.425422435218053,2.2216651496712925,8.563263733499214,2.0621907945013507,9.636751217718606,1.8440788231238148,10.615636676103655,1.577356500091232,11.472687754517995,1.2761410945195464,12.187335985684502,0.9429658047643835,12.74352058613133,0.5785863331267393,13.124987565533074,0.19761957493462842,13.319364212983483,-0.18725355439248523,13.322038870583437,-0.5743994597376657,13.131708813647801,-0.959971401632638,12.747852986582467,-1.3339708112788802,12.17370375902989,-1.6912192311159713,11.416716176067462,-2.0322359833369017,10.485158539557098,-2.354507970632918,9.387603302002443,-2.654617749200129,8.13434230459827,-2.9268476767355476,6.7375661150195985,-3.1613721456222788,5.213966194480562,-3.3759384428866346,3.579656670623906,-3.593534678990094,1.836829944272405,-3.720587269110832,-7.100098564719082e-05
247,4,-1.2390059828263889,2.3523304065,-1.2347670454993664,2.3528132120373186,1,-1.209389356129736,2.3634347537435163,5.09372035686667,5.015518603365351,9.30259578428046,9.41135049063448,-4.200891990544734e-06,2.2680370980452734e-05,0.35832951482845193,0.10617420529196298,0.5368988985392971,0.32902623340219633,0.7897252791904881,0.6581060991533272,1.022087730261206,1.114770913481184,1.1595721065088427,1.663682064036883,1.234875110920639,2.2641873307570206,1.2655962131199656,2.8912861847477314,1.2444850069708528,3.521054572969121,1.1744329381099714,4.127536988499788,1.0692412172551227,4.68970262781234,0.9331900401802453,5.191706211984814,0.7620897930672883,5.616939327096848,0.5668197127303306,5.949696015221076,0.3658412974772835,6.182981215688005,0.15662918561741018,6.314173082527049,-0.0659029100447427,6.3372627274057205,-0.29041617804204345,6.247958061211771,-0.5067658785653143,6.0482886682505015,-0.7154419178417404,5.742440492888142,-0.9122846736508763,5.334713643982298,-1.079497101402582,4.835151421550536,-1.209389356129736,4.261615183216551,-1.313773116706326,3.6298179005819566,-1.3802467971526735,2.954029333579584,-1.3783821659561408,2.2611348476266366,-1.2979402313658241,1.588767898646875,-1.134328126433366,0.9769625450949809,-0.8707161633046432,0.471098104269699,-0.48961349262854836,0.12596057795050902,0.0006332743959036248,1.5647927842453935e-05,0.5376878658036668,0.13461689268476873,1.0290543224820425,0.5297783110081683,1.4290279981684708,1.1480033803595984,1.754927682550024,1.9465438610273722,2.0195160991329573,2.892895560214518,2.210640695970861,3.953742145262844,2.3231793071293096,5.090361693590945,2.3634347537435163,6.264906885064854,2.335025873635265,7.442362651884837,2.2398881245950784,8.588790266385589,2.0818928199174245,9.671791595974419,1.864448928775011,10.660729631574894,1.5975852022771189,11.527962804157156,1.2954906995926734,12.252535029623049,0.9607343820094632,12.818028411425804,0.5940982909487873,13.207841820572774,0.21032126218230357,13.409291746920696,-0.17779215915304653,13.417523746797524,-0.5685634592193831,13.231033457655567,-0.958092849339367,12.849118128768975,-1.3362802781856709,12.274868785290312,-1.697879555152481,11.515645080665564,-2.0433905965860975,10.579639075587497,-2.3702550838075114,9.475361176977627,-2.674997165092824,8.213069041981983,-2.95181069840388,6.804951949312388,-3.190726599039092,5.267763749295275,-3.4096247905070896,3.6176997041771037,-3.6317138469679797,1.85690689603567,-3.762352903843386,-7.179800990269525e-05
248,4,-1.2414977897777777,2.3559636854236112,-1.242283207071094,2.354487189416716,1,-1.178672367681069,2.34297216720207,5.079770442035104,5.0174933185418995,9.32130455014804,9.425886740000578,-4.2886455844801585e-06,2.260825732173794e-05,0.3559592605819105,0.105605510021088,0.5315866041195074,0.3265830100524257,0.7798165711087961,0.6519313415036824,1.0066543639044283,1.1022618011738865,1.139062000764835,1.6421572967987002,1.2099995957819398,2.2312861757689024,1.2372244414130655,2.845028723179875,1.2138982038585997,3.4599967692536993,1.1431132988892352,4.050941850372825,1.0385697660499904,4.59755468150014,0.9045184191764029,5.084663659538443,0.7368610555118854,5.496362739611803,0.5462155220275839,5.81762372589783,0.3505459703434663,6.0419109323013185,0.1472487451972937,6.1669061513529115,-0.06877574075863659,6.1869137343094325,-0.2865786292410035,6.097851764912961,-0.4963871075496726,5.901747060379061,-0.6988056128486989,5.602666288862439,-0.8898793253600974,5.204729313712375,-1.0523181221865752,4.7176151525602315,-1.178672367681069,4.1585994956326715,-1.2805027529144666,3.542838993782598,-1.3456973785139759,2.8840743911624016,-1.3444894032875654,2.2083783064743465,-1.2667668766235598,1.5523610621303015,-1.1078728245161287,0.9550479585928281,-0.8511132733649851,0.4607903896997682,-0.47903918591577627,0.12328265053643489,0.000620271306641379,1.5326065435531195e-05,0.5272509216911889,0.13195037294808182,1.010417130884641,0.5197202073397974,1.4051853405334105,1.1272077752923446,1.7282980960436547,1.9130443165410935,1.9920323463438858,2.845789768524566,2.1841255382093143,3.8930643657157464,2.299159746360535,5.016996305842036,2.34297216720207,6.1803857245547045,2.318792926505273,7.348646474101317,2.228230565116732,8.488093721970511,2.0748588190220643,9.566425374077033,1.8618544912346526,10.552968474920196,1.59902540813322,11.41993443086479,1.300395814117316,12.146118019888048,0.9685254208827697,12.714808451549239,0.6042287129126336,13.10912524613389,0.22222858591075983,13.31610802921485,-0.16463075523008017,13.330626875999865,-0.5545598079144389,13.150942676437108,-0.9435644432647581,12.776172223528112,-1.3214823403012281,12.209263754301487,-1.682993451876889,11.457466828511716,-2.0285189695914205,10.52890327104844,-2.355452751904101,9.43204550717956,-2.6602909789084364,8.177131187593885,-2.937223171238677,6.776339030335458,-3.1763045475074394,5.246404998084927,-3.395349258940938,3.6035115223673615,-3.6174867615471293,1.8498426039587923,-3.74843563015311,-7.153242248315093e-05
249,4,-1.2337706552430554,2.3475396450972226,-1.2243132118346898,2.3435733172420625,1,-1.2289232164209714,2.3923301219427033,5.091147210680626,5.020553313402929,9.26328835802014,9.392183313033089,-4.30534949990522e-06,2.3259931652889278e-05,0.3674749820327457,0.10888750019710125,0.5504563260355682,0.3373992501685739,0.8092854827957423,0.6747101675074307,1.0466536315712902,1.1425218809944375,1.1862663201856416,1.704354507064651,1.2617357580271904,2.31831070607338,1.2912283444821453,2.9585900872588233,1.2675341018458217,3.600581872872846,1.1938693473959607,4.21771693063815,1.0845710458584288,4.788585883983107,0.9442049002574046,5.297182708941792,0.7686727182098009,5.726816141471148,0.5691633622190975,6.061787100034131,0.36446519651137776,6.295291579625786,0.1519572861747819,6.42495881529065,-0.07359932734629944,6.444944668635787,-0.30079902339358877,6.3511042171433925,-0.5194795863891153,6.145648154856345,-0.7302638685710584,5.832909486518321,-0.9290398162099,5.41727876397248,-1.0978433136914343,4.908922883014919,-1.2289232164209714,4.325903622128673,-1.3342683820986494,3.68409036476234,-1.4012913170492645,2.9978891727900554,-1.3990967057899324,2.294511709006861,-1.3172508448608322,1.6120926256142607,-1.1510588081017907,0.9912235967206998,-0.8834408576746048,0.47792994481749107,-0.49668952233020486,0.1277729368597758,0.0006422957504814153,1.587095470291591e-05,0.54522366324691,0.13651460405812343,1.043206122572999,0.5371574603335735,1.4482959887765225,1.1637967104164113,1.7781346760910985,1.9729961241796816,2.0457260277391063,2.9317424144531343,2.238804689799217,4.006228636472801,2.3522101733856653,5.157190500597936,2.3923301219427033,6.346257730473351,2.362811829863743,7.5379246797927255,2.2655900340378476,8.697764321028291,2.1045669370102886,9.792898351080328,1.8831961128217534,10.79222719529567,1.611664991812994,11.667692634961739,1.3044054962664677,12.398030455881415,0.964112400134503,12.966611117835221,0.5917016930572101,13.356674107689969,0.20223541164074058,13.555492413359486,-0.19118827179695028,13.558334397226853,-0.5867403190712579,13.363926047699978,-0.9803591126572057,12.971866801859017,-1.3617480766339218,12.385643768377987,-1.725559930487889,11.613091368704607,-2.0722839045574126,10.662900146022588,-2.3993521637331696,9.544082560807789,-2.7033068329906498,8.267398391411227,-2.978379749435182,6.845522377350714,-3.214659291614859,5.29567469626577,-3.430261073006342,3.6344474427351883,-3.648580934461807,1.8642572454955422,-3.774729064063073,-7.203418937838962e-05
250,4,-1.1951764515625,2.346863701923611,-1.2083205950002966,2.3518972748035667,1,-1.165368777484158,2.321887713223214,5.083996827762967,5.023469873677451,8.973518751228253,9.3894789573435,-4.304714613610208e-06,2.260032427734198e-05,0.3556046918609147,0.10552635012796098,0.5306545394665788,0.32619519452350515,0.7778559670482126,0.6508425617566523,1.0032213981595217,1.099838254992749,1.1339156019082348,1.637596534932624,1.2029776852419727,2.2236890028859384,1.228260956307341,2.8334342568031756,1.2031319494516708,3.443459313295398,1.130883983504982,4.02863832369268,1.0253410677020325,4.568865119437336,0.8908845080522545,5.049230050134951,0.7235791993605855,5.454166476631484,0.5340504809295381,5.769036974590817,0.34011311475706363,5.987651008507287,0.13913966266740685,6.1079850012021,-0.07397951952879321,6.124643149957407,-0.2885029193874835,6.0337892699425195,-0.4948896420205282,5.837574994235681,-0.6938637117288524,5.540105320302276,-0.8816347444002256,5.1454767382069475,-1.0412291478282927,4.663221570289018,-1.165368777484158,4.110328559184982,-1.2655159327483774,3.5016626512260682,-1.3297204942198,2.8506760422357282,-1.328547175958675,2.1830056859567,-1.251925394386867,1.5347268245513646,-1.09514161610191,0.9443495097964785,-0.8415628341077753,0.45570895348475815,-0.4737985596464236,0.12194516886095409,0.0006136530968648738,1.5162414457927859e-05,0.5217408483717166,0.13056181500633138,1.0000574456669598,0.514322248763711,1.3910361820775585,1.1156404999128529,1.7112046838300758,1.8936371063508846,1.9726925635055668,2.817243462761694,2.16335619370029,3.8544542243871334,2.2778307187350433,4.967826437594044,2.321887713223214,6.120580295144552,2.2987136959073076,7.278518862921875,2.2098832267004025,8.408330446735679,2.0589063332226414,9.478060797850427,1.8488904334792509,10.457352176425978,1.5894949601244117,11.318680449246042,1.2945468563857652,12.041011651828718,0.9665241285935441,12.607733077745838,0.6061704118955151,13.0020346238292,0.22799813731126542,13.210954855705133,-0.15532784813676012,13.229255879547091,-0.5420821236833513,13.05503285300713,-0.9283494307205314,12.687206335966566,-1.3040844711889112,12.128476059276457,-1.6640202249250704,11.385797157925218,-2.0085708994921125,10.466988904030561,-2.33513491715143,9.38022295356361,-2.640201950621539,8.135434811925455,-2.917948357697256,6.744508120415812,-3.1584086947681165,5.223888186581601,-3.3792277526251024,3.589510493612774,-3.603399903374557,1.843406681135071,-3.736906669264597,-7.13124110782699e-05
251,4,-1.1812652573194444,2.367745879638889,-1.188906915627668,2.3639672819670903,1,-1.231040118781915,2.364013663644672,5.087265979219725,5.024155134038147,8.869071945713603,9.473025678902316,-4.383416956220041e-06,2.3560338291486625e-05,0.371941573840005,0.11024197483179235,0.5566903394823269,0.34142980238581633,0.8178274999123635,0.6824220494156864,1.0568043880505376,1.1549692844212038,1.1965291503023765,1.721959657908799,1.2711003789403352,2.340855198131563,1.2989693780512057,2.9854404557490093,1.2729676373697458,3.630752231662027,1.1964920894760258,4.249916269146989,1.0841633971885865,4.821343129823629,0.9407378630495284,5.3289699653444496,0.7622586370823518,5.756124199682155,0.560160246635462,6.08722003368388,0.35345440753075785,6.3156946557171985,0.1395853167261146,6.439488505466069,-0.08662230933084764,6.453093932749607,-0.31368016292340145,6.352743679082852,-0.5314261100617449,6.141048714619224,-0.7405401109954733,5.822725085771794,-0.9369947191237874,5.402512171255562,-1.103002085201212,4.890863192541096,-1.231040118781915,4.306018360300089,-1.3332429778108603,3.663931121520182,-1.397261626316017,2.979007688327346,-1.3926143529266561,2.2782894116254333,-1.3091989080031172,1.5995458263537887,-1.1425794651722037,0.9828634602569526,-0.8760022982865792,0.4736178158740636,-0.49207347497171594,0.12655292817192448,0.0006358505376414121,1.5712036684258392e-05,0.5394390419330646,0.13509212842942975,1.031620547481512,0.5313714784003349,1.4316318242916546,1.1509140463079217,1.7571496234996817,1.950671765523254,2.0212010832517504,2.8980029014401705,2.211796444071806,3.959556425956071,2.32394135932354,5.096647686710832,2.364013663644672,6.271518705485084,2.3356407455723307,7.4492643380737285,2.2407179427333856,8.596046953845333,2.0830459545703635,9.679541261963346,1.8659467568913481,10.669142986145797,1.5993670175040997,11.53720005046745,1.2974329987803421,12.262709556556247,0.9626639599400479,12.829178993704952,0.5958132673770533,13.219912002606021,0.2116328548488293,13.422125708047087,-0.1770356565644254,13.4308802589482,-0.5684745658802075,13.244605091538261,-0.9587330214129209,12.862553194511607,-1.3376468971790236,12.28780075323721,-1.6999153144609696,11.527723182628577,-2.0459989743876825,10.59055137459334,-2.373304994046228,9.48485281036819,-2.6783326032778794,8.22095749364988,-2.9552600019969906,6.811136758823721,-3.194111808467207,5.272232837953147,-3.4128004429590484,3.6205235915995333,-3.6345648089331584,1.8582189558491797,-3.764715492500822,-7.18430960474199e-05
252,4,-1.166479381375,2.372939086611111,-1.1832176991214856,2.3742490768849485,1,-1.1510003217131386,2.315161451293422,5.104667755706084,5.023484787229039,8.758057931952417,9.49380298588731,-4.29957718580743e-06,2.2428521263670113e-05,0.35258648500333745,0.10466412344412498,0.5257406465318692,0.3233653226100548,0.770224565839202,0.6449069540591131,0.9929075007524758,1.0893867002492785,1.1217557292846942,1.6214932698045792,1.1896015163935911,2.2011809391601345,1.2141740168011985,2.804037627848065,1.1889326576656887,3.4069649515884985,1.1171581122189298,3.9851408374415933,1.0125475052885617,4.518720690965231,0.8794443311157892,4.993008469462828,0.7139591612482401,5.392660788790312,0.5266096209220189,5.70325598114875,0.33501725091402407,5.9187303840515195,0.1365665529251625,6.03713769211405,-0.07381744168746514,6.0531861792096775,-0.28553481373995127,5.9631157184298464,-0.4891830527021091,5.769074041831928,-0.6855180685580766,5.475122114160819,-0.8708321476305578,5.085292207156566,-1.0283800813842259,4.608971918354489,-1.1510003217131386,4.062903277932409,-1.250053726589687,3.461712547449257,-1.3137348678965677,2.8186191737937936,-1.3129215999289305,2.158891915582507,-1.2376081380545971,1.5181370370996758,-1.0830488985015918,0.9344010008462593,-0.8326572867063943,0.45105115540094104,-0.4690322499915568,0.12074185938883598,0.0006078514776789932,1.5018756442924244e-05,0.5171391512302081,0.12938101163673404,0.9919651184854725,0.5099086309656002,1.3808818821905566,1.1066094640541526,1.7001376983722412,1.879259872560578,1.9616261243792752,2.7972964890845544,2.153128513138218,3.8291510063213106,2.2691241349023694,4.9377659212063945,2.315161451293422,6.086646696835013,2.294241803240061,7.241777608338654,2.207784378026533,8.369944687568223,2.0591593166179685,9.439216945223068,1.8513622221732071,10.419197242114985,1.59394732189337,11.282268564687996,1.3006613410628765,12.00725559831727,0.9739589737173655,12.57737868304762,0.614571596885084,12.975654551910447,0.23698662765415235,13.188938275893245,-0.14613044909685619,13.21180108788612,-0.5330304149842404,13.042154616478621,-0.9197763575987602,12.678747751366833,-1.2962993421606086,12.124119271338275,-1.6572989052971392,11.385077727144314,-2.0031544334022695,10.469313269976663,-2.331230161729487,9.384885490443148,-2.6379788457105096,8.141635597022137,-2.917534352191532,6.751372404306601,-3.1598770021028257,5.230490960372557,-3.3826317973952107,3.5948979886959536,-3.608806294634957,1.8465931856157483,-3.7441827272243278,-7.145126149830022e-05
253,4,-1.2183427885138889,2.3848110768402777,-1.2022045188896335,2.382889042194403,1,-1.2488629648725444,2.3436464908802863,5.105322981619363,5.017452588068025,9.14745420549426,9.541301186292891,-4.4133059024913665e-06,2.3804616351732633e-05,0.37600507989336074,0.11142300203421199,0.5631138057442815,0.3452129325885066,0.8276941715000773,0.6902374630952149,1.0700772750855359,1.1686075497642443,1.212140054621161,1.742861277100445,1.2882370923815025,2.3699712048145023,1.3169444546721547,3.023366024894308,1.2909454767907709,3.6777027495219006,1.2136454489316821,4.305680701198111,1.0998344722028062,4.885338154314434,0.9543416347006919,5.400308704975472,0.7732007145618666,5.833622517363065,0.56802748554628,6.169431218790658,0.3580983656951077,6.401037486102747,0.14087903307752075,6.526322509380709,-0.08880654834984178,6.539707791521348,-0.3192899224374127,6.437402441989733,-0.5402498891863259,6.222088958963009,-0.7523258510121352,5.898601752497957,-0.9514014568646493,5.47182240905381,-1.1194593898881238,4.952428845606148,-1.2488629648725444,4.358987403451876,-1.351847081905491,3.7077693057030356,-1.4159219473761682,3.0134922765676975,-1.4103086164339362,2.303639785610662,-1.3248732218437997,1.6165124390665804,-1.1552805234795596,0.9926980549751772,-0.8848646942252535,0.4780284770270507,-0.4964796147981811,0.12763042008943482,0.0006406512370726582,1.583142175183798e-05,0.5426834777342967,0.13597860917034718,1.0359506665646907,0.5342513277121513,1.4347699710283561,1.1557474489505182,1.757288058357136,1.956389293429727,2.016985007832204,2.9027487983717335,2.202336139314267,3.9609087769595703,2.308917047350648,5.09188028325872,2.3436464908802863,6.257884045306295,2.3106173956910365,7.424244568120196,2.2121151506033363,8.55756907503417,2.052224015472062,9.626145865614767,1.834449544873043,10.600101454584175,1.5687521900993677,11.452568234431142,1.2691059630226853,12.163286947686338,0.9379168076829396,12.71643537828495,0.5758095127637102,13.095937797192756,0.1971974419711347,13.28951579803379,-0.1854269658563726,13.292548802781901,-0.5705480097846353,13.103649682613229,-0.9544265857749591,12.722159177381261,-1.3271711507786792,12.151115997835287,-1.6836574318359547,11.397739622639282,-2.024412532991657,10.470049171849574,-2.346921750270267,9.376366919028706,-2.6477467818142992,8.12673938579245,-2.9211317071154608,6.733127345663641,-3.157190850785578,5.212015583918796,-3.3735700082036266,3.579353214916959,-3.5932040209693903,1.8372104826301403,-3.7224417132964605,-7.103637373417412e-05
254,4,-1.2403710418333334,2.3588435733125,-1.223528375423837,2.3591337591842816,1,-1.2202033918666157,2.3482129394136124,5.077253297320828,5.017724716019609,9.31284480029758,9.437408775434534,-4.295093966449339e-06,2.314868573993211e-05,0.36561962768113127,0.10834734589902481,0.5475710152922837,0.3356803132390344,0.8049571919421109,0.6712022337750609,1.0409654673607889,1.1364915900626429,1.1796751809887394,1.6952382360963596,1.2545058260123456,2.305732189452417,1.283514709408357,2.9422688640484616,1.2595209283244209,3.580320771664728,1.1857349939691035,4.193412578228905,1.0764463421181318,4.760211812674942,0.936234276114969,5.264777226750286,0.7610776840833823,5.6905088958977235,0.5621689996468426,6.021824643153272,0.35824217485735305,6.252017406049444,0.1467444178702432,6.378812956216127,-0.07746798965367087,6.396514267760504,-0.3030207058362742,6.301140262091384,-0.5198071525510075,6.095036716697535,-0.728442728109154,5.782660705681797,-0.9248641335748299,5.3685239536278,-1.0913174412064903,4.8628488058637265,-1.2202033918666157,4.28364678532388,-1.3234656798434041,3.6467195475773213,-1.3887201955967563,2.966384298703434,-1.3854991635999918,2.2695865101217274,-1.3035882107357732,1.5940246963024958,-1.1384394073812782,0.9797774282982921,-0.8732677736232635,0.47224786375100014,-0.49070179938912356,0.126208725794994,0.0006341777980257371,1.5670670889959998e-05,0.5380012048423043,0.13473564216934114,1.0286479915953013,0.5299173154704113,1.4269625207908059,1.1475584451438965,1.7505092570490988,1.9445020383971616,2.012291280463542,2.8879560663164616,2.200465619292284,3.9444513432986983,2.310247157738185,5.075279790528351,2.3482129394136124,6.242762058120217,2.3182088523475635,7.4121749158809225,2.222348022035889,8.54997427346642,2.064602973852573,9.624226242482061,1.8484187054256356,10.604792741617239,1.5837388737331708,11.464522041012685,1.284562334157041,12.18287364926015,0.9533175637302012,12.743758166754212,0.5906357278866378,13.130838542320829,0.21096232195509346,13.331583647480258,-0.17317644666688,13.341139212228363,-0.5602689334741734,13.15789187388952,-0.9465819663572108,12.78095126377272,-1.3222006899008718,12.213129578064478,-1.6819832357083726,11.461431987707824,-2.0264575945344654,10.533666251055413,-2.353085499672838,9.437947534083124,-2.6583830367677788,8.184133634262128,-2.936511994871353,6.784025787937141,-3.177443420763761,5.254009413113836,-3.3988788165219597,3.6099700523051665,-3.623905275517283,1.8538334504313914,-3.7579455081310504,-7.171390104711e-05
255,4,-1.2098679940243056,2.3525189608750003,-1.2322330611479257,2.351681548266681,1,-1.2513675868357863,2.3728228164209764,5.097056426211388,5.0278001477141645,9.083824498629086,9.412104870761,-4.2746396118696194e-06,2.338963263208328e-05,0.37022065777908486,0.10962418596246536,0.5556206713564337,0.34008079061665814,0.8181801815162209,0.6808506107555884,1.0597986971445403,1.154184479249484,1.2030336068367853,1.723527476089368,1.2814105618462608,2.346622490874482,1.313026603478448,2.9973089226979726,1.290372329008129,3.6505098955059005,1.2165532825950163,4.279073309936611,1.1060355065880731,4.861020912661169,0.9634506330530318,5.379837861660554,0.7846848170039078,5.8183258367744735,0.5811794641057748,6.16032598418019,0.37212434062791966,6.398759847391242,0.15498810878582306,6.531111717411779,-0.07541476185396419,6.551405491522599,-0.30737734118055765,6.455455971964875,-0.5304716097069007,6.245590186688472,-0.7452334368296084,5.9263415415938185,-0.9474141012048074,5.502345356367544,-1.1187480381130106,4.984127460119609,-1.2513675868357863,4.390233199039166,-1.357437603772683,3.7369837461440265,-1.424237894707628,3.0392061384525597,-1.4205669362312898,2.324670196740924,-1.3360268733344633,1.6321429715256408,-1.1661008336441177,1.0027787848984975,-0.8938434906980522,0.48309001003179713,-0.5018352107266701,0.12903089091309838,0.0006479082969765949,1.601050586777309e-05,0.5490580863185445,0.1375570985468953,1.0484897188853801,0.5405891519139489,1.452536053632788,1.169703339404078,1.7793843957048823,1.9803443891953987,2.042554100431097,2.9386602065178806,2.2302876600462764,4.010250151104574,2.338047974682982,5.155541516517032,2.3728228164209764,6.336167570425883,2.338773905748784,7.516904573720306,2.2382606964860376,8.663843543809945,2.075485532708224,9.744806055445215,1.8540781328011766,10.729512035418058,1.5842084368708687,11.590766664693112,1.2801020431909442,12.308107013047222,0.9442614518281209,12.865598266817369,0.577376643875964,13.247080235536433,0.19407413698726048,13.440260750149692,-0.19298811516829445,13.44061107843047,-0.5822733914241183,13.246878869611027,-0.9700070057186001,12.858547145020424,-1.346206933203787,12.278831863258127,-1.7057226631475533,11.515163252547106,-2.04911935039029,10.57576412214265,-2.373889356014136,9.469147203533263,-2.676593913709782,8.205550256140945,-2.9514558476585506,6.797126980276293,-3.1885332548899306,5.2605805645572055,-3.4056731635984527,3.6120544196335613,-3.6260363038005887,1.8536712706232292,-3.7551571756226165,-7.166069230857653e-05
256,4,-1.2271397701284723,2.3379878137291668,-1.2139077367799156,2.3410232928127006,1,-1.2220184078401544,2.377395304478136,5.083260782065291,5.01567525222638,9.213502929404005,9.353967749188906,-4.22436908094722e-06,2.2957059336850738e-05,0.3630245518091451,0.10753125233121848,0.5443186432962163,0.33339403748745133,0.8009752154222196,0.6671024543608413,1.0368880646618508,1.1303356888720228,1.1763806632979479,1.6872111481685075,1.2524619136120023,2.2963579380674384,1.2829489672753787,2.9322352117593553,1.2605365386485436,3.570398352785165,1.1882764725451933,4.184385148127012,1.080318497493551,4.752797913123172,0.9411636345571758,5.259576320716712,0.7667309816889681,5.687968748137313,0.5681750030114574,6.022214691030025,0.36425330708923936,6.255425373180227,0.15243912517219127,6.385160714425097,-0.07240015348990465,6.405564846993889,-0.29883413672322573,6.312513346732461,-0.5166831117445694,6.108243916534009,-0.7265203985153816,5.79713458764292,-0.9242305375655652,5.383638550996672,-1.0919526006653624,4.877959799456112,-1.2220184078401544,4.2981418831131055,-1.3263966443068884,3.6600254012768856,-1.3926322266240372,2.977970256998285,-1.3900982676811402,2.2790300608639154,-1.3085018591937458,1.601073691145289,-1.1432283403942152,0.9843799183884135,-0.8773348095815365,0.4746070649052152,-0.49322704297371894,0.1268810219454915,0.0006378058740021133,1.576001275998398e-05,0.5414169402019717,0.135560852314539,1.035948970668869,0.5334115774565839,1.4382777157224222,1.1557037808940949,1.7659330523161043,1.95932763921341,2.0318460767835473,2.9115306593678265,2.223868200494663,3.9787842667810676,2.3369200887914015,5.122159929318329,2.377395304478136,6.30364120302968,2.348963192367476,7.4880811085220795,2.253578899839065,8.64142468125409,2.095124387930487,9.731165571969283,1.8769992518867775,10.726558453874329,1.6092426675510916,11.599851680086195,1.3060654056576415,12.329990172684262,0.9699917740748402,12.900453029991414,0.6017455094193692,13.294504928304011,0.21608377671748313,13.499317871204886,-0.17417023163691522,13.509907135538132,-0.5673716248286009,13.324633087816913,-0.9596321104557191,12.942642787023386,-1.340808852866866,12.366886231266946,-1.7056237715080371,11.604603663611858,-2.054569963333247,10.663875449895528,-2.385050358839855,9.553110174217103,-2.693530354258526,8.282489726851628,-2.9741126398793636,6.8641619542501395,-3.216684351638869,5.314902840535434,-3.439216147191231,3.650957212927251,-3.6650902694629135,1.8744229603048137,-3.798722027057066,-7.249205120394607e-05
257,4,-1.2518079818680556,2.355050012409722,-1.2309028477216226,2.33255088475565,1,-1.1994833805737857,2.3580331653193807,5.072340227697286,5.012745342772376,9.398714627906786,9.422231259909948,-4.2931772833353045e-06,2.2878255756137314e-05,0.3607685340242294,0.10697217743836389,0.5395203387137525,0.3311083429239757,0.7922603477462333,0.66149884174241,1.0235846164422202,1.119221514227679,1.159043659015109,1.6684044526825044,1.2318525072246196,2.268033130402094,1.2599427995678816,2.892963333945682,1.236335367562515,3.5192692068778526,1.1642005946966958,4.121134039773916,1.0575308036962612,4.677786123044273,0.9207282231185675,5.1737138512617715,0.7497117008385594,5.592700939218761,0.5553430892712111,5.919462988533889,0.3559200737329289,6.147374447691564,0.14882614898271493,6.274112447779965,-0.07109851713981763,6.293935552595201,-0.2927287464901943,6.202747767559303,-0.5061439940166422,6.002656735234064,-0.7119605364324052,5.697839721886163,-0.9061636168555453,5.292527259073572,-1.0711961027333938,4.7965943667322115,-1.1994833805737857,4.227632215704236,-1.3027486969543045,3.6010873152363105,-1.3686832565046336,2.930975031433153,-1.3670559268751776,2.2438366688816993,-1.287610406607427,1.5769130280850048,-1.12566704582403,0.969882742369253,-0.8643828314175651,0.46779439671841605,-0.48623743439314465,0.12510824117145752,0.0006291570585904579,1.5545993558425347e-05,0.5343924397514991,0.1337744425364977,1.0231644289603674,0.526601339934673,1.4214810801072495,1.1414299223717839,1.7465090965301724,1.9359502489904368,2.0108971329496104,2.8780144725813877,2.2025050674018347,3.9346440999933203,2.3161583286601104,5.067450661332139,2.3580331653193807,6.2388718621048564,2.331626493509358,7.414113847079491,2.238750974789681,8.559399309082732,2.083142601535322,9.642426358850523,1.8680771500906481,10.632587163376888,1.6034368603711315,11.502199911700297,1.303276711550251,12.230195651717555,0.9700842178408069,12.799989740064676,0.6045723261700875,13.19477908582829,0.22140874748254336,13.401641686284494,-0.1666312662806573,13.415458292272222,-0.5578639592071403,13.234455127805607,-0.9483724913459712,12.857665746720585,-1.328018132566673,12.287930839346055,-1.6914961754024753,11.532384766657998,-2.0392455224491246,10.599024540872628,-2.368640298251754,9.496197228096559,-2.6761301610936976,8.234033025658723,-2.955823660542297,6.824632726943113,-3.1976460136702003,5.28471090372327,-3.4194629545356894,3.6304598396911194,-3.644527607624428,1.8640038551267055,-3.777783804800242,-7.209248126300781e-05
258,4,-1.244557821923611,2.353460989048611,-1.2393264078889619,2.3507807756195884,1,-1.1947137078152246,2.3253087614561916,5.068928627307478,5.016850722690045,9.344279614461012,9.415873795946595,-4.243575997515221e-06,2.276877593912851e-05,0.3594132013500257,0.1065294435117189,0.5380287059392873,0.3299456294081567,0.7906965541561486,0.6595655590820666,1.0222826078667724,1.1165552305340105,1.1582246758200696,1.665207142335397,1.2313726515225771,2.26452261243843,1.259455671638603,2.8892278683173145,1.2354098149399548,3.5151992705394774,1.1624022382874046,4.11640012627875,1.0545069833481766,4.671858679944576,0.9162779290049102,5.165922278301242,0.7438405890108222,5.582324105730479,0.5482643103773076,5.905836285788576,0.3479971546194047,6.129979370232919,0.14056980915472325,6.252647901633512,-0.07904233224634717,6.268392574644601,-0.2996925528100943,6.173451139557356,-0.5115182641399937,5.9702513867703395,-0.7151922542981513,5.663261300946437,-0.9068185480445894,5.256963617893429,-1.069106494170566,4.761388880843709,-1.1947137078152246,4.194145775485256,-1.2954164380705333,3.570633412280344,-1.3591455060614221,2.904762713025989,-1.3560864534982453,2.2227898424341896,-1.2761978131514433,1.561504918719292,-1.1149231258879349,0.9600640393914671,-0.8556452208450792,0.4629074067622075,-0.4810845109375344,0.12376288568365167,0.0006221905557598702,1.5374092241055047e-05,0.528232528644194,0.13225357548771544,1.0108719945020448,0.5204470992811694,1.4037186220336082,1.1277318090660047,1.7239114170993952,1.912138583896602,1.9841110431323066,2.8418240979513194,2.1725062058378852,3.8842098381385464,2.2841631991856453,5.001465458233832,2.3253087614561916,6.156653490103449,2.29947527833189,7.315621434448107,2.2084851838083166,8.445249015201975,2.0560070984003507,9.513875621903669,1.845212004824325,10.491492279447561,1.5857387970639656,11.350934266158358,1.291309100181744,12.071495244386574,0.9642426377331161,12.636822186815806,0.6051038392178631,13.030279994622816,0.22820455335138923,13.238987033397704,-0.15398548078430518,13.257684631077751,-0.5399060033442054,13.084356898327073,-0.9257794095820674,12.717737691972031,-1.301660807080005,12.160279806297961,-1.6623383175149484,11.418652779751156,-2.0082483105205844,10.500371451147213,-2.336778888481551,9.413299762278514,-2.644376364161037,8.167079250822129,-2.925136210694019,6.773329571561707,-3.1689601436005113,5.248286912026358,-3.393451781269283,3.607730194291607,-3.6216512337907476,1.853518835371515,-3.7589370077784268,-7.173282094263539e-05
259,4,-1.213668133673611,2.3462199502916667,-1.2287686340755242,2.352465202622734,1,-1.218131997816052,2.3748676089277008,5.099803097746848,5.0194114010514745,9.11235637302784,9.386903395585504,-4.432891800559954e-06,2.344646343595196e-05,0.3693427485088835,0.10955582068107497,0.5518134724438551,0.3388981560760196,0.809675321649581,0.6766731427719814,1.0452306827198403,1.1442622704677143,1.1824621171505816,1.7047994425056272,1.2554756001679335,2.316236185564707,1.2826949138223538,2.9528053504797027,1.2571149714409013,3.5900386968617957,1.182116527479235,4.201605790292662,1.072096518043184,4.766392054063281,0.9316491446071218,5.268703469973259,0.7567259918304442,5.692182304347501,0.5584550787034441,6.021466969389674,0.3554525975521423,6.250024618578101,0.14504469790772284,6.375693212140411,-0.07802493571670259,6.392830708451919,-0.3025067844424939,6.297451478414735,-0.5184026821659481,6.09183680088508,-0.726401722290272,5.780333960897864,-0.9224927578641152,5.367313869961387,-1.0889443058703259,4.862838344758901,-1.218131997816052,4.284759186449756,-1.3219568668504542,3.6487369581158604,-1.387973191864101,2.9689718907788674,-1.3855945117887571,2.2723374263282587,-1.3044678583522729,1.596526640619832,-1.1399020797341972,0.981681975484918,-0.8749277615576413,0.4733511352489582,-0.4919436390907533,0.1265558823221423,0.0006362175731742483,1.5720718107671948e-05,0.5401109470540673,0.13523041053129464,1.0335258491130443,0.5321373366347076,1.4350428341976127,1.1530020296296581,1.7621807513679302,1.9548673432630832,2.027876226256443,2.9051262094891697,2.220034162911605,3.9704133606107566,2.3335837055759923,5.111982111452956,2.3748676089277008,6.291985846974283,2.347479800624271,7.475414999783866,2.253277066431614,8.628308936216687,2.096023237544855,9.718200813700907,1.878996916082549,10.714324569535696,1.6121227079353937,11.588848324042566,1.3095286102291785,12.320586189282162,0.9736993111312982,12.892856276185515,0.6053488421044623,13.288750153340576,0.2192653178954943,13.495271264489212,-0.17165618204422822,13.507292883496197,-0.5656819562425895,13.32307431587863,-0.9588228217546217,12.94170879818594,-1.3408258840279976,12.366145837347167,-1.7063148713728578,11.603678150325074,-2.0557057595514148,10.662482260709325,-2.3863409469414605,9.55109731447699,-2.6946476459296194,8.279860766921974,-2.9747154256167434,6.861088839477063,-3.216448845100097,5.3117252257334275,-3.4378538826821203,3.648167411111136,-3.6623266357364064,1.8726538523988419,-3.7944169154980614,-7.240989611381147e-05
260,4,-1.1984371824027777,2.3549377520833334,-1.204594564453066,2.353265371268729,1,-1.1877187709269055,2.3626461732486357,5.083999529195033,5.022183649885101,8.998000683833006,9.421782121780833,-4.253232016934597e-06,2.2719748027647054e-05,0.358386228647892,0.10625345634444784,0.5360949428139478,0.32894220842521144,0.7873286817957129,0.6572601318676219,1.0172300110708419,1.112141666536507,1.1517248470701678,1.6578916880230723,1.2237632896773185,2.2536651808827783,1.2511603951576133,2.8743729099375206,1.2270304060618693,3.4961476045132405,1.15461494086841,4.093279423012728,1.04791937217098,4.6451208774592585,0.9114257650653552,5.136303033396619,0.7411947107570948,5.5508136488165505,0.5480848315568686,5.873615042781237,0.3502710767616655,6.0982860492092446,0.1451546874861601,6.222676889252914,-0.0724071761347669,6.241241306888719,-0.29145943765950993,6.150039427992854,-0.5022708812053425,5.951235369315991,-0.7055565813094352,5.648992649129399,-0.8974476147879159,5.24747433288343,-1.0606497532890962,4.756382217804729,-1.1877187709269055,4.193021829675212,-1.2903004319750135,3.5725523599099978,-1.3561959820904017,2.9087060406632506,-1.3553554659989988,2.227649367208804,-1.2774471837493848,1.5662190137511622,-1.1176178400622254,0.9637628947882246,-0.8588836136632725,0.4650766169867025,-0.4835334096285969,0.12444592793867329,0.0006261686035063128,1.547175465288158e-05,0.5322493139204341,0.13320402953393184,1.0198408974541913,0.5246204051246492,1.4179734438893505,1.137703632959591,1.7435972955612953,1.930591056500226,2.0091987012173913,2.8714787910232165,2.2025520368013,3.9276754904448854,2.3183600723562203,5.0610303551688425,2.3626461732486357,6.234147642584371,2.338763906918196,7.412325395869617,2.2483865273787833,8.56180813225137,2.0951111467364716,9.650245886440509,1.8820811273593092,10.646914913476985,1.6190554081649497,11.523953097984197,1.3199924328631847,12.260055590790573,0.9873024430689015,12.83835958049962,0.62162466552116,13.241745609498022,0.23758961419203228,13.456946025942882,-0.15202879176700596,13.478487941768211,-0.5455509193277231,13.304243362046446,-0.9390486168743765,12.93289149231795,-1.3223265431265019,12.366935722682479,-1.690014897485402,11.613205935118925,-2.042504160552464,10.67942224481926,-2.377096987592755,9.573683292945434,-2.6901515667362217,8.305912842036223,-2.9756489702323003,6.888056770927155,-3.223321085808178,5.336759280000865,-3.451086387210798,3.6681944563757107,-3.682383901550956,1.8843741477871858,-3.8210399543712543,-7.291794878111949e-05
261,4,-1.1913118080972223,2.350174223416667,-1.1995755645540853,2.3564925330874416,1,-1.2160072134302504,2.3841878716711142,5.087195008915909,5.010485990145083,8.944502574949727,9.402723898611882,-4.343684190843055e-06,2.3236980886742814e-05,0.3666107763339911,0.10868525349987562,0.5484649938994576,0.3365007113965412,0.8055383930114824,0.6724053625532166,1.0407713041870796,1.1378120221290777,1.1783654560327943,1.6961899875929005,1.2520275857045042,2.3057349684855275,1.2799881675742328,2.9407624355153974,1.2552093219829152,3.576841061516687,1.18100916267683,4.187656848468872,1.071710132145438,4.752073758509919,0.9318895682262857,5.254352246432875,0.7575113963451069,5.678091091917783,0.5596812790362138,6.007883780689257,0.35699732176960125,6.237138804716944,0.14682070724375026,6.363640293674618,-0.07607481558335702,6.3817115788622925,-0.30043763746972146,6.28733942734448,-0.5162613000947371,6.082778949984899,-0.7242174249552272,5.77235849238735,-0.9202900894848811,5.360436340380781,-1.0867594974386934,4.857059462466904,-1.2160072134302504,4.280059346116378,-1.3199317863058706,3.645076421366187,-1.386106629043562,2.9662873771664247,-1.3839709128582003,2.270529195924047,-1.303172061850271,1.5954514829652402,-1.13899848254532,0.9811587027976937,-0.8744380536015105,0.47317570897045036,-0.4918027248614909,0.12653282042881211,0.0006362473554715397,1.5721273246101666e-05,0.5403343880596991,0.13526864379127956,1.0344040403457766,0.5324334611406748,1.436954914007804,1.1539817085092214,1.7654261177728574,1.9571254234393782,2.032667302926145,2.909387034325416,2.226446657179361,3.977475187202716,2.3415454529556095,5.122643183080044,2.3841878716711142,6.306977574267601,2.3578643026589945,7.495347208299453,2.2643450398840144,8.653621498325181,2.107337667056357,9.749128078873667,1.8900880896144945,10.75087297048668,1.6225390646155018,11.63079116700796,1.318880942390698,12.367486360495288,0.9816298490758147,12.944091890557898,0.6115297677105929,13.343525666451043,0.22346884456712535,13.55264989477654,-0.16956051032635155,13.566250590741516,-0.5657814707160506,13.382533985427006,-0.9611563169134459,13.000560309661491,-1.3453581752224113,12.4232780902322,-1.7129658826655425,11.658010961825175,-2.0643848593625718,10.712978479691467,-2.3969369005238867,9.596769581588205,-2.7070280062775245,8.319783113678552,-2.988717932122682,6.894407467821953,-3.231862710142585,5.337681146285598,-3.4545598205855086,3.66609274856416,-3.6803242083598606,1.8819004148439726,-3.8132356704318853,-7.276901950460071e-05
262,4,-1.1981742663472223,2.356471255423611,-1.1954444847088195,2.361503407162246,1,-1.1976292316813963,2.3545330441376375,5.090700171815478,5.019744827848175,8.99602668062081,9.427917457775314,-4.356647554468066e-06,2.3118494427847847e-05,0.3643151137065208,0.10805109651648359,0.5444079041516865,0.33429893211157424,0.7988240262240145,0.6675477165314967,1.0311262962383885,1.1288519667366328,1.1662593164320103,1.6817713774992253,1.2378564417448121,2.2847337006249155,1.264114034006126,2.9122315786261748,1.2381661562842767,3.540055409188649,1.1634144582078372,4.142186663769448,1.0541368687178843,4.697788307185751,0.9149442150175754,5.1914090446127625,0.7419268339390706,5.606983753250285,0.5461286188406771,5.929469107903325,0.34594350817726666,6.152554652436187,0.13875937511437986,6.27425389446647,-0.08059221030197235,6.2891598849907995,-0.301047823565041,6.193496183466224,-0.5128093421607703,5.989641774279069,-0.7166176956738508,5.681981924524585,-0.9086001066593182,5.2748910289832684,-1.0714046865167446,4.778301164219359,-1.1976292316813963,4.209758864308439,-1.2990534921379768,3.5846120046341308,-1.3635059017087172,2.9167377251404853,-1.3609721146032367,2.2324417623904638,-1.2812894201352678,1.5686476342144855,-1.1198062844400143,0.964692908191928,-0.8597393337965068,0.4652634567848472,-0.4835981047074605,0.12442981831236662,0.0006257677641056296,1.5462204116679798e-05,0.5315810817360441,0.13306388966946892,1.0180146040471845,0.5238700941107561,1.414804036302353,1.1357073079456346,1.739080336241134,1.9266709283797485,2.0034433216809027,2.864983649215139,2.195769357933585,3.9180355910008213,2.310800053157767,5.047794582492086,2.3545330441376375,6.216985202162484,2.330270869614703,7.391005434566051,2.2396232802463962,8.53617095642554,2.0861224591869925,9.620170027276762,1.8728640140874333,10.612288425360092,1.609583635436894,11.484655553719213,1.310252366861287,12.215954788887622,0.9773384662672511,12.789329160307656,0.611574738888405,13.187703753249531,0.22770023574951656,13.397906731768666,-0.16139489161197204,13.41461708251908,-0.5539044898712477,13.235919554515474,-0.9457844384685214,12.860768200129268,-1.3267642962632418,12.291989658701494,-1.6914293590149625,11.536765779858124,-2.040138980529199,10.603188048442414,-2.3702066613275843,9.499732818308441,-2.6780449077605413,8.236684389881,-2.957748141012679,6.826310117127551,-3.199252124884771,5.285492747138169,-3.4204683537571827,3.630578043724799,-3.644681204070004,1.8638220461854165,-3.776881899084136,-7.207527034632744e-05
263,4,-1.1790215091111111,2.3416968799791666,-1.1960693008849705,2.3596251882608317,1,-1.205201107973566,2.36306270545837,5.0829998852258385,5.021582857267126,8.852225632690793,9.368807213226471,-4.353092729529151e-06,2.3189759494880945e-05,0.36563700920854386,0.10842187464013267,0.5466496560487977,0.3355518958964407,0.8024057947538163,0.6702401491807284,1.0360903519489908,1.1336924021236274,1.1722499485341769,1.6893653608093522,1.2445847506779175,2.295517248629667,1.2713347125273318,2.926513693519222,1.2455751455934954,3.558008519329633,1.1707014164420795,4.163825596066114,1.0610483026687827,4.7229864514501285,0.9212407891739954,5.2199199190045675,0.7473375118647778,5.638432690077774,0.5504349477470052,5.963353766591548,0.34903308189726506,6.1882921315108605,0.14051309966560938,6.3112083420488645,-0.08031439518894053,6.32662695105277,-0.3023039470210563,6.230718829010221,-0.5155745751616383,6.025857338086279,-0.7208458495763854,5.716446845772513,-0.9141944497141207,5.306893912618193,-1.0781350642734333,4.807210496872346,-1.205201107973566,4.2350816039709605,-1.3072355893434482,3.605986837801051,-1.371990272440925,2.9339290195686725,-1.3692840014250656,2.2454125238690827,-1.2889295329570227,1.577610461751859,-1.1262978529681003,0.9701025507471447,-0.8645703570963605,0.4678200768634508,-0.48622839738897183,0.1250991798513418,0.0006290586554595282,1.5543606052559348e-05,0.5342910095432676,0.13374955192943844,1.023037042642056,0.526512664502197,1.4215433312099335,1.141314004950079,1.7470505357584152,1.935972299407071,2.012233794326603,2.8784929974712226,2.204922018394107,3.9360506936500776,2.3198486119961697,5.070378484365391,2.36306270545837,6.243979852383677,2.3379117961787133,7.422057359482867,2.246050425342877,8.570752225390462,2.091071370566247,9.65760506413018,1.8761345516000778,10.651785036483673,1.611070264849695,11.525343407107506,1.3099563804317416,12.256938648421533,0.9753167248457318,12.829730557070912,0.6079321112353144,13.226682981509338,0.22263161637913007,13.434698179034234,-0.1676285737518799,13.448571507124932,-0.5610238005699144,13.266523848248616,-0.9534923371732766,12.887652769027703,-1.3347425622210882,12.314939279323626,-1.6993652058119564,11.555724337249528,-2.0477449533414216,10.618249689299315,-2.37721930828644,9.511129355140143,-2.684229846122869,8.244772472918477,-2.962904086396376,6.831555261070391,-3.2032166788582006,5.288452140008025,-3.423138248634198,3.631875670878108,-3.645987648888617,1.8641227878467337,-3.7767773945146015,-7.207327656640925e-05
264,4,-1.1916667955659723,2.365257429611111,-1.1869823184371129,2.3546241249324247,1,-1.2027833312469294,2.341469501679539,5.109474145708379,5.017426902074224,8.94716786065136,9.463069732524572,-4.382567020768703e-06,2.320061185095525e-05,0.3655131929292579,0.10841555728050951,0.5461209511408531,0.3353878412206335,0.8013212406660768,0.6696789826012025,1.0343979368923424,1.1324347479332586,1.1700612605657612,1.6871314344242174,1.2420386806545236,2.2920941338240106,1.2685629891078427,2.921755536936895,1.2427136054549284,3.551836456593782,1.1678716816846597,4.15622630002024,1.058339252302686,4.713999372797874,0.9187218270127148,5.209622988443818,0.7450778666302731,5.626938316484927,0.5484862016320834,5.950805930585703,0.3474156837292921,6.174852099898401,0.13925681173631851,6.297047975357147,-0.08115609786207192,6.311939797766288,-0.30268551663639354,6.2157243560417665,-0.5154607661582112,6.010794300290325,-0.7201881879200414,5.701574329866688,-0.9129440462689175,5.292497026312361,-1.0762887633755884,4.793588832439913,-1.2027833312469294,4.222526386758341,-1.3042390762269351,3.5947847622201006,-1.3684544029351524,2.9243643150051493,-1.3653721976090727,2.237718597143182,-1.2848792877509745,1.5719179544380912,-1.1224160133819414,0.9664082177621676,-0.8613047722029407,0.46593505650240125,-0.4842145480775246,0.1245642852900514,0.0006261865799258636,1.5472862585563643e-05,0.5316095976369472,0.13309983263247385,1.01736052050164,0.5237788953355161,1.4128286235852117,1.1349824745531905,1.7352759338247579,1.9245198520401008,1.9974292902119606,2.8603905718492597,2.1873441345821054,3.909836744244048,2.2999656358362044,5.034776825361643,2.341469501679539,6.197981999516795,2.3153225824753374,7.364981604605312,2.2232818892840487,8.502301653445668,2.068990950142183,9.577905413590202,1.855625758860373,10.561401920924663,1.5929325614173742,11.425268837080715,1.2948258683952865,12.148523124197448,0.9637496778056853,12.714618059094231,0.6004094126391232,13.10678174017532,0.21941219734441486,13.312105941894218,-0.16649144563491902,13.32545885225755,-0.555565341877703,13.145063040492921,-0.9438473326706223,12.769976513218264,-1.3211921623925422,12.20307614686353,-1.6822726870134153,11.451537448175081,-2.0274860024453445,10.523416700202905,-2.354199367319746,9.427133783239713,-2.6588810160022387,8.172887371997732,-2.9356952219238672,6.772830895506058,-3.174677684105669,5.243685869054034,-3.393612641680533,3.601632047139831,-3.615606154214822,1.848866201353639,-3.7464217891528078,-7.149399183489429e-05
265,4,-1.2325183459375,2.38174383090625,-1.2110358569126765,2.374527591177273,1,-1.1867002337328107,2.3276470879490945,5.084084791212549,5.020277521167937,9.2538858793978,9.529029557083684,-4.158339162956925e-06,2.2386983717889274e-05,0.35355551479934605,0.10477479883472215,0.5295227759600437,0.3246082905645263,0.7785673803420355,0.649098779131227,1.0071830115781402,1.0992077545109489,1.1419926648751013,1.639958152273494,1.2153054786695296,2.2311559729626977,1.244549084746622,2.8480756091566093,1.222683598840222,3.4670977509755727,1.1526884861304463,4.062661485963772,1.0482757509064105,4.614120782844667,0.9137548833318552,5.105989383504625,0.7450823911685037,5.522073904228433,0.5529996923651541,5.847100034762293,0.35563993978291936,6.074364845134377,0.15047752217137092,6.201447414118742,-0.06753607049550071,6.2225752513785375,-0.28733764461514555,6.133631204756429,-0.49905058557698245,5.93666567586718,-0.7032303309412195,5.635806015330629,-0.8958576999452321,5.235257346526497,-1.0595202694542956,4.744831789829081,-1.1867002337328107,4.181992608794667,-1.2889904009733815,3.562087914504083,-1.3542132030013436,2.8990513550629515,-1.35248224656297,2.219204297408319,-1.2737002314750476,1.5594349825448774,-1.1133025757447867,0.9590146227029336,-0.8547104657785402,0.46248995436030427,-0.4806911056565019,0.123672018430364,0.0006218405785578629,1.5365317440183846e-05,0.5280709265585221,0.1322011090633189,1.0108583462640843,0.5203378857583829,1.404116256053437,1.1277099466865468,1.7248718042835363,1.9124521023673389,1.9856787745403675,2.8427702757227244,2.1745929741131245,3.8860764276851527,2.2865408592466756,5.004460111909227,2.3276470879490945,6.160842540915166,2.301374087030337,7.320887549236045,2.2095076146931545,8.451263774516894,2.055725312439875,9.520092687107866,1.8432468980646548,10.497161689882272,1.5818229682393143,11.3551413116598,1.2853352400821667,12.073231175531001,0.9562418020052003,12.635060518444366,0.5952543992493653,13.02404439400091,0.21688286746925403,13.227438869231534,-0.16623106009927138,13.240219089165858,-0.552407699788051,13.060674460108862,-0.9377632953798637,12.687899583337748,-1.312274092441644,12.124755966839011,-1.670702919406096,11.378347892282322,-2.013494206094143,10.456628157676253,-2.338072616834973,9.367888121127146,-2.640958367130478,8.122169013988962,-2.916369248481446,6.731442774268768,-3.1544046309131715,5.212216216771772,-3.3727336726359747,3.5804593689993807,-3.594320126262104,1.8382464094743602,-3.725446145836825,-7.109370748714884e-05
266,4,-1.25773900575,2.3747735635833336,-1.2363271861851448,2.377559593156245,1,-1.2145805478014016,2.3275591020627036,5.085176881781016,5.025132262916223,9.443245419949276,9.501142475996726,-4.067097645584015e-06,2.2507127044891368e-05,0.35679166551127584,0.10559041163660977,0.5361831093423287,0.3278523174338616,0.7903592212767235,0.6568839774846158,1.0247337285772686,1.1143485614648034,1.1643362413178135,1.6651223709383376,1.2413173207902433,2.268453833470437,1.27304257144344,2.899055912683434,1.2521546439409648,3.5326364965617816,1.181570590435435,4.142849718259164,1.0752387335818527,4.708320763709562,0.9376133357687247,5.212944186602197,0.7646763843880989,5.63993677986972,0.5675037136372166,5.973509749754879,0.3647256295346595,6.20668036726128,0.1539091449729652,6.336903771761338,-0.06996463032314881,6.3582856631243185,-0.29550174682572383,6.266680232908977,-0.5125363403375912,6.064282635224821,-0.7215571855779759,5.755448884435,-0.9184076367210445,5.344648596135664,-1.0853045726727302,4.842090788312682,-1.2145805478014016,4.265792695366389,-1.3180608731128645,3.631614043013575,-1.3833784258565638,2.953961571978845,-1.3801942805621998,2.2598267660398355,-1.298397348986357,1.5868942105116222,-1.1335781596083307,0.9751733355183352,-0.8692002493206005,0.4699016323515553,-0.48819510581619036,0.12554375638137732,0.0006306244580018676,1.5583116767399426e-05,0.5347358417578791,0.13393946088645906,1.021918499576867,0.5266190998789982,1.4169793279211478,1.1400705203143064,1.7375261891160934,1.9312626484628188,1.996602460751853,2.8675329910307297,2.182545150763178,3.9156027970417684,2.2906741985153034,5.037033504210376,2.3275591020627036,6.194435763716554,2.297026982120936,7.353366972502115,2.201164241125727,8.480553983541661,2.0438954497178092,9.544314076211565,1.828624568754232,10.51473800171052,1.5652248171273337,11.364877000149455,1.2676184882026906,12.07435247459028,0.938257442958282,12.627221265874073,0.5778323833008454,13.00732008329047,0.20077187398234866,13.202302610088863,-0.1803987441041654,13.207488931589033,-0.5640914111439713,13.021460655147997,-0.9465174812399139,12.643560208843278,-1.3177765848419625,12.07684152092723,-1.672734027994464,11.328542362181876,-2.0118990256119647,10.406708519289328,-2.332766236808707,9.319691902639885,-2.6319245308229533,8.077558442995572,-2.9036696579843375,6.692270522319421,-3.1382041416598474,5.180276575492866,-3.3531189673339825,3.557472056394534,-3.571240400845664,1.825934568569689,-3.699510785736289,-7.059877662028199e-05
267,4,-1.2203925260416666,2.380235627326389,-1.2391133852343827,2.3686538162071473,1,-1.20409112900303,2.3536929741187205,5.074082896085607,5.017657601290981,9.162843864583149,9.522995441951696,-4.053862569009014e-06,2.231400178027496e-05,0.35350502699520264,0.10464038693368233,0.531010604703358,0.32479850789879755,0.7826031478203631,0.6506205038559916,1.0146930543422819,1.1035938898057778,1.1531031072161742,1.6490073969941188,1.2296858174334484,2.2465966035025238,1.2616048415791536,2.8714069274430027,1.2414892868061236,3.4994388938812437,1.1721360637231732,4.1046122695975376,1.0673027708714653,4.665732521894335,0.9313528250418577,5.166799717640629,0.760250227658155,5.591115182428805,0.564970686452138,5.9229491297201475,0.3640294200761198,6.1553152377004325,0.15501786748007237,6.28564167212114,-0.06705225676245184,6.308029768317807,-0.29085253863036514,6.218319276859264,-0.5062791295756117,6.018654104447889,-0.7138358607169542,5.713321383574737,-0.9094163743817022,5.306709613491478,-1.0753654565651851,4.808900571162944,-1.20409112900303,4.237725614037774,-1.3073880336562904,3.6088530584030494,-1.3729711335909853,2.936492979648076,-1.3706423623785469,2.2473735802362746,-1.2902760689491843,1.578881191043242,-1.1273533956490391,0.9707637010908942,-0.865189568618063,0.46805968835165385,-0.4864327601511816,0.1251376956389847,0.0006291003331476301,1.5544820149331375e-05,0.5341315249054488,0.13372678694841741,1.022307578420577,0.5262841927185529,1.4198788753534128,1.140500964473906,1.744141758805039,1.934027840678308,2.0078297157373606,2.874729070435326,2.1988682326083064,3.92967633260613,2.312104307763735,5.060554048969192,2.3536929741187205,6.22987200657011,2.327089680863256,7.402892022723722,2.2340564587115868,8.545869119213528,2.0782805892478162,9.62650829662044,1.8630041879909331,10.6141875904464,1.5980991867011238,11.481199758355467,1.2976392587062866,12.206452406491904,0.9641584219713594,12.773353903125493,0.5984398322323822,13.165123574248224,0.21523454607631518,13.368900866319715,-0.1725984435155045,13.379670032888187,-0.5632928547793294,13.195802387558784,-0.9528601639995938,12.816515937163974,-1.3311195856501905,12.244864738954604,-1.6927488989200823,11.488210624486891,-2.038182127274164,10.554783788635465,-2.364815892560616,9.453160786952798,-2.669149595716485,8.19368266679459,-2.9453763425979957,6.788629111422146,-3.1835572327955055,5.254836224382527,-3.401565958387644,3.608571503258731,-3.6225765709046014,1.8520713136264486,-3.7522182720177217,-7.160460820029486e-05
268,4,-1.2192327760972224,2.381257628416667,-1.2144137990893666,2.3735226734803954,1,-1.2249489557031592,2.379841712928827,5.070883702299128,5.013752339402459,9.154136332017892,9.52708432777991,-3.772860789898972e-06,2.170277964391527e-05,0.3458973802067162,0.10216311842631319,0.5226022240356916,0.31826746255998334,0.7738712868265338,0.6397584760382246,1.0080409674767064,1.088753972009478,1.1511311366052703,1.6319349673695134,1.2335543600849248,2.2299724013939217,1.2716609980725226,2.8582594209939316,1.2575957738648504,3.4928486025088468,1.193636632794043,4.10746106657955,1.0931370294220795,4.680465035199724,0.9602090928489319,5.1952642936081626,0.7905853863375901,5.634446207522839,0.5951290552386014,5.981471134183505,0.3924710775559747,6.228548647313952,0.18026286979009382,6.372359213872071,-0.046468427340383575,6.406262289523103,-0.27614002675737737,6.325418373874096,-0.4982972622869697,6.13145695632367,-0.7132080946934001,5.828298023562938,-0.9164447066374292,5.420087572842371,-1.0897187819519605,4.916904657235852,-1.2249489557031592,4.336891269896137,-1.3339109449680924,3.696135418106923,-1.4038279954855803,3.009354173951671,-1.4035717198942987,2.3041803192894665,-1.322602259922947,1.6192603705924178,-1.1562486984775824,0.9957139558640347,-0.8875117422901827,0.48006800658463694,-0.49888219749680024,0.12832031847142644,0.0006448328587525716,1.5933940492711987e-05,0.5470194784665807,0.13699743821291155,1.0457181518917333,0.538770744834818,1.4502396228060963,1.1665751518586172,1.7783961876643861,1.9763675535530576,2.0434081479963613,2.9346325838756946,2.2332672573768195,4.0071748416852655,2.3431621610021964,5.154494734099691,2.379841712928827,6.3381678072926455,2.3472845538786045,7.522807620173308,2.2477157157147793,8.674262848773274,2.0852598352022973,9.760059703789949,1.8635193177057954,10.749596477373522,1.592711830753118,11.615360238493029,1.287178410068344,12.336613528952604,0.9495183370453539,12.897202843268017,0.5805226234814808,13.280794459618496,0.1949943109990272,13.47499225520066,-0.19424094399813965,13.475254751865137,-0.585543626568711,13.28038344587535,-0.9750410657048221,12.889962743766485,-1.352646540110221,12.307362422885662,-1.713152770603874,11.5402087035455,-2.057112977820197,10.596935707038496,-2.382013719022916,9.48627127610424,-2.6844271086052487,8.218667887854302,-2.9586010395958717,6.806483999934631,-3.1946353308556215,5.266612700208184,-3.4104811376518422,3.615350988073288,-3.6293669459191116,1.8549251785766694,-3.756813738213047,-7.169230557929003e-05
269,4,-1.2138779784444444,2.376709383409722,-1.214425999897367,2.373454130710543,1,-1.1967763018125488,2.3511581612460173,5.093233080666109,5.015009875364319,9.113931911086224,9.508887424930142,-3.7040390343298223e-06,2.129219264251719e-05,0.33930307107176566,0.10022179173349258,0.5125182297082981,0.3121804496859143,0.7587435919395784,0.6274251977833954,0.9880469668416966,1.0675785348322229,1.1279046400998216,1.5998932566893893,1.2081788518166723,2.1857472928911474,1.2449301161403092,2.8009714002938138,1.2304872273573055,3.422057270016881,1.1671207028068475,4.023227736600112,1.0679632998639883,4.583281300434709,0.9370944287492032,5.085975237545761,0.7703899931638046,5.514293381771024,0.5785562977086603,5.852105501684698,0.37989569025870856,6.091882073165394,0.1721446973383318,6.230494635783531,-0.04953501028284475,6.26157940926271,-0.2737918019849393,6.1805476015498515,-0.4904122247837469,5.989140989548445,-0.6996990374715539,5.691327571656071,-0.8973811390227351,5.291271659164014,-1.0656687386844153,4.79890201911267,-1.1967763018125488,4.231977142637091,-1.302310866743678,3.6061940866604556,-1.369888415730675,2.9358620611034927,-1.3692107126888262,2.24785451761156,-1.2900513297346596,1.5797563415621236,-1.1278468100884416,0.9715510653307176,-0.8659136432934446,0.4685229054986087,-0.4869477915076212,0.12527473636787465,0.0006298131169224705,1.5562428369545288e-05,0.5347101564563097,0.13387510267194705,1.0232599276890135,0.5268279139508318,1.4208697741760214,1.1415448822272123,1.7448456290331773,1.9355081275234685,2.007963659502869,2.876429632566328,2.1982084276689227,3.9312530231422427,2.310520133077592,5.061572989422646,2.3511581612460173,6.2298601874681285,2.3236765619116526,7.401388249115251,2.229926431781591,8.54247118568468,2.0736671548556345,9.620913511244204,1.8581929565229254,10.606224007611345,1.5933951867976934,11.470844819295332,1.293331245300661,12.193832946339,0.9605128680691972,12.758735395878674,0.5956890928017267,13.148897582710616,0.21353653811475123,13.351557972095527,-0.17316841076049116,13.36175843086131,-0.5627231050580539,13.177891504120748,-0.9512045802420719,12.799165166528764,-1.3285033686563688,12.228588435176587,-1.6893485885270974,11.473446507826438,-2.0342037906156434,10.541873447837903,-2.3604894455637666,9.44233661701871,-2.66471805463443,8.185058207898015,-2.941086209129981,6.782195391145388,-3.1796484612074414,5.250461626481714,-3.398235153877125,3.6060138141777816,-3.6199868401823956,1.851000828534334,-3.7505605579079337,-7.15729732113631e-05
270,4,-1.184731017798611,2.3772195660694444,-1.20982141907635,2.382089585551707,1,-1.1404289001127481,2.3685249920533766,5.076864761240779,5.02709070593283,8.89509326382643,9.510928595597164,-3.3384869208515403e-06,1.9521285153450174e-05,0.3118476452819247,0.09202611827846792,0.47237447458850534,0.28712583041388096,0.7012507623562388,0.5781047187549455,0.9160886868386658,0.9855597186549312,1.0498131997706734,1.4800554861980446,1.1295833759016238,2.026559261652284,1.1699160454476427,2.6032085156687077,1.1632720272709691,3.1885652987855018,1.1112183444059043,3.7588403185494816,1.025454956652596,4.2942287600985605,0.9092852888824033,4.779293062118994,0.7582896261033307,5.197606725128655,0.582013051242658,5.533299966412668,0.3974004647308069,5.778390330290999,0.20211027356195507,5.928929583230529,-0.008663883888206238,5.977799468925092,-0.22421757458108404,5.919484207785324,-0.4347090586035533,5.754502322493857,-0.6402551162243892,5.485570434286267,-0.8365172376934628,5.115692715244758,-1.0059341800249209,4.6535804710752835,-1.1404289001127481,4.1157518487442015,-1.2507907719080333,3.516985828779747,-1.3244987600789733,2.870940877555885,-1.331313960987407,2.2038039465803436,-1.2604528461524773,1.5525976714972785,-1.1066995727156033,0.9570749573220547,-0.8529096119661512,0.46256233749178416,-0.4812550228874825,0.1239397335703713,0.0006243916501883474,1.542700521012439e-05,0.5315215658419129,0.13295696415041067,1.0197699099939628,0.5241256104008095,1.4193912999012974,1.1375241824059177,1.7467633635657747,1.931556102584593,2.013971657290295,2.874441658879656,2.2084581702907045,3.9333341149479835,2.3246733711484686,5.069777493524489,2.3685249920533766,6.245978756845409,2.343353821174496,7.426808497097355,2.2509051338191095,8.57809825371266,2.094930619728175,9.667142710916536,1.8787832840772538,10.66295441997079,1.612493531928096,11.537527452068723,1.3103111061865307,12.269557804470368,0.9748749546451239,12.842314948968465,0.6070277483580697,13.238916328439313,0.22160427563721807,13.446435159818494,-0.16849199175547283,13.459825535849454,-0.5615279631925401,13.277430093953964,-0.9535567902379392,12.89841611077499,-1.3344122077754508,12.32577353531682,-1.6988025604657384,11.566790847663373,-2.0472127647005127,10.629602678599353,-2.377058044542005,9.522671142230225,-2.684828931461573,8.256221650463281,-2.9646677158786328,6.842430302849074,-3.2065208162107393,5.298075069339938,-3.428344741138131,3.6393867728708966,-3.6534766576717868,1.868474384044365,-3.786652507404861,-7.22617252634999e-05
271,4,-1.1892973068472221,2.3954397904375,-1.1953505544659802,2.3821357222951014,1,-1.1767747742814394,2.3873248786885566,5.068511227827067,5.0161691169275855,8.929377473783605,9.583825207855348,-3.234616185515064e-06,1.9621226211832575e-05,0.3149268250174784,0.09277525096305918,0.4791463645552587,0.2902805623733584,0.7137785788919563,0.5859931560784085,0.9354724028701914,1.0014284279679329,1.0753917767544805,1.5072063478751068,1.1603652383733138,2.067841906426663,1.2047188784400418,2.6609466091957135,1.2004249328082266,3.264370155771757,1.148849624738718,3.8534167414654035,1.0618746933773269,4.407384088621543,0.9428975155021652,4.910024701325735,0.7874467788444052,5.3440967701370115,0.6054269802354444,5.692971834133135,0.4143923463530731,5.948185494635608,0.21209355929205406,6.10549598154382,-0.006271164495368951,6.1574775987166825,-0.229570215412696,6.098417988596416,-0.4475681253240485,5.92886990997196,-0.6602866685379121,5.651700082376499,-0.8631829845649598,5.270115643776113,-1.0381302146600913,4.793229976507114,-1.1767747742814394,4.238213856430586,-1.2901864161552228,3.62046755625604,-1.3654843782905106,2.9542471613420886,-1.3716158455290817,2.26668415512352,-1.2976018432967809,1.596014701736515,-1.1382684524522038,0.9832088111995743,-0.8763001243056139,0.47484426988681433,-0.49384662273382873,0.12712433972295228,0.0006398002673166053,1.5808488838635026e-05,0.5437945329716987,0.1361018476410073,1.0414306717814676,0.5359099805242374,1.4466601191915511,1.1616890805850708,1.7765817276731732,1.9701017446746016,2.043905592677402,2.9280222847885855,2.2362799669632736,4.001440367743527,2.348582445951835,5.1508787305427886,2.3873248786885566,6.3377955953610945,2.3563454430087805,7.526593548871286,2.2578003353669063,8.682858859749876,2.09580313972548,9.773835859866482,1.8739872736887782,10.768646572098916,1.6026403883228542,11.63952680450481,1.2962015053724718,12.365531325949378,0.9573487848237118,12.930344778611614,0.5869351873397197,13.317504971791115,0.1998452282154465,13.514522882915916,-0.19102770691758206,13.516803803196167,-0.5840182095595352,13.323118978013161,-0.9752355177642816,12.933031766570377,-1.3545642681692251,12.349903050396467,-1.7167848592033952,11.581361631171017,-2.0624578732519634,10.635844407148994,-2.3890674741510325,9.522079936841925,-2.693176614698006,8.250524983197487,-2.969009730999917,6.8335489424925155,-3.2066185458612075,5.2880759004157145,-3.4240110792653087,3.6304380317852623,-3.644506909557254,1.8628449614058264,-3.773210893432085,-7.200521672731986e-05
272,4,-1.1899151330555555,2.3719473663472224,-1.1966324792424137,2.388046370007677,1,-1.1517440159115009,2.3644489824759725,5.056430599055294,5.027018343308117,8.934016182200452,9.489835249481605,-3.2690059406476036e-06,1.9519414876844753e-05,0.31264881108204556,0.0921740684547722,0.4747086834168481,0.28803209649340483,0.705954579625172,0.5807327827240765,0.9236476286468613,0.9912534126568247,1.0599083553546294,1.4901848259740784,1.1416396553287815,2.0422519931670005,1.1832372967475773,2.62527883513588,1.1769723861819075,3.217430547616706,1.1243779841763304,3.7944564686291256,1.0373034841848068,4.336125508349915,0.9191838700427509,4.826651754640528,0.7656872743382396,5.249309104479511,0.5865991986359829,5.588003954165769,0.3991650655022551,5.834678894491295,0.20113270498781133,5.9854115381607444,-0.012255790501008295,6.033130843211386,-0.23013647143887492,5.972422557240926,-0.4425582240085557,5.803981715570356,-0.6496410373390838,5.530725045667623,-0.8470331352613182,5.155853386543444,-1.0170893583033536,4.688301557943747,-1.1517440159115009,4.144838349454949,-1.2619230426129446,3.5404476215576026,-1.3350859791230671,2.8889549093626,-1.3408941755557386,2.216756676374204,-1.268607375026654,1.5611014295773453,-1.1130970095530184,0.961928058108978,-0.8572701044001227,0.46471556559332966,-0.4833970962531443,0.12446348195209074,0.0006267376598925844,1.5485315575472097e-05,0.5331591731900817,0.133397909268406,1.0221657145348209,0.5256147043874165,1.4216621444759492,1.1402122111203177,1.748268675836157,1.9352097585335155,2.0142821476914228,2.878563676594482,2.20731680563256,3.9372552188993586,2.3220134969150896,5.072747190232961,2.3644489824759725,6.247257333759102,2.3380861310032968,7.425739813460549,2.2447502258370977,8.57416012593265,2.0882318648691243,9.65997652567014,1.8718887020394455,10.652375741292344,1.60572022591283,11.5235197215034,1.303918669311581,12.25224898187231,0.9690766756796658,12.821950249321828,0.6019996971397051,13.215838726766277,0.2174691436363623,13.421062776048112,-0.17165278577738705,13.432626146522239,-0.5636417763855264,13.24890900163346,-0.9545530641659187,12.869114736341078,-1.3342291761971428,12.296266383384344,-1.697376045326284,11.537683108856045,-2.0444642553324752,10.601535214233614,-2.3729048975391316,9.496325732320562,-2.6791935212641738,8.232320323607127,-2.9574932183957063,6.821730042365226,-3.1977963857634664,5.281349562583471,-3.418029718784256,3.6274171436560714,-3.6414702036186863,1.8620830341624768,-3.7732063118379036,-7.200512819177081e-05
273,4,-1.2025288480451388,2.3759049077916665,-1.2022168382325755,2.3696854977707265,1,-1.1425737342776512,2.343629874199642,5.0662703982921755,5.024430971970063,9.028721368061248,9.505668828604655,-3.1158227259589337e-06,1.9026542528544957e-05,0.30560719027151506,0.09000692790130113,0.4652218227983909,0.28172759957629956,0.6932520675995058,0.5688984182806616,0.9087540249450635,0.9724317782044017,1.0448146997308145,1.4638000623900138,1.1274384954533974,2.0085142336239348,1.1705338983747962,2.584791201358219,1.1663215123083503,3.1710831416520184,1.116153518837654,3.7433810145252044,1.0315961640949678,4.281567509165424,0.9159732192075232,4.769864657816234,0.7649602618279358,5.191539597432109,0.5881846044231738,5.530461771028942,0.40269494550488766,5.77843138043301,0.20630099166517227,5.9313482848646295,-0.005674902296373411,5.982015176193194,-0.22244087979072788,5.924890146894072,-0.4340767924488197,5.760506061842688,-0.6406281721402897,5.491631967797354,-0.8377078411447634,5.121354811449761,-1.0077245810388447,4.658487683207707,-1.1425737342776512,4.1196644766291115,-1.2530257824502566,3.519792407355595,-1.326564633721302,2.872661810129908,-1.3329763244626356,2.204583849814916,-1.2615282923286426,1.5526870595120827,-1.1071012633201687,0.9567942749322293,-0.8527178757160612,0.4622372048860274,-0.48081458503024554,0.12379388683049702,0.0006233001236001061,1.5400477013653093e-05,0.5301124279562764,0.13264714474083916,1.0159928525147912,0.5225549738534546,1.412517796992765,1.133316464522635,1.7362571031284963,1.9230225658708402,1.9995023362682833,2.859671491893223,2.190049687927853,3.9103353189270487,2.3027050533818225,5.036662791000455,2.343629874199642,6.201117282868096,2.3163776732838053,7.368939849685361,2.2228620778050288,8.506430190956037,2.0669252029908844,9.581415260717403,1.8519559702927681,10.563471784399413,1.5878953877613344,11.425148655672134,1.2888033372620464,12.145619709153623,0.9572276019442053,12.708556511962067,0.5939325381042019,13.09744757231662,0.21350185753104473,13.299654733678423,-0.1713932750829828,13.310288008132723,-0.5591078095848467,13.127768638618686,-0.9457967740468517,12.75130235190527,-1.321460447240347,12.183846875555185,-1.6809020311590988,11.432587767835532,-2.0246198073853625,10.505534173497256,-2.3500725170359615,9.411011023831636,-2.653799767894803,8.159080519270752,-2.9300169754614807,6.761729793504701,-3.1687899106718964,5.2354921232095055,-3.387854726341212,3.5963620560446565,-3.61027079523718,1.846382660125175,-3.741903294513304,-7.140776377422597e-05
