day,phase,tiltx_11m_meas,tiltx_19m_meas,net_udl_AB,net_udl_BC,expected_slope_11m,expected_slope_19m,residual_11m,residual_19m,slope_0.0m,slope_0.5m,slope_1.0m,slope_1.5m,slope_2.0m,slope_2.5m,slope_3.0m,slope_3.5m,slope_4.0m,slope_4.5m,slope_5.0m,slope_5.5m,slope_6.0m,slope_6.5m,slope_7.0m,slope_7.5m,slope_8.0m,slope_8.5m,slope_9.0m,slope_9.5m,slope_10.0m,slope_10.5m,slope_11.0m,slope_11.5m,slope_12.0m,slope_12.5m,slope_13.0m,slope_13.5m,slope_14.0m,slope_14.5m,slope_15.0m,slope_15.5m,slope_16.0m,slope_16.5m,slope_17.0m,slope_17.5m,slope_18.0m,slope_18.5m,slope_19.0m,slope_19.5m,slope_20.0m,slope_20.5m,slope_21.0m,slope_21.5m,slope_22.0m,slope_22.5m,slope_23.0m,slope_23.5m,slope_24.0m,slope_24.5m,slope_25.0m,slope_25.5m,slope_26.0m,slope_26.5m,slope_27.0m,slope_27.5m,slope_28.0m,slope_28.5m,slope_29.0m,slope_29.5m,slope_30.0m
21,1,-0.21107119355319148,1.5170824494184398,1.584746177618813,6.069638268167834,-0.336914506791709,1.8050991750436354,0.1258433132385175,-0.28801672562519554,-0.0,0.06955755242093223,0.12472388709960089,0.16652694816045396,0.19599467972794202,0.21415502592651153,0.22203593088061063,0.22066533871468552,0.21107119355318277,0.19428143952055008,0.17132402074123365,0.14322688133968003,0.11101796544033297,0.07572521716764098,0.03837658064605442,1.9549746824245047e-14,-0.03837658064601826,-0.0757252171676103,-0.11101796544030781,-0.1432268813396625,-0.17132402074122713,-0.19428143952055246,-0.21107119355319165,-0.22066533871469896,-0.22203593088062928,-0.21415502592653388,-0.19599467972796586,-0.16652694816047695,-0.12472388709961803,-0.06955755242094155,-0.0,0.4066660242331452,0.743449141518591,1.0142864170365073,1.2231149159670396,1.3738717034903465,1.4704938447865843,1.5169184050359008,1.51708244941844,1.4749230431143594,1.3943772513038029,1.2793821391669153,1.1338747718838251,0.9617922146346929,0.7670715325996913,0.5536497909589645,0.32546405489264885,0.08645138958090536,-0.15945113979609943,-0.408306468058213,-0.6561775300252838,-0.8991272605171425,-1.1332185943536452,-1.354514466354654,-1.559077811340048,-1.7429715641296604,-1.9022586595433548,-2.0330020324009497,-2.131264617522281,-2.193109349727192,-2.2145991638355307
22,1,-0.2622841550555555,1.7076861817222222,1.9692588324210336,6.832217591453881,-0.336914506791709,1.8050991750436354,0.07463035173615346,-0.09741299332141318,-0.0,0.08643455109784594,0.15498609162372215,0.20693197947562672,0.24354957255156087,0.26611622874952195,0.27590930596750846,0.2742061621035174,0.2622841550555446,0.24142064272158928,0.2128929829996475,0.17797853378771625,0.13795465298378848,0.09409869848586375,0.04768802819194348,2.428917561701431e-14,-0.0476880281918986,-0.0940986984858257,-0.13795465298375725,-0.17797853378769435,-0.2128929829996395,-0.2414206427215923,-0.26228415505555586,-0.27420616210353366,-0.27590930596753166,-0.26611622874954954,-0.24354957255159038,-0.2069319794756547,-0.15498609162374338,-0.08643455109785782,-0.0,0.4577588715926873,0.8368548632747206,1.1417196865903798,1.37678505308392,1.546482674299612,1.6552442617817218,1.7075015270745078,1.7076861817222222,1.6602299372691343,1.5695645052594964,1.4401215972375632,1.27633292474757,1.0826301993337892,0.8634451325405057,0.6232094359119732,0.36635482099243616,0.09731299932616708,-0.1794843175425556,-0.459605418069469,-0.7386185907103116,-1.0120921239208016,-1.2755943061566857,-1.5246934258737177,-1.7549577715276707,-1.9619556315742652,-2.141255294469257,-2.2884250486683517,-2.399033182627271,-2.4686479848017497,-2.492837743647524
23,1,-0.3068887537291667,1.751308311201389,2.3041551584533826,7.006743733080014,-0.336914506791709,1.8050991750436354,0.030025753062542293,-0.053790863842246406,-0.0,0.10113379384255727,0.18134335447630795,0.24212326998759576,0.28496812846276715,0.31137251798816545,0.3228310266501346,0.3208382425350172,0.30688875372915414,0.28247714831889054,0.24909801439056742,0.20824594003052696,0.16141551332510728,0.11010132236065356,0.05579795522351331,2.8417043114656915e-14,-0.055797955223460774,-0.11010132236060906,-0.16141551332507076,-0.20824594003050126,-0.24909801439055787,-0.2824771483188938,-0.30688875372916713,-0.32083824253503607,-0.32283102665016145,-0.3113725179881973,-0.2849681284628014,-0.2421232699876283,-0.18134335447633299,-0.10113379384257137,-0.0,0.46945213056531354,0.8582319708438783,1.170884438598346,1.4119544515913431,1.5859869275855119,1.6975267843434902,1.7511189396279079,1.751308311201389,1.7026398168265737,1.6096583742660862,1.476908901282552,1.3089363156385778,1.1102855350968075,0.8855014774198983,0.6391290603704749,0.3757132017111533,0.09979881920457763,-0.1840691693866017,-0.47134584629975035,-0.757486293772235,-1.0379455940414022,-1.308178829344627,-1.5636410819192923,-1.7997874340028002,-2.0120729678324993,-2.1959527656457754,-2.346881909679959,-2.460315482172403,-2.531708565360469,-2.5565162414815212
24,1,-0.31041459513888886,1.7611046540972222,2.3306275709265667,7.045937553924383,-0.336914506791709,1.8050991750436354,0.02649991165282012,-0.04399452094641321,-0.0,0.10229571885257915,0.18342680621841623,0.24490502148942148,0.2882421240575088,0.31494987331458746,0.3265400286525692,0.3245243494633626,0.3104145951388761,0.2857225250710209,0.25195989865170554,0.21063847527283852,0.16327001432632504,0.11136627520407687,0.05643901729800854,2.874333696304532e-14,-0.05643901729795539,-0.11136627520403182,-0.16327001432628796,-0.21063847527281263,-0.25195989865169577,-0.2857225250710244,-0.3104145951388891,-0.32452434946338193,-0.3265400286525963,-0.31494987331461977,-0.2882421240575433,-0.24490502148945442,-0.18342680621844148,-0.10229571885259346,-0.0,0.47207811824251605,0.8630326873235402,1.1774340480409209,1.4198525411924816,1.594858507576061,1.7070222879894943,1.7609142232306076,1.7611046540972222,1.7121639213871747,1.6186623658982864,1.4851703284283793,1.316258149775257,1.1164961707367598,0.8904547321107422,0.6427041746950256,0.37781483928742277,0.1003570666857745,-0.1850988023120718,-0.47398242690828496,-0.761723466305035,-1.043751579704471,-1.315496426308772,-1.572387665320124,-1.8098549559407324,-2.0233279573727487,-2.2082363288183626,-2.360009729479707,-2.474077818558938,-2.54587025525822,-2.5708166987797227
25,1,-0.33575680108333333,1.7632573528541666,2.5208996934593193,7.0545502056362235,-0.336914506791709,1.8050991750436354,0.0011577057083756448,-0.04184182218946875,-0.0,0.11064712762972484,0.19840174609467742,0.2648990346209132,0.3117741724344906,0.3406623387614647,0.35319871282789184,0.35101847385982576,0.3357568010833197,0.3090488737244302,0.27252987100920995,0.22783497216371346,0.17659935641398952,0.12045820298609575,0.06104669110609175,3.108859443306774e-14,-0.06104669110603426,-0.12045820298604706,-0.1765993564139495,-0.2278349721636854,-0.2725298710091995,-0.3090488737244336,-0.3357568010833338,-0.3510184738598466,-0.35319871282792115,-0.3406623387614996,-0.31177417243452793,-0.26489903462094877,-0.19840174609470485,-0.1106471276297404,-0.0,0.47265516627651954,0.8640876214462122,1.1788732928953958,1.4215881080103638,1.5968079941774245,1.7091088787828819,1.7630666892130324,1.7632573528541666,1.7142567970925908,1.6206409493145957,1.486985736906473,1.3178670872544958,1.1178609277449743,0.891543185764232,0.6434897886985603,0.3782766639342414,0.10047973885758577,-0.18532505914508968,-0.47456180268748416,-0.762654564383298,-1.0450274168462113,-1.3171044326899324,-1.5743096845281788,-1.8120672449746855,-2.0258011866431356,-2.2109355821472474,-2.3628945041006864,-2.4771020251171367,-2.5489822178102957,-2.5739591547938607
26,1,-0.31424548188194446,1.7035439469861111,2.359390297951266,6.815645079867796,-0.336914506791709,1.8050991750436354,0.022669024909764524,-0.10155522805752426,-0.0,0.10355817016563149,0.18569051202113077,0.24792744187436458,0.291799376033203,0.3188367308055121,0.3305699224991599,0.3285293674220116,0.3142454818819316,0.2892486821867882,0.25506938464444556,0.21323800556276945,0.16528496124962083,0.11274066801286828,0.057135542160382684,2.9097860786687875e-14,-0.05713554216032888,-0.11274066801282269,-0.16528496124958342,-0.21323800556274322,-0.2550693846444358,-0.2892486821867916,-0.31424548188194484,-0.32852936742203087,-0.3305699224991875,-0.31883673080554487,-0.2917993760332379,-0.24792744187439797,-0.18569051202115633,-0.10355817016564596,-0.0,0.4566485126057908,0.8348249532591436,1.138950283760214,1.3734454659091317,1.5427314615060428,1.6512292323510884,1.7033597402444018,1.7035439469861111,1.65620281437636,1.5657573042152766,1.4366283783029898,1.2732369984396112,1.0800041264252875,0.8613507240601792,0.6216977531444149,0.36546617547811444,0.09707695286142523,-0.17904895290549902,-0.45849058002252047,-0.7368269666895022,-1.0096371511062876,-1.272500171472748,-1.520995065988762,-1.7507008728542277,-1.9571966302689903,-2.136061376432931,-2.282874149545879,-2.393213987807682,-2.4626599294181992,-2.486791012577292
27,1,-0.317198505993007,1.6764221308321678,2.381561933945939,6.707134422920118,-0.336914506791709,1.8050991750436354,0.019716000798702005,-0.12867704421146753,-0.0,0.10453132583859513,0.18743548081403108,0.2502572628451051,0.2945414698506178,0.3218328997493659,0.33367635046014743,0.33161661990175845,0.31719850599299393,0.2919668066526523,0.2574663197995289,0.21524184335241917,0.16683817523011502,0.11380011335141528,0.05767245563512158,2.9371144094021417e-14,-0.05767245563506726,-0.1138001133513693,-0.16683817523007718,-0.2152418433523926,-0.25746631979951895,-0.29196680665265573,-0.31719850599300714,-0.331616619901778,-0.3336763504601752,-0.3218328997493989,-0.2945414698506531,-0.2502572628451387,-0.18743548081405698,-0.10453132583860977,-0.0,0.44937829393736295,0.8215338556369916,1.1208172615630014,1.3515790881794834,1.518169911950543,1.6249403093402819,1.6762408568127942,1.6764221308321678,1.629834707862507,1.5408291643679004,1.4137560768124378,1.252966021660191,1.0628095753752667,0.8476373144217858,0.6117998152638374,0.3596476543655018,0.0955314081908867,-0.17619834679589416,-0.4511910341307425,-0.7250960773495612,-0.9935628999882333,-1.25224092558267,-1.4967795776687898,-1.7228282797825285,-1.9260364554597722,-2.102053528236441,-2.2465289216484043,-2.3551120592315504,-2.423452364521778,-2.4471992610549878
28,1,-0.35556019303472225,1.6840630794375,2.6695857797534304,6.737704807593547,-0.336914506791709,1.8050991750436354,-0.01864568624301327,-0.12103609560613537,-0.0,0.11717324543188638,0.21010375042958784,0.28052313930983186,0.33016303638934974,0.36075506598486856,0.3740308524131171,0.37172201999082183,0.35556019303470754,0.32727699586150377,0.2886040527879353,0.24127298813072856,0.18701542620660475,0.12756299133229376,0.06464730782452786,3.292127044428754e-14,-0.06464730782446701,-0.12756299133224222,-0.18701542620656236,-0.24127298813069875,-0.2886040527879242,-0.32727699586150744,-0.3555601930347223,-0.37172201999084376,-0.3740308524131481,-0.3607550659849054,-0.330163036389389,-0.2805231393098694,-0.2101037504296168,-0.11717324543190293,-0.0,0.45142651102133974,0.8252783170426321,1.1259258239793906,1.3577394377471037,1.5250895642612754,1.6323466094374053,1.6838809791909846,1.6840630794375002,1.6372633160924535,1.5478520950713315,1.4201998222896213,1.258676903662793,1.0676537451063512,0.8515007525358148,0.6145883318666707,0.36128688901439715,0.09596682989449976,-0.17700143957750977,-0.4532475134861352,-0.7284009859158814,-0.9980914509512339,-1.257948502676705,-1.5036017351768158,-1.730680742536105,-1.9348151188390603,-2.1116344581702036,-2.2567683546140067,-2.3658464022549595,-2.4344981951775626,-2.4583533274663196
29,1,-0.32000745111458334,1.7035169005208333,2.402651808739476,6.815536870679342,-0.336914506791709,1.8050991750436354,0.016907055677125638,-0.10158227452280211,-0.0,0.10545700093547819,0.18909531202223523,0.2524734111066084,0.2971497760349386,0.3246828846535624,0.3366312148088185,0.33455324434704264,0.32000745111457013,0.2945523129577398,0.25974630772288637,0.2171479132563462,0.1683156074044509,0.11480786801353955,0.0581831729299539,2.9631093821511645e-14,-0.058183172929899114,-0.11480786801349314,-0.16831560740441273,-0.2171479132563194,-0.25974630772287643,-0.29455231295774326,-0.3200074511145836,-0.33455324434706235,-0.3366312148088465,-0.32468288465359557,-0.29714977603497394,-0.25247341110664223,-0.18909531202226124,-0.10545700093549294,-0.0,0.4566412625855244,0.8348116990873617,1.1389322011158785,1.3734236602814163,1.5427069681943317,1.6512030164649778,1.7033326967036986,1.7035169005208333,1.656176519526737,1.565732445331749,1.4366055695462097,1.2732167837804416,1.0799869796448025,0.8613370487496645,0.6216878827053672,0.36546037312224167,0.09707541161064653,-0.17904611021905328,-0.4584833007565087,-0.7368152683913716,-1.0096211215132738,-1.2724799685118764,-1.520970917776846,-1.7506730776978696,-1.9571655566645811,-2.1360274630666507,-2.282837905293696,-2.3931759917353537,-2.4626208307812725,-2.4867515308211012
30,1,-0.3012205112847222,1.725286326451389,2.2615973588956404,6.9026333503431845,-0.336914506791709,1.8050991750436354,0.035693995506986764,-0.07981284859224647,-0.0,0.09926585030972912,0.17799393848640924,0.23765124753954395,0.27970476047864073,0.3056214603132019,0.3168683300527324,0.31491235270673457,0.3012205112847097,0.27725978879616314,0.24449716825059595,0.20439963265751065,0.15843416502640545,0.10806774836678575,0.05476736568815922,2.789248388868132e-14,-0.054767365688107646,-0.10806774836674204,-0.15843416502636956,-0.2043996326574854,-0.24449716825058662,-0.27725978879616636,-0.3012205112847225,-0.3149123527067532,-0.3168683300527589,-0.30562146031323334,-0.27970476047867415,-0.23765124753957603,-0.17799393848643374,-0.09926585030974294,-0.0,0.4624767304576961,0.8454798476943332,1.1534867383702705,1.3909747891458426,1.5624213866813987,1.6723039176372845,1.7250997686738374,1.725286326451389,1.677340977630287,1.585741108870864,1.4549641068334525,1.2894873581783677,1.0937882495659603,0.8723441676565956,0.6296324991106056,0.370130630588314,0.09831594875007266,-0.18133415974376074,-0.4643423082328442,-0.746231110056837,-1.0225231785553779,-1.2887411270681346,-1.5404075689347825,-1.7730451174950148,-1.9821763860884734,-2.163323988054835,-2.3120105367337254,-2.4237586454647873,-2.4940909275876764,-2.51852999644205
31,1,-0.3152620701944444,1.8036754719305554,2.3670229569386247,7.216257542219978,-0.336914506791709,1.8050991750436354,0.021652436597264568,-0.0014237031130799327,-0.0,0.10389318222315982,0.18629122329669884,0.24872949044559,0.29274335089481,0.3198681718693309,0.3316393205941273,0.3295921642941704,0.3152620701944314,0.29018440551988456,0.2558945374955008,0.21392783334625165,0.16581966029710463,0.11310538557303472,0.0573203763990191,2.9191939468672163e-14,-0.05732037639896514,-0.11310538557298902,-0.16581966029706702,-0.21392783334622528,-0.25589453749549085,-0.29018440551988806,-0.31526207019444463,-0.32959216429418986,-0.33163932059415485,-0.31986817186936384,-0.2927433508948449,-0.2487294904456234,-0.18629122329672454,-0.10389318222317435,-0.0,0.4834895647616365,0.8838945976198912,1.2058959172735637,1.4541743424214297,1.6334106917622793,1.748285783994899,1.803480437818067,1.8036754719305554,1.7535517050311529,1.657789955818632,1.5210710429917662,1.3480757852493095,1.1434850012900546,0.9119795098128078,0.6582401295163423,0.3869476790994213,0.10278297726083786,-0.18957315730060864,-0.4854399058861355,-0.7801364497969613,-1.068981970334283,-1.3472956487993282,-1.610396666493332,-1.8536042047175487,-2.0722374447731786,-2.2616155679614582,-2.417057755583571,-2.5338831889407194,-2.6074110493341163,-2.632960518064979
32,1,-0.3614348272569445,1.8178309342430556,2.71369319191069,7.272891600433818,-0.336914506791709,1.8050991750436354,-0.0245203204652355,0.012731759199420267,-0.0,0.11910920443693668,0.21357512519726427,0.28515799682931187,0.3356180538814125,0.36671553090189546,0.38021066243909074,0.3778636830413264,0.3614348272569295,0.3326843296342309,0.2933724247215575,0.24525934706723687,0.1901053312195923,0.12967061172695518,0.06571542313765975,3.3464929896172645e-14,-0.06571542313759784,-0.12967061172690278,-0.19010533121954917,-0.24525934706720662,-0.293372424721546,-0.33268432963423483,-0.3614348272569447,-0.3778636830413487,-0.38021066243912216,-0.36671553090193276,-0.33561805388145266,-0.28515799682935006,-0.21357512519729374,-0.11910920443695353,-0.0,0.4872840490904304,0.8908315088655926,1.2153599336531251,1.4655868777806418,1.6462298955757722,1.7620065413661412,1.8176343694793653,1.8178309342430556,1.7673137899848397,1.670800491032328,1.5330085917131326,1.3586556463548474,1.1524592092851023,0.9191368348315431,0.6634060773217813,0.38998449108341887,0.10358963044408766,-0.1910609502685743,-0.4892496967269456,-0.786259054603406,-1.077371469570314,-1.3578693873000582,-1.6230352534650354,-1.8681515137376614,-2.0885006137902975,-2.2793649992953426,-2.4360271159251394,-2.553769409352053,-2.627874325248458,-2.6536243092867324
33,1,-0.3573329055208333,1.8380143245000002,2.6828955037810895,7.3536425694611625,-0.336914506791709,1.8050991750436354,-0.02041839872912432,0.03291514945636487,-0.0,0.11775743477390022,0.21115126235319887,0.28192174039465323,0.33180912655502426,0.36255367849106895,0.3758956538595457,0.37357531031721064,0.35733290552081864,0.3289086971271287,0.2900429427928957,0.24247590017487552,0.18794782692981926,0.12819898071448646,0.06496961918563916,3.308532353458949e-14,-0.06496961918557798,-0.1281989807144346,-0.18794782692977666,-0.2424759001748456,-0.29004294279288445,-0.32890869712713267,-0.3573329055208336,-0.3735753103172325,-0.37589565385957674,-0.3625536784911058,-0.3318091265550637,-0.281921740394691,-0.21115126235322804,-0.11775743477391687,-0.0,0.4926943674778614,0.900722417672304,1.2288540839514255,1.4818592996832984,1.6645079982360125,1.781570112977651,1.8378155772762903,1.8380143245000002,1.7869362880168675,1.689351401194962,1.550029597402355,1.3737408100070985,1.1652549723772825,0.9293420178810122,0.6707718798863579,0.39431449176138084,0.1047397868741719,-0.19318230140717127,-0.49468183971456814,-0.7949888946799393,-1.0893335329351836,-1.3729458211122307,-1.6410558258430183,-1.888893613759504,-2.1116892514935888,-2.304672805677213,-2.4630743429422606,-2.5821239299206353,-2.657051633244254,-2.6830875195450345
34,1,-0.37359308836111116,1.8445832572222223,2.8049787789534526,7.379923965997721,-0.336914506791709,1.8050991750436354,-0.03667858156940218,0.0394840821785869,-0.0,0.12311590411899123,0.22075955221336213,0.29475039114201396,0.34690786776385213,0.3790514289377777,0.39300052152269366,0.39057459237750003,0.37359308836109595,0.3438754563323844,0.3032411431502645,0.25350959567363657,0.1965002607613953,0.1340325852724447,0.06792601606569121,3.4590098428838624e-14,-0.06792601606562723,-0.13403258527239054,-0.19650026076135071,-0.25350959567360537,-0.3032411431502528,-0.3438754563323883,-0.3735930883611114,-0.390574592377523,-0.3930005215227262,-0.3790514289378163,-0.3469078677638933,-0.2947503911420534,-0.22075955221339258,-0.12311590411900869,-0.0,0.4944552221727563,0.9039415356542578,1.2332459212158606,1.487155359628896,1.6704568316647113,1.787937318094649,1.8443837996900434,1.8445832572222223,1.7933226714625317,1.6953890231822988,1.5555692931528542,1.3786504621455073,1.1694195109316072,0.9326634202825169,0.6731691709695657,0.39572374376407254,0.10511411943738709,-0.19387272123913477,-0.49644979749415397,-0.797830128556333,-1.0932267336543118,-1.3778526320167626,-1.6469208428723638,-1.895644385449815,-2.1192362789777595,-2.3129095426848783,-2.4718771957997974,-2.5913522575511627,-2.6665477471676318,-2.6926766838778637
35,1,-0.3476100688958333,1.8014455048333333,2.6098953566852328,7.207335750503751,-0.336914506791709,1.8050991750436354,-0.010695562104124312,-0.0036536702103020513,-0.0,0.11455331815884372,0.20540594980206303,0.2742508011093454,0.3227807782603821,0.35268878743486026,0.36566773481246856,0.3634105265728929,0.3476100688958189,0.31995926796093543,0.28215102994792784,0.23587826103648193,0.18283386740627938,0.12471075523700986,0.06320183070836552,3.218553780659971e-14,-0.063201830708306,-0.12471075523695944,-0.18283386740623797,-0.2358782610364528,-0.2821510299479168,-0.3199592679609391,-0.3476100688958334,-0.3634105265729144,-0.3656677348124987,-0.35268878743489623,-0.3227807782604207,-0.27425080110938216,-0.20540594980209134,-0.11455331815885987,-0.0,0.48289180433408324,0.8828017980000156,1.204405012584753,1.4523764796752263,1.631391230858383,1.7461242977211644,1.8012507118505052,1.8014455048333333,1.7513837082565937,1.6557403537072144,1.5191904727721255,1.3464090970382365,1.1420712580924968,0.9108519875218679,0.6574263169132792,0.38646927785365026,0.10265590192992988,-0.18933877927092663,-0.4848397341619805,-0.7791719311562942,-1.067660338666909,-1.3456299251068964,-1.608405658889335,-1.851312508427324,-2.0696754421339065,-2.2588194284221643,-2.4140694357051244,-2.5307504323958327,-2.604187386907347,-2.6297052676527275
36,1,-0.3766330716597222,1.8558315328333335,2.8278033142744454,7.424926769982614,-0.336914506791709,1.8050991750436354,-0.03971856486801323,0.05073235778969809,-0.0,0.12411771679694253,0.222555905980723,0.2971488195237101,0.3497307093982764,0.3821358275767903,0.39619842603162203,0.39375275673513876,0.3766330716597067,0.34667362277769687,0.3057086620614751,0.2555724414834086,0.1980992130158598,0.13512322863119988,0.06847874030180257,3.487142924729382e-14,-0.06847874030173809,-0.1351232286311453,-0.19809921301581493,-0.2555724414833771,-0.3057086620614632,-0.34667362277770075,-0.37663307165972254,-0.39375275673516175,-0.39619842603165456,-0.3821358275768291,-0.349730709398318,-0.2971488195237499,-0.22255590598075367,-0.12411771679696014,-0.0,0.49747041196946296,0.9094537745242354,1.240766259462346,1.4962240385817984,1.680643283680612,1.7988401665568028,1.855630859008376,1.8558315328333337,1.8042583598296922,1.7057275117954531,1.5650551605286183,1.3870574778271694,1.1765506354891282,0.9383508053125306,0.6772741590953777,0.3981368686356612,0.10575510573140318,-0.195054957819368,-0.4994771502186408,-0.8026952996684052,-1.0998932343706291,-1.3862547825273115,-1.6569637723404589,-1.9072040320120989,-2.132159389744202,-2.3270136737387768,-2.486950712197777,-2.607154333323175,-2.6828083653169568,-2.7090966363811093
37,1,-0.36550779675,1.8942847326319443,2.7442735033545214,7.57877273472937,-0.336914506791709,1.8050991750436354,-0.028593289958291024,0.08918555758830893,-0.0,0.12045143301987526,0.21598187989770587,0.2883714110722093,0.3394000969821067,0.3708480080661153,0.38449521476295384,0.38212178751133874,0.36550779674998496,0.33643331291761164,0.2966784064529337,0.24802314779466766,0.1922476073815244,0.13113185565222382,0.0664559630454884,3.3841856914669065e-14,-0.06645596304542581,-0.13113185565217084,-0.19224760738148083,-0.24802314779463708,-0.2966784064529224,-0.33643331291761536,-0.3655077967500001,-0.3821217875113613,-0.3844952147629857,-0.37084800806615303,-0.339400096982147,-0.2883714110722478,-0.21598187989773568,-0.12045143301989233,-0.0,0.5077780982044057,0.9282978382663735,1.266475184024932,1.5272260993190847,1.7154665479878513,1.8361124938702469,1.894079900805278,1.8942847326319445,1.8416429531892642,1.7410705263162376,1.597483415851866,1.4157975856351315,1.200928999505055,0.9577936213006726,0.6913074148609858,0.40638634402498536,0.10794637263169356,-0.19909653547986103,-0.5098264164706671,-0.8193273065017146,-1.1226832417339712,-1.4149782583284363,-1.6912963924461168,-1.9467216802480412,-2.1763381578951795,-2.375229861548542,-2.5384808273690807,-2.661175091517767,-2.7383966901555894,-2.7652296594435337
38,1,-0.3598941982222222,1.8976205868680556,2.702125976447489,7.592119028819248,-0.336914506791709,1.8050991750436354,-0.022979691430513205,0.0925214118244202,-0.0,0.11860149714140326,0.21266475349492844,0.283942500545424,0.3341874697777422,0.36515239267673083,0.37859000072724014,0.376253025414117,0.3598941982222075,0.33126625063636167,0.2921219141414255,0.24421392022224667,0.1892950003636668,0.12911788605053687,0.0654353087677101,3.332235463022553e-14,-0.06543530876764847,-0.12911788605048466,-0.18929500036362387,-0.24421392022221652,-0.29212191414141425,-0.3312662506363654,-0.3598941982222224,-0.37625302541413913,-0.3785900007272714,-0.36515239267676813,-0.3341874697777819,-0.283942500545462,-0.21266475349495784,-0.11860149714142001,-0.0,0.5086723004807161,0.9299325799832913,1.2687054594079201,1.5299155596547729,1.7184875016240353,1.8393459062158892,1.8974153943305072,1.8976205868680558,1.844886104728719,1.7441365688126635,1.6002966000200576,1.418290819251049,1.2030438474058252,0.9594803053845891,0.692524814087508,0.40710199441473965,0.10813646726647212,-0.1994471464570993,-0.5107242258557969,-0.8207701500294443,-1.124660298077843,-1.4174700491008254,-1.694274782198233,-1.9501498764699272,-2.180170711015712,-2.3794126649354306,-2.5429511173288697,-2.665861447295834,-2.743219033936145,-2.7700992563496225
39,1,-0.3495693117986111,1.924501913298611,2.6246055719871686,7.699667519453066,-0.336914506791709,1.8050991750436354,-0.012654805006902137,0.1194027382549756,-0.0,0.11519897775180449,0.20656368424461344,0.2757965674254979,0.32460007524153284,0.35467665563978895,0.3677287565673384,0.3654588259712514,0.34956931179859657,0.32176266199644676,0.28374132451187084,0.23720774729193841,0.18386437828371463,0.12541366543427285,0.06355805669068894,3.2366853082128634e-14,-0.0635580566906291,-0.12541366543422217,-0.183864378283673,-0.23720774729190916,-0.28374132451186,-0.32176266199645065,-0.34956931179861134,-0.3654588259712729,-0.367728756567369,-0.3546766556398249,-0.3246000752415714,-0.2757965674255349,-0.20656368424464194,-0.11519897775182075,-0.0,0.5158780539648578,0.9431058251588177,1.2866776957098354,1.551588047745842,1.7428312633947844,1.8654017247846055,1.9242938140432384,1.924501913298611,1.871020404678668,1.7688436703113373,1.6229660923245472,1.4383820528462068,1.2200859340042647,0.9730721179266847,0.7023349867413949,0.412868922576314,0.10966830755939112,-0.20227247618141728,-0.5179590465181725,-0.8323970213229372,-1.1405920184677516,-1.4375496558246872,-1.718275551265825,-1.9777753226632657,-2.211054587889052,-2.413118964815267,-2.5789740713139357,-2.703625525257102,-2.782078944516825,-2.8093399469651645
40,1,-0.35505566158333335,1.9681505751180555,2.665797701069564,7.874299813324224,-0.336914506791709,1.8050991750436354,-0.01814115479162437,0.1630514000744201,-0.0,0.11700697938540601,0.20980561820831264,0.28012508365175576,0.3296945428987745,0.3602431631324044,0.3735001115356823,0.3711945552916428,0.3550556615833189,0.32681259759374826,0.2881945305059639,0.2409306275030004,0.18675005576788722,0.1273819824836624,0.06455557483336623,3.287457931732627e-14,-0.06455557483330546,-0.12738198248361088,-0.18675005576784495,-0.24093062750297067,-0.28819453050595284,-0.3268125975937519,-0.3550556615833336,-0.37119455529166445,-0.37350011153571333,-0.36024316313244104,-0.3296945428988137,-0.2801250836517933,-0.2098056182083416,-0.11700697938542254,-0.0,0.5275784251424523,0.9644959349518226,1.3158601866299922,1.5867788373788174,1.7823595444001723,1.9077099648959253,1.9679377560679352,1.9681505751180557,1.9134560792481574,1.808961925660094,1.6597757715557198,1.4710052741368687,1.2477580906054153,0.9951418781632504,0.7182642940122278,0.4222329953541911,0.11215563939101603,-0.20686011667541473,-0.5297066156432367,-0.8512762003105865,-1.1664612134755779,-1.470153997936357,-1.7572468964910788,-2.022632251937919,-2.2612024070749954,-2.467849704700464,-2.637466487612423,-2.764945098608991,-2.845177880488301,-2.873057176048486
41,1,-0.3853655117847222,1.9440109249999997,2.893367453446717,7.777720392612515,-0.336914506791709,1.8050991750436354,-0.04845100499301325,0.13891174995636435,-0.0,0.12699545274722635,0.22771598423640438,0.3040383745573945,0.3578394038000613,0.3909958520542651,0.40538449940986804,0.402882125956729,0.38536551178470657,0.35471143698366275,0.3127966816434558,0.26149802585394494,0.20269224970498398,0.13825613328643604,0.07006645668816702,3.5679560176368273e-14,-0.07006645668810105,-0.1382561332863802,-0.20269224970493802,-0.26149802585391263,-0.31279668164344376,-0.35471143698366686,-0.3853655117847226,-0.40288212595675266,-0.4053844994099014,-0.3909958520543048,-0.3578394038001038,-0.30403837455743515,-0.22771598423643583,-0.1269954527472444,-0.0,0.5211075998134455,0.9526662534709597,1.2997209720235983,1.5673167665223933,1.7604986480183922,1.8843116275626377,1.9438007162061646,1.944010925,1.8899872649951897,1.7867747472427622,1.6394183827937459,1.4529631826991498,1.232454158010024,0.982936319777432,0.7094546790524032,0.41705424688595594,0.11078003432914035,-0.20432294756698657,-0.5232096877513858,-0.8408351751730191,-1.152154398780826,-1.4521223475237783,-1.7356940103508558,-1.9978243762110597,-2.233468434053332,-2.437581172826655,-2.6051175814799534,-2.73103264896217,-2.810281364222263,-2.837818716209193
42,1,-0.3641708671319444,1.900765518375,2.734235685941862,7.604701467323255,-0.336914506791709,1.8050991750436354,-0.02725636034023543,0.0956663433313647,-0.0,0.12001085394119795,0.21519187603249135,0.28731662569173044,0.3381586623367695,0.36949154538545836,0.3830888342556489,0.3807240883651898,0.3641708671319294,0.3352027299737194,0.295593236308408,0.2471159455538441,0.1915444171278717,0.1306522104483434,0.06621288493311453,3.37181327140011e-14,-0.06621288493305216,-0.13065221044829062,-0.19154441712782824,-0.24711594555381364,-0.29559323630839673,-0.33520272997372336,-0.36417086713194463,-0.3807240883652123,-0.3830888342556806,-0.3694915453854961,-0.3381586623368098,-0.2873166256917689,-0.21519187603252105,-0.12001085394121493,-0.0,0.5095153244000191,0.9314737596534329,1.270808088247392,1.532451092669022,1.7213355554054648,1.8423942589438576,1.9005599857713282,1.900765518375,1.8479436392420123,1.7470271308594878,1.6029487757145493,1.4206413562943017,1.2050376550858877,0.9610704545764657,0.693672537253159,0.40777668560308095,0.10831568211337536,-0.1997776907288066,-0.5115706504363315,-0.8221304145220674,-1.1265242004988596,-1.4198192258795856,-1.69708270817713,-1.9533818649043995,-2.1837839135742416,-2.383356071699545,-2.547165556793139,-2.6702795863678745,-2.7477653779366147,-2.7746901490122253
43,1,-0.35311747524305553,1.8800700282430556,2.6512455807988546,7.521901657114197,-0.336914506791709,1.8050991750436354,-0.016202968451346556,0.0749708531994202,-0.0,0.1163682588869054,0.20866032627996675,0.2785959301430301,0.327894798439945,0.35827665913455753,0.37146124019071475,0.36916826957226123,0.3531174752430409,0.3250285851669015,0.2866213273076863,0.23961542962924026,0.18573062009540325,0.12668662667002353,0.06420317731695187,3.2695212690648347e-14,-0.06420317731689143,-0.1266866266699723,-0.18573062009536107,-0.23961542962921067,-0.28662132730767526,-0.32502858516690514,-0.35311747524305565,-0.36916826957228294,-0.37146124019074556,-0.35827665913459417,-0.32789479843998426,-0.2785959301430674,-0.20866032627999548,-0.11636825888692182,-0.0,0.503967733565559,0.9213318953283933,1.2569715597562798,1.5157658013169708,1.7025936944782343,1.822334313707834,1.8798667334735248,1.8800700282430556,1.8278232724841925,1.7280055406646844,1.5854959072522816,1.4051734467147148,1.1919172335197532,0.950606342135182,0.6861198470287505,0.40333682266819854,0.10713634352129661,-0.19760251594417808,-0.5060006812604657,-0.8131790779598076,-1.1142586315744234,-1.404360267636563,-1.6786049116784856,-1.9321134892324703,-2.1600069258307393,-2.3574061470055527,-2.5194320782891158,-2.641205645213652,-2.7178477733113993,-2.7444793881145957
44,1,-0.35507301486805554,1.9221036202083335,2.6659279914761784,7.690072278584904,-0.336914506791709,1.8050991750436354,-0.018158508076346558,0.1170044451646981,-0.0,0.11701269808150758,0.20981587242201205,0.2801387747172994,0.3297106566631592,0.36026076995537726,0.3735183662897405,0.3712126973620339,0.3550730148680408,0.3268285705035491,0.2882086159643421,0.24094240294620456,0.18675918314491632,0.12738820825626557,0.06455872997604298,3.287618525173912e-14,-0.06455872997598218,-0.12738820825621405,-0.18675918314487405,-0.24094240294617486,-0.28820861596433106,-0.32682857050355296,-0.3550730148680556,-0.3712126973620558,-0.3735183662897715,-0.36026076995541395,-0.32971065666319843,-0.28013877471733695,-0.209815872422041,-0.11701269808152412,-0.0,0.5152351724152473,0.9419305370657017,1.285074252135313,1.549654475808006,1.740659366267722,1.8630770816983981,1.9218957802839611,1.9221036202083335,1.8686887596554538,1.7666393568092438,1.6209435698536265,1.4365895569725045,1.2185654763498208,0.9718594861695329,0.7014597446155636,0.41235440987182526,0.10953164012226121,-0.20202040644917796,-0.5173135716585596,-0.8313596973219521,-1.139170625255402,-1.435758197274986,-1.7161342551967915,-1.9753106408369252,-2.2082991960114358,-2.4101117625364115,-2.5757601822278837,-2.700256296901902,-2.778611948374532,-2.805838978461839
45,1,-0.3685951586527778,1.8413191172638887,2.767453762545694,7.366864590871898,-0.336914506791709,1.8050991750436354,-0.03168065186106883,0.036219942220253376,-0.0,0.12146885910147248,0.21780623011298353,0.29080721932667347,0.3422669330346859,0.37398047752916086,0.38774295910223966,0.38534948404606095,0.36859515865276277,0.3392750892144867,0.2991843820233705,0.2501181433715529,0.19387147955116762,0.13223949685435712,0.06701730157326649,3.412757231691248e-14,-0.06701730157320336,-0.13223949685430367,-0.1938714795511236,-0.25011814337152205,-0.299184382023359,-0.3392750892144906,-0.3685951586527782,-0.3853494840460837,-0.3877429591022715,-0.3739804775291988,-0.34226693303472666,-0.29080721932671233,-0.21780623011301367,-0.12146885910148966,-0.0,0.4935802434793406,0.9023419376556454,1.2310635923488216,1.4845237173787516,1.6675008225653336,1.7847734177284615,1.84112001268802,1.8413191172638887,1.7901492412759636,1.6923888945441243,1.5528165868882513,1.376210828128206,1.1673501280838874,0.9310129965752104,0.671977943422055,0.3950234784442913,0.10492811146182011,-0.19352964770545183,-0.4955712892376345,-0.7964183033148391,-1.0912921801171551,-1.375414409824703,-1.6440064826176104,-1.892289888676026,-2.1154861181800415,-2.3088166613097876,-2.4675030082453393,-2.5867666491667904,-2.6618290742542485,-2.687911773687822
46,2,-0.4850443115070423,1.9766021841056338,3.641767053554961,7.908113538714206,-0.6384913551734249,2.216847065822949,0.15344704366638262,-0.24024488171731506,-0.0,0.15984414811026024,0.286617093163224,0.38268106394869744,0.4503982892564919,0.49213099787641446,0.5102414185982737,0.5070917802118753,0.48504431150702243,0.44646124127352504,0.3937047983011864,0.3291372113798116,0.2551207092991996,0.1740175208491603,0.08818987481950716,4.4904189246312515e-14,-0.08818987481942411,-0.17401752084908997,-0.2551207092991417,-0.329137211379771,-0.393704798301171,-0.44646124127353,-0.48504431150704264,-0.5070917802119047,-0.5102414185983155,-0.4921309978764641,-0.450398289256545,-0.3826810639487482,-0.28661709316326356,-0.15984414811028333,-0.0,0.5298439461935127,0.9686376620205621,1.3215107379243467,1.593592764348041,1.7900133317348355,1.9159020305279157,1.9763884511704586,1.9766021841056336,1.9216728197766304,1.8167299486266186,1.6669031610987701,1.477322047636236,1.2531161986822081,0.9994152046798945,0.7213486560724661,0.424046143303084,0.11263725681494097,-0.20774841294876292,-0.5319812755448458,-0.8549317405301273,-1.1714702174614038,-1.4764671158955036,-1.7647928453892658,-2.0313178154995484,-2.270912435783151,-2.478447115796913,-2.648792265097616,-2.776818293242061,-2.8573956097870625,-2.8853946242894373
47,2,-0.6169575535972222,2.1175313715694446,4.632186459730519,8.47195183877499,-0.6384913551734249,2.216847065822949,0.02153380157620277,-0.09931569425350428,-0.0,0.20331555743542878,0.3645658271255952,0.48675547248087425,0.5728891569116463,0.6259715438282886,0.6490072966411787,0.645001078760691,0.6169575535971972,0.5678813845610764,0.5007772350627003,0.4186497685124427,0.3245036483206689,0.2213435378977592,0.11217410065409751,5.711190774899821e-14,-0.11217410065399189,-0.22134353789766975,-0.3245036483205953,-0.4186497685123909,-0.5007772350626806,-0.5678813845610824,-0.6169575535972225,-0.6450010787607285,-0.6490072966412316,-0.6259715438283514,-0.5728891569117138,-0.4867554724809384,-0.3645658271256457,-0.20331555743545845,-0.0,0.5676211364749535,1.0377002785415341,1.4157327498284002,1.707213873964186,1.9176389745775422,2.0525033752971145,2.117302399751539,2.1175313715694446,2.0586856143794807,1.9462604518102766,1.7857512074904627,1.582653205048648,1.3424617681134847,1.0706722203136425,0.7727798852777514,0.4542800866344309,0.1206681480123342,-0.22256060695987745,-0.5699108546535624,-0.9158872714400806,-1.254994533690767,-1.5817373177769913,-1.8906203000701332,-2.1761481569415952,-2.4328255647627146,-2.655157199904873,-2.8376477387393897,-2.9748018576376043,-3.061124232970871,-3.0911195411105483
48,2,-0.5902701636597222,2.152376491173611,4.431814545012474,8.611362370806,-0.6384913551734249,2.216847065822949,0.048221191513702744,-0.06447057464933792,-0.0,0.19452084938784445,0.34879600579889225,0.465700161588628,0.5481080091125418,0.59889424072612,0.62093354878485,0.6171006256442154,0.5902701636596982,0.5433168551867867,0.4791153925809624,0.4005404681977087,0.3104667743925011,0.21176900352082909,0.10732184793818596,5.4642162189218206e-14,-0.10732184793808491,-0.21176900352074354,-0.31046677439243064,-0.40054046819765915,-0.47911539258094354,-0.5433168551867925,-0.5902701636597224,-0.6171006256442513,-0.6209335487849005,-0.59889424072618,-0.5481080091126064,-0.4657001615886895,-0.3487960057989405,-0.19452084938787276,-0.0,0.5769616480989503,1.0547761957177966,1.4390293949962798,1.7353069980741176,1.9491947570910453,2.0862784241867915,2.1521437515010757,2.152376491173611,2.0925623953441295,1.9782872161523435,1.8151367057379675,1.6086966162406928,1.3645526998002557,1.08829070855641,0.7854963946488686,0.4617555102173342,0.12265380740154394,-0.22622296165875727,-0.5792890448238444,-0.9309586899539937,-1.275646144909456,-1.6077656575505186,-1.9217314757374773,-2.2119578473306514,-2.472859020190296,-2.698849242176708,-2.884342761150123,-3.023753824970797,-3.1114966814990015,-3.1419855785950097
49,2,-0.5673504128194444,2.1938434358541667,4.259730486905547,8.777265914409437,-0.6384913551734249,2.216847065822949,0.0711409423539805,-0.023003629968782136,-0.0,0.1869677496791173,0.33525251666600214,0.44761737115295613,0.526825383332286,0.5756396233962948,0.596823161537287,0.5931390679475629,0.5673504128194213,0.5222202663451675,0.46051169871709985,0.3849877801275186,0.2984115807687167,0.2035461708330001,0.10315462051267878,5.252108729198744e-14,-0.10315462051258166,-0.20354617083291787,-0.29841158076864904,-0.38498778012747104,-0.46051169871708175,-0.5222202663451732,-0.5673504128194445,-0.5931390679475973,-0.5968231615373358,-0.5756396233963528,-0.5268253833323481,-0.4476173711530152,-0.33525251666604855,-0.18696774967914445,-0.0,0.5880771926343192,1.0750971508748322,1.4667532400395171,1.7687388254463283,1.9867472724132373,2.126471946258211,2.193606212299204,2.193843435854167,2.132876982241068,2.0164002167778565,1.8501065047824838,1.6396892115728767,1.3908417024670092,1.1092573427828714,0.8006294978384134,0.47065153295157414,0.12501681344032767,-0.23058129537734395,-0.5904494281834789,-0.9488942196601166,-1.300222304489271,-1.6387403173529924,-1.9587548929333407,-2.254572665912399,-2.520500270972185,-2.75084434279476,-2.939911516062122,-3.0820084254562885,-3.1714417056592956,-3.2025179913531794
50,2,-0.5704325913472222,2.191261397451389,4.282871828736278,8.76693553381253,-0.6384913551734249,2.216847065822949,0.06805876382620268,-0.025585668371559844,-0.0,0.187983467603044,0.33707380397787073,0.45004908992649484,0.5296874062509366,0.5787668337532119,0.6000654532353387,0.5963613454993304,0.5704325913471991,0.5250572715809629,0.4630134670026339,0.38707925841422525,0.30003272661774294,0.20465195241520642,0.10371501660863866,5.2806323006355e-14,-0.103715016608541,-0.20465195241512374,-0.3000327266176749,-0.38707925841417745,-0.4630134670026157,-0.5250572715809686,-0.5704325913472226,-0.5963613454993651,-0.6000654532353877,-0.5787668337532701,-0.529687406250999,-0.4500490899265543,-0.33707380397791736,-0.1879834676030713,-0.0,0.5873850566913601,1.0738318180416369,1.4650269485771064,1.7666571128240196,1.984408975308646,2.123969200557249,2.1910244530960807,2.191261397451389,2.13036669814944,2.01402701971648,1.8479290266787567,1.637759383562496,1.3892047548939674,1.1079518051994595,0.7996871990052196,0.4700976008374832,0.12486967522252218,-0.2303099133133842,-0.5897545002439769,-0.9477774210429981,-1.2986920111841644,-1.6368116061412288,-1.9564495413879535,-2.2519191523981257,-2.517533774645464,-2.747606743603734,-2.9364513947466344,-3.078381063547887,-3.167709085481231,-3.1987487960204044
51,2,-0.5886136334930555,2.1835395064791667,4.419377130860677,8.73604130985945,-0.6384913551734249,2.216847065822949,0.04987772168036941,-0.033307559343782156,-0.0,0.1939749474011021,0.3478171470640438,0.46439322382726445,0.5465698025292086,0.5972135080083172,0.619190965103032,0.6153687986517912,0.5886136334930316,0.5417920944651958,0.47777080640671993,0.3994163941560419,0.30959548255159186,0.21117469643181375,0.10702066063515552,5.4488861022137116e-14,-0.10702066063505473,-0.21117469643172843,-0.3095954825515216,-0.39941639415599256,-0.47777080640670117,-0.5417920944652016,-0.5886136334930557,-0.615368798651827,-0.6191909651030825,-0.597213508008377,-0.546569802529273,-0.46439322382732573,-0.34781714706409195,-0.19397494740113033,-0.0,0.5853151423617604,1.0700476906750593,1.4598642699567292,1.760431505223578,1.9774160214924308,2.1164844437801076,2.183303397103419,2.1835395064791667,2.1228593969241745,2.0069296934552456,1.841417021089184,1.6319880048427717,1.3843092697328356,1.1040474407762202,0.796869142989729,0.46844100139015465,0.12442964099432531,-0.22949831318092334,-0.5876762361187756,-0.9444375028024175,-1.2941154882150088,-1.631043567339746,-1.9495551151598352,-2.2439835066585063,-2.5086621168189214,-2.7379243206242903,-2.9261034930577545,-3.0675330091024806,-3.1565462437416496,-3.187476571958444
52,2,-0.6235377209027777,2.141751012861111,4.68159109335213,8.568851293172838,-0.6384913551734249,2.216847065822949,0.01495363427064722,-0.07509605296183786,-0.0,0.205484021661123,0.36845410780615034,0.49194696811480226,0.5789993122668045,0.6326478499418792,0.6559292908197496,0.6518803445801349,0.6235377209027524,0.5739381294673263,0.5061182799535735,0.4231148820412129,0.32796464540995524,0.2237042797395256,0.11337049470965367,5.77208597305732e-14,-0.11337049470954694,-0.22370427973943524,-0.32796464540988074,-0.42311488204116066,-0.5061182799535535,-0.5739381294673325,-0.6235377209027779,-0.6518803445801729,-0.6559292908198031,-0.6326478499419426,-0.5789993122668726,-0.4919469681148671,-0.3684541078062014,-0.20548402166115298,-0.0,0.5741134040746547,1.0495691598492576,1.431925444692843,1.7267404359744212,1.9395723110630196,2.0759792473276604,2.1415194221373555,2.1417510128611115,2.082232196867952,1.9685211515268835,1.8061760542069125,1.6007550822770238,1.3578164131062467,1.0829182240636266,0.7816186925181705,0.4594759958388733,0.12204831139476494,-0.2251061834451168,-0.5764293113117541,-0.9263628948361303,-1.269348756649204,-1.5998287193819687,-1.912244605665428,-2.2010382381306086,-2.4606514394084713,-2.6855260321300225,-2.8701038389262026,-3.008826682427976,-3.096136385266321,-3.1264747700722193
53,2,-0.6183611960704225,2.1304079629929578,4.642725164736643,8.523469310417799,-0.6384913551734249,2.216847065822949,0.02013015910300242,-0.08643910282999112,-0.0,0.20377812143227883,0.3653952522233953,0.4878628917048601,0.5741925392081894,0.6273956940648958,0.6504838556064934,0.6464685231644912,0.6183611960703974,0.5691733736557265,0.5019165552519862,0.41960224019068587,0.32524192780332634,0.2218471174214237,0.1124293083764977,5.724180579349876e-14,-0.11242930837639185,-0.22184711742133412,-0.3252419278032526,-0.4196022401906339,-0.5019165552519667,-0.5691733736557327,-0.6183611960704227,-0.6464685231645287,-0.6504838556065462,-0.6273956940649588,-0.574192539208257,-0.48786289170492436,-0.36539525222344593,-0.2037781214323086,-0.0,0.5710728092840891,1.0440104766742502,1.424341742558891,1.7175953473263947,1.9293000313651627,2.06498453506359,2.1301775988100617,2.1304079629929578,2.0712043680006755,1.9580955542215948,1.796610262044095,1.5922772318565344,1.3506252040473157,1.0771829190048579,0.7774791171175405,0.4570425387737323,0.12140192436183651,-0.22391398572973598,-0.5733764511125939,-0.9214567313983477,-1.2626260861985823,-1.5913557751249183,-1.9021170577889854,-2.1893811938024372,-2.447619442776861,-2.6713030643238898,-2.854903318055092,-2.9928914635820565,-3.0797387605163906,-3.1099164684697014
54,2,-0.6314199040902778,2.1244712968819446,4.740771408142619,8.499717525650562,-0.6384913551734249,2.216847065822949,0.007071451083147107,-0.0923757689410043,-0.0,0.208081559302458,0.37311176150785447,0.498165703551693,0.5863184823694824,0.6406451948967284,0.6642209380689373,0.6601208088216118,0.6314199040902523,0.5811933208103661,0.5125161559174537,0.4284635063470171,0.33211046903455005,0.2265321409155613,0.11480361892556351,5.845030487205356e-14,-0.11480361892545542,-0.22653214091546978,-0.3321104690344747,-0.4284635063469642,-0.5125161559174336,-0.5811933208103723,-0.631419904090278,-0.6601208088216503,-0.6642209380689915,-0.6406451948967925,-0.5863184823695514,-0.4981657035517586,-0.3731117615079062,-0.20808155930248842,-0.0,0.5694814386862085,1.041101202148395,1.4203726242020147,1.712809038662499,1.9239237793452957,2.059230180065848,2.124241574639589,2.124471296881945,2.065432680608362,1.9526390596342662,1.791603767775086,1.5878401388462267,1.346861506663138,1.0741812050412871,0.7753125677961007,0.45576892874299546,0.12106362169742187,-0.22329001952516167,-0.5717786611093164,-0.918888969239605,-1.2591076101005654,-1.5869212498767697,-1.8968165547528013,-2.183280190913265,-2.440798824542701,-2.663859121825695,-2.8469477489467665,-2.98455137209046,-3.0711566574413327,-3.101250271183944
55,2,-0.582887319607639,2.1485804236180552,4.37638332441559,8.596174826508337,-0.6384913551734249,2.216847065822949,0.05560403556578597,-0.06826664220489365,-0.0,0.19208786668886274,0.34443341613175255,0.45987538527480976,0.5412525110641795,0.5914035304460039,0.6131671803664254,0.6093821977715835,0.5828873196076154,0.5365212828206647,0.47312282435686864,0.39553068116236606,0.3065835901832879,0.2091202883657791,0.10597951265598832,5.395892765939408e-14,-0.10597951265588855,-0.20912028836569463,-0.3065835901832183,-0.39553068116231715,-0.4731228243568501,-0.5365212828206705,-0.5828873196076392,-0.6093821977716188,-0.6131671803664754,-0.5914035304460631,-0.5412525110642432,-0.4598753852748704,-0.34443341613180023,-0.19208786668889072,-0.0,0.5759440819797654,1.0529159255878464,1.4364914315775947,1.7322465007023378,1.9457570337154204,2.0825989313701827,2.148348094419953,2.1485804236180552,2.088871819717832,1.9747981834726045,1.8119354156356986,1.6058594169604152,1.3621460882001015,1.0863713301081204,0.7841110434377956,0.46094112894243966,0.12243748737539994,-0.22582398050996846,-0.5782673739603303,-0.9293167922223519,-1.2733963345426742,-1.6049301001679734,-1.9183421883449359,-2.208056698320271,-2.4684977293406223,-2.6940893806526787,-2.879255751503064,-3.018420941138424,-3.1060090488054213,-3.1364441737507183
56,2,-0.5745005421180556,2.1537741190833333,4.313414459051177,8.616954087886876,-0.6384913551734249,2.216847065822949,0.06399081305536936,-0.06307294673961561,-0.0,0.1893240422888867,0.33947759306972647,0.4532585445930936,0.5334647891095672,0.5828942188697227,0.6043447261241371,0.6006142031233833,0.5745005421180323,0.5288016353586618,0.46631537509584287,0.3898396535801481,0.3021723630621427,0.20611139579240506,0.10445464402151784,5.3182785574526644e-14,-0.1044546440214195,-0.2061113957923218,-0.30217236306207407,-0.3898396535801,-0.46631537509582466,-0.5288016353586675,-0.5745005421180559,-0.6006142031234182,-0.6043447261241865,-0.5828942188697813,-0.53346478910963,-0.45325854459315346,-0.33947759306977354,-0.18932404228891422,-0.0,0.5773362933831417,1.0554611059348011,1.4399638168567697,1.7364338053508142,1.9504604506187186,2.087633131862262,2.153541228283213,2.1537741190833333,2.0939211834644054,1.9795718006281913,1.8163153497764541,1.6097412101109352,1.36543876083342,1.0889973811457114,0.7860064502495729,0.4620553473467557,0.12273345163904656,-0.22636985767176004,-0.5796652013838897,-0.931563200295569,-1.276474475205,-1.6088096469104192,-1.9229793362100742,-2.2133941639022345,-2.474464750785105,-2.700601717656935,-2.8862156853159093,-3.025717274560234,-3.113517106188132,-3.1440258009978264
57,2,-0.5903885409791667,2.156626539076389,4.432703335194349,8.628366228046678,-0.6384913551734249,2.216847065822949,0.048102814194258214,-0.060220526746559866,-0.0,0.19455986009538864,0.3488659560331095,0.46579355668156647,0.5482179309091688,0.5990143475843226,0.6210580755754345,0.6172243837509076,0.5903885409791428,0.5434258161285481,0.47921147806752457,0.4006207956644747,0.31052903778779345,0.21181147330588956,0.10734337108717588,5.4653117245511134e-14,-0.10734337108707481,-0.21181147330580402,-0.31052903778772295,-0.40062079566442516,-0.47921147806750575,-0.543425816128554,-0.5903885409791669,-0.6172243837509434,-0.6210580755754852,-0.5990143475843827,-0.5482179309092334,-0.4657935566816278,-0.3488659560331578,-0.194559860095417,-0.0,0.5781009072632005,1.0568589397808792,1.4418708792288568,1.7387335072829315,1.9530436056189178,2.090397955912624,2.1563933398398505,2.1566265390763895,2.0966943352980523,1.9821935101806323,1.8187208453999235,1.6118731226316967,1.367247123551769,1.0904396298359724,0.7870474231601012,0.46266728519993744,0.12289599763129806,-0.22666965786999205,-0.5804328996281279,-0.9327969459673061,-1.2781650152116972,-1.6109403256855088,-1.9255260957129572,-2.216325543618282,-2.477741887725657,-2.704178346359301,-2.890038137843369,-3.029724480502036,-3.117640592659495,-3.1481896926399395
58,2,-0.5703733431111111,2.214697589479167,4.282426986339136,8.860700515436609,-0.6384913551734249,2.216847065822949,0.06811801206231383,-0.002149476343781931,-0.0,0.1879639426161437,0.3370387936565322,0.450002345376576,0.5296323900316905,0.5787067198772876,0.6000031271687802,0.5962994041615779,0.5703733431110878,0.5250027362727242,0.46296537590189424,0.3870390542540069,0.3000015635844638,0.20463069614867946,0.10370424420207301,5.280083996479856e-14,-0.10370424420197535,-0.2046306961485968,-0.30000156358439567,-0.3870390542539591,-0.4629653759018761,-0.52500273627273,-0.5703733431111112,-0.5962994041616126,-0.6000031271688293,-0.5787067198773457,-0.5296323900317528,-0.4500023453766354,-0.33703879365657896,-0.18796394261617103,-0.0,0.5936673144808127,1.0853167685465985,1.4806958472911789,1.7855520358083516,2.0056328191919324,2.14668568253573,2.2144581109335437,2.214697589479167,2.153151603266412,2.0355676373890716,1.867693176940939,1.6552757070157857,1.4040627127074279,1.1198016791097007,0.8082400913163972,0.4751254344212989,0.12620519351822393,-0.23277314629900211,-0.596062099936574,-0.9579141823006876,-1.3125819082975136,-1.6543177928332584,-1.9773743508141386,-2.2760040971463957,-2.5444595467362014,-2.776993214489776,-2.9678576153132723,-3.1113052641128656,-3.201588675794747,-3.23296036526511
59,2,-0.57649681409375,2.2519396759027774,4.328402692782712,9.00970098210855,-0.6384913551734249,2.216847065822949,0.06199454107967495,0.03509261007982856,-0.0,0.18998190464451314,0.34065720832809127,0.45483352540508604,0.5353184702298546,0.5849196571567502,0.606444700540127,0.6027012147343362,0.5764968140937266,0.5306391129726532,0.46793572572546505,0.3911942667065123,0.3032223502701379,0.20682759077069818,0.10481760256255337,5.3367527651576175e-14,-0.10481760256245465,-0.20682759077061463,-0.30322235027006916,-0.39119426670646396,-0.46793572572544667,-0.530639112972659,-0.5764968140937502,-0.6027012147343713,-0.6064447005401767,-0.5849196571568087,-0.5353184702299176,-0.4548335254051461,-0.34065720832813834,-0.1899819046445408,-0.0,0.6036503521369679,1.1035673238744306,1.5055950493194195,1.8155776625789424,2.039359297760025,2.182784088969686,2.2516961703149363,2.2519396759027774,2.1893587398402325,2.0697974962343038,1.8991000791919952,1.683110622820287,1.4276732612262062,1.138632128516798,0.8218313587990654,0.4831150861800001,0.12832744476663005,-0.23668743133400855,-0.6060854080149003,-0.9740223511690315,-1.3346541266893615,-1.6821366004688876,-2.0106256384006165,-2.3142771063775793,-2.58724687029274,-2.823690796039106,-3.0177647495096216,-3.1636245965972503,-3.2554262031949737,-3.287325435195775
60,2,-0.5991789445833333,2.2913631531875,4.498702670664629,9.167428893655694,-0.6384913551734249,2.216847065822949,0.03931241059009161,0.07451608736455118,-0.0,0.1974566976467614,0.354060285435571,0.47272884264199583,0.5563804485416084,0.6079331824099777,0.6303051235226739,0.6264143511552629,0.599178944583309,0.5515169830823833,0.48634654592804966,0.40658571239587393,0.31515256176141415,0.21496517330024228,0.10894162628793426,5.546661232018528e-14,-0.10894162628783166,-0.21496517330015544,-0.3151525617613427,-0.40658571239582375,-0.48634654592803056,-0.5515169830823892,-0.5991789445833335,-0.6264143511552993,-0.6303051235227253,-0.6079331824100387,-0.5563804485416739,-0.47272884264205817,-0.35406028543562,-0.19745669764679022,-0.0,0.6142181289739945,1.1228868739451867,1.5319526790827653,1.8473619885558965,2.075061246533763,2.2209968971855427,2.2911153846804013,2.2913631531875,2.227686646876019,2.1060323099151175,1.932346586473957,1.712575920721675,1.4526667568274567,1.1585655389605043,0.8362187112899793,0.49157271798502994,0.1305740032148423,-0.2408309888513896,-0.6166958140444927,-0.9910740281952957,-1.3580191871346001,-1.7115848466932455,-2.0458245627020815,-2.354791890991983,-2.632540387393754,-2.873123607738248,-3.070595107856248,-3.21900844357856,-3.31241717073601,-3.344874845159422
61,2,-0.6430413209583333,2.2627058161458335,4.82802630849227,9.052774828783637,-0.6384913551734249,2.216847065822949,-0.004549965784908405,0.04585875032288467,-0.0,0.21191134440670314,0.379978962384432,0.5073345486781125,0.5971097980326756,0.6524364051930497,0.6764460649041635,0.6722704719109417,0.6430413209583072,0.5918903067911898,0.5219491241545121,0.43634946779319844,0.3382230324521647,0.2307015128763419,0.11691660381066558,5.952579193824663e-14,-0.11691660381055549,-0.23070151287624874,-0.3382230324520879,-0.43634946779314443,-0.5219491241544916,-0.5918903067911961,-0.6430413209583334,-0.6722704719109808,-0.6764460649042185,-0.652436405193115,-0.5971097980327459,-0.5073345486781792,-0.3799789623844847,-0.21191134440673415,-0.0,0.606536301711204,1.1088432913897341,1.5127930429529415,1.824257630318153,2.049109127402714,2.193219608123963,2.262461146399229,2.2627058161458335,2.199825691281119,2.0796928457224078,1.9081793533870213,1.6911572881922605,1.4344987240554719,1.144075734894019,0.8257603946252249,0.4854247771664004,0.12894095643489295,-0.23781899365194192,-0.6089829991767695,-0.9786789862222564,-1.341034880871043,-1.6901786092058069,-2.0202380973092358,-2.325341271264042,-2.599616057152869,-2.837190381058406,-3.032192169063277,-3.1787493472501263,-3.270989841701616,-3.3030415785004106
62,2,-0.6380900843958334,2.2453505446875,4.7908518694566995,8.983338774178746,-0.6384913551734249,2.216847065822949,0.00040127077759155583,0.02850347886455129,-0.0,0.2102796869031522,0.3770532316884097,0.503428215935621,0.5925122212246405,0.647412829135319,0.6712376212475082,0.6670941791410557,0.6380900843958075,0.5873329185916161,0.5179302633083269,0.43298970012578736,0.33561881062383636,0.22892517638232773,0.11601637898111969,5.906758697536744e-14,-0.11601637898101046,-0.22892517638223525,-0.33561881062376014,-0.4329897001257338,-0.5179302633083066,-0.5873329185916223,-0.6380900843958337,-0.6670941791410946,-0.6712376212475628,-0.6474128291353838,-0.5925122212247103,-0.5034282159356873,-0.37705323168846183,-0.21027968690318294,-0.0,0.6018840830752604,1.1003383075825153,1.5011897078073027,1.8102653180351378,2.0333921725515536,2.176397305642076,2.2451077515922218,2.2453505446875006,2.182952719213442,2.0637413094555557,1.8935433496993535,1.6781858742303213,1.4234959173339943,1.1353005132959242,0.819426696401621,0.48170150093658376,0.12795196118634738,-0.2359948885635449,-0.6043120140275707,-0.9711723809202092,-1.3307489549559128,-1.6772147018491714,-2.0047425873144853,-2.3075055770663777,-2.5796766368193054,-2.8154287322877702,-3.0089348291862072,-3.1543678932290744,-3.245900890130846,-3.2777067856059987
63,2,-0.6315149230069445,2.2286126663055557,4.741484820818474,8.9163728243756,-0.6384913551734249,2.216847065822949,0.006976432166480473,0.011765600482606775,-0.0,0.2081128723545413,0.3731679090495211,0.49824066977490716,0.5864067142206728,0.6407416020767879,0.6643208930332231,0.660220146779945,0.6315149230069187,0.581280781404116,0.5125932816615013,0.42852798346904086,0.33216044651669285,0.22656623049443028,0.11482089509223017,5.845909825904576e-14,-0.11482089509212205,-0.22656623049433877,-0.33216044651661747,-0.42852798346898785,-0.5125932816614811,-0.5812807814041223,-0.6315149230069447,-0.6602201467799833,-0.664320893033277,-0.6407416020768519,-0.5864067142207418,-0.49824066977497283,-0.3731679090495728,-0.2081128723545717,-0.0,0.5973973615669519,1.0921358784273498,1.4899991474660876,1.7967707655680347,2.0182343296180782,2.1601734365011,2.228371683101971,2.228612666305556,2.166679982996739,2.0483572300603856,1.8794280043813605,1.6656759028445065,1.4128845223347128,1.1268374597368855,0.8133183119358903,0.47811067581658057,0.12699814826384603,-0.2342356738374154,-0.5998071936023266,-0.9639328141460116,-1.3208289385835685,-1.6647119700301327,-1.9897983116008484,-2.290304366410885,-2.5604465375753436,-2.794441228209371,-2.9865048414280486,-3.1308537803464795,-3.2217044480797825,-3.2532732477430795
64,2,-0.6234256471874999,2.2205390813958332,4.680749631336835,8.88407152133954,-0.6384913551734249,2.216847065822949,0.015065707985924992,0.003692015572884344,-0.0,0.2054470882776792,0.36838788242894077,0.49185854631995657,0.5788952438169037,0.6325341387859562,0.6558113950932887,0.6517631766050718,0.6234256471874746,0.5738349707066729,0.5060273110288351,0.42303883202013154,0.32790569754672466,0.22366407147479125,0.11335011767051227,5.771048803212973e-14,-0.11335011767040552,-0.22366407147470088,-0.3279056975466503,-0.4230388320200793,-0.5060273110288152,-0.5738349707066791,-0.6234256471875003,-0.6517631766051097,-0.655811395093342,-0.6325341387860195,-0.5788952438169718,-0.4918585463200213,-0.36838788242899184,-0.2054470882777092,-0.0,0.595233172878457,1.0881794027773866,1.4846013343717093,1.790261612336321,2.010922881346136,2.1523477860760623,2.2202989712009975,2.2205390813958332,2.158830761335481,2.040936655694831,1.8726194091487767,1.6596416663721874,1.4077660720399776,1.1227552708270814,0.8103719074083904,0.47637862645878487,0.12653807265318132,-0.23338710933349582,-0.5976342748263428,-0.9604407791504569,-1.3160439776309096,-1.6586812255928096,-1.9825898783612748,-2.282007291261447,-2.551170819618401,-2.7843178187572573,-2.9756856440030703,-3.1195116506809164,-3.2100331941158884,-3.2414876296330815
65,2,-0.60043614525,2.2444873485416665,4.508141874174405,8.979885245096199,-0.6384913551734249,2.216847065822949,0.038055209923424926,0.027640282718717657,-0.0,0.1978710024119129,0.3548031767386012,0.4737207249861516,0.5575478491606559,0.6092087512682027,0.6316276333148815,0.627728697306778,0.6004361452499757,0.552674179150565,0.4873670010146297,0.40743881284825506,0.3158138166575182,0.21541621444851078,0.10917020822732833,5.558295812138668e-14,-0.10917020822722552,-0.21541621444842377,-0.3158138166574465,-0.40743881284820466,-0.48736700101461067,-0.5526741791505709,-0.6004361452500001,-0.6277286973068145,-0.6316276333149331,-0.6092087512682637,-0.5575478491607216,-0.47372072498621404,-0.3548031767386503,-0.19787100241194175,-0.0,0.6016526964786426,1.0999152966684882,1.50061259472667,1.809569384810296,2.0326104610764926,2.175560617682381,2.244244648785071,2.2444873485416665,2.1821135111092906,2.062947930645047,1.8928154013060405,1.677540717249352,1.4229486726321101,1.1348640616114605,0.819111678344507,0.48151631698834246,0.12790277170009579,-0.23590416336309614,-0.604079694044117,-0.9707990261858519,-1.33023736563116,-1.6765699182229366,-2.003971889804088,-2.306618486217545,-2.5786849133061693,-2.8143463769128685,-3.007778082880485,-3.153155237051882,-3.2446530452699407,-3.276446713377543
66,2,-0.6089767826388889,2.3107940554444446,4.572265936907102,9.245169261668646,-0.6384913551734249,2.216847065822949,0.029514572534536043,0.09394698962149572,-0.0,0.20068553064234196,0.35984991701385327,0.48045895513387815,0.5654784410217663,0.6178741706968636,0.6406119401785172,0.6366575454860702,0.6089767826388642,0.5605354476562469,0.4942993365575594,0.41323424536214454,0.3203059700893371,0.2184803067584863,0.11072305138894528,5.637333894612444e-14,-0.110723051388841,-0.21848030675839805,-0.3203059700892645,-0.41323424536209347,-0.49429933655754,-0.560535447656253,-0.6089767826388891,-0.6366575454861073,-0.6406119401785695,-0.6178741706969254,-0.5654784410218328,-0.48045895513394143,-0.35984991701390306,-0.2006855306423712,-0.0,0.6194267369643667,1.1324090245754275,1.544943733219301,1.8630277332820828,2.092657895149886,2.2398310892088173,2.310544185844974,2.3107940554444446,2.2465775683933407,2.1238915950777515,1.9487330058837675,1.7270986711974554,1.464985461404931,1.1683902468923266,0.8433098980457324,0.4957412852512271,0.1316812788949265,-0.24287325063704543,-0.6219254329585859,-0.9994783976835938,-1.3695352744259404,-1.7260991927995357,-2.0631732824183002,-2.3747606728961785,-2.6548644938470454,-2.8974878748848245,-3.0966339456233682,-3.2463058356765546,-3.3405066746582763,-3.37323959218243
67,2,-0.627510927212766,2.3454583214964537,4.711422371636242,9.383856223506402,-0.6384913551734249,2.216847065822949,0.0109804279606589,0.12861125567350484,-0.0,0.20679337374055082,0.37080191153477954,0.4950816730931369,0.5826887181260789,0.6366791063440584,0.6601088974575291,0.6560341511769405,0.6275109272127406,0.5775952852753837,0.5093432850753175,0.4258109863229909,0.3300544487288455,0.22512973200333672,0.11409289585692466,5.808855431086617e-14,-0.11409289585681721,-0.22512973200324574,-0.3300544487287706,-0.42581098632293835,-0.5093432850752974,-0.5775952852753898,-0.6275109272127662,-0.6560341511769787,-0.660108897457583,-0.6366791063441222,-0.5826887181261474,-0.4950816730932021,-0.37080191153483094,-0.206793373740581,-0.0,0.6287187693543889,1.1493963141242698,1.5681194638637168,1.8909750481267804,2.1240498964675285,2.2734308384400235,2.3452047035983172,2.3454583214964537,2.280278521688499,2.155752133728497,1.9779659871704938,1.7530069115685107,1.4869617364766177,1.1859172914489036,0.855960406039413,0.5031779098021797,0.1336566322912743,-0.2465165969392236,-0.6312549483352562,-1.0144715923427672,-1.390079699407673,-1.7519924399759281,-2.0941229844934983,-2.4103845034063744,-2.6946901671604757,-2.9409531462017697,-3.1430866109761557,-3.2950037319295538,-3.3906176795079035,-3.4238416241571454
68,2,-0.6589908222708334,2.3732507592916665,4.947776951933537,9.495049945424524,-0.6384913551734249,2.216847065822949,-0.020499467097408464,0.15640369346871763,-0.0,0.21716743006650377,0.3894036677054538,0.5199180838045316,0.6119200492514242,0.6686189349338153,0.6932241117393895,0.6889449505558272,0.6589908222708066,0.6065710977720137,0.5348951479471263,0.44717234368382447,0.3466120558697796,0.2364236553926786,0.11981651314021252,6.100181526385111e-14,-0.11981651314009971,-0.23642365539258306,-0.346612055869701,-0.4471723436837692,-0.5348951479471052,-0.6065710977720201,-0.6589908222708336,-0.6889449505558671,-0.6932241117394459,-0.6686189349338821,-0.6119200492514961,-0.5199180838046,-0.3894036677055078,-0.21716743006653555,-0.0,0.6361687534908862,1.1630160511579957,1.5867008482590228,1.913382100051639,2.1492187617935334,2.300369788742389,2.3729941361558784,2.3732507592916665,2.30729861340744,2.1812966537608633,2.0014038356096036,1.7737791142113022,1.5045814448236503,1.1999697827043574,0.8661030831110899,0.5091403013015007,0.1352403925332823,-0.249437687935865,-0.6387349848482625,-1.026492542946233,-1.4065514069720717,-1.772752621668113,-2.118937231776702,-2.438946282040209,-2.726620817200932,-2.9758018820012184,-3.1803305211833455,-3.3340477794896137,-3.430794701662341,-3.464412332443846
69,2,-0.6733145472097902,2.310762652104895,5.055321084148598,9.245043621225339,-0.6384913551734249,2.216847065822949,-0.0348231920363653,0.09391558628194607,-0.0,0.22188774851229592,0.3978676869875638,0.531218944714162,0.6252206509804541,0.6831519350748009,0.7082919262855636,0.7039197539010992,0.6733145472097629,0.619755435499917,0.5465215480599164,0.45689201417811764,0.3541459631428685,0.24156252424253286,0.12242082676547873,6.232738348728348e-14,-0.12242082676536345,-0.2415625242424353,-0.3541459631427882,-0.45689201417806113,-0.546521548059895,-0.6197554354999236,-0.6733145472097904,-0.7039197539011401,-0.7082919262856212,-0.6831519350748693,-0.6252206509805276,-0.5312189447142319,-0.39786768698761904,-0.2218877485123284,-0.0,0.6194183190492776,1.1323936353091169,1.5449227376690808,1.863002415018709,2.092629456247558,2.2398006502451793,2.310512785901114,2.3107626521048954,2.246547037746078,2.1238627317141945,1.9487065228987817,1.7270752001893492,1.4649655524754566,1.1683743686466803,0.8432984375925554,0.49573454820260404,0.13167948936638596,-0.24286995002653047,-0.6219169810865985,-0.9994648149242729,-1.369516662649981,-1.7260757353741887,-2.063145244207372,-2.374728400260032,-2.6548284146426,-2.8974484984655535,-3.0965918628393028,-3.24626171887428,-3.3404612776809364,-3.373193750369722
70,2,-0.6959319131249999,2.2491445309583336,5.225134802347439,8.99851799154243,-0.6384913551734249,2.216847065822949,-0.05744055795157499,0.03229746513538467,-0.0,0.2293411986434438,0.41123249411927737,0.5490631652251861,0.6462224907588611,0.7060997495179904,0.7320842203002627,0.7275651819033625,0.6959319131249717,0.6405736927627805,0.5648797996144704,0.47223951247772566,0.366042110150221,0.2496768714296474,0.1265330751137008,6.442047461286103e-14,-0.12653307511358164,-0.2496768714295466,-0.36604211015013793,-0.4722395124776673,-0.5648797996144482,-0.6405736927627872,-0.6959319131250001,-0.7275651819034047,-0.7320842203003223,-0.706099749518061,-0.646222490758937,-0.5490631652252582,-0.4112324941193343,-0.2293411986434774,-0.0,0.6029010912895116,1.102197557774926,1.5037262797269135,1.8133241374161209,2.036828011113213,2.1800747810888477,2.2489013276136745,2.2491445309583336,2.186641271393488,2.0672284291897784,1.8967428846178471,1.6810215179483148,1.4259012094518468,1.1372188393991267,0.8208112880607976,0.4825154357074894,0.12816816260986932,-0.23639365096138756,-0.6053331247356268,-0.9728133784421958,-1.332997531810415,-1.6800487045696426,-2.008130016449246,-2.3114045871786186,-2.584035536487083,-2.82018598410401,-3.014019049758703,-3.1596978531804876,-3.251385514098707,-3.283245152242704
71,2,-0.6692375006805555,2.260200791923611,5.024710161860188,9.042752571333017,-0.6384913551734249,2.216847065822949,-0.030746145507130618,0.043353726100662016,-0.0,0.22054417636061646,0.3954585231293801,0.5280023138485649,0.621434822060451,0.679015321307315,0.7040030851314341,0.6996573870750815,0.6692375006805285,0.6160026994900534,0.5432122570459271,0.45412544689042245,0.35200154256580324,0.2400998176143493,0.12167954557834479,6.195007916542304e-14,-0.12167954557823021,-0.2400998176142523,-0.35200154256572336,-0.45412544689036627,-0.5432122570459058,-0.61600269949006,-0.6692375006805559,-0.699657387075122,-0.7040030851314913,-0.6790153213073827,-0.621434822060524,-0.5280023138486344,-0.39545852312943486,-0.2205441763606487,-0.0,0.6058648100322583,1.107615699502287,1.5111182413995243,1.8222380087133856,2.046840574433303,2.1907915115487033,2.2599563930490025,2.2602007919236113,2.1973902811619577,2.077390433753453,1.9060668226875064,1.689285020953506,1.4329106015408857,1.1428091374390972,0.8248462016375516,0.4848873671256467,0.12879820689281768,-0.23755570607149212,-0.6083087987778604,-0.9775954982368662,-1.339550231459062,-1.6883074254550379,-2.018001507235394,-2.322766903810755,-2.5967380421916757,-2.834049349388759,-3.028835252412541,-3.1752301782735777,-3.2673685539824446,-3.299384806549718
72,2,-0.6658112464652778,2.2876734071597222,4.998985461204419,9.15266672717054,-0.6384913551734249,2.216847065822949,-0.02731989129185286,0.07082634133677335,-0.0,0.21941506985785456,0.393433918365807,0.525299132763135,0.618253300289122,0.675539008183048,0.7003988436841941,0.6960753940318368,0.6658112464652509,0.6128489882237181,0.5404312065465132,0.4518004886729123,0.35019942184218283,0.2388705932936081,0.12105659026647578,6.163300146862778e-14,-0.1210565902663618,-0.23887059329351162,-0.35019942184210334,-0.45180048867285644,-0.540431206546492,-0.6128489882237247,-0.6658112464652781,-0.6960753940318772,-0.7003988436842511,-0.6755390081831156,-0.6182533002891947,-0.5252991327632041,-0.39343391836586156,-0.21941506985788672,-0.0,0.613229063186488,1.1210787068822663,1.5294857997910538,1.8443872106165466,2.0717198080624573,2.2174204608324932,2.287426037630352,2.2876734071597222,2.2240994381243158,2.1026409992278214,1.929234959173931,1.7098181866663114,1.4503275504086781,1.1566999191047633,0.8348721614582586,0.4907811461728421,0.13036374195222974,-0.24044318249985422,-0.6157027584797071,-0.989478117283627,-1.3558323902078862,-1.7088287085487939,-2.0425302036026696,-2.3510000066658585,-2.6283012490346347,-2.8684970620053205,-3.0656505768741704,-3.2138249249374606,-3.3070832374914856,-3.33948864583254
73,2,-0.6778965944375,2.315659075944444,5.08972360828059,9.264633539706757,-0.6384913551734249,2.216847065822949,-0.03940523926407513,0.09881201012149532,-0.0,0.2233977413487001,0.4005752603493921,0.5348340014555041,0.6294754091204701,0.6878009277977204,0.7131120019406865,0.7087100760027956,0.6778965944374725,0.62397300169815,0.5502407422382525,0.4600012605112067,0.35655600097043055,0.24320640806935775,0.1232539262614264,6.275142236189209e-14,-0.12325392626131033,-0.24320640806925947,-0.3565560009703497,-0.4600012605111498,-0.5502407422382307,-0.6239730016981566,-0.6778965944375002,-0.7087100760028366,-0.7131120019407444,-0.6878009277977891,-0.629475409120544,-0.5348340014555745,-0.4005752603494476,-0.22339774134873286,-0.0,0.6207308444275478,1.1347931371301416,1.5481963739796272,1.8669500508478263,2.0970636636065785,2.244546708127718,2.315408680283068,2.3156590759444446,2.2513073909836847,2.128363121272604,1.9528357626830215,1.7307348110867293,1.4680697623555694,1.1708501123614012,0.8450853569760419,0.49678499207129667,0.1319585135190076,-0.24338458280897435,-0.6232348010408196,-1.0015826453047008,-1.3724186197287624,-1.7297332284411877,-2.0675169755701703,-2.379760365243929,-2.6604539015906115,-2.903588088738414,-3.103153430815464,-3.2531404319499106,-3.3475395962699226,-3.380341427903667
74,2,-0.6922169447777777,2.2967449790694445,5.19724240363055,9.188960838961759,-0.6384913551734249,2.216847065822949,-0.05372558960435281,0.07989791324649564,-0.0,0.22811694771083663,0.4090372855504645,0.5461321999382546,0.6427728772935836,0.7023305040358254,0.728176266584354,0.7236813513585395,0.6922169447777495,0.63715423326136,0.5618644032287381,0.46971864109925326,0.36408813329226614,0.24834406622715344,0.1258576263232964,6.407667828801388e-14,-0.1258576263231779,-0.2483440662270531,-0.3640881332921835,-0.46971864109919514,-0.561864403228716,-0.6371542332613668,-0.6922169447777778,-0.7236813513585815,-0.7281762665844131,-0.7023305040358955,-0.6427728772936592,-0.5461321999383264,-0.40903728555052116,-0.22811694771087007,-0.0,0.6156607702327899,1.1255242479608625,1.5355508440295713,1.851700969284246,2.0799350345702345,2.2262134507328772,2.296496628617506,2.2967449790694445,2.2329189129340388,2.110978841056611,1.9368851742824875,1.7165983234569697,1.4560786994254071,1.1612867130331666,0.8381827751255727,0.49272729654793884,0.13088068814561513,-0.24139663923604018,-0.61814427475169,-0.9934018075559983,-1.3612088268036031,-1.7156049216491789,-2.0506296812474116,-2.3603226947530125,-2.638723551320621,-2.8798718401049253,-3.0778071502605453,-3.2265690709421238,-3.32019719130432,-3.3527311005017943
75,2,-0.7213255532857143,2.2470266069714286,5.415793098740587,8.990044468903687,-0.6384913551734249,2.216847065822949,-0.08283419811228943,0.03017954114847976,-0.0,0.2377095573327693,0.42623782694151624,0.5690977579493841,0.6698022994795221,0.7318644006550765,0.7587970105991939,0.7541130784350168,0.7213255532856852,0.6639473842743471,0.5854915205241422,0.48947091115821223,0.3793985052996898,0.2587872520717242,0.1311501005974694,6.67704919873758e-14,-0.1311501005973459,-0.2587872520716197,-0.3793985052996037,-0.4894709111581517,-0.5854915205241191,-0.6639473842743541,-0.7213255532857147,-0.7541130784350605,-0.7587970105992556,-0.7318644006551495,-0.6698022994796008,-0.5690977579494588,-0.4262378269415753,-0.23770955733280422,-0.0,0.6023333649093715,1.1011596650944921,1.502310284483506,1.8116166070045334,2.034910016585712,2.1780218971551744,2.2467836326410415,2.247026606971429,2.184582204074472,2.065281807878285,1.894956802310984,1.6794385713006628,1.42455849877546,1.1361479686635334,0.8200383648929985,0.48206107139195953,0.12804747208855663,-0.23617104908906156,-0.6047631082127674,-0.9718973213544343,-1.3317423045859098,-1.6784666739790783,-2.0062390456058345,-2.309228035538097,-2.581602259847716,-2.817530334606589,-3.0111808758865455,-3.156722499759438,-3.248323822297136,-3.2801534595715087
76,2,-0.7429997097569445,2.219652415986111,5.578525094721072,8.880524094959402,-0.6384913551734249,2.216847065822949,-0.10450835458351959,0.002805350163161968,-0.0,0.24485217707896942,0.43904528303815094,0.5861978229575282,0.6899283019170909,0.7538552249968258,0.7815970972767198,0.7767724238367559,0.7429997097569144,0.6838974601171838,0.6030841799975439,0.5041783744779771,0.39079854863845553,0.26656320755896934,0.13509085631951326,6.877629517128253e-14,-0.13509085631938605,-0.2665632075588617,-0.3907985486383669,-0.5041783744779147,-0.6030841799975202,-0.6838974601171909,-0.7429997097569447,-0.776772423836801,-0.7815970972767833,-0.7538552249969008,-0.6899283019171718,-0.5861978229576051,-0.4390452830382118,-0.24485217707900542,-0.0,0.5949954951588743,1.0877448907059268,1.4840085302812773,1.7895467575250226,2.0101199160772754,2.151488349578144,2.2194124016677255,2.219652415986111,2.157968736173412,2.0401217058697187,1.8718716687151238,1.6589789683496958,1.4072039484135503,1.1223069525468197,0.8100483243895956,0.4761884075819585,0.1264875457640243,-0.23329391742408304,-0.5973956383422598,-0.960057273350404,-1.3155184788083873,-1.6580189110761185,-1.9817982265135157,-2.2810960814805212,-2.550152132337011,-2.783206035442904,-2.9744974471580568,-3.1182660238423443,-3.208751421855662,-3.240193297557903
77,2,-0.7321197969577464,2.196827419992958,5.496837490026639,8.789204424625119,-0.6384913551734249,2.216847065822949,-0.0936284417843215,-0.02001964582999083,-0.0,0.24126675127014313,0.43261624365680734,0.5776139956516683,0.6798255257464079,0.7428163524327053,0.7701519942022396,0.765397969546686,0.7321197969577168,0.6738829949270129,0.5942530819462465,0.49679557650709194,0.38507599710121404,0.262659862220295,0.1331126903560217,6.776942951714615e-14,-0.13311269035589632,-0.26265986222018894,-0.38507599710112667,-0.49679557650703043,-0.5942530819462231,-0.6738829949270199,-0.7321197969577466,-0.7653979695467302,-0.7701519942023023,-0.7428163524327794,-0.6798255257464878,-0.5776139956517441,-0.4326162436568672,-0.24126675127017858,-0.0,0.5888770733306927,1.0765594579809092,1.4687482631721018,1.7711445981256997,1.9894495720631484,2.129364294205889,2.1965898737753506,2.196827419992958,2.135778042080155,2.019142849258364,1.8526229507490102,1.6419194557734962,1.3927334735532697,1.1107661133097952,0.8017184842644973,0.47129169563878914,0.12518685665411922,-0.23089492346805593,-0.5912525355063001,-0.9501848702391786,-1.3019908184452307,-1.6409692709030324,-1.9614191183911691,-2.2576392516882504,-2.523928561572818,-2.7545859388234613,-2.943910274218701,-3.0862004585370824,-3.175755382557166,-3.206873937057514
78,2,-0.7373830225347222,2.2091299295069446,5.536354377549976,8.838425073489137,-0.6384913551734249,2.216847065822949,-0.09889166736129729,-0.007717136316004236,-0.0,0.24300122333528273,0.4357263314977472,0.581766475571165,0.6847128066393136,0.7481564757859677,0.7756886340949021,0.7709004326498876,0.7373830225346925,0.6787275548330929,0.5985251806288568,0.5003670510057544,0.38784431704754596,0.26454812983800924,0.13406964046092687,6.825650704811862e-14,-0.1340696404608006,-0.2645481298379024,-0.3878443170474579,-0.5003670510056926,-0.5985251806288332,-0.6787275548331,-0.7373830225347224,-0.7709004326499324,-0.7756886340949651,-0.7481564757860423,-0.6847128066393939,-0.5817664755712414,-0.4357263314978076,-0.24300122333531846,-0.0,0.5921748589151619,1.0825883261813183,1.4769734379477262,1.7810632303636191,2.000590739578247,2.141289001740855,2.208891053000678,2.2091299295069446,2.1477386674089023,2.0304503028557783,1.8629978719968032,1.6511144109811826,1.4005329559581694,1.1169865430770325,0.806208208487001,0.4739309883372923,0.12588791877715952,-0.2321879640441363,-0.5945636239773545,-0.9555060248732558,-1.309282130582575,-1.6501589049560836,-1.9724033118445625,-2.2702823150988176,-2.538062878569586,-2.770011966107651,-2.9603965415637314,-3.1034835687885662,-3.193540011632912,-3.2248328339475263
79,2,-0.7588323582708333,2.189245043513889,5.697398394253746,8.758868378974697,-0.6384913551734249,2.216847065822949,-0.12034100309740836,-0.027602022309059837,-0.0,0.2500697544301368,0.4484009389781753,0.5986891657785497,0.7046300469657003,0.7699191946740652,0.798252221038082,0.7933247381921841,0.7588323582708026,0.6984706934083768,0.6159353557393373,0.514921957398117,0.39912611051913865,0.2722434272368432,0.13796951968567633,7.024150452515004e-14,-0.13796951968554638,-0.2722434272367333,-0.3991261105190481,-0.5149219573980534,-0.615935355739313,-0.6984706934083842,-0.7588323582708335,-0.79332473819223,-0.7982522210381469,-0.769919194674142,-0.7046300469657831,-0.5986891657786282,-0.4484009389782374,-0.2500697544301736,-0.0,0.5868445569713059,1.0728436999572137,1.4636788607315658,1.765031471068181,1.9825829627408953,2.122014767523539,2.1890083171899324,2.1892450435138895,2.1284063782692435,2.0121737532298076,1.8462286001693968,1.6362523508618039,1.3879264370808662,1.1069322906004382,0.7989513431943347,0.46966502663635856,0.1247547727003484,-0.2300979868398495,-0.589211820210409,-0.9469052956375053,-1.2974969813472876,-1.6353054455659426,-1.954649256519665,-2.2498469824346743,-2.5152171915371233,-2.74507845205321,-2.9337493322090658,-3.075548400230846,-3.164794224344722,-3.1958053727768654
80,2,-0.7623285986666667,2.1476156976458336,5.7236485589970325,8.592315090551642,-0.6384913551734249,2.216847065822949,-0.12383724349324177,-0.06923136817711528,-0.0,0.2512219245605818,0.4504668992120766,0.6014475632337035,0.7078765559046881,0.773466516504253,0.8019300843116207,0.7969798986060098,0.7623285986666358,0.7016888237727235,0.618773213203488,0.5172944062381469,0.40096504215590845,0.273497760235998,0.13860519975764632,7.056505899090165e-14,-0.1386051997575158,-0.27349776023588757,-0.40096504215581746,-0.517294406238083,-0.6187732132034635,-0.7016888237727308,-0.7623285986666669,-0.7969798986060559,-0.8019300843116859,-0.7734665165043301,-0.7078765559047713,-0.6014475632337825,-0.450466899212139,-0.25122192456061876,-0.0,0.5756854795051616,1.0524431597891755,1.435846437991279,1.731468711250685,1.9448833767066234,2.081663831498319,2.1473834727649868,2.1476156976458336,2.087933903280089,1.9739114868069598,1.8111218453656557,1.605138376095364,1.3615344761353163,1.0858835426247608,0.7837589727029071,0.4607341635089526,0.12238251218212993,-0.22572258413832064,-0.5780077283131786,-0.928899523203225,-1.2728245716692153,-1.604209476571941,-1.9174808407722033,-2.2070652671308255,-2.467389358508566,-2.6928797177662296,-2.877962947764554,-3.0170656513642995,-3.104614431426244,-3.1350358908111646
81,3,-0.7586769622638889,2.1515452497777776,5.696231663617145,8.608036688284152,-0.8542160998447189,2.3064796136639085,0.09553913758082999,-0.1549343638861309,-0.0,0.2500185443823938,0.44830911406498086,0.5985665643834603,0.7044857506735378,0.7697615282709155,0.7980887525112963,0.7931622787303787,0.7586769622638583,0.6983276584474394,0.6158092226168175,0.5148165101076904,0.39904437625574585,0.27218767639668945,0.13794126586623184,7.022712362843973e-14,-0.13794126586610195,-0.2721876763965795,-0.39904437625565525,-0.5148165101076266,-0.6158092226167932,-0.6983276584474466,-0.7586769622638891,-0.7931622787304246,-0.7980887525113611,-0.7697615282709923,-0.7044857506736204,-0.598566564383539,-0.448309114065043,-0.25001854438243054,-0.0,0.5767388272273812,1.054368844289821,1.4384736461262064,1.7346368276754007,1.9484419838762852,2.0854727096677337,2.1513125999886116,2.1515452497777776,2.0917542539741105,1.9775232075164673,1.8144357053437088,1.6080753423946719,1.364025713608239,1.0878704139233089,0.7851930382787413,0.46157718161338374,0.12260643886611959,-0.22613559502416064,-0.5790653251185861,-0.9305991564782872,-1.2751534941643694,-1.6071447432379735,-1.92098930876025,-2.2111035957923733,-2.4719040093954505,-2.6978069546306354,-2.8832288365590153,-3.0225860602417023,-3.110295030739821,-3.1407721531145003
82,3,-0.7704247917222222,2.1277828051111114,5.784435683862664,8.512966414714441,-0.8542160998447189,2.3064796136639085,0.08379130812249669,-0.17869680855279713,-0.0,0.2538899881811623,0.45525101329035894,0.6078351441184431,0.7153944494562746,0.7816809980947103,0.810446858824607,0.8054441004368172,0.7704247917221911,0.709141001471587,0.6253447984758547,0.5227882515258458,0.40522342941240264,0.27640240092638474,0.1400772348586572,7.131430936334002e-14,-0.14007723485852527,-0.2764024009262731,-0.40522342941231065,-0.5227882515257812,-0.6253447984758299,-0.7091410014715944,-0.7704247917222224,-0.8054441004368639,-0.8104468588246728,-0.7816809980947882,-0.7153944494563585,-0.6078351441185229,-0.455251013290422,-0.2538899881811997,-0.0,0.5703691148216004,1.0427240130582762,1.4225866224049706,1.715478870556602,1.926922685208106,2.062439994054413,2.1275527247904433,2.1277828051111114,2.0686521627113503,1.955682725286074,1.7943964205301977,1.5903151761386147,1.3489609198062618,1.0758555792280935,0.7765210820990247,0.45647935611395885,0.12125232896783411,-0.22363807164440358,-0.5726699180278281,-0.9203212824875144,-1.2610702373285132,-1.5893948548559096,-1.8997732073747984,-2.1866833671902977,-2.4446034066074604,-2.6680113979313846,-2.8513854134671024,-2.9892035255196703,-3.075943806394158,-3.106084328395639
83,3,-0.7263510802777778,2.172666238423611,5.453525318647638,8.692538859537555,-0.8542160998447189,2.3064796136639085,0.12786501956694107,-0.13381337524029746,-0.0,0.2393656969096991,0.42920745652773534,0.5730627029463689,0.6744688602578662,0.736963352554491,0.7640836039285069,0.7593670384721738,0.7263510802777484,0.6685731534374963,0.5895706820436744,0.4928810901885413,0.382041801964347,0.26059024146335774,0.13206383277784503,6.723557204965507e-14,-0.13206383277772066,-0.26059024146325255,-0.3820418019642603,-0.4928810901884804,-0.5895706820436512,-0.6685731534375033,-0.7263510802777781,-0.7593670384722178,-0.7640836039285691,-0.7369633525545645,-0.6744688602579454,-0.573062702946444,-0.42920745652779474,-0.2393656969097343,-0.0,0.5824004763248097,1.0647192249713642,1.452594653132822,1.7516651680023176,1.9675691767730026,2.1059450866380236,2.1724313047905164,2.1726662384236115,2.112288294730457,1.996935880904183,1.8322474041379206,1.6238612716247778,1.3774158905579081,1.098549668130482,0.7929010115356299,0.4661083279664707,0.12381002461615893,-0.22835549132214342,-0.5847498126552942,-0.939734532190153,-1.2876712427335535,-1.6229215370923655,-1.9398470080734687,-2.232809248483766,-2.496169851130094,-2.724290408819335,-2.9115325143583055,-3.052257760553845,-3.1408277402128073,-3.17160404614205
84,3,-0.7382191886736111,2.1636256095000004,5.54263240663652,8.656368546378841,-0.8542160998447189,2.3064796136639085,0.11599691117110777,-0.14285400416390814,-0.0,0.24327677808559833,0.43622042967072705,0.5824261780768467,0.6854892466254245,0.7490048586379245,0.776568237435811,0.7717746063405441,0.7382191886735813,0.6794972077563883,0.5992038869104226,0.5009344494571434,0.38828411871800056,0.26484811801446134,0.13422167066799764,6.833388882331641e-14,-0.13422167066787125,-0.26484811801435443,-0.38828411871791246,-0.5009344494570814,-0.5992038869103989,-0.6794972077563954,-0.7382191886736114,-0.7717746063405889,-0.7765682374358742,-0.7490048586379993,-0.685489246625505,-0.5824261780769232,-0.4362204296707874,-0.24327677808563414,-0.0,0.579977063792194,1.0602888475619996,1.4465502966628088,1.744376356447988,1.9593819722709227,2.097182089484991,2.163391653443563,2.1636256095000004,2.103498903007686,1.9886264793199815,1.8246232837902514,1.617104261771836,1.3716843586181224,1.0939785196825136,0.7896016903183727,0.4641688158790518,0.123294841717938,-0.22740528681157388,-0.582316624356109,-0.9358242255622937,-1.2823131450767293,-1.6161684375460525,-1.9317751576169102,-2.2235183599359725,-2.4857830991498426,-2.7129544299051704,-2.89941740684854,-3.0395570846265567,-3.127758517885843,-3.158406761273023
85,3,-0.8044122366527778,2.1471276895763887,6.0396172296435875,8.590362637371122,-0.8542160998447189,2.3064796136639085,0.04980386319194108,-0.15935192408751986,-0.0,0.2650903961696397,0.47533450347659434,0.6346499139824827,0.7469542197489302,0.8161650128375597,0.8461998853099936,0.8409764292278504,0.8044122366527453,0.7404248996463028,0.6529320102701379,0.545851160585868,0.42309994265510026,0.2885959485394604,0.14625677030057951,7.445962786028143e-14,-0.1462567703004418,-0.28859594853934384,-0.4230999426550043,-0.5458511605858005,-0.652932010270112,-0.7404248996463105,-0.8044122366527781,-0.840976429227899,-0.8461998853100623,-0.8161650128376409,-0.7469542197490178,-0.6346499139825659,-0.4753345034766602,-0.2650903961696788,-0.0,0.5755546650583455,1.052204010506009,1.4355201670252997,1.7310752652985026,1.944441436007921,2.081190809835851,2.1468955174645803,2.147127689576389,2.0874594568535776,1.9734629499784258,1.810710299633216,1.6047736365002079,1.361225091261705,1.0856367946000285,0.7835808771974597,0.4606294697362689,0.12235470289876078,-0.22567129263275182,-0.5778763861759761,-0.9286884470486207,-1.272535344568369,-1.6038449480529395,-1.9170451268200615,-2.206563750187486,-2.4668286874728986,-2.692267807994032,-2.8773089810685515,-3.016380076014145,-3.103908962148518,-3.134323508789375
86,3,-0.8283107015902778,2.177318299784722,6.219049582884704,8.711151117344695,-0.8542160998447189,2.3064796136639085,0.02590539825444116,-0.1291613138791865,-0.0,0.272966026660406,0.48945632366693387,0.6535048717091447,0.7691456514766064,0.8404126436588844,0.8713398289455434,0.8659611880261442,0.8283107015902443,0.7624223503274106,0.6723301149272003,0.5620679760791731,0.43566991447287823,0.2971699107978838,0.15060194574376354,7.667127642550931e-14,-0.15060194574362173,-0.2971699107977638,-0.43566991447277936,-0.5620679760791036,-0.6723301149271738,-0.7624223503274185,-0.8283107015902779,-0.8659611880261943,-0.8713398289456141,-0.8404126436589681,-0.7691456514766967,-0.6535048717092302,-0.4894563236670016,-0.2729660266604462,-0.0,0.5836474983959811,1.0669989764947805,1.455704914313158,1.7554157918678497,1.9717820891756088,2.110454286253183,2.1770828631173105,2.1773182997847225,2.116811076272169,2.001211672596381,1.8361705687740915,1.62733824482201,1.3803651807568913,1.1009018565955078,0.7945987523545911,0.46710634805086165,0.12407512370107539,-0.22884444067800397,-0.5860018650696329,-0.9417466694570694,-1.2904283738235458,-1.6263964981523302,-1.9440005624267012,-2.2375900866299596,-2.501514590745341,-2.730123594756126,-2.91776661864553,-3.05879318239679,-3.1475528059931595,-3.1783950094178937
87,3,-0.8277589177708333,2.2182450989861113,6.21490672812553,8.87489361316066,-0.8542160998447189,2.3064796136639085,0.026457182073885588,-0.0882345146777972,-0.0,0.2727841888108163,0.4891302695918076,0.653069535773674,0.7686332807871225,0.8398527980628572,0.8707593810315823,0.8653843231239978,0.8277589177707998,0.7619144584026947,0.6718822384503785,0.5616935513445501,0.43537969051589764,0.2969719493951285,0.15050162141295542,7.662021239709653e-14,-0.1505016214128137,-0.29697194939500854,-0.4353796905157989,-0.5616935513444806,-0.671882238450352,-0.7619144584027026,-0.8277589177708335,-0.8653843231240478,-0.8707593810316531,-0.8398527980629408,-0.7686332807872125,-0.6530695357737595,-0.48913026959187533,-0.2727841888108566,-0.0,0.5946182526369237,1.0870552323317921,1.4830676305179777,1.7884121386288294,2.0088454480977127,2.1501242503579885,2.2180052368430068,2.2182450989861118,2.156600528220666,2.0388282159800135,1.8706848536974987,1.6579271328064433,1.4063117447402156,1.1215953809322003,0.8095347328157418,0.4758864918241731,0.12640734939086248,-0.2331460030508132,-0.5970168740674978,-0.9594485722258367,-1.314684406092449,-1.6569676842339907,-1.9805417152171274,-2.2796498076085494,-2.5485352699748787,-2.7814414108827834,-2.9726115388988656,-3.11628896258975,-3.206716990522077,-3.2381389312624878
88,3,-0.7339909407708334,2.268942500145833,5.510886247489212,9.077726943869656,-0.8542160998447189,2.3064796136639085,0.12022515907388553,-0.037537113518075316,-0.0,0.24188337820854675,0.43372191954635864,0.5790902552184868,0.6815630164299885,0.7447148343859183,0.772120340291331,0.7673541653512768,0.7339909407708037,0.6756052977549678,0.595771867508817,0.498065281237401,0.38606017014576,0.26333116543895146,0.13345289832203766,6.794259179097301e-14,-0.13345289832191198,-0.2633311654388451,-0.3860601701456724,-0.4980652812373394,-0.5957718675087935,-0.675605297754975,-0.7339909407708336,-0.7673541653513212,-0.7721203402913938,-0.7447148343859926,-0.6815630164300686,-0.5790902552185627,-0.4337219195464187,-0.24188337820858227,-0.0,0.6082080944919132,1.1118995902530555,1.5169627463668685,1.8292858219167685,2.054757075986191,2.1992647676585646,2.2686971560173084,2.2689425001458337,2.2058890591275726,2.085425092045937,1.9134388579843402,1.6958186160261712,1.4384526252548668,1.147229144753881,0.8280364336066268,0.48676275089650467,0.12929635570695208,-0.2384744928785853,-0.6106615357766829,-0.9813765139039174,-1.3447311681768388,-1.6948372395120352,-2.0258064688261044,-2.3317505970356684,-2.60678136505728,-2.8450105138075417,-3.040549784202983,-3.187510917160161,-3.280005653595648,-3.3121457344260175
89,3,-0.7174643944444444,2.359388690847222,5.38680308540966,9.439589715732582,-0.8542160998447189,2.3064796136639085,0.13675170540027448,0.05290907718331361,-0.0,0.23643712998735095,0.42395623308076613,0.5660514540583825,0.6662169376983432,0.7279468287787884,0.7547352720778583,0.7500764123736894,0.7174643944444155,0.6603933630681782,0.5823574630231112,0.4868508390873502,0.37736763603902157,0.2574019986562682,0.13044807171723813,6.64131666765768e-14,-0.1304480717171153,-0.25740199865616425,-0.3773676360389359,-0.48685083908729004,-0.5823574630230883,-0.6603933630681851,-0.7174643944444447,-0.7500764123737328,-0.7547352720779197,-0.727946828778861,-0.6662169376984215,-0.5660514540584568,-0.4239562330808248,-0.23643712998738564,-0.0,0.6324529157233933,1.1562229181356969,1.5774329882685392,1.902206107153524,2.1366652558222734,2.2869334153064034,2.3591335666375204,2.359388690847222,2.2938217689671285,2.168555782028837,1.9897137110639471,1.7634185371040345,1.4957932411807233,1.1929608043256559,0.8610442075704312,0.5061664319466361,0.13445045848589599,-0.2479807317801561,-0.6350041578199082,-1.0204968386017501,-1.398335793094044,-1.7623980402651915,-2.1065605990836036,-2.424700488517718,-2.7106947275358992,-2.958420335106562,-3.1617543301980504,-3.3145737317787316,-3.410755558816991,-3.4441768302812146
90,3,-0.7375151009027777,2.4117580834305556,5.537346036740407,9.649112454214169,-0.8542160998447189,2.3064796136639085,0.11670099894194119,0.10527846976664712,-0.0,0.2430447491611192,0.43580437780614373,0.5818706802576503,0.6848354508382223,0.7482904838704395,0.7758275736768825,0.7710385145801275,0.7375151009027479,0.6788491269673258,0.5986323870964344,0.5004566756126492,0.3879137868385362,0.26459551509667856,0.13409365470966422,6.82687300479628e-14,-0.13409365470953796,-0.2645955150965717,-0.3879137868384482,-0.5004566756125873,-0.5986323870964108,-0.6788491269673329,-0.7375151009027779,-0.7710385145801721,-0.7758275736769455,-0.7482904838705141,-0.6848354508383027,-0.5818706802577267,-0.435804377806204,-0.24304474916115493,-0.0,0.6464909481859878,1.181886638636092,1.6124459591100972,1.9444277973677657,2.184091041168877,2.3376945782732053,2.4114972964405132,2.4117580834305556,2.3447358270031105,2.216689414917933,2.0338777349347796,1.8025596748133823,1.5289941223135226,1.2194399651950016,0.8801560912175758,0.5174013881409885,0.13743474372502235,-0.25348495427053086,-0.6490988180859021,-1.0431479599613236,-1.4293734921369998,-1.801516526853174,-2.1533181763501017,-2.4785195528680632,-2.770861768647266,-3.0240859359279675,-3.2319331669503533,-3.3881445739546323,-3.4864612691810324,-3.520624364869782
91,3,-0.7628843154930556,2.4348747283125,5.727820943213149,9.741598971648262,-0.8542160998447189,2.3064796136639085,0.09133178435166334,0.12839511464859132,-0.0,0.2514050585147326,0.45079527733676084,0.6018860021584195,0.7083925786720492,0.7740303525699884,0.8025146695445751,0.7975608752881435,0.7628843154930246,0.7022003358515586,0.6192242820560763,0.5176714997989108,0.40125733477238573,0.2736971326688421,0.13870623918062616,7.061648699370309e-14,-0.13870623918049554,-0.2736971326687316,-0.40125733477229464,-0.5176714997988469,-0.6192242820560518,-0.7022003358515659,-0.7628843154930558,-0.7975608752881895,-0.8025146695446402,-0.7740303525700655,-0.7083925786721323,-0.6018860021584984,-0.4507952773368233,-0.2514050585147696,-0.0,0.652687548819891,1.1932149944541028,1.6279012159553667,1.9630650923763908,2.2050255027699013,2.3601013261886186,2.4346114416852505,2.4348747283125,2.36721006512309,2.2379363311697213,2.053372405505098,1.8198371671818963,1.543649495252846,1.231128268770693,0.8885923667881405,0.5223606683578779,0.13875205253263428,-0.25591460163485225,-0.6553204150918663,-1.0531465087856942,-1.4430740036635932,-1.8187840206728616,-2.173957680760808,-2.5022761048747673,-2.797420413962,-3.053071728969819,-3.2629111708454603,-3.4206198605361897,-3.519878918989287,-3.554369467152035
92,3,-0.80893472959375,2.5047208360833335,6.073572613516033,10.021043644395574,-0.8542160998447189,2.3064796136639085,0.0452813702509689,0.198241222419425,-0.0,0.2665807631615509,0.4780068856689868,0.6382179847118857,0.7511536774798326,0.8207535811624094,0.8509573129491977,0.8457044900297757,0.8089347295937174,0.7445876488306068,0.6566028649300182,0.5489199950815282,0.42547865647470295,0.2902184662991278,0.1470790417443931,7.487815537032496e-14,-0.1470790417442546,-0.2902184662990106,-0.4254786564746064,-0.5489199950814602,-0.6566028649299922,-0.7445876488306145,-0.8089347295937503,-0.8457044900298245,-0.8509573129492668,-0.820753581162491,-0.7511536774799207,-0.6382179847119693,-0.47800688566905297,-0.2665807631615902,-0.0,0.6714103538765395,1.2274432124923162,1.6745987164254184,2.0193770062539107,2.268278222555877,2.4278025059093933,2.504449996892526,2.504720836083334,2.4351151640598956,2.302133121400271,2.1122748486825187,1.8720404864846716,1.587930175384816,1.2664440559610561,0.9140822687914516,0.537344954454048,0.14273225352693159,-0.26325569341180205,-0.6741187457840806,-1.0833567630118335,-1.4844696045169608,-1.8709571297214034,-2.236319198047114,-2.574055668916073,-2.8776664017501825,-3.140651255971399,-3.356510091001602,-3.5187427662626978,-3.62084914117661,-3.656329075165265
93,3,-0.7744451487708334,2.3421412441666667,5.814620975176913,9.370585053236741,-0.8542160998447189,2.3064796136639085,0.07977095107388554,0.03566163050275817,-0.0,0.2552148785721818,0.4576266788190835,0.6110070491925095,0.7191276381442705,0.7857600941261742,0.8146760655900287,0.8096472009876376,0.7744451487708022,0.7128415573913313,0.6286080753010261,0.5255163509516895,0.40733803279511405,0.27784476928311086,0.14080820886749595,7.168636743993692e-14,-0.14080820886736337,-0.27784476928299867,-0.40733803279502157,-0.5255163509516245,-0.6286080753010015,-0.7128415573913388,-0.7744451487708337,-0.8096472009876846,-0.8146760655900949,-0.7857600941262525,-0.7191276381443548,-0.6110070491925895,-0.45762667881914687,-0.25521487857221936,-0.0,0.6278296003772542,1.1477707740660308,1.5659017422882335,1.8883007262657412,2.121045947220452,2.2702156263742572,2.3418879849490373,2.3421412441666667,2.27705362524904,2.1527033494180308,1.9751686378955144,1.7505277119033409,1.4848587926634103,1.1842401013976398,0.8547498593279043,0.5024662876760659,0.13346760766402527,-0.24616795948630923,-0.6303621925530504,-1.0130368703143127,-1.388113771548183,-1.749514675032787,-2.0911613595462613,-2.4069756038667665,-2.690879186772393,-2.9367938870412797,-3.138641483451496,-3.2903437547811327,-3.3858224798083008,-3.418999437311111
94,3,-0.7658102855972222,2.3622154908055553,5.749789454691891,9.450899353656435,-0.8542160998447189,2.3064796136639085,0.08840581424749672,0.05573587714164674,-0.0,0.25236929866269653,0.452524259671041,0.6041944785717714,0.7111095509116323,0.776999072237365,0.8055926380957112,0.8006198440334085,0.7658102855971912,0.704893558333803,0.6215992577899778,0.5196569795124528,0.4027963190479542,0.27474687194322683,0.13923823374502037,7.08872666274454e-14,-0.13923823374488928,-0.27474687194311587,-0.4027963190478627,-0.5196569795123884,-0.6215992577899534,-0.7048935583338103,-0.7658102855972224,-0.8006198440334548,-0.8055926380957766,-0.7769990722374424,-0.7111095509117157,-0.6041944785718507,-0.4525242596711037,-0.25236929866273367,-0.0,0.6332106619492484,1.1576081968350014,1.5793229216749376,1.9044851534867127,2.139225209288,2.2896734060964663,2.361960060929768,2.3622154908055553,2.2965700127414985,2.1711539437552463,1.9920976008644493,1.7655313010867335,1.4975853614397752,1.1943900989412666,0.8620758306088586,0.5067728734601888,0.1346115445129335,-0.248277839215223,-0.6357649607066178,-1.02171950294359,-1.4000111489084501,-1.7645095815835483,-2.109084483951246,-2.427605538993929,-2.7139424296939105,-2.9619648390335556,-3.165542449995155,-3.318544945561027,-3.414842008713505,-3.448303322434924
95,3,-0.7837388552361111,2.3239235629930555,5.884399164937556,9.297698615949816,-0.8542160998447189,2.3064796136639085,0.07047724460860783,0.017443949329146946,-0.0,0.2582775772936934,0.46311841445765606,0.6183394215011531,0.7277575084334559,0.7951895852638332,0.8244525620015537,0.819363348655882,0.7837388552360793,0.7213959917514164,0.6361516682111544,0.5318227946245571,0.41222628100087777,0.2811790373493882,0.14249797367936545,7.254643994347784e-14,-0.14249797367923128,-0.2811790373492747,-0.4122262810007842,-0.5318227946244912,-0.6361516682111293,-0.7213959917514239,-0.7837388552361113,-0.8193633486559294,-0.8244525620016208,-0.7951895852639124,-0.7277575084335413,-0.6183394215012342,-0.46311841445772023,-0.2582775772937314,-0.0,0.6229462059536621,1.1388431647365758,1.5537218198513354,1.8736131148005122,2.1045479930866944,2.2525573982124656,2.3236722736803976,2.3239235629930555,2.2593422096530253,2.135959157162872,1.9598053490251632,1.7369117287424394,1.4733092398172922,1.1750288257523303,0.8481014300501194,0.4985579962132138,0.13242946774420458,-0.24425321185430823,-0.6254590990797462,-1.0051572504295325,-1.377316722401063,-1.735906571491772,-2.074895854199104,-2.388253627020529,-2.669948946453446,-2.913950868995302,-3.114228451143475,-3.2647507493953656,-3.3594868202483923,-3.3924057201999753
96,3,-0.8141798402083333,2.2931390090416666,6.11295349187144,9.174533848732679,-0.8542160998447189,2.3064796136639085,0.040036259636385574,-0.013340604622241958,-0.0,0.26830926552317474,0.4811062692139675,0.6423561726318325,0.7560241373362309,0.8260753248866207,0.8564748968424603,0.8511880147632033,0.8141798402083005,0.7494155347372118,0.6608602599093878,0.5524791772842814,0.4282374484213349,0.2921002348800096,0.14803269821977236,7.536355647853599e-14,-0.14803269821963294,-0.2921002348798916,-0.4282374484212377,-0.552479177284213,-0.6608602599093617,-0.7494155347372196,-0.8141798402083336,-0.8511880147632525,-0.8564748968425298,-0.826075324886703,-0.7560241373363195,-0.6423561726319168,-0.4811062692140341,-0.2683092655232143,-0.0,0.6146941612688127,1.1237571354861773,1.533139975443742,1.8487937339331313,2.076669463745987,2.222718217673945,2.2928910485086327,2.2931390090416666,2.229413152064688,2.107664530369315,1.9338441967471673,1.7139032039898412,1.4537926048889813,1.1594634522362488,0.8368667988232636,0.49195369744163336,0.1306752008830026,-0.24101763806097543,-0.6171737665986688,-0.9918421319384473,-1.3590716812886536,-1.7129113618576683,-2.047410120853882,-2.356616905485711,-2.634580662961501,-2.8753503404896446,-3.0729748852784677,-3.221503244536317,-3.314984365471559,-3.347467195292559
97,3,-0.8035373215486111,2.2609538369652777,6.033048268982834,9.04576540099452,-0.8542160998447189,2.3064796136639085,0.050678778296107785,-0.04552577669863078,-0.0,0.26480207187394844,0.4748175081877686,0.6339596400528966,0.7461417985807755,0.8152773148828452,0.8452795200705455,0.8400617452553125,0.8035373215485786,0.7396195800617856,0.6522218519063663,0.5452574681937549,0.4226397600353762,0.28828205854267325,0.1460976948270946,7.437866011863414e-14,-0.14609769482695703,-0.28828205854255684,-0.42263976003528025,-0.5452574681936875,-0.6522218519063404,-0.7396195800617934,-0.8035373215486113,-0.8400617452553611,-0.8452795200706141,-0.8152773148829262,-0.7461417985808629,-0.6339596400529798,-0.47481750818783436,-0.26480207187398747,-0.0,0.6060666697487692,1.1079847306580863,1.5116217099865297,1.8228451349926533,2.047522532935029,2.191521431072222,2.260709356662789,2.2609538369652777,2.1981223992382586,2.078082570740279,1.9067018787298897,1.6898478504656167,1.4333880132060342,1.1431898942097327,0.8251210207352621,0.48504892004115996,0.1288411193860009,-0.2376348539716327,-0.6085114727731792,-0.9779212097600783,-1.3399965376737437,-1.6888699292556255,-2.018673857247185,-2.323540794389907,-2.5976032134252085,-2.834993587094552,-3.0298443881393333,-3.1762880893009715,-3.2684571633209014,-3.3004840829405593
98,3,-0.7866882776736112,2.2910118765486107,5.906543759163455,9.166023484127074,-0.8542160998447189,2.3064796136639085,0.06752782217110775,-0.015467737115297808,-0.0,0.25924954605150585,0.464861254988906,0.6206664008917779,0.7304962578397058,0.7981820999122705,0.8275552011890537,0.822446835749632,0.7866882776735793,0.724110801040479,0.6385456799299047,0.5338241884214323,0.41377760059462804,0.28223719052907603,0.14303423230436577,7.281938993918707e-14,-0.14303423230423107,-0.282237190528962,-0.41377760059453417,-0.5338241884213664,-0.6385456799298794,-0.7241108010404865,-0.7866882776736115,-0.8224468357496796,-0.8275552011891208,-0.7981820999123501,-0.7304962578397914,-0.6206664008918594,-0.4648612549889704,-0.259249546051544,-0.0,0.614123966475313,1.1227147301597793,1.531717823605013,1.8470787793626051,2.0747431299841637,2.2206564080212905,2.2907641460255777,2.2910118765486107,2.227345132141995,2.1057094453573146,1.9320503487461567,1.7123133748600832,1.452444056250704,1.1583879254696472,0.8360905150684987,0.4914973575988322,0.1305539856122585,-0.24079406833960323,-0.616601271705155,-0.9909220919328003,-1.357810996470916,-1.711322452767916,-2.045510928272225,-2.354430890432294,-2.6321368066965007,-2.8726831445132737,-3.070124371330971,-3.218514954597975,-3.311909361762685,-3.3443620602735
99,3,-0.7791210971736111,2.3063230630069445,5.849728519855564,9.22728143572633,-0.8542160998447189,2.3064796136639085,0.0750950026711078,-0.00015655065696407178,-0.0,0.25675581611400605,0.4603897392389064,0.6146961903024928,0.7234695902325636,0.7905043599569141,0.8195949204033399,0.8145356924996323,0.7791210971735796,0.717145555352979,0.6324034879656186,0.528689315939289,0.4097974602017702,0.27952234168086104,0.14165838130436506,7.211909626177248e-14,-0.14165838130423167,-0.2795223416807482,-0.40979746020167723,-0.5286893159392236,-0.6324034879655938,-0.7171455553529864,-0.7791210971736113,-0.8145356924996795,-0.8195949204034064,-0.7905043599569929,-0.7234695902326483,-0.6146961903025735,-0.4603897392389702,-0.25675581611404386,-0.0,0.618228251859202,1.1302180062226215,1.5419545305548261,1.8594230923203612,2.088608958983789,2.2354973980096657,2.306073676862538,2.3063230630069445,2.2422308239074447,2.119782227028578,1.9449625398348847,1.7237570297908804,1.4621509643611303,1.1661296110102162,0.8416782372026779,0.4947821104030433,0.13142649807587753,-0.242403332314246,-0.6207221133027752,-0.9975445774251592,-1.3668854572168205,-1.7227594852132193,-2.059181393949827,-2.370165915962138,-2.649727783785579,-2.8918817299556228,-3.0906424870076736,-3.2400247874771586,-3.3340433638995233,-3.366712948810213
100,3,-0.8002374461874999,2.3615420659305553,6.008272434928427,9.448205073333304,-0.8542160998447189,2.3064796136639085,0.05397865365721899,0.055062452266646744,-0.0,0.2637146129481278,0.47286758183802124,0.6313561669595528,0.7430776286026012,0.8119292270570427,0.8418082226127536,0.8366118755596056,0.8002374461874676,0.7365821947862174,0.6495433816457239,0.5430182670558579,0.42090411130647976,0.2870981746874691,0.14549771748871043,7.40732779684869e-14,-0.14549771748857343,-0.2870981746873532,-0.4209041113063842,-0.5430182670557906,-0.6495433816456982,-0.7365821947862251,-0.8002374461875001,-0.836611875559654,-0.841808222612822,-0.8119292270571236,-0.7430776286026883,-0.6313561669596355,-0.4728675818380868,-0.26371461294816667,-0.0,0.6330301450520678,1.157278183693403,1.5788726852992754,1.9039422192449307,2.1386153549056335,2.2890206616566413,2.361286708873202,2.3615420659305557,2.295915302203963,2.170534987068665,1.9915296898999024,1.7650279800728927,1.4971584269629015,1.1940495999452132,0.861830068395069,0.5066284016876975,0.13457316919836546,-0.2482070596976516,-0.6355837156251002,-1.0214282292087282,-1.3996120310732558,-1.7640065518434422,-2.108483222144058,-2.4269134725998973,-2.7131687338356842,-2.9611204364761914,-3.1646400111461204,-3.3175988884701963,-3.4138684990731636,-3.447320273579766
101,3,-0.7839789233402779,2.298088691298611,5.886201623169976,9.194336846818603,-0.8542160998447189,2.3064796136639085,0.07023717650444106,-0.00839092236529737,-0.0,0.2583566906462029,0.46326027288284555,0.618528825882038,0.7279804288158965,0.7954331608565349,0.8247051011760669,0.8196143289466018,0.7839789233402461,0.7216169635291154,0.6363465286853159,0.5319856979809561,0.4123525505881343,0.28126516567896753,0.14254162242557764,7.256865669587286e-14,-0.14254162242544344,-0.281265165678854,-0.41235255058804077,-0.5319856979808902,-0.6363465286852907,-0.721616963529123,-0.7839789233402781,-0.8196143289466492,-0.8247051011761339,-0.7954331608566142,-0.7279804288159819,-0.618528825882119,-0.4632602728829097,-0.25835669064624095,-0.0,0.6160209629897215,1.1261827366960033,1.536449219106662,1.852784308209491,2.0811519019923006,2.2275158984428955,2.2978401955490697,2.2980886912986116,2.2342252836793275,2.112213870679007,1.9380183502854365,1.7176026204863817,1.456930579269655,1.1619661246230868,0.8386731545344651,0.4930155669915664,0.13095725998220373,-0.2415378685058012,-0.6185059204846479,-0.9939829979665376,-1.3620052029636442,-1.71660863748818,-2.0518294035523676,-2.3617036031684533,-2.6402673383486155,-2.8815567111050786,-3.0796078234499986,-3.228456777395555,-3.3221396749539442,-3.354692618137364
102,3,-0.7872482774444445,2.3079903605694443,5.910748300206484,9.23395206400606,-0.8542160998447189,2.3064796136639085,0.06696782240027443,0.0015107469055357647,-0.0,0.2594340914305304,0.4651921639443984,0.6211082188927924,0.731016257626908,0.7987502814979374,0.828144291857073,0.823032290055503,0.7872482774444126,0.724626255374996,0.6390002251984381,0.5342041882659264,0.4140721459286378,0.2824380995377679,0.14313605044451733,7.28712143008325e-14,-0.14313605044438255,-0.2824380995376538,-0.41407214592854386,-0.5342041882658604,-0.639000225198413,-0.7246262553750036,-0.7872482774444446,-0.8230322900555507,-0.8281442918571403,-0.798750281498017,-0.7310162576269937,-0.6211082188928739,-0.4651921639444628,-0.2594340914305686,-0.0,0.6186751842399804,1.131035068566182,1.543069247339962,1.8607673149226536,2.090118865675607,2.2371134939601687,2.307740794137672,2.3079903605694443,2.2438517876168347,2.1213146696411704,1.9463686010037793,1.7250031760659672,1.4632079891890866,1.166972634734508,0.8422867070635602,0.495139800537559,0.1315215095178583,-0.24257857163418,-0.6211708485572153,-0.9982657268899084,-1.367873612270893,-1.724004910338841,-2.0606700267324354,-2.3718793670903824,-2.6516433370513193,-2.8939723422539307,-3.092876788336833,-3.242367080938664,-3.3364536256980815,-3.369146828253742
103,3,-0.7897109397291666,2.3538988497222224,5.929238244650257,9.417625616292085,-0.8542160998447189,2.3064796136639085,0.0645051601155523,0.047419236058313885,-0.0,0.26024565059254107,0.4666473734762795,0.6230511634875568,0.7333030154627214,0.801248924238118,0.8307348846500922,0.8256068915349851,0.7897109397291346,0.726893024068888,0.640999139390583,0.5358752805305596,0.4153674423251477,0.283321619610696,0.14358380722355796,7.309911778847868e-14,-0.14358380722342276,-0.2833216196105816,-0.41536744232505346,-0.5358752805304933,-0.6409991393905576,-0.7268930240688956,-0.7897109397291668,-0.8256068915350329,-0.8307348846501598,-0.8012489242381977,-0.7333030154628073,-0.6230511634876386,-0.46664737347634416,-0.2602456505925794,-0.0,0.63098132011906,1.1535326110445965,1.5737626068156985,1.8977800414714308,2.1316936490508773,2.281612163593115,2.35364431913721,2.3538988497222224,2.2884844893872325,2.1635099721713,1.9850840321134844,1.759315403252823,1.4923128196284008,1.190185015279321,0.8590407242446442,0.504988680563418,0.13413761827472845,-0.24740372858232965,-0.6335266259686837,-1.0181223398452623,-1.3950821361729668,-1.758297280912737,-2.101659040025524,-2.4190586794723026,-2.7043874652139785,-2.951536663211504,-3.1543975394257617,-3.306861359817659,-3.4028193903481188,-3.4361628969780678
104,3,-0.8155307566805555,2.4070487568402776,6.123096324152799,9.630271086099595,-0.8542160998447189,2.3064796136639085,0.03868534316416339,0.10056914317636911,-0.0,0.26875445390606606,0.48190453803846234,0.6434219930953065,0.7572785597747228,0.827445978774833,0.8578959907937588,0.8526003365296172,0.8155307566805226,0.7506589919445981,0.6619567830199578,0.5533958706047181,0.4289479953969843,0.29258489809488164,0.14827831939654013,7.548857507221331e-14,-0.1482783193964005,-0.29258489809476346,-0.42894799539688694,-0.5533958706046495,-0.6619567830199317,-0.750658991944606,-0.8155307566805557,-0.8526003365296666,-0.8578959907938284,-0.8274459787749154,-0.7572785597748115,-0.6434219930953907,-0.4819045380385291,-0.2687544539061057,-0.0,0.6452285757143942,1.1795788241781402,1.6092974117152348,1.9406310046496527,2.179826269305385,2.3331298720064177,2.406788479076726,2.4070487568402776,2.3401573716210615,2.2123609897430443,2.029906277530197,1.799039901306461,1.526008527395832,1.2170588221223217,0.8784374518098993,0.5163910827825201,0.13716638136417908,-0.2529899861211203,-0.6478313533493967,-1.0411110539966706,-1.4265824217389338,-1.797998790252218,-2.1491134932125666,-2.4736798642960474,-2.7654512371786564,-3.0181809455364377,-3.225622323045366,-3.3815287033814383,-3.4796534202206697,-3.5137498072390767
105,3,-0.861907965625,2.4466085235,6.471301606769046,9.788544272695148,-0.8542160998447189,2.3064796136639085,-0.007691865780281137,0.1401289098360916,-0.0,0.284037852308211,0.5093092524147222,0.6800118040482248,0.8003431109374168,0.8745007768109937,0.9066824053976509,0.9010856004260789,0.8619079656249652,0.793347104723007,0.6996006214488916,0.5848661195313084,0.45334120269893624,0.3092234746804738,0.15671053920462524,7.97804862007941e-14,-0.15671053920447767,-0.30922347468034894,-0.4533412026988334,-0.5848661195312361,-0.6996006214488639,-0.7933471047230152,-0.8619079656250002,-0.901085600426131,-0.9066824053977244,-0.8745007768110807,-0.8003431109375106,-0.6800118040483139,-0.5093092524147929,-0.28403785230825296,-0.0,0.6558328860030453,1.1989651631164893,1.6357461614186357,1.972525210987766,2.2156516419021797,2.3714747842401698,2.4463439680800185,2.4466085235000006,2.378617780578412,2.2487210693935276,2.063267720023623,1.8286070625469497,1.5510884270418084,1.2370611435865195,0.8928745422593584,0.5248779531385881,0.13942070630251083,-0.25714786817056234,-0.6584784402023429,-1.0582216797145438,-1.4500282566288496,-1.827548840866985,-2.1844341023506857,-2.5143347110017142,-2.810901336741757,-3.067784649492554,-3.2786353191757702,-3.4371040157130945,-3.5368414090262363,-3.5714981690369045
106,3,-0.9009476026736112,2.469780565972222,6.764415577211542,9.881252428270294,-0.8542160998447189,2.3064796136639085,-0.04673150282889227,0.16330095230831354,-0.0,0.29690318724468384,0.5323781288525357,0.7108125566547558,0.8365942024825521,0.9141107981671295,0.947750075539693,0.9418997664314426,0.9009476026735748,0.8292813160972966,0.7312886385338044,0.6113573018142973,0.4738750377699623,0.3232295782320082,0.16380865503164907,8.339335244519022e-14,-0.16380865503149483,-0.32322957823187765,-0.47387503776985473,-0.6113573018142217,-0.7312886385337756,-0.8292813160973052,-0.9009476026736115,-0.941899766431497,-0.9477500755397698,-0.9141107981672203,-0.83659420248265,-0.7108125566548489,-0.5323781288526094,-0.2969031872447278,-0.0,0.6620443364019029,1.2103206666290436,1.6512384558180448,1.9912071691055078,2.23663627162805,2.3939352285222837,2.46951350492481,2.469780565972222,2.401145876801136,2.2700189025481445,2.0828091083498426,1.8459259593427995,1.5657789206636354,1.24877745744899,0.9013310348354578,0.5298491179596201,0.14074117195809813,-0.25958333803247774,-0.6647149468755,-1.068244189434363,-1.4637616005724319,-1.8448577151531125,-2.2051230680398217,-2.5381481940960042,-2.837523628185027,-3.096839905170311,-3.309687559915202,-3.46965712728307,-3.570339142137305,-3.6053241393412976
107,3,-0.9339003632847223,2.4709949013194445,7.011828597156805,9.88611081701292,-0.8542160998447189,2.3064796136639085,-0.07968426344000334,0.16451528765553602,-0.0,0.3077626197187989,0.5518502146681903,0.7368110009031299,0.8671931944785808,0.9475450114495036,0.982414667870859,0.976350379797602,0.9339003632846846,0.8596128343870693,0.7580360091597075,0.6337181036575534,0.4912073339355496,0.33505191604865975,0.16980006605185416,8.644291759159018e-14,-0.16980006605169423,-0.3350519160485244,-0.49120733393543803,-0.633718103657475,-0.7580360091596775,-0.8596128343870781,-0.9339003632847225,-0.9763503797976584,-0.9824146678709385,-0.9475450114495977,-0.8671931944786823,-0.7368110009032262,-0.5518502146682668,-0.3077626197188445,-0.0,0.6623698486559864,1.2109157539769686,1.6520503324888793,1.9921862007176283,2.2377359751891426,2.3951122724293445,2.4707277089641444,2.4709949013194445,2.40232646602117,2.271135019595224,2.08383317856751,1.8468335594639071,1.5665487788103447,1.249391453132772,0.9017741989570925,0.5301096328091973,0.1408103712150171,-0.25971096929950843,-0.6650417722084625,-1.06876942098593,-1.4644812991059661,-1.8457647900426681,-2.2062072772701433,-2.539396144262527,-2.838918774493876,-3.0983625514383033,-3.311314858569844,-3.471363079362559,-3.5720945972905294,-3.6070967958278355
108,3,-0.9465840413263888,2.494270455465278,7.107059073453957,9.979233108560436,-0.8542160998447189,2.3064796136639085,-0.09236794148166994,0.18779084180136962,-0.0,0.3119424681643477,0.5593451153291743,0.7468179287087294,0.8789708955172699,0.9604140029690506,0.9957572382783253,0.9896105886593434,0.9465840413263507,0.8712875834936031,0.7683312023753464,0.642324885185828,0.49787861913928433,0.339602391449973,0.17210618933215832,8.761671006805368e-14,-0.17210618933199626,-0.33960239144983584,-0.49787861913917136,-0.6423248851857486,-0.7683312023753158,-0.8712875834936121,-0.9465840413263891,-0.9896105886594004,-0.995757238278406,-0.9604140029691458,-0.8789708955173727,-0.746817928708827,-0.5593451153292518,-0.3119424681643939,-0.0,0.6686090461827507,1.222321983582171,1.6676118324114226,2.010951612883645,2.258814345211996,2.4176730496096264,2.4940007462896765,2.494270455465278,2.4249551973495866,2.292527992155734,2.1034618600968544,1.8642298213860546,1.5813048962364953,1.2611601048613552,0.9102684674737671,0.5351030042868519,0.14213673551376982,-0.2621573186323095,-0.6713061379382395,-1.0788367021908751,-1.4782759911770427,-1.8631509846836085,-2.2269886624974515,-2.5633160044054764,-2.8656599901945126,-3.127547599651441,-3.3425058125630676,-3.504061608716224,-3.605741967897761,-3.6410738698945297
109,3,-0.887527032048611,2.3778528471666665,6.663652428809329,9.513462266185522,-0.8542160998447189,2.3064796136639085,-0.03331093220389214,0.07137323350275793,-0.0,0.2924804991978093,0.5244477916650364,0.7002242493110068,0.8241322440450531,0.9004941477765056,0.933632332414694,0.9278691698689432,0.8875270320485751,0.8169282908629215,0.7203953182213039,0.6022504860330462,0.4668161662074611,0.31841473065388193,0.16136855128164782,8.215136531986877e-14,-0.16136855128149585,-0.3184147306537533,-0.46681616620735517,-0.6022504860329717,-0.7203953182212753,-0.81692829086293,-0.8875270320486112,-0.9278691698689968,-0.9336323324147696,-0.9004941477765952,-0.8241322440451496,-0.7002242493110984,-0.524447791665109,-0.29248049919785246,-0.0,0.6374023797713928,1.165271313079438,1.589777698316454,1.917092433874736,2.1533864181465967,2.304830549524342,2.3775957264002696,2.377852847166667,2.3117728102158446,2.185526513940092,2.005284856731698,1.777218736982929,1.5074990530860997,1.2022967034335428,0.8677825864175485,0.5101276004303938,0.13550264386439465,-0.2499213848881248,-0.6399735874348623,-1.0284830653835169,-1.4092789203417602,-1.7761902539173022,-2.123046167717865,-2.443675763351195,-2.7319081424249667,-2.9815724065469045,-3.1864976573246606,-3.340512996365912,-3.437447525278353,-3.4711303456696796
110,3,-0.8580984270416666,2.3767471280069445,6.4426991641201985,9.50903843587342,-0.8542160998447189,2.3064796136639085,-0.003882327196947699,0.07026751434303602,-0.0,0.2827824361841581,0.5070581614336619,0.6770062265295562,0.7968056822528933,0.8706355793847224,0.9026749687060927,0.8971029009980488,0.858098427041632,0.7898405976178933,0.6965084635078741,0.5822810754926178,0.4513374843531567,0.30785674087054377,0.156017895825837,7.942793801144202e-14,-0.1560178958256901,-0.3078567408704194,-0.45133748435305426,-0.5822810754925456,-0.6965084635078466,-0.7898405976179016,-0.8580984270416668,-0.8971029009981006,-0.9026749687061659,-0.8706355793848091,-0.7968056822529866,-0.6770062265296449,-0.5070581614337322,-0.28278243618419985,-0.0,0.6371059829507882,1.1647294533009065,1.5890384399292827,1.9162009717148216,2.152385077536446,2.3037587862730713,2.376490126803605,2.3767471280069445,2.31069781876201,2.1845102279477,2.0043523844429143,1.7763923171265277,1.5067980548774649,1.2017376265746693,0.8673790610970399,0.5098903873234637,0.1354396341328663,-0.24980516959581842,-0.6396759949836783,-1.0280048131518031,-1.4086235952212542,-1.7753643123131326,-2.1220589355485497,-2.442539436048643,-2.730637784934477,-2.980185953327166,-3.1850159123477537,-3.3389596331173057,-3.4358490867569076,-3.4695162443876457
111,3,-0.8494213028421296,2.307997223921142,6.377550343115997,9.233979523332431,-0.8542160998447189,2.3064796136639085,0.004794797002589335,0.0015176102572334038,-0.0,0.2799229293456746,0.5019307698612087,0.6701603136058963,0.7887483526390383,0.8618316790199333,0.8935470848078793,0.8880313620621698,0.8494213028420953,0.7818536992069559,0.6894653432160418,0.5763930269286456,0.4467735424040488,0.3047436817015533,0.15444023688046585,7.862492621397309e-14,-0.1544402368803204,-0.3047436817014302,-0.44677354240394745,-0.5763930269285743,-0.6894653432160145,-0.781853699206964,-0.8494213028421298,-0.8880313620622211,-0.8935470848079518,-0.861831679020019,-0.7887483526391308,-0.670160313605984,-0.5019307698612783,-0.27992292934571594,-0.0,0.6186770240160248,1.1310384319647433,1.5430738360189786,1.860772848351531,2.090125081135217,2.2371201465428476,2.307747656747225,2.307997223921142,2.243858460237414,2.121320977868833,1.9463743889881966,1.7250083057682741,1.4632123403818855,1.1669761050018674,0.8422892118010147,0.4951412729521101,0.13152190062797342,-0.2425792929985669,-0.621172695754704,-0.9982686954676323,-1.3678776799645191,-1.7240100370725704,-2.0606761546190016,-2.3718864204310544,-2.651651222335898,-2.893980948160752,-3.0928859857327655,-3.2423767228791114,-3.336463547426979,-3.36915684720356
112,3,-0.8636571885222222,2.307152019387037,6.484434968330663,9.23059797621441,-0.8542160998447189,2.3064796136639085,-0.009441088677503262,0.0006724057231286551,-0.0,0.28461430076297733,0.510342884126717,0.6813918727625915,0.8019673893419801,0.8762755565362595,0.9085224970168064,0.9029143334549928,0.8636571885221872,0.7949571848897683,0.7010204452291043,0.5860530922115665,0.4542612485085143,0.30985103679132797,0.1570285797313931,7.994236548136808e-14,-0.15702857973124518,-0.30985103679120285,-0.4542612485084112,-0.5860530922114938,-0.7010204452290767,-0.7949571848897765,-0.8636571885222224,-0.9029143334550449,-0.9085224970168801,-0.8762755565363467,-0.801967389342074,-0.6813918727626808,-0.5103428841267877,-0.2846143007630194,-0.0,0.6184504602141165,1.1306242378742846,1.5425087517159544,1.8600914204745538,2.0893596628855278,2.2363008976843144,2.306902543606344,2.307152019387037,2.243036743761836,2.1205441354661634,1.9456616132354407,1.7243765958050676,1.4626765019104908,1.166548750287175,0.8419807596705428,0.4949599487960044,0.13147373639900786,-0.242490458784991,-0.6209452180205575,-0.9979031225722582,-1.367376753704633,-1.7233786926822594,-2.059921520769726,-2.371017819231646,-2.650680169332561,-2.892921152337063,-3.091753349509673,-3.2411893421149363,-3.335241711417415,-3.3679230386816728
113,3,-0.8717778723324009,2.3425786287141417,6.545405972526878,9.372334968667031,-0.8542160998447189,2.3064796136639085,-0.01756177248768198,0.03609901505023316,-0.0,0.28729043520042236,0.5151414700145495,0.6877987758985435,0.8095080243085738,0.884514886700807,0.9170650345314094,0.9114041392565428,0.8717778723323656,0.8024319052150464,0.7076119093607433,0.5915635562256168,0.45853251726581684,0.31276446393751295,0.15850506769688086,8.069388231495638e-14,-0.15850506769673162,-0.31276446393738666,-0.45853251726571276,-0.5915635562255437,-0.7076119093607153,-0.8024319052150548,-0.8717778723324011,-0.9114041392565955,-0.9170650345314838,-0.884514886700895,-0.8095080243086687,-0.6877987758986336,-0.5151414700146209,-0.2872904352004648,-0.0,0.62794684478612,1.1479851151959137,1.5661941675322903,1.8886533580981346,2.1214420431963497,2.270639579129833,2.3423253222014706,2.342578628714142,2.2774788549707474,2.1531053572741663,1.9755374919272788,1.7508546152329416,1.4851360834940597,1.184461253013556,0.8549094800943109,0.5025601210391921,0.13349253215110565,-0.2462139302670343,-0.6304799099123352,-1.0132260504819057,-1.3883729956728272,-1.7498413891822202,-2.0915518747072146,-2.4074250959449675,-2.691381696592562,-2.9373423203471325,-3.139227610905741,-3.2909582119654748,-3.3864547672234386,-3.4196379203767373
114,3,-0.863449207201389,2.3233846442569446,6.482873421263733,9.295542476192624,-0.8542160998447189,2.3064796136639085,-0.009233107356670045,0.016905030593036052,-0.0,0.2845457614640664,0.5102199860734975,0.6812277836036225,0.8017742638297779,0.8760645365272974,0.9083037114715145,0.9026968984377581,0.8634492072013541,0.7947657475376378,0.7008516292219346,0.5859119620295725,0.45415185573586825,0.3097764201161589,0.15699076494578704,7.992311815351595e-14,-0.15699076494563918,-0.3097764201160338,-0.4541518557357652,-0.5859119620295,-0.7008516292219069,-0.7947657475376461,-0.8634492072013893,-0.9026968984378103,-0.9083037114715881,-0.8760645365273845,-0.8017742638298718,-0.6812277836037117,-0.5102199860735682,-0.2845457614641084,-0.0,0.622801744497475,1.138579066584321,1.5533615111850974,1.8731786232243401,2.1040599476266033,2.252035029316435,2.323133413218372,2.323384644256945,2.258818267356705,2.1354638274421824,1.9593508694379087,1.7365089382683911,1.4729675788581857,1.174756336131866,0.8479047550139631,0.49844238042899625,0.13239875730152179,-0.2441965694438952,-0.6253140548827113,-1.0049241540903844,-1.3769973221423455,-1.7355040141140632,-2.0744146850810177,-2.387699790118713,-2.6693297843025836,-2.9132751227081113,-3.113506260410709,-3.263993652485812,-3.3587077540088743,-3.39161902005535
115,3,-0.8487293641736111,2.3394219941666665,6.37235519004171,9.35970570790713,-0.8542160998447189,2.3064796136639085,0.005486735671107801,0.032942380502757995,-0.0,0.27969490410264014,0.5015218970116296,0.6696144009550847,0.7881058381611283,0.8611296308578813,0.8928192012734637,0.8873079716359914,0.8487293641735768,0.7812168011143423,0.6889037046864002,0.5759234971178651,0.44640960063684104,0.3044954374714516,0.15431442984982605,7.856089175956538e-14,-0.15431442984968075,-0.3044954374713286,-0.44640960063673973,-0.5759234971177939,-0.6889037046863729,-0.7812168011143504,-0.8487293641736114,-0.8873079716360427,-0.8928192012735361,-0.861129630857967,-0.7881058381612207,-0.6696144009551724,-0.501521897011699,-0.27969490410268144,-0.0,0.6271006837736642,1.1464382004284877,1.564083714309211,1.886108389760551,2.1185833911272427,2.267579882754015,2.339169028985586,2.339421994166667,2.2744099426419897,2.150204038756266,1.972875446854208,1.7484953312805034,1.4831348563798892,1.1828651864971205,0.8537574859769093,0.5018829191639551,0.1333126504029957,-0.2458821559612228,-0.6296303355839761,-1.0118607241205408,-1.3865021572261673,-1.7474834705561433,-2.088733499765768,-2.404181080510365,-2.687755048445187,-2.933384239225536,-3.134997488506643,-3.2865236319437625,-3.381891505192167,-3.415029943907131
116,3,-0.840465200451389,2.3099278907152776,6.3103069225849415,9.24170385569239,-0.8542160998447189,2.3064796136639085,0.013750899393329963,0.0034482770513690753,-0.0,0.2769714865123626,0.49663852753940785,0.6630942977586567,0.7804319718476371,0.8527447244838742,0.884125730344893,0.8786681641082142,0.840465200451355,0.7736100140518424,0.6821957795871936,0.570315671734928,0.4420628651725546,0.3015305345776017,0.15281185462760305,7.779609678688154e-14,-0.15281185462745916,-0.30153053457747986,-0.4420628651724543,-0.5703156717348574,-0.6821957795871666,-0.7736100140518504,-0.8404652004513891,-0.878668164108265,-0.8841257303449648,-0.8527447244839591,-0.7804319718477285,-0.6630942977587436,-0.49663852753947674,-0.2769714865124035,-0.0,0.619194554615361,1.1319845589014887,1.54436463541216,1.862329406701128,2.091873495322164,2.238991523829032,2.3096781147754877,2.309927890715278,2.245735474202171,2.123095487789914,1.9480025540322563,1.7264512954829223,1.464436334695685,1.1679522942243348,0.8429937966226204,0.49555546444427767,0.1316319202430805,-0.24278221342718923,-0.6216923140127709,-0.9991037589599054,-1.3690219257148066,-1.7254521917237262,-2.0623999344329267,-2.3738705312886954,-2.653869359737249,-2.8964017972248524,-3.095473221197701,-3.245089009102015,-3.3392545383840293,-3.3719751864899825
117,3,-0.8852297055138889,2.339183054041667,6.646403843707044,9.35874974132334,-0.8542160998447189,2.3064796136639085,-0.031013605669169997,0.03270344037775841,-0.0,0.29172342568068493,0.5230902805308825,0.6984117481813398,0.8219990122628115,0.8981632564060492,0.9312156642418047,0.9254674194008249,0.8852297055138532,0.8148137062116433,0.7185306051249385,0.6006915858844846,0.4656078321210162,0.3175905274652882,0.16095085554806174,8.193876258794997e-14,-0.1609508555479102,-0.31759052746516003,-0.46560783212091045,-0.6006915858844103,-0.7185306051249101,-0.8148137062116517,-0.8852297055138891,-0.9254674194008783,-0.9312156642418802,-0.8981632564061385,-0.8219990122629077,-0.6984117481814313,-0.523090280530955,-0.2917234256807281,-0.0,0.6270366339715585,1.1463211073655013,1.5639239644397396,1.8859157494521601,2.1183670066606695,2.2673482803231653,2.338930114697537,2.3391830540416674,2.274177642613457,2.149984424670788,1.9726739444715442,1.7483167462735831,1.482983374334812,1.1827443729131564,0.853670286266499,0.5018316586527094,0.13329903432969606,-0.24585704244462467,-0.6295660274123579,-1.0117573763156105,-1.386360544896461,-1.7473049888970282,-2.0885201640594397,-2.4039355261258497,-2.6874805308383403,-2.9330846339390417,-3.1346772911700165,-3.2861879582733478,-3.381546090991138,-3.41468114506549
118,3,-0.88427121843007,2.251576977167832,6.639207415256488,9.008249874344246,-0.8542160998447189,2.3064796136639085,-0.030055118585351037,-0.05490263649607652,-0.0,0.29140756061897194,0.522523901799535,0.6976555392158594,0.8211089885421224,0.8971907654524992,0.9302073856211641,0.9244653647222869,0.8842712184300342,0.8139314624185826,0.7177526123620984,0.6000411839347503,0.4651036928106957,0.3172466546641129,0.1607765851691855,8.18500607993932e-14,-0.1607765851690341,-0.3172466546639847,-0.46510369281059016,-0.600041183934676,-0.71775261236207,-0.813931462418591,-0.8842712184300702,-0.9244653647223403,-0.9302073856212394,-0.8971907654525885,-0.8211089885422187,-0.6976555392159507,-0.5225239017996074,-0.291407560619015,-0.0,0.6035531278545362,1.1033895826691134,1.5053525572910709,1.8152852445677234,2.0390308373464037,2.1824325284744384,2.251333510799145,2.2515769771678324,2.189006120427831,2.0694641334264494,1.8987942090110004,1.6828395400287706,1.4274433193270946,1.1384487397533243,0.8216989941547703,0.4830372753787315,0.12830677627254305,-0.2366493103164516,-0.60598779154093,-0.9738654745535706,-1.3344391665070265,-1.6818656745539866,-2.0103018058471513,-2.313904367539245,-2.586830166782922,-2.8232360107308856,-3.01727870653577,-3.1631150613502332,-3.2549018823269495,-3.2867959766185946
119,3,-0.8624605697569444,2.310872389239583,6.475450620526409,9.245482664411421,-0.8542160998447189,2.3064796136639085,-0.008244469912225494,0.0043927755756745235,-0.0,0.2842199604880563,0.509635791219962,0.6804477871782978,0.8008562433456509,0.8750614547046061,0.9072637162377482,0.901663322927657,0.8624605697569095,0.7938557517080922,0.7000491637637816,0.5852411009065565,0.45363185811898504,0.30942173038365517,0.15681101268316064,7.983162614383019e-14,-0.15681101268301298,-0.3094217303835302,-0.453631858118882,-0.5852411009064842,-0.7000491637637538,-0.7938557517081004,-0.8624605697569446,-0.9016633229277092,-0.9072637162378218,-0.8750614547046932,-0.8008562433457447,-0.6804477871783868,-0.5096357912200327,-0.2842199604880983,-0.0,0.6194477349615714,1.1324474122008132,1.54499610539224,1.8630908882103434,2.092728834329631,2.2399070174246067,2.3106225111697625,2.310872389239583,2.2466537253085757,2.123963593051224,1.948799066142016,1.7271572182554138,1.4650351230659275,1.1684298542480862,0.843338485476376,0.4957580904252707,0.1316857427692818,-0.24288148381707078,-0.6219465156592887,-0.999512279082875,-1.3695817004133053,-1.7261577059760944,-2.0632432220967667,-2.374841175100871,-2.6549544913138865,-2.8975860970613407,-3.096738918668692,-3.2464158824614198,-3.3406199147650244,-3.3733539419050045
120,3,-0.8727019408680555,2.261330068125,6.552343982660258,9.047270650129532,-0.8542160998447189,2.3064796136639085,-0.018485841023336613,-0.0451495455389086,-0.0,0.2875949577860358,0.5156875105128907,0.6885278299705048,0.8103660879488245,0.8854524562377942,0.9180371066273577,0.9123702109074544,0.8727019408680202,0.8032824682990013,0.7083619649903331,0.592190602731954,0.45901855331379104,0.31309598852579174,0.15867308015790904,8.077939888919651e-14,-0.15867308015775966,-0.3130959885256653,-0.45901855331368685,-0.5921906027318807,-0.708361964990305,-0.8032824682990096,-0.8727019408680559,-0.912370210907507,-0.9180371066274322,-0.8854524562378823,-0.8103660879489194,-0.6885278299705949,-0.5156875105129624,-0.28759495778607824,-0.0,0.6061675215053599,1.1081691034539192,1.5118732494826979,1.8231484632286925,2.0478632483289165,2.1918861084203782,2.2610855471400764,2.2613300681250004,2.1984881750121623,2.0784283714385534,1.907019161041165,1.6901290474569663,1.433626534322973,1.1433801252762186,0.8252583239536945,0.48512963399238074,0.12886255902929392,-0.2376743972985412,-0.6086127313541209,-0.9780839395004427,-1.340219518100478,-1.6891509635172346,-2.0190097721137317,-2.323927440253013,-2.598035464298051,-2.835465340611868,-3.0303485655574174,-3.176816635497675,-3.269001046795634,-3.301033295814289
121,3,-0.8823074541111111,2.282832690402778,6.624463252655114,9.13329968506642,-0.8542160998447189,2.3064796136639085,-0.0280913542663922,-0.023646923261130492,-0.0,0.2907604110138606,0.5213634956110594,0.6961062056784991,0.8192854931030895,0.8951983097717376,0.9281416075713503,0.9224123383888301,0.8823074541110755,0.8121239066249956,0.716158647817489,0.5987086295754567,0.46407080378578863,0.3165421223353953,0.16041953711119278,8.166832709600139e-14,-0.16041953711104173,-0.31654212233526746,-0.46407080378568333,-0.5987086295753826,-0.7161586478174605,-0.8121239066250039,-0.8823074541111112,-0.9224123383888834,-0.9281416075714256,-0.8951983097718266,-0.8192854931031854,-0.6961062056785903,-0.5213634956111317,-0.29076041101390354,-0.0,0.6119314705350538,1.118706504423089,1.5262494079540965,1.8404844874180417,2.067336049104909,2.212728399304677,2.2825858443073135,2.2828326904027785,2.2193932438810537,2.0981918110321005,1.9251526981458804,1.706200211512332,1.4472586574214412,1.1542523421632114,0.8331055720276043,0.48974265330457,0.13008789228409484,-0.2399344047438261,-0.6143999314892189,-0.9873843816621116,-1.3529634489725046,-1.7052128271304363,-2.038208209845956,-2.3460252908291377,-2.622739763789984,-2.862427322438547,-3.0591636604848094,-3.207024471638777,-3.3000854496104743,-3.332422288109924
122,3,-0.9018575536805555,2.282241963701389,6.771247591357101,9.130936268764192,-0.8542160998447189,2.3064796136639085,-0.04764145383583662,-0.024237649962519647,-0.0,0.29720305746288134,0.532915827174821,0.7115304725465982,0.8374391569890003,0.9150340439128115,0.9487072967288162,0.9428510788477934,0.901857553680519,0.8301188846377795,0.7320272351303502,0.6119747685690096,0.47435364836452404,0.32355603792768145,0.16397410066927537,8.347756253333601e-14,-0.163974100669121,-0.3235560379275508,-0.47435364836441635,-0.6119747685689338,-0.7320272351303212,-0.830118884637788,-0.9018575536805556,-0.9428510788478478,-0.948707296728893,-0.9150340439129026,-0.8374391569890983,-0.7115304725466912,-0.5329158271748947,-0.2972030574629253,-0.0,0.6117731215414611,1.118417017678853,1.5258544616743936,1.8400082267902782,2.0668010862887183,2.2121558134319206,2.281995181482081,2.282241963701389,2.218818933352054,2.0976488636962647,1.924654527996212,1.7057586995140617,1.4468841515120288,1.1539536572523443,0.8328899899971989,0.4896159230087702,0.130054229549273,-0.23987231711906937,-0.6142409437340548,-0.9871288770334831,-1.352613343755126,-1.704771570636795,-2.0376807844163096,-2.345418211831516,-2.622061079620189,-2.8616866145201523,-3.0583720432691606,-3.2061945926049917,-3.2992314892654404,-3.331559959988303
123,3,-0.91166385071875,2.2432636576666667,6.844874368589291,8.974989426173401,-0.8542160998447189,2.3064796136639085,-0.05744775087403109,-0.06321595599724184,-0.0,0.3004346780777406,0.5387104572428443,0.7192672588462118,0.8465450042387513,0.9249836147713683,0.959023011794968,0.9531031166604506,0.9116638507187131,0.839145135320663,0.7399868918171967,0.6186290415592136,0.47951150589760116,0.3270742061832683,0.16575706376712984,8.43850719834802e-14,-0.16575706376697374,-0.3270742061831362,-0.4795115058974923,-0.6186290415591371,-0.7399868918171674,-0.8391451353206717,-0.9116638507187501,-0.9531031166605055,-0.9590230117950456,-0.9249836147714602,-0.8465450042388505,-0.7192672588463059,-0.538710457242919,-0.300434678077785,-0.0,0.6013246764008826,1.0993156246263713,1.499794463165238,1.8085828105062307,2.0315022851381146,2.17437450554965,2.243021090229586,2.2432636576666667,2.1809238263496535,2.0618232147672897,1.8917834414083194,1.6766261247614627,1.4221728833154879,1.1342453355591788,0.8186650999812798,0.4812537950705224,0.12783303931567477,-0.23577554879448676,-0.6037503507712066,-0.9702697481257307,-1.329512122369279,-1.6756558550131075,-2.0028793275684835,-2.3053609215466975,-2.5772790184589724,-2.812811999816578,-3.006138247130715,-3.151436141912609,-3.242884065673501,-3.274660399924634
124,3,-0.880395739423611,2.211846065145833,6.610109884520348,8.849291958688195,-0.8542160998447189,2.3064796136639085,-0.026179639578892133,-0.09463354851807537,-0.0,0.29013041412820717,0.5202338460229914,0.6945979372724522,0.8175103294646967,0.8932586641878295,0.9261305830299544,0.9204137275791711,0.8803957394235755,0.8103642601512739,0.7146069313503621,0.5974113946089386,0.4630652915150904,0.31585626365692515,0.16007195262255625,8.149141024980261e-14,-0.1600719526224055,-0.3158562636567976,-0.4630652915149853,-0.5974113946088647,-0.7146069313503339,-0.8103642601512823,-0.8803957394236113,-0.9204137275792242,-0.9261305830300295,-0.8932586641879183,-0.8175103294647925,-0.6945979372725432,-0.5202338460230634,-0.29013041412825014,-0.0,0.5929029406894704,1.083919373620272,1.4787893837365724,1.7832530559825153,2.003050475302262,2.1439217266399684,2.211606894939779,2.2118460651458336,2.1503793222022902,2.0329467510532866,1.865288436642964,1.6531444639154391,1.4022549178148744,1.1183598832854502,0.8071994452713059,0.4745136887165697,0.12604269856540515,-0.232473440238016,-0.5952946427495425,-0.9566808240250243,-1.3108918991202858,-1.652187783091188,-1.9748283909936009,-2.2730736378834195,-2.541183438816471,-2.7734177088486285,-2.9640363630356985,-3.1072993164335108,-3.197466484097911,-3.228797781084746
125,3,-0.8822253780868056,2.2725540184722224,6.623847016665717,9.092176132078539,-0.8542160998447189,2.3064796136639085,-0.028009278242086655,-0.03392559519168614,-0.0,0.29073336323312354,0.5213149961421516,0.6960414508930892,0.8192092796519487,0.8951150345847392,0.9280552678574705,0.922326531636147,0.8822253780867698,0.8120483593753507,0.7160920276678903,0.5986529351303922,0.4640276339288487,0.3165126762292727,0.16040461419768268,8.166073149009659e-14,-0.16040461419753163,-0.31651267622914486,-0.46402763392874335,-0.5986529351303181,-0.716092027667862,-0.812048359375359,-0.8822253780868057,-0.9223265316362003,-0.9280552678575458,-0.8951150345848282,-0.8192092796520446,-0.6960414508931804,-0.5213149961422238,-0.29073336323316645,-0.0,0.6091761907214891,1.1136694216820342,1.5193773244174804,1.8321975304636493,2.05802767135638,2.2027653786315047,2.272308283824847,2.2725540184722224,2.2094002141094675,2.0887445022723976,1.9164845144968305,1.698517882318559,1.4407422372734244,1.149055210897285,0.8293544347259569,0.4875375402952458,0.12950215914099278,-0.23885407720095223,-0.6116335371947604,-0.9829385893046045,-1.3468716019946305,-1.6975349437290221,-2.029030982971973,-2.335462088187701,-2.610930627840356,-2.8495389703941334,-3.0453894843131626,-3.1925845380615936,-3.285226500103595,-3.3174177389033366
126,3,-0.8649958802708333,2.2404229582604165,6.49448601601703,8.963624178469727,-0.8542160998447189,2.3064796136639085,-0.010779780426114383,-0.06605665540349204,-0.0,0.2850554605437696,0.5111339292508963,0.6824480483954243,0.8032104602514046,0.8776338070928861,0.9099307311939168,0.9043138748285408,0.8649958802707983,0.79618938979474,0.7021070456744057,0.5869614901838384,0.4549653655970696,0.31033131418815124,0.1572719782311407,8.006625275583702e-14,-0.1572719782309926,-0.3103313141880259,-0.4549653655969664,-0.5869614901837658,-0.702107045674378,-0.7961893897947482,-0.8649958802708335,-0.904313874828593,-0.9099307311939906,-0.8776338070929733,-0.8032104602514988,-0.6824480483955137,-0.5111339292509671,-0.28505546054381176,-0.0,0.600563204317395,1.097923534476163,1.4978952369077936,1.806292558043752,2.028929744315521,2.1716210421545785,2.24018069799239,2.2404229582604165,2.1781620693901385,2.0592122778130157,1.8893878299605094,1.6745029722640574,1.4203719511551451,1.1328090130652744,0.817628404425906,0.4806443716684893,0.12767116122450964,-0.23547698047453927,-0.6029858069971846,-0.9690410719119548,-1.3278285287873524,-1.6735339311919166,-2.000343032694196,-2.302441586862766,-2.5740153472661302,-2.8092500674728407,-3.002331501051383,-3.1474454015702644,-3.2387775225980078,-3.27051361770314
127,3,-0.8512517549166667,2.2384581632291667,6.391293582444892,8.955763303726004,-0.8542160998447189,2.3064796136639085,0.0029643449280521983,-0.06802145043474184,-0.0,0.2805261465066015,0.503012400632526,0.6716044689763913,0.7904480581368226,0.8636888747124424,0.8954726253018725,0.8899450165037311,0.8512517549166323,0.7835385471392002,0.6909510997700492,0.5776351194077959,0.4477363126510458,0.30540038609842474,0.15477304634856368,7.879432273023284e-14,-0.15477304634841793,-0.30540038609830134,-0.44773631265094416,-0.5776351194077244,-0.690951099770022,-0.7835385471392083,-0.8512517549166669,-0.8899450165037825,-0.8954726253019453,-0.8636888747125283,-0.7904480581369152,-0.6716044689764792,-0.5030124006325957,-0.280526146506643,-0.0,0.6000365253724914,1.09696068293187,1.4965816201605817,1.804708484541049,2.027150423555712,2.1697165846870043,2.2382161154173503,2.2384581632291667,2.1762518756048914,2.0574064000269403,1.8877308839777325,1.673034474939663,1.4191263203951734,1.1318155678267228,0.816911364716729,0.4802228585475981,0.12755919680177286,-0.23527047303829637,-0.6024570034901797,-0.9681912470714489,-1.326664056299649,-1.6720662836923625,-1.9985887817671821,-2.300422403041724,-2.571758000033536,-2.806786425260214,-2.9996985312392854,-3.1446851704883003,-3.235937195524827,-3.2676454588664323
128,3,-0.8423054213888889,2.2591231398680556,6.324123507631836,9.038441033645215,-0.8542160998447189,2.3064796136639085,0.011910678455830048,-0.04735647379585295,-0.0,0.2775779229576751,0.4977259308206578,0.6645461603814244,0.7821407484324583,0.8546118317662401,0.88606154717525,0.880592031451964,0.8423054213888549,0.7753038537784048,0.6836894654130865,0.5715643930853745,0.44303077358773335,0.3021907437126465,0.15314644025260324,7.796639734830956e-14,-0.15314644025245902,-0.3021907437125244,-0.44303077358763276,-0.5715643930853039,-0.6836894654130594,-0.7753038537784128,-0.8423054213888892,-0.8805920314520149,-0.8860615471753219,-0.8546118317663252,-0.7821407484325501,-0.6645461603815115,-0.4977259308207268,-0.277577922957716,-0.0,0.605575936822297,1.107087594061567,1.510397748032364,1.821369175049218,2.045864651426677,2.1897469534792826,2.2588788575215673,2.2591231398680556,2.1963425768332927,2.0763999447318024,1.9051580198781124,1.6884795785867237,1.4322273971721873,1.1422642519490696,0.8244529192318961,0.48465617533518135,0.12873679657347528,-0.23744244073866344,-0.6080187602866971,-0.9771293857560895,-1.3389115408322778,-1.6875024492007364,-2.017039334546951,-2.321659420556429,-2.5954999309146127,-2.8326980893069877,-3.0273911194189744,-3.1737162449360152,-3.265810689543569,-3.297811676927097
129,3,-0.8673632973055556,2.263429646673611,6.512260848448914,9.055670775192318,-0.8542160998447189,2.3064796136639085,-0.013147197460836701,-0.043049966990297506,-0.0,0.28583563206657575,0.5125328574986866,0.6843158481987925,0.8054087760693608,0.8800358130128556,0.9124211309317414,0.9067889017284776,0.8673632973055206,0.7983684895653366,0.7040286504103817,0.5885679517431144,0.4562105654659822,0.3111806634814528,0.1577024176919995,8.028534191080294e-14,-0.157702417691851,-0.31118066348132717,-0.4562105654658787,-0.5885679517430416,-0.7040286504103538,-0.7983684895653449,-0.8673632973055558,-0.90678890172853,-0.9124211309318153,-0.8800358130129431,-0.8054087760694552,-0.6843158481988822,-0.5125328574987577,-0.285835632066618,-0.0,0.6067303302447637,1.1091980059174038,1.5132769793881975,1.8248412030273993,2.0497646292052805,2.1939212102921073,2.2631848986581344,2.2634296466736115,2.200529406708806,2.080358131133968,1.908789772319346,1.6916982826351672,1.4349576144517044,1.1444417201392492,0.8260245520680504,0.4855800626083459,0.12898220413040973,-0.23789507099547563,-0.6091778103990487,-0.9789920617100495,-1.3414638725581918,-1.6907192905732256,-2.020884363384913,-2.326085138623039,-2.6004476639173193,-2.8380979868975187,-3.033162155193332,-3.179766216434478,-3.2720362182506926,-3.3040982082717125
130,3,-0.8762199543194444,2.2603106647916666,6.578757621944934,9.043192157569639,-0.8542160998447189,2.3064796136639085,-0.022003854474725526,-0.04616894887224188,-0.0,0.2887543031279706,0.5177663366432567,0.6913034055181911,0.8136328147251138,0.8890218692363621,0.9217378740242731,0.916048134061179,0.876219954319409,0.8065206397713024,0.7112174953891878,0.5945778261453967,0.4608689370122492,0.31435813296208576,0.15931271896725283,8.110496831060348e-14,-0.1593127189671028,-0.3143581329619588,-0.46086893701214454,-0.5945778261453232,-0.7112174953891597,-0.8065206397713107,-0.8762199543194447,-0.9160481340612319,-0.9217378740243477,-0.8890218692364505,-0.8136328147252092,-0.6913034055182817,-0.5177663366433285,-0.2887543031280133,-0.0,0.6058942623289615,1.1076695429103782,1.51119169987089,1.8223265913371123,2.0469400754356784,2.1908980102932163,2.2600662540363423,2.2603106647916666,2.1974971006858217,2.077491419845416,1.9061594803970616,1.689367140467347,1.4329802581829068,1.142864691670394,0.8248862990564193,0.4849109384675825,0.12880446803051937,-0.23756725412812602,-0.6083383698817304,-0.9776430211036723,-1.3396153496673031,-1.688389497446012,-2.0180996063131986,-2.322879818142286,-2.5968642748066295,-2.83418711817963,-3.0289824901346227,-3.1753845325449648,-3.267527387284028,-3.299545196225189
131,3,-0.9528273240347223,2.3172019902430554,7.153934339762297,9.270806527651443,-0.8542160998447189,2.3064796136639085,-0.09861122419000334,0.010722376579146875,-0.0,0.313999913602321,0.5630343278386436,0.751743635520823,0.8847682294607216,0.9667485024701998,1.002324847361117,0.9961376569453279,0.9528273240346838,0.8770342414410464,0.7733988019762664,0.6465613984521976,0.5011624236806809,0.3418422704735802,0.17324133164276498,8.819448555615755e-14,-0.17324133164260183,-0.3418422704734421,-0.5011624236805672,-0.6465613984521176,-0.7733988019762359,-0.8770342414410554,-0.9528273240347224,-0.9961376569453855,-1.002324847361198,-0.9667485024702958,-0.8847682294608252,-0.7517436355209214,-0.5630343278387216,-0.3139999136023675,-0.0,0.6211444348845392,1.1355492452185183,1.5492279309766332,1.8681939921335577,2.0984609286639824,2.2460422405425917,2.3169514277440606,2.3172019902430554,2.2528074280142656,2.1297812410323576,1.9541369292719997,1.7318879927078366,1.4690479313145612,1.1716302450668843,0.8456484339394734,0.4971159979069849,0.13204643694411236,-0.2435467489744425,-0.6236500598739991,-1.0022499957798787,-1.3733330567173747,-1.7308857427118196,-2.068894553788556,-2.3813459899729517,-2.6622265512903027,-2.905522737765955,-3.105221049425184,-3.2553079862932885,-3.3497700483955857,-3.3825937357573927
132,3,-0.9739289995763889,2.3074607948333337,7.312368084761144,9.23183334431575,-0.8542160998447189,2.3064796136639085,-0.11971289973166999,0.0009811811694251382,-0.0,0.32095387486036947,0.5755034997496273,0.7683920353799935,0.9043626424636959,0.9881584817129602,1.024522713840011,1.018198499557069,0.9739289995763495,0.8964573746100802,0.790526785370477,0.6608803925697585,0.5122613569201308,0.3494128391338228,0.17707799992306994,9.014730932779656e-14,-0.17707799992290318,-0.3494128391336817,-0.5122613569200144,-0.6608803925696766,-0.7905267853704457,-0.8964573746100895,-0.9739289995763891,-1.0181984995571276,-1.024522713840094,-0.9881584817130582,-0.9043626424638016,-0.7683920353800938,-0.5755034997497072,-0.3209538748604171,-0.0,0.6185332299298788,1.1307755538693771,1.5427151918743078,1.8603403640004608,2.089639290303643,2.2366001908396567,2.3072112856642923,2.307460794833334,2.2433369384025865,2.1208279364278333,1.94592200896486,1.7246073760694278,1.462872257797346,1.1667048742044417,0.8420934453464999,0.49502619127929304,0.1314913320586314,-0.24252291225966666,-0.621028321619804,-0.9980366759659851,-1.3675597552423873,-1.723609339393226,-2.0601972083627267,-2.3713351420951407,-2.651034920534648,-2.893308323625477,-3.0921671313117876,-3.2416231235377615,-3.335688080247599,-3.368373781385501
133,3,-0.9896151638958334,2.3486068679375,7.430141564544286,9.396453124864667,-0.8542160998447189,2.3064796136639085,-0.13539906405111446,0.04212725427359132,-0.0,0.326123179011095,0.58477259684748,0.7807678078787746,0.9189283664746071,1.0040738270046026,1.0410237438383865,1.034597671345578,0.9896151638957933,0.9108957758586599,0.803259061603793,0.6715245755008112,0.5205118719193204,0.3550405052289496,0.17993002979933403,9.159896251563755e-14,-0.17993002979916461,-0.3550405052288062,-0.5205118719192022,-0.6715245755007281,-0.8032590616037611,-0.9108957758586692,-0.9896151638958337,-1.034597671345638,-1.0410237438384706,-1.0040738270047025,-0.9189283664747145,-0.7807678078788768,-0.5847725968475611,-0.32612317901114335,-0.0,0.6295627622855473,1.150939265299748,1.5702245095649483,1.8935134956034716,2.1269012239376583,2.276482695089844,2.348352909582352,2.3486068679375003,2.2833395706776263,2.1586460183250473,1.9806212114020818,1.7553601504310232,1.4889578359342148,1.1875092684340176,0.8571094484527493,0.5038533765127158,0.13383605313626054,-0.24684752115426428,-0.6321023458365284,-1.0158334203882025,-1.3919457442869305,-1.7543443170103947,-2.0969341380362883,-2.413620206842329,-2.6983075229061635,-2.944901085705487,-3.1473058947179258,-3.299426949421128,-3.39516924929276,-3.42843779381049
134,3,-1.0191787849930556,2.384292327673611,7.652108545171545,9.539225742209554,-0.8542160998447189,2.3064796136639085,-0.16496268514833667,0.07781271400970269,-0.0,0.33586573596358765,0.6022420093140185,0.8040923530950872,0.9463803003505963,1.0340693841243465,1.0721231374601372,1.065505093401763,1.0191787849930145,0.9381077452776937,0.8272555072995911,0.6915856041024996,0.5360615687301994,0.3656469342264946,0.18530523363519533,9.433488469112484e-14,-0.18530523363502086,-0.3656469342263469,-0.5360615687300778,-0.691585604102414,-0.8272555072995583,-0.9381077452777034,-1.0191787849930558,-1.0655050934018244,-1.0721231374602238,-1.0340693841244488,-0.946380300350707,-0.8040923530951922,-0.602242009314102,-0.33586573596363756,-0.0,0.63912853376974,1.1684269927569328,1.5940829868084996,1.9222841257713381,2.159218019492364,2.3110722778184867,2.384034510596605,2.384292327673611,2.318033338896418,2.191445154111916,2.0107153831669997,1.7820316359085353,1.511581522183442,1.205552651838655,0.8701326347210674,0.5115090806775588,0.13586959955504807,-0.25059819879953793,-0.641706704539294,-1.0312683078173164,-1.413095398786674,-1.7810003676004742,-2.128795604411836,-2.450293499373903,-2.739306442639747,-2.98964682436249,-3.195127034695181,-3.349559463790894,-3.4467565018027204,-3.4805305388837544
135,3,-1.0063347804097222,2.3975031326041667,7.555674319230493,9.592080356136792,-0.8542160998447189,2.3064796136639085,-0.15211868056500333,0.09102351894025817,-0.0,0.33163305263498966,0.5946523702420496,0.7939589338946011,0.9344537246660738,1.0210377236298942,1.058611911859489,1.052077270428279,1.0063347804096816,0.9262854228771257,0.816830178904028,0.6828700295638084,0.5293059559298737,0.36103893907565476,0.18296996007458807,9.314625502880977e-14,-0.1829699600744158,-0.36103893907550894,-0.5293059559297536,-0.6828700295637238,-0.8168301789039956,-0.9262854228771351,-1.0063347804097222,-1.0520772704283397,-1.0586119118595745,-1.0210377236299957,-0.934453724666183,-0.7939589338947051,-0.594652370242132,-0.33163305263503884,-0.0,0.6426697951692691,1.1749009728548214,1.6029154269994186,1.932935051545799,2.1711817404367193,2.3238773876149286,2.397243887023167,2.3975031326041667,2.3308770183006815,2.2035874380554423,2.0218562858111837,1.7919054555106129,1.519956841096489,1.2122323365115886,0.8749538356986448,0.514343232600378,0.13662242115954729,-0.2519867046810795,-0.6452622509787568,-1.0369823237907403,-1.420925029174258,-1.7908684731865767,-2.140590761884975,-2.4638700013267574,-2.754484297569154,-3.0062117566694457,-3.212830484684842,-3.3681185876725754,-3.465854171689898,-3.499815342794061
136,3,-0.9372669984375,2.294566947590278,7.037105671209344,9.180246834511776,-0.8542160998447189,2.3064796136639085,-0.08305089859278114,-0.011912666073630618,-0.0,0.3088720790305096,0.5538395899857406,0.7394671448710679,0.870319355691874,0.9509608344535392,0.9859561931614431,0.9798700438209602,0.9372669984374622,0.8627116690163306,0.7607686675629363,0.6360026060826529,0.492978096580842,0.33625975106288714,0.17041218153417767,8.675447792924196e-14,-0.1704121815340172,-0.33625975106275124,-0.4929780965807301,-0.6360026060825742,-0.7607686675629061,-0.8627116690163394,-0.9372669984375003,-0.9798700438210171,-0.9859561931615228,-0.9509608344536337,-0.8703193556919758,-0.7394671448711646,-0.5538395899858174,-0.3088720790305554,-0.0,0.6150769315609849,1.1244568994894546,1.534094662299934,1.8499449785069253,2.0779626066249466,2.224102305168512,2.2943188326521238,2.2945669475902783,2.2308014084974914,2.1089769738882596,1.9350484022770789,1.714970452178423,1.4546978821068135,1.1601854505767883,0.8373879161028446,0.49226003719946704,0.13075657238117722,-0.24116771983749466,-0.6175580809420398,-0.9924597524179507,-1.359917975750693,-1.7139779924257703,-2.048685043928697,-2.358084371745011,-2.6362212173601813,-2.877140822259725,-3.0748884279290882,-3.223509275853744,-3.317048607519179,-3.3495516644108827
137,3,-0.9140471510138889,2.321368078409722,6.8627684543205465,9.287474473533127,-0.8542160998447189,2.3064796136639085,-0.05983105116916998,0.014888464745813401,-0.0,0.30122008385682036,0.5401187710536081,0.7211475899232206,0.8487580687985229,0.9274017360123774,0.9615301198976463,0.9555947487871865,0.9140471510138519,0.8413388549105068,0.7419213888100044,0.6202462810452009,0.48076505994894064,0.32792925385408944,0.16619039109351894,8.460563103160469e-14,-0.16619039109336245,-0.32792925385395705,-0.4807650599488315,-0.6202462810451241,-0.7419213888099749,-0.8413388549105154,-0.9140471510138891,-0.9555947487872417,-0.9615301198977242,-0.9274017360124697,-0.8487580687986223,-0.721147589923315,-0.540118771053683,-0.30122008385686494,-0.0,0.622261187973333,1.1375908446531342,1.5520132816615917,1.8715528106208699,2.10223374315315,2.25008039088061,2.3211170654254145,2.3213680784097224,2.256857741455712,2.1336103661855437,1.9576502642213762,1.7350017471853456,1.4716891266996357,1.173736714386449,0.8471688218679447,0.49800976076627007,0.1322838427036101,-0.24398462069784202,-0.6247713178159144,-1.0040519370284369,-1.3758021667132116,-1.7339976952480798,-2.0726142110108925,-2.385627402379526,-2.667012957731785,-2.910746565445525,-3.1108039138985295,-3.2611606914686058,-3.3557925865335796,-3.388675287471277
138,3,-0.8837478752916667,2.294779292388889,6.635278096318142,9.181096396851771,-0.8542160998447189,2.3064796136639085,-0.02953177544694774,-0.011700321275019743,-0.0,0.2912350952665436,0.5222146535813876,0.6972426418696516,0.8206230270564624,0.8966597760669439,0.9296568558262204,0.9239182332594107,0.8837478752916309,0.8134497488480069,0.7173278208536542,0.5996860582336908,0.4648284279132238,0.3170588968173805,0.1606814318712939,8.180162877230699e-14,-0.16068143187114262,-0.3170588968172524,-0.46482842791311835,-0.5996860582336166,-0.7173278208536258,-0.8134497488480152,-0.8837478752916669,-0.9239182332594641,-0.9296568558262958,-0.8966597760670331,-0.8206230270565584,-0.6972426418697428,-0.52221465358146,-0.29123509526658664,-0.0,0.6151338522741937,1.1245609594621302,1.5342366311461506,1.8501161769085732,2.0781549063317337,2.224308128997961,2.2945311544895755,2.294779292388889,2.231007852278234,2.1091721437399236,1.9352274763562705,1.7151291597095648,1.4548325033821439,1.1602928169563627,0.8374654100145348,0.4923055921389614,0.1307686729119804,-0.24119003808406142,-0.6176152312668388,-0.9925515970540278,-1.3600438258632779,-1.714136608112276,-2.0488746342187194,-2.358302594600331,-2.6364651796747616,-2.877407079859713,-3.075172985572815,-3.223807587231723,-3.3173555752541084,-3.3498616400576435
139,3,-0.954044266326389,2.3723927140069443,7.163071278880498,9.491617024228997,-0.8542160998447189,2.3064796136639085,-0.09982816648167003,0.06591310034303577,-0.0,0.31440095140298385,0.5637534301019012,0.7527037555756119,0.8858982473029835,0.967983224762881,1.003605007434169,0.9974099147957067,0.9540442663263504,0.8781543815049668,0.7743865798104116,0.6473871807215429,0.501802503717207,0.3422788682762724,0.17346259387761356,8.830710570478921e-14,-0.17346259387745025,-0.34227886827613413,-0.5018025037170932,-0.6473871807214627,-0.7743865798103808,-0.8781543815049758,-0.9540442663263892,-0.9974099147957642,-1.0036050074342502,-0.967983224762977,-0.8858982473030872,-0.7527037555757103,-0.5637534301019794,-0.3144009514030304,-0.0,0.6359387476235824,1.1625955644332595,1.5861271789256062,1.9126903195971745,2.148441714944534,2.299538093464248,2.372136183652869,2.3723927140069443,2.3064644130230394,2.180508009197699,2.0006802310274727,1.77313780700888,1.5040374656384938,1.199535935412904,0.865789944828657,0.5089562223822869,0.1351914965703661,-0.2493475041105244,-0.6385040511638255,-1.0261214160929797,-1.4060428704014012,-1.7721116855925443,-2.118171133169873,-2.4380644846368784,-2.7256350114969767,-2.9747259852536367,-3.1791806774102525,-3.332842359470246,-3.429554302937054,-3.4631597793141156
140,3,-0.9336970482714286,2.2581558312500003,7.010302085249871,9.034570964877677,-0.8542160998447189,2.3064796136639085,-0.07948094842670972,-0.04832378241390822,-0.0,0.3076956181803271,0.5517300739785167,0.7366505932790053,0.8670044019662365,0.9473387259246522,0.9822007910386928,0.9761378231927951,0.933697048271391,0.859425692158924,0.7578709807398263,0.6335801398985328,0.49110039551946655,0.3349789734870722,0.1697630996858007,8.642410210036025e-14,-0.16976309968564088,-0.3349789734869369,-0.49110039551935497,-0.6335801398984543,-0.7578709807397962,-0.8594256921589327,-0.9336970482714289,-0.9761378231928514,-0.9822007910387726,-0.9473387259247462,-0.867004401966338,-0.7366505932791017,-0.5517300739785933,-0.3076956181803727,-0.0,0.6053166420489235,1.1066135626323905,1.5097510277484718,1.8205893033952152,2.0449886555706858,2.1888093502729418,2.2579116535000328,2.2581558312500007,2.1954021495209077,2.075510874310796,1.9043422716177085,1.6877566074396653,1.4316141477747328,1.1417751586209957,0.8240999059764965,0.48444865583926644,0.12868167420737284,-0.23734077292110836,-0.6077584195481224,-0.9767109996756159,-1.3383382473055088,-1.6867798964397587,-2.016175681080333,-2.320665335229224,-2.5943885928883548,-2.8314851880596947,-3.026094854745147,-3.172357326946637,-3.264412338666106,-3.2963996239054976
141,3,-0.88307514,2.2797924660694444,6.630227124349534,9.121136165565888,-0.8542160998447189,2.3064796136639085,-0.028859040155281068,-0.02668714759446411,-0.0,0.2910133984090626,0.5218171281817665,0.6967118799349926,0.8199983442856291,0.8959772118505616,0.928949173246675,0.9232149190908503,0.8830751399999645,0.8128305265909046,0.7167817694805481,0.5992295592857741,0.4644745866234511,0.31681754211046753,0.1605591163637181,8.173937146638866e-14,-0.16055911636356693,-0.3168175421103396,-0.4644745866233456,-0.5992295592857001,-0.7167817694805197,-0.812830526590913,-0.8830751400000003,-0.9232149190909036,-0.9289491732467504,-0.8959772118506506,-0.819998344285725,-0.6967118799350838,-0.5218171281818388,-0.2910133984091056,-0.0,0.6111165142069468,1.117216636702645,1.5242167839215486,1.838033372298088,2.06458281826671,2.209781538261857,2.2795459487179603,2.279792466069445,2.216437506750755,2.095397487196316,1.9225888238405526,1.7039279331178678,1.4453312314627107,1.1527151353095488,0.8319960610928072,0.4890904252468995,0.12991464420627608,-0.2396148655946047,-0.6135816877213053,-0.9860694057393894,-1.3511616032143945,-1.7029418637118954,-2.035493770797477,-2.3429009080367496,-2.619246858995253,-2.858615207238575,-3.0550895363322352,-3.2027534298417755,-3.2956904713327555,-3.3279842443707364
142,3,-0.8829386577569445,2.292388858097222,6.6292024003720265,9.171532597956197,-0.8542160998447189,2.3064796136639085,-0.028722557912225555,-0.014090755566686486,-0.0,0.29096842130623746,0.5217364795835973,0.6966042007627119,0.8198716107742204,0.89583873554876,0.9288056010169673,0.9230722331094741,0.8829386577569088,0.8127049008899103,0.7166709884391069,0.5991369463351293,0.46440280050859717,0.31676857689015053,0.1605343014104353,8.172674091635868e-14,-0.16053430141028413,-0.31676857689002264,-0.4644028005084918,-0.5991369463350552,-0.7166709884390786,-0.8127049008899188,-0.8829386577569447,-0.9230722331095274,-0.9288056010170426,-0.8958387355488491,-0.8198716107743165,-0.6966042007628029,-0.5217364795836696,-0.29096842130628053,-0.0,0.6144930773380949,1.1233895225882295,1.532638441783545,1.8481889409571601,2.0759901261422105,2.221991103371826,2.2921409786791256,2.292388858097222,2.2286838476592488,2.1069750533983176,1.9332115813475428,1.7133425375400142,1.4533170280088687,1.1590841587872627,0.8365930359083089,0.49179276540510874,0.13063245331080076,-0.24093879434146848,-0.6169718715185734,-0.9915176721873898,-1.3586270903147672,-1.7123510198675922,-2.046740354812762,-2.355845989117199,-2.6337188167477548,-2.874409731671329,-3.0719696278547537,-3.220449399264883,-3.3138999398685876,-3.3463721436327405
143,3,-0.9019739155902777,2.2478774984236107,6.772121249616897,8.993448768598935,-0.8542160998447189,2.3064796136639085,-0.04775781574555882,-0.05860211524029779,-0.0,0.2972414040013126,0.5329845864851114,0.7116222775597881,0.8375472073337424,0.9151521059153707,0.9488297034130694,0.9429727299352303,0.9019739155902413,0.8302259904865011,0.7321216847323976,0.612053728436321,0.47441485170665065,0.32359778465178635,0.163995257380134,8.348833107647706e-14,-0.16399525737997958,-0.32359778465165573,-0.474414851706543,-0.6120537284362454,-0.7321216847323685,-0.8302259904865097,-0.901973915590278,-0.9429727299352848,-0.9488297034131463,-0.9151521059154617,-0.8375472073338405,-0.7116222775598813,-0.5329845864851851,-0.2972414040013565,-0.0,0.6025614531349294,1.1015766460699776,1.5028791709290987,1.8123026198362235,2.0356805849152995,2.1788466582902695,2.2476344320850647,2.247877498423611,2.1854094494298533,2.0660638772277164,1.8956743739411277,1.680074531693989,1.4250979426102506,1.13657819881388,0.8203488924288026,0.4822436155789329,0.12809596038822144,-0.23626048101937305,-0.6049921165199128,-0.9722653539894611,-1.3322466013040553,-1.6791022663397697,-2.006998756972689,-2.310102481078921,-2.5825798465345065,-2.818597261215532,-3.0123211329980175,-3.1579178697580055,-3.2495538793715544,-3.2813955697147246
144,3,-0.8828212912291666,2.2338850415694447,6.6283211993272735,8.93746687280923,-0.8542160998447189,2.3064796136639085,-0.028605191384447726,-0.07259457209446385,-0.0,0.2909297437004925,0.521667126635365,0.696511603145017,0.8197626275698553,0.8957196542502842,0.9286821375267075,0.9229495317395245,0.882821291229131,0.8125968703359331,0.7165757234003262,0.5990573047627086,0.46434106876346726,0.31672646974300944,0.1605129620417484,8.17158794023056e-14,-0.16051296204159723,-0.31672646974288154,-0.4643410687633619,-0.5990573047626345,-0.7165757234002978,-0.8125968703359415,-0.8828212912291669,-0.9229495317395777,-0.9286821375267827,-0.8957196542503731,-0.8197626275699513,-0.6965116031451081,-0.5216671266354372,-0.2909297437005355,-0.0,0.5988106637165173,1.0947196159593509,1.493524136248162,1.8010215041025885,2.0230089990422857,2.1652839005869025,2.233643488256078,2.233885041569445,2.171805840046656,2.0532031632073426,1.8838742905711394,1.669616501657656,1.4162270759865496,1.1295032930774946,0.8152424324501237,0.4792417736240589,0.12729859611895764,-0.23478982054551434,-0.6012261968497119,-0.9662132532739913,-1.323953710298683,-1.6686502884041536,-1.9945057080707806,-2.295722689778965,-2.5665039540090397,-2.8010522212413846,-2.993570211956312,-3.138260646634158,-3.2293262457552734,-3.2609697298000118
145,3,-0.872463576111111,2.2561396459861114,6.550554313349691,9.026504484879764,-0.8542160998447189,2.3064796136639085,-0.018247476266392115,-0.05033996767779714,-0.0,0.2875164057638609,0.51554665861106,0.6883397694642142,0.8101447492459476,0.8852106088788814,0.9177863592856369,0.9121210113888306,0.8724635761110758,0.8030630643749956,0.7081684871032028,0.5920288552183132,0.45889317964293064,0.3130104712996801,0.15862974111119188,8.075733977058467e-14,-0.1586297411110425,-0.3130104712995537,-0.4588931796428265,-0.5920288552182399,-0.7081684871031747,-0.8030630643750039,-0.8724635761111112,-0.9121210113888834,-0.9177863592857113,-0.8852106088789694,-0.8101447492460424,-0.6883397694643043,-0.5155466586111315,-0.2875164057639034,-0.0,0.604776187543173,1.105625527206791,1.5084030526742258,1.818963797628827,2.04316279575396,2.186855080732987,2.2558956862492563,2.2561396459861114,2.1934419936269167,2.0736577628550155,1.9026419873537517,1.6862497008064468,1.430335936896469,1.140755729307204,0.8233641117219952,0.4840161178241758,0.12856678129711435,-0.2371288641758121,-0.6072157849112474,-0.9758389472258368,-1.337143317436199,-1.6852738618589902,-2.014375546810877,-2.318593338608549,-2.592072203568629,-2.828957108007785,-3.023393018242619,-3.1695249005897543,-3.2614977213658314,-3.293456446887493
146,3,-0.8822122348888889,2.2986854661944442,6.623748336062697,9.196724461115123,-0.8542160998447189,2.3064796136639085,-0.02799613504416998,-0.007794147469464274,-0.0,0.29072903195199196,0.5213072297070189,0.6960310814220056,0.8191970752538831,0.8951016993595803,0.9280414418960258,0.9223127910201432,0.8822122348888533,0.8120362616590865,0.7160813594877631,0.5986440165318059,0.4640207209481263,0.31650796089365646,0.1604022245253342,8.165951517202383e-14,-0.16040222452518313,-0.3165079608935286,-0.46402072094802094,-0.5986440165317318,-0.7160813594877348,-0.8120362616590948,-0.8822122348888891,-0.9223127910201965,-0.9280414418961009,-0.8951016993596693,-0.8191970752539791,-0.6960310814220968,-0.5213072297070913,-0.29072903195203487,-0.0,0.616180933249969,1.1264751873694372,1.5368482090699986,1.8532654450632249,2.081692342060705,2.228094346774021,2.2984369059147456,2.2986854661944447,2.234805474324704,2.1127623770170887,1.9385216209831662,1.7180486529344785,1.4573089195826168,1.1622678676391893,0.8388909438157625,0.4931435948238906,0.13099126737516484,-0.2416005918188148,-0.6186665360464698,-0.9942411185962232,-1.362358892756471,-1.717054411815647,-2.052362229062196,-2.362316897784587,-2.640952971271218,-2.8823050028105373,-3.080407545690922,-3.229295153200774,-3.3230023786285106,-3.3555637752625533
147,3,-0.8714196657083333,2.2986022449583334,6.5427165170463235,9.196391504393082,-0.8542160998447189,2.3064796136639085,-0.01720356586361438,-0.007877368705575094,-0.0,0.2871723898356728,0.5149298024639641,0.6875161648282565,0.8091754038719396,0.8841514465384008,0.9166882197710267,0.9110296505131995,0.8714196657082981,0.8021021922997115,0.7073211572308182,0.5913204874449995,0.45834410988562535,0.3126359514960861,0.15843993921977761,8.066073260562375e-14,-0.15843993921962843,-0.31263595149595985,-0.4583441098855213,-0.5913204874449264,-0.7073211572307903,-0.8021021922997197,-0.8714196657083335,-0.911029650513252,-0.9166882197711009,-0.8841514465384888,-0.8091754038720345,-0.6875161648283465,-0.5149298024640354,-0.28717238983571525,-0.0,0.6161586251353153,1.1264344046443016,1.5367925692664872,1.8531983497413778,2.081616976808496,2.228013681207358,2.29835369367747,2.2986022449583334,2.2347245657894663,2.112685886910369,1.9384514390605416,1.717986452979461,1.4572561594066524,1.1622257890816574,0.8388605727439766,0.49312574113309854,0.1309865249885482,-0.2415918449501405,-0.6186441379434551,-0.9942051232518846,-1.362309570135891,-1.716992247855974,-2.052287925672645,-2.362231372846438,-2.640857358637818,-2.8822006523072994,-3.0802960231153245,-3.229178240322362,-3.3228820731888953,-3.35544229097541
148,4,-0.8792191917638889,2.3048433595624997,6.601276232826132,9.221361345717126,-1.119838495428265,2.3604411437511117,0.24061930366437612,-0.05559778418861194,-0.0,0.2897426881948897,0.5195386133149736,0.6936696870084507,0.8164178209235261,0.8920649267084035,0.9248929160112855,0.9191837004803705,0.8792191917638532,0.8092813015099386,0.7136519413668212,0.5966130229826984,0.4624464580057558,0.3154341580842,0.15985803486624298,8.138252836344078e-14,-0.15985803486609246,-0.3154341580840726,-0.4624464580056509,-0.5966130229826246,-0.713651941366793,-0.809281301509947,-0.879219191763889,-0.9191837004804236,-0.9248929160113606,-0.8920649267084922,-0.8164178209236218,-0.6936696870085414,-0.5195386133150456,-0.28974268819493254,-0.0,0.6178316055747322,1.1294928747336268,1.5409652348804102,1.858230113418785,2.0872689377524716,2.234063135285185,2.304594133420629,2.3048433595625,2.2407922411145167,2.118422205480375,1.9437146800637748,1.722651092268389,1.4612128694979405,1.1653814391561694,0.8411382286467738,0.4944646653734392,0.1313421767398889,-0.24224780985014568,-0.6203238669929544,-0.9969045672848286,-1.3660084833220325,-1.7216541877008684,-2.0578602530176493,-2.368645251868713,-2.6480277568503263,-2.890026340558804,-3.088659575590394,-3.237946034541365,-3.331904290008003,-3.3645529145865973
149,4,-0.8779189561805556,2.2818354351875,6.59151391833876,9.129309804081307,-1.119838495428265,2.3604411437511117,0.24191953924770937,-0.07860570856361182,-0.0,0.289314201468564,0.5187702922884586,0.6926438517917299,0.8152104593104311,0.8907456941766126,0.9235251357223248,0.9178243632796131,0.8779189561805201,0.8080844937570978,0.7125965553413884,0.5957307202654365,0.46176256786127523,0.31496767746095855,0.1596216283965459,8.126219995867262e-14,-0.1596216283963956,-0.3149676774608314,-0.4617625678611705,-0.5957307202653628,-0.7125965553413602,-0.8080844937571062,-0.8779189561805557,-0.9178243632796661,-0.9235251357223996,-0.8907456941767012,-0.8152104593105266,-0.6926438517918206,-0.5187702922885307,-0.28931420146860676,-0.0,0.6116641483379652,1.1182177976069516,1.5255826660643834,1.8396804719676618,2.066432933574205,2.211761769141425,2.2815886969267254,2.2818354351875,2.2184237021811652,2.0972752161651167,1.9243116953967503,1.7054548581334388,1.4466264226326027,1.15374810715168,0.8327416299480666,0.4895287092791468,0.1300310634023418,-0.23982958942491928,-0.6141315309452281,-0.9869530429011779,-1.3523724070353353,-1.7044679050903042,-2.037317818808699,-2.345000429933159,-2.621594020206254,-2.8611768713706,-3.0578272651687466,-3.205623483343265,-3.298643807636744,-3.3309665197917733
150,4,-0.9028600296874999,2.3405805462152776,6.77877429357267,9.364340915342698,-1.119838495428265,2.3604411437511117,0.21697846574076507,-0.019860597535834135,-0.0,0.2975334188742607,0.5335081993607425,0.7123213870585703,0.8383700275668771,0.9160511664847923,0.9497618494114457,0.9438991219459624,0.9028600296874634,0.8310416182350805,0.732840933187935,0.6126550201451504,0.4748809247058389,0.32391569246913393,0.16415636903417444,8.35703352125952e-14,-0.16415636903401987,-0.3239156924690032,-0.4748809247057312,-0.6126550201450746,-0.7328409331879059,-0.831041618235089,-0.9028600296875,-0.9438991219460169,-0.9497618494115228,-0.9160511664848833,-0.8383700275669751,-0.7123213870586635,-0.5335081993608163,-0.29753341887430473,-0.0,0.6274112428706048,1.1470059510647663,1.5648582955501886,1.8870424472945524,2.1196325772655555,2.268702856430891,2.34032745575824,2.340580546215278,2.2755362987697,2.1512688843891805,1.9738524740413963,1.7493612386939983,1.4838693493146866,1.1834509768711803,0.8541802923311548,0.5021314666622732,0.13337867083223645,-0.24600392419124545,-0.6299421474404847,-1.012361827947795,-1.387188794745462,-1.7483488768658109,-2.0897679033411767,-2.40537170320392,-2.6890861054863304,-2.934836939220745,-3.1365500334394323,-3.288151217174683,-3.3835663194588066,-3.416721169324113
151,4,-0.9915440318125,2.337113271208333,7.444623721046132,9.350468824820208,-1.119838495428265,2.3604411437511117,0.12829446361576502,-0.02332787254277857,-0.0,0.326758828665451,0.585912382434601,0.7822896095143264,0.9207194581115116,1.0060308764330386,1.043052812685789,1.0366142150766382,0.9915440318124598,0.9126712111001369,0.8048247011465418,0.6728334501585493,0.5215264063430217,0.35573251790684474,0.18028073305690995,9.177746678239971e-14,-0.1802807330567402,-0.3557325179067011,-0.5215264063429034,-0.6728334501584661,-0.8048247011465098,-0.9126712111001464,-0.9915440318125002,-1.0366142150766982,-1.0430528126858731,-1.0060308764331385,-0.9207194581116193,-0.7822896095144285,-0.5859123824346821,-0.32675882866549943,-0.0,0.6264818122107632,1.145306806348993,1.5625401552638631,1.8842470318045241,2.1164926088201446,2.2653420591598863,2.336860555672901,2.337113271208333,2.2721653786153486,2.1480820507430916,1.970928460440708,1.7467697805573192,1.481671183942096,1.1816978434442258,0.8529149319128545,0.5013876221971151,0.1331810871461788,-0.24563950039077517,-0.6290089675645889,-1.0108621415261059,-1.385133849426143,-1.7457589184155542,-2.086672175645205,-2.4018084482659874,-2.685102563428719,-2.9304893482842687,-3.1319036299834346,-3.2832802356770374,-3.3785539925159167,-3.4116597276509126
152,4,-1.0182429519305556,2.291288938798611,7.645082205652067,9.16713197209087,-1.119838495428265,2.3604411437511117,0.10159554349770938,-0.06915220495250063,-0.0,0.3355573364316275,0.6016890170498141,0.8033540172698033,0.9455113125068464,1.033119878176193,1.071138689693092,1.0645267224727857,1.0182429519305143,0.937246353481529,0.8264959025410684,0.6909505745243746,0.5355693448466766,0.36531118892322745,0.18513508216928617,9.42482793859145e-14,-0.18513508216911184,-0.3653111889230799,-0.535569344846555,-0.6909505745242891,-0.8264959025410357,-0.9372463534815385,-1.0182429519305556,-1.0645267224728472,-1.0711386896931783,-1.0331198781762954,-0.945511312506957,-0.8033540172699081,-0.6016890170498975,-0.33555733643167734,-0.0,0.6141982352164191,1.122850505042673,1.5319030610500555,1.8473021548098372,2.074994037893306,2.2209249618717446,2.2910411783164246,2.291288938798611,2.2276144948895893,2.105964098160624,1.932284000182981,1.7125204525279034,1.4526197067666806,1.1585280144706207,0.8361916272109892,0.49155679655903983,0.13056977408606368,-0.24082318863664043,-0.6166758400377945,-0.9910419285461222,-1.3579752025903202,-1.7115294105991228,-2.045758301001275,-2.3547156222255468,-2.632455122700637,-2.8730305508552942,-3.0704956551181963,-3.218904183918045,-3.3123098856835598,-3.344766508843461
153,4,-0.9880650283472223,2.258270844861111,7.418502973109337,9.035031118520363,-1.119838495428265,2.3604411437511117,0.13177346708104265,-0.10217029889000084,-0.0,0.32561233888712093,0.5838566076596643,0.7795448113258121,0.917488954893754,1.0025010433716777,1.0393930817677697,1.032977075090212,0.9880650283471825,0.90946894654687,0.8020008346974526,0.6704726978071106,0.5196965408840118,0.3544843689363471,0.1796481869723137,9.145550748323441e-14,-0.17964818697214452,-0.35448436893620394,-0.5196965408838939,-0.6704726978070278,-0.802000834697421,-0.9094689465468794,-0.9880650283472223,-1.0329770750902716,-1.0393930817678538,-1.0025010433717771,-0.9174889548938614,-0.779544811325914,-0.5838566076597452,-0.3256123388871693,-0.0,0.6053474723627149,1.1066699252713992,1.5098279232023533,1.8206820306318543,2.045092812036197,2.1889208318916693,2.2580266546745507,2.258270844861111,2.1955139669276433,2.0756165853504194,1.9044392646057113,1.6878425691697685,1.4316870635188872,1.1418333121293816,0.8241418794775235,0.4844733300395738,0.12868822829182952,-0.23735286128940414,-0.6077893742278428,-0.9767607460472033,-1.3384064122711767,-1.6868658084234904,-2.016278370027883,-2.3207835326081163,-2.594520731687884,-2.831629402790927,-3.026248981440918,-3.1725189031615533,-3.2645786034765445,-3.296567517909606
154,4,-0.9954080534270834,2.2742815597361115,7.47363522839995,9.099087787123498,-1.119838495428265,2.3604411437511117,0.12443044200118158,-0.08615958401500023,-0.0,0.3280321994248022,0.5881956679341273,0.7853381720219358,0.9243074781821958,1.0099513529088737,1.0471175626959348,1.040653874037339,0.9954080534270433,0.9162278673590148,0.8079610823272103,0.6754554648255884,0.5235587813480952,0.3571187983887005,0.18098328244138004,9.21350570243777e-14,-0.1809832824412096,-0.3571187983885563,-0.5235587813479764,-0.6754554648255048,-0.8079610823271783,-0.9162278673590243,-0.9954080534270836,-1.0406538740373992,-1.0471175626960194,-1.009951352908974,-0.924307478182304,-0.7853381720220384,-0.5881956679342089,-0.32803219942485085,-0.0,0.6096392719058729,1.1145160065661115,1.520532318755135,1.8335903232473385,2.059592134817136,2.204439868238934,2.274035638287129,2.274281559736112,2.2110797473602926,2.0903323159340608,1.9179413802318084,1.6998090550279021,1.4418374550967576,1.1499286952128067,0.829984890150441,0.4879081546840388,0.129600603588016,-0.2390356483632035,-0.6120984863952168,-0.9836857957336225,-1.3478954616039924,-1.698825369231936,-2.030573403843073,-2.3372374506630473,-2.612915394917435,-2.8517051218318565,-3.0477045166318675,-3.195011464543044,-3.2877238507909805,-3.3199395606012723
155,4,-0.9732294443125,2.2446811530208333,7.307115745435164,8.980660630167554,-1.119838495428265,2.3604411437511117,0.14660905111576494,-0.11575999073027843,-0.0,0.32072333960295163,0.5750901261846021,0.7678401135321851,0.903713055432942,0.9874487056741117,1.0237868180429333,1.0174671463266398,0.9732294443124607,0.8958134657876372,0.7899589645393984,0.6604056943549768,0.5118934090215917,0.349161862326486,0.17695080805690827,9.008257000668436e-14,-0.17695080805674163,-0.349161862326345,-0.5118934090214756,-0.6604056943548949,-0.7899589645393671,-0.8958134657876464,-0.9732294443125001,-1.0174671463266984,-1.0237868180430163,-0.9874487056742097,-0.9037130554330477,-0.7678401135322854,-0.5750901261846817,-0.32072333960299915,-0.0,0.601704647311672,1.1000102709223363,1.5007421679419262,1.809725635480351,2.0327859706475375,2.175748470553408,2.2444384323078714,2.2446811530208337,2.1823019298022177,2.0631260597619283,1.8929788400098708,1.6776855676559266,1.4230715398100249,1.1349620535821119,0.8191824060820924,0.4815578944198593,0.1279138157053424,-0.2359245329515207,-0.6041318544408132,-0.9708828516526197,-1.3303522274769983,-1.6767146848040444,-2.0041449265238636,-2.306817655526585,-2.578907574702271,-2.8145893869410283,-3.008037795132898,-3.153427502167944,-3.2449332109362454,-3.276729624327884
156,4,-0.9278508685277777,2.2522393829166667,6.966408312506843,9.010900068658815,-1.119838495428265,2.3604411437511117,0.19198762690048732,-0.108201760834445,-0.0,0.3057690362193514,0.5482755132209052,0.7320381852345018,0.8615758064899898,0.9414071312172145,0.9760509136460215,0.9700259080062511,0.9278508685277401,0.8540445494403361,0.7531257049738755,0.6296130893581977,0.48802545682313,0.3328815615985215,0.16870015791422724,8.588307592667403e-14,-0.16870015791406842,-0.3328815615983871,-0.48802545682301923,-0.6296130893581199,-0.7531257049738457,-0.8540445494403449,-0.9278508685277779,-0.9700259080063071,-0.9760509136461006,-0.9414071312173081,-0.8615758064900906,-0.7320381852345976,-0.5482755132209811,-0.30576903621939666,-0.0,0.6037306909872526,1.1037141958669636,1.5057954265325333,1.8158192948773375,2.03963071279477,2.183074592178218,2.25199584492106,2.2522393829166667,2.189650118058429,2.070072962239717,1.8993528273539029,1.6833346252943358,1.4278632679544105,1.1387836672275407,0.8219407350070971,0.48317938318644,0.12834452365896565,-0.23671893168192162,-0.6061660709428383,-0.9741519822304022,-1.3348317536512049,-1.6823604733118749,-2.010893229319051,-2.314585109779397,-2.5875912027995063,-2.8240665964860203,-3.018166378945514,-3.1640456382845827,-3.25585946260984,-3.2877629400279016
157,4,-0.9214647909166666,2.246586915527778,6.9184609260642915,8.988285323899015,-1.119838495428265,2.3604411437511117,0.19837370451159841,-0.11385422822333391,-0.0,0.30366453337023547,0.5445019219052489,0.7269998188075543,0.8556458772796729,0.9349277505241236,0.9693330917434246,0.9633495541400899,0.9214647909166293,0.8481664552755633,0.7479422004194021,0.6252796795506576,0.4846665458718308,0.3305904525854438,0.16753905289402463,8.529208569265754e-14,-0.1675390528938669,-0.3305904525853103,-0.4846665458717208,-0.6252796795505802,-0.7479422004193724,-0.8481664552755721,-0.9214647909166667,-0.9633495541401456,-0.9693330917435031,-0.9349277505242165,-0.855645877279773,-0.7269998188076494,-0.5445019219053244,-0.3036645333702804,-0.0,0.6022155021186264,1.1009441934657482,1.5020163169017486,1.8112621152869879,2.0345118314818436,2.1775957083466877,2.246343988741881,2.2465869155277782,2.184154731564755,2.0648776797131645,1.8945860028333634,1.679109943785685,1.4242797454305072,1.1359256506282274,0.8198779022392008,0.4819667431237714,0.12802241614231916,-0.23612483584476784,-0.6046447699771221,-0.9717071433943777,-1.3314817132361423,-1.6781382366420605,-2.005846470751788,-2.3087761727050022,-2.5810970996413163,-2.8169790087003848,-3.0105916570218003,-3.1561048017451743,-3.2476882000101366,-3.2795116089563177
158,4,-0.9086762108263888,2.252077713576389,6.822442833428963,9.010253251859297,-1.119838495428265,2.3604411437511117,0.21116228460187614,-0.10836343017472272,-0.0,0.2994501149313944,0.5369450336700856,0.7169101273726933,0.8437707671958448,0.9219523242961645,0.9558801698302765,0.9499796749548004,0.908676210826352,0.8363951486015578,0.7375618594370333,0.6166017144893968,0.477940084915255,0.3260023418712359,0.16521385651397297,8.41085852091774e-14,-0.1652138565138174,-0.3260023418711042,-0.47794008491514656,-0.6166017144893206,-0.737561859437004,-0.8363951486015664,-0.9086762108263889,-0.9499796749548552,-0.955880169830354,-0.9219523242962561,-0.8437707671959436,-0.7169101273727871,-0.53694503367016,-0.29945011493143864,-0.0,0.6036873542339494,1.1036349694990855,1.5056873381316969,1.815688952468048,2.039484304844421,2.1829178875970925,2.251834193062329,2.2520777135763894,2.1894929414755526,2.069924369096079,1.899216488774229,1.683213792846239,1.4277607736483933,1.1387019235169935,0.8218817347882997,0.4831446997985604,0.1283353108840601,-0.23670193961890804,-0.606122559374072,-0.9740820560451611,-1.3347359372958782,-1.6822397107899634,-2.010748884191167,-2.314418965163264,-2.587405461369959,-2.8238638804750065,-3.01794973014209,-3.1638185180349194,-3.2556257518172176,-3.2875269391527127
159,4,-0.88982935125,2.294217035145833,6.680938499412516,9.178846882937538,-1.119838495428265,2.3604411437511117,0.230009144178265,-0.06622410860527861,-0.0,0.29323921802553954,0.5258082530113113,0.7020406894601543,0.826270111874914,0.902830104758434,0.9360542526135573,0.9302761399431224,0.8898293512499639,0.8190474710369272,0.7222640838068469,0.6038127740625602,0.4680271263068931,0.31924072504269213,0.1617871547728096,8.236443009083899e-14,-0.16178715477265726,-0.3192407250425631,-0.46802712630678683,-0.6038127740624856,-0.7222640838068183,-0.8190474710369356,-0.8898293512500001,-0.930276139943176,-0.9360542526136332,-0.9028301047585238,-0.8262701118750109,-0.7020406894602462,-0.5258082530113843,-0.29323921802558295,-0.0,0.6149831347454809,1.1242854242301308,1.5338607188911968,1.8496628691659023,2.077645725491488,2.22376313830519,2.2939689580442324,2.2942170351458335,2.2304612200472316,2.1086553631856444,1.9347533149982914,1.7147089259223673,1.4544760463951154,1.1600085268537967,0.8372602177356299,0.49218496947782137,0.13073663251761508,-0.24113094270773683,-0.6174639057610035,-0.9923084062049554,-1.3597105936023361,-1.7137166175159275,-2.0483726275085212,-2.3577247731429347,-2.635819203981913,-2.8767020695882515,-3.074419519524676,-3.2230177033539356,-3.3165427706387955,-3.3490408709420234
160,4,-0.9238106496944444,2.4008888850416668,6.936073896686832,9.605626286068992,-1.119838495428265,2.3604411437511117,0.1960278457338206,0.04044774129055506,-0.0,0.3044376004674576,0.5458881111830266,0.7288506099861256,0.8578241747161807,0.9373078832126154,0.971800813314853,0.965802042862312,0.923810649694407,0.8503257116505634,0.7498463065701958,0.6268715122927212,0.48590040665754525,0.33143206750409476,0.16796557267180265,8.550917977019215e-14,-0.1679655726716445,-0.331432067503961,-0.485900406657435,-0.6268715122926436,-0.749846306570166,-0.8503257116505721,-0.9238106496944445,-0.9658020428623677,-0.9718008133149317,-0.9373078832127084,-0.857824174716281,-0.7288506099862209,-0.5458881111831022,-0.3044376004675027,-0.0,0.6435773730555755,1.1765601672802917,1.6051790631716787,1.9356647412272434,2.174247881944511,2.327159165821,2.4006292733542183,2.400888885041667,2.3341686813808677,2.206699342869321,2.0247115500045294,1.7944359832839696,1.522103323205168,1.2139442502656708,0.8761894449629793,0.5150695877945823,0.13681535925800792,-0.25234256014920764,-0.64617348992955,-1.0384467495855068,-1.4229316586195364,-1.7933975365341384,-2.143613702831822,-2.4673494770151225,-2.758374178586502,-3.0104571270484737,-3.217367641903477,-3.3728750426539773,-3.470748648802456,-3.5047577798513982
161,4,-0.9363819803819445,2.2894825620763886,7.030460856457244,9.159904907217678,-1.119838495428265,2.3604411437511117,0.18345651504632043,-0.07095858167472313,-0.0,0.3085804253531107,0.5533166247710941,0.7387689001064575,0.8694975532117153,0.9500628859393797,0.9850252001419625,0.9789447976719704,0.9363819803819067,0.8618970501242851,0.7600503087516085,0.635402058116383,0.4925126000711016,0.33594223646828014,0.1702512691604402,8.66725752247005e-14,-0.1702512691602799,-0.33594223646814453,-0.49251260007098985,-0.6354020581163042,-0.7600503087515785,-0.861897050124294,-0.9363819803819446,-0.9789447976720268,-0.9850252001420423,-0.9500628859394741,-0.8694975532118171,-0.738768900106554,-0.5533166247711708,-0.3085804253531564,-0.0,0.6137140215600191,1.1219652866922067,1.5306953591389936,1.845845802642786,2.073358180946008,2.219174057791079,2.2892349969204053,2.2894825620763886,2.225858317001451,2.104303825437993,1.9307606511284165,1.7111703578151003,1.4514745092404704,1.1576146691469709,0.8355324012770033,0.4911692693729575,0.1304668371772605,-0.2406333315676526,-0.6161896731193678,-0.9902606237354725,-1.3569046196735273,-1.7101800971911305,-2.0441454925458915,-2.352859241995443,-2.6303797817973487,-2.8707655482092203,-3.0680749774886,-3.2163665058930544,-3.3096985696801657,-3.342129605107518
162,4,-0.9405132817291667,2.291472731361111,7.0614791299998725,9.167867300860365,-1.119838495428265,2.3604411437511117,0.17932521369909826,-0.06896841239000073,-0.0,0.3099418769334451,0.5557578482944525,0.7420283359096228,0.8733337616055641,0.9542545472088825,0.9893711145461831,0.983263885444066,0.9405132817291286,0.8656997252279782,0.7634036377672112,0.6382054411734269,0.4946855572732123,0.33742440789317685,0.17100241485993553,8.70549004795235e-14,-0.17100241485977452,-0.33742440789304057,-0.4946855572731001,-0.6382054411733479,-0.7634036377671809,-0.8656997252279871,-0.9405132817291668,-0.9832638854441228,-0.989371114546263,-0.9542545472089772,-0.8733337616056663,-0.7420283359097198,-0.5557578482945295,-0.309941876933491,-0.0,0.6142475022755063,1.1229405729377044,1.5320259405282062,1.8474503335886001,2.075160480660492,2.221103110285483,2.2912249510051614,2.291472731361111,2.227793179894935,2.1061330251482158,1.9324389956625376,1.7126578199794604,1.4527362266405925,1.1586209441875592,0.8362587011619448,0.49159622610532017,0.1305802475592944,-0.24084250593451564,-0.6167253058345141,-0.9911214235991065,-1.358084130686672,-1.7116666985556268,-2.0459223986643984,-2.3549045024714377,-2.632666281435127,-2.873261007013896,-3.070741950666105,-3.2191623838501386,-3.3125755780243975,-3.345034804647284
163,4,-0.9639667193680554,2.2611489593819445,7.23757016840528,9.046546058952584,-1.119838495428265,2.3604411437511117,0.15587177606020952,-0.0992921843691672,-0.0,0.3176708507008054,0.5696166978083399,0.7605321844364065,0.8951119536988158,0.978050648709376,1.014042912581895,1.0077833884301755,0.9639667193680165,0.8872875485092279,0.7824405189676086,0.6541202738569601,0.5070214562910714,0.3458387093837543,0.17526667624882655,8.9225364642781e-14,-0.17526667624866155,-0.34583870938361455,-0.5070214562909563,-0.6541202738568791,-0.7824405189675777,-0.8872875485092371,-0.9639667193680556,-1.0077833884302336,-1.0140429125819772,-0.9780506487094731,-0.8951119536989204,-0.7605321844365058,-0.569616697808419,-0.3176708507008525,-0.0,0.606118973865434,1.1080803507697141,1.511752164344472,1.8230024482213154,2.0476992360318693,2.191710561407754,2.260904457980578,2.2611489593819445,2.1983120992434757,2.078261911196774,1.9068664288734434,1.689993685905063,1.4335117159232613,1.143288552559682,0.8251922294459293,0.4850907802135937,0.1288522384943036,-0.23765536208030483,-0.6085639878786163,-0.9780056052690173,-1.340112180619867,-1.6890156802995628,-2.018848070676512,-2.3237413181191457,-2.597827388995827,-2.8352382496749655,-3.030105866524903,-3.176562205914005,-3.2687392342106523,-3.3007689177832282
164,4,-0.9445591527152778,2.2453501588819447,7.09185598281642,8.98333723062377,-1.119838495428265,2.3604411437511117,0.17527934271298717,-0.11509098486916702,-0.0,0.3112751753265952,0.5581485902407906,0.7452203704863268,0.8770906418069525,0.9583595299464135,0.9936271606484552,0.9874936596568182,0.9445591527152395,0.8694237655674668,0.7666876239572366,0.6409508536282882,0.4968135803243489,0.3388759297891683,0.17173802776650154,8.742931970623661e-14,-0.17173802776633984,-0.3388759297890315,-0.49681358032423617,-0.6409508536282088,-0.7666876239572061,-0.8694237655674757,-0.9445591527152779,-0.9874936596568752,-0.9936271606485356,-0.9583595299465086,-0.8770906418070552,-0.7452203704864243,-0.5581485902408679,-0.3112751753266413,-0.0,0.6018839796570109,1.1003381185177683,1.5011894498665856,1.8102650069877522,2.033391823165575,2.1763969316843554,2.2451073658283835,2.245350158881945,2.1829523441293426,2.0637409548548615,1.8935430243427867,1.67818558587738,1.4234956727429506,1.1353003182238244,0.8194265556042863,0.48170141816860984,0.12795193920110431,-0.23599484801391257,-0.6043119101921438,-0.9711722140492941,-1.3307487263010416,-1.677214413663101,-2.0047422428511985,-2.307505180581084,-2.579676193568438,-2.8154282485289874,-3.0089343121783947,-3.1543673512323425,-3.2459003324065305,-3.2777062224166604
165,4,-0.9110152297518248,2.2604476700547442,6.840004449673525,9.043740296787803,-1.119838495428265,2.3604411437511117,0.20882326567644016,-0.09999347369636746,-0.0,0.3002209279863675,0.5383271812169339,0.7187555221742546,0.8459427133408922,0.9243255171994069,0.9583406962323584,0.9524250129223015,0.911015229751788,0.8385481092033795,0.7394604137596276,0.6181889059030857,0.4791703481162963,0.3268415028818227,0.16563913268223426,8.432504630255767e-14,-0.1656391326820783,-0.3268415028816907,-0.47917034811618753,-0.6181889059030092,-0.7394604137595983,-0.8385481092033883,-0.9110152297518249,-0.9524250129223565,-0.958340696232436,-0.9243255171994987,-0.8459427133409914,-0.7187555221743488,-0.5383271812170085,-0.3002209279864119,-0.0,0.6059309876800827,1.107736682600286,1.5112832984372402,1.8224370488675519,2.0470641475678444,2.191030808214737,2.2602032444848366,2.2604476700547442,2.1976302986010823,2.0776173438004504,1.9062750193294515,1.6894695388646643,1.4330671160827146,1.1429339646602457,0.8249362982738595,0.48494033060014585,0.12881227531573153,-0.23758165390274877,-0.6083752433786811,-0.9777022794354531,-1.339696548396426,-1.6884918365849977,-2.018221930324577,-2.3230206159385975,-2.5970216797504224,-2.8343589080834635,-3.0291660872610633,-3.175577003606589,-3.2677254434434224,-3.2997451930949495
166,4,-0.8968277360659722,2.2888883443541665,6.733483156975287,9.157527523821143,-1.119838495428265,2.3604411437511117,0.22301075936229275,-0.07155279939694514,-0.0,0.2955455039308029,0.5299436622207492,0.7075621424156124,0.8327686120611734,0.9099307387032105,0.9434161898875016,0.9375926331598202,0.8968277360659359,0.8254891661516289,0.7279445909626688,0.6085616780448276,0.4717080949438661,0.3217515092055659,0.16305958837571433,8.30120854016565e-14,-0.16305958837556078,-0.32175150920543594,-0.47170809494375904,-0.6085616780447524,-0.72794459096264,-0.8254891661516375,-0.8968277360659724,-0.9375926331598744,-0.943416189887578,-0.9099307387033009,-0.832768612061271,-0.707562142415705,-0.5299436622208226,-0.2955455039308466,-0.0,0.6135547367705091,1.1216740891665677,1.530298078843092,1.845366727454974,2.0728200566571235,2.2185980881044443,2.2886408434518297,2.288888344354167,2.2252806124663627,2.1037576694433033,1.9302595369398772,1.7107262366109484,1.451097790111428,1.1573142190962453,0.8353155452202883,0.49104179013843235,0.13043297550558972,-0.24057087702331872,-0.6160297457933934,-0.9900036091497362,-1.3565524454374223,-1.7097362330015644,-2.0436149501872856,-2.3522485753397335,-2.629697086803987,-2.8700204629251713,-3.067278682048343,-3.2155317225185835,-3.3088395626809888,-3.341262180880659
167,4,-0.9408918072916665,2.279901766118056,7.064321142347481,9.12157346003068,-1.119838495428265,2.3604411437511117,0.17894668813659842,-0.08053937763305585,-0.0,0.3100666183119962,0.555981522490475,0.7423269778306859,0.8736852496278853,0.9546386031773278,0.9897693037742672,0.9836596167139523,0.9408918072916286,0.8660481408025519,0.7637108825419676,0.6384622978051232,0.4948846518872545,0.3375602100836192,0.17107123768948101,8.708993057536413e-14,-0.1710712376893199,-0.33756021008348286,-0.49488465188714215,-0.6384622978050442,-0.7637108825419373,-0.8660481408025608,-0.9408918072916667,-0.983659616714009,-0.9897693037743474,-0.9546386031774227,-0.8736852496279875,-0.742326977830783,-0.5559815224905521,-0.3100666183120421,-0.0,0.6111458129548389,1.1172701993994774,1.5242898594190146,1.8381214930985255,2.0646818005231027,2.209887481777834,2.279655236947795,2.2799017661180563,2.2165437693737076,2.0954979467998185,1.9226809984814608,1.7040096245036813,1.445400524951574,1.1527703999102525,0.8320359494647864,0.4891138737002349,0.12992087270169325,-0.2396263534457347,-0.6136111046569662,-0.9861166808469201,-1.3512263819304886,-1.703023507822601,-2.0355913584381975,-2.343013233692243,-2.619372433499632,-2.8587522577753073,-3.0552360064341424,-3.2029069793910354,-3.295848476560901,-3.3281437978586528
168,4,-0.9626671529469026,2.2503223061061948,7.227812878062556,9.003230107954757,-1.119838495428265,2.3604411437511117,0.15717134248136233,-0.11011883764491692,-0.0,0.31724258449383463,0.5688487721958405,0.7595068771625749,0.8939052134506025,0.9767320951164855,1.0126758362167863,1.0064247508080613,0.9626671529468637,0.8860913566897577,0.7813856760932962,0.6532384252140347,0.5063379181085169,0.345372468833308,0.1750303914449805,8.910509816465038e-14,-0.17503039144481566,-0.34537246883316863,-0.506337918108402,-0.653238425213954,-0.7813856760932653,-0.8860913566897668,-0.9626671529469029,-1.0064247508081194,-1.0126758362168684,-0.9767320951165827,-0.8939052134507071,-0.7595068771626742,-0.5688487721959194,-0.3172425844938816,-0.0,0.603216803291193,1.102774728727576,1.504513713089719,1.8142736931581684,2.0378946057134875,2.1812163875362347,2.250078975406957,2.250322306106195,2.187786316414511,2.068310943112445,1.8977361229805392,1.6819017927993116,1.4266478893493286,1.1378143494111728,0.821241109765386,0.48276810719249785,0.12823527847307473,-0.23651743961230895,-0.6056501102830996,-0.9733227967587449,-1.3336955622586664,-1.6809284700023228,-2.009181583209183,-2.312614965098739,-2.5853886788904163,-2.821662787803686,-3.0155973550579516,-3.161352443872639,-3.2530881174671933,-3.2849644390610577
169,4,-0.9531867347291667,2.3077553543611113,7.15663283553819,9.233011836481905,-1.119838495428265,2.3604411437511117,0.16665176069909826,-0.05268578939000035,-0.0,0.3141183557629901,0.5632467068853608,0.7520271965557255,0.8851019679627057,0.96711316429492,1.002702928740987,0.9965134044895196,0.9531867347291281,0.8773650626484326,0.7736905314360427,0.6468052842805705,0.5013514643706158,0.3419712148948013,0.17330667904175487,8.822774669442624e-14,-0.1733066790415917,-0.3419712148946632,-0.5013514643705022,-0.6468052842804906,-0.773690531436012,-0.8773650626484416,-0.9531867347291668,-0.9965134044895774,-1.0027029287410683,-0.967113164295016,-0.8851019679628092,-0.7520271965558238,-0.5632467068854389,-0.31411835576303665,-0.0,0.618612188955545,1.130919903326545,1.542912127596653,1.8605778462494993,2.089906043768732,2.236885704637991,2.30750581334091,2.3077553543611113,2.2436233121822413,2.121098671287923,1.9461704161617823,1.7248275312874206,1.463059001148488,1.1668538102286512,0.8422009430115356,0.4950893839807541,0.13150811761995698,-0.2425538715871969,-0.6211075991570703,-0.9981640806060272,-1.3677343314504051,-1.7238293672065785,-2.060460203390934,-2.371637855519881,-2.6513733391097603,-2.8936776696769595,-3.0925618627377984,-3.2420369338086186,-3.33611389840578,-3.368803772045643
170,4,-0.9609543598263889,2.3393483344583332,7.21495303534744,9.359411005542935,-1.119838495428265,2.3604411437511117,0.1588841356018761,-0.02109280929277846,-0.0,0.31667814130639266,0.5678366671700826,0.7581555501226893,0.8923147626958399,0.9749942774211595,1.010874066830272,1.0046341034547972,0.9609543598263501,0.8845148084765576,0.7799954219370351,0.6520761727394004,0.5054370334152596,0.3447579764962405,0.17471897451397783,8.894659022460391e-14,-0.17471897451381332,-0.34475797649610135,-0.5054370334151449,-0.6520761727393197,-0.7799954219370042,-0.8845148084765667,-0.960954359826389,-1.0046341034548552,-1.010874066830354,-0.9749942774212562,-0.8923147626959443,-0.7581555501227885,-0.5678366671701613,-0.31667814130643956,-0.0,0.6270809387026264,1.1464021033482361,1.5640344671231572,1.886049003213694,2.1185166848061687,2.2675084850868976,2.3390953772421863,2.3393483344583332,2.2743383299216586,2.150136336818459,1.972813328335037,1.7484402776576657,1.4830881579726702,1.1828279424663932,0.853730604325133,0.5018671167351777,0.1333084528828517,-0.2458744140455113,-0.6296105108635995,-1.0118288643851028,-1.3864585014236828,-1.7474284487930414,-2.0886677333068895,-2.4041053817789635,-2.6876704210229287,-2.9332918778525,-3.134898779081321,-3.286420151523058,-3.3817850219913983,-3.4149224173000263
171,4,-0.96806947925,2.369542259298611,7.268374149427735,9.480212746903128,-1.119838495428265,2.3604411437511117,0.151769016178265,0.009101115547499372,-0.0,0.31902289657099153,0.5720410559203978,0.7637691021354727,0.8989216593034781,0.9822133515116731,1.018358802847317,1.0120726373976625,0.9680694792499608,0.8910639524914723,0.7857706812094469,0.656904289491137,0.5091794014237828,0.3473106410946471,0.1760126325909987,8.96050485693473e-14,-0.17601263259083294,-0.34731064109450677,-0.5091794014236672,-0.6569042894910557,-0.7857706812094157,-0.8910639524914815,-0.9680694792500002,-1.0120726373977211,-1.0183588028473993,-0.9822133515117707,-0.8989216593035833,-0.7637691021355727,-0.5720410559204772,-0.3190228965710388,-0.0,0.6351746605537341,1.1611986936787,1.5842214304976625,1.9103922021333628,2.14586033970856,2.2967751743460063,2.3692860371684454,2.3695422592986115,2.3036931718592606,2.1778881059731283,1.9982763927629512,1.7710073633514405,1.5022303488613573,1.198094680415481,0.8647496891365478,0.508344706147281,0.13502906257044256,-0.2490479104711971,-0.6377368818548894,-1.0248885204578873,-1.4043534951574161,-1.76998247483074,-2.1156261283551343,-2.4351351246078994,-2.7223601324662634,-2.971151820807504,-3.175360858508828,-3.3288379144474662,-3.4254336575006668,-3.458998756545679
172,4,-1.0262111512569445,2.3996494743472225,7.704908339253843,9.600667574310208,-1.119838495428265,2.3604411437511117,0.09362734417132046,0.03920833059611084,-0.0,0.33818322030055087,0.6063974984699524,0.809640616088999,0.9529103547384924,1.041204495999233,1.0795208214520196,1.0728571126776463,1.026211151256903,0.9445807187705915,0.832963596799501,0.6963575669244246,0.5397604107261416,0.36816990978545533,0.1865838456831758,9.498568476545438e-14,-0.1865838456830001,-0.36816990978530667,-0.5397604107260191,-0.6963575669243385,-0.8329635967994681,-0.9445807187706011,-1.0262111512569445,-1.0728571126777082,-1.0795208214521068,-1.0412044959993363,-0.9529103547386039,-0.8096406160891046,-0.6063974984700365,-0.33818322030060105,-0.0,0.6432451391551075,1.175952791710739,1.604350421700685,1.9346654931587122,2.1731254701186056,2.3259578166141446,2.3993899966790964,2.3996494743472225,2.3329637136523047,2.205560178628104,2.023666333308382,1.793509641726876,1.521317567917373,1.2133175759136787,0.8757371297495546,0.5148036934587499,0.13674473107505242,-0.2522122933677414,-0.6458399158358572,-1.0379106722955223,-1.422197098712935,-1.792471731054335,-2.142507105285971,-2.466075757374119,-2.7569502232849805,-3.0089030389848084,-3.2157067404397823,-3.371133863616107,-3.4689569444800052,-3.5029485189977
173,4,-1.0706481391527778,2.3478431304375,8.038546224781168,9.393397516147678,-1.119838495428265,2.3604411437511117,0.04919035627548718,-0.012598013313611656,-0.0,0.3528272276753126,0.632655718590215,0.8446996682275911,0.9941732720703333,1.0862907256013323,1.1262662243034767,1.119313963659651,1.0706481391527345,0.9854829462656196,0.8690325804811855,0.7265112372823147,0.5631331121518759,0.384112400572763,0.19466329802787688,9.90980409682436e-14,-0.19466329802769355,-0.384112400572608,-0.563133112151748,-0.7265112372822247,-0.8690325804811511,-0.9854829462656296,-1.0706481391527778,-1.1193139636597154,-1.1262662243035677,-1.0862907256014398,-0.9941732720704496,-0.8446996682277015,-0.6326557185903027,-0.352827227675365,-0.0,0.6293580363704846,1.1505649942843932,1.5697138922463387,1.892897748760911,2.126209582332717,2.275742411466358,2.3475892546664245,2.3478431304375005,2.28259705728419,2.1579440537110766,1.9799771382227458,1.7547893293237566,1.4884736455187195,1.1871231053122615,0.8568307272089669,0.5036895297134077,0.13379253133019434,-0.246767249436055,-0.6318967940807433,-1.0155030840992751,-1.391493100987028,-1.7537738262394174,-2.09625224135187,-2.4128353278198373,-2.6974300671386997,-2.9439434408038867,-3.1462824303107566,-3.2983540171546917,-3.394065182831093,-3.42732290883536
174,4,-1.1285174143216783,2.3855735254965036,8.47303522861757,9.544351638523167,-1.119838495428265,2.3604411437511117,-0.008678918893413323,0.025132381745391896,-0.0,0.37189778426506204,0.6668511993718347,0.8903562716887645,1.047909027584307,1.1450054934269156,1.1871416955850422,1.179813660427134,1.1285174143216328,1.0387489836369936,0.9160043947416586,0.7657796740040724,0.593570847792666,0.4048739424758965,0.2051849844222278,1.0445346859645278e-13,-0.2051849844220346,-0.40487394247573294,-0.5935708477925313,-0.7657796740039777,-0.9160043947416222,-1.0387489836370043,-1.1285174143216785,-1.179813660427202,-1.1871416955851382,-1.145005493427029,-1.0479090275844294,-0.8903562716888808,-0.6668511993719272,-0.3718977842651173,-0.0,0.6394719690425503,1.169054846188307,1.5949395661920358,1.9233170638084798,2.1603782737923987,2.3123141308985478,2.3853155698816706,2.3855735254965036,2.319278932497805,2.19262272564031,2.0117958396787574,1.7829892093678599,1.51239376946238,1.2062004547170986,0.8706001998867533,0.5117839397260688,0.13594260898980856,-0.25073285756725544,-0.642051525190373,-1.0318224591247958,-1.4138547246157476,-1.7819573869084913,-2.1299395112483004,-2.4516101628804736,-2.740778407050239,-2.991253309002873,-3.1968439339835792,-3.351359347237587,-3.448608614010144,-3.4824007995464976
175,4,-1.1340522550972223,2.369858084451389,8.514591433493825,9.481476319910701,-1.119838495428265,2.3604411437511117,-0.014213759668957326,0.009416940700277099,-0.0,0.37372176588427514,0.6701217871028377,0.8947230454175211,1.0530485225901687,1.1506212003826213,1.192964060556718,1.1856000848742931,1.1340522550971763,1.0438435529872103,0.9204969603062236,0.7695354588160491,0.5964820302785045,0.4068596564554346,0.20619131910869082,1.0496568235963839e-13,-0.20619131910849667,-0.40685965645527034,-0.5964820302783692,-0.7695354588159538,-0.920496960306187,-1.0438435529872208,-1.1340522550972223,-1.1856000848743617,-1.1929640605568141,-1.150621200382735,-1.0530485225902917,-0.8947230454176379,-0.6701217871029305,-0.37372176588433076,-0.0,0.6352593199994234,1.16135346439587,1.5844325839275528,1.910646829332661,2.1461463513494023,2.2970813007159783,2.369601828170579,2.369858084451389,2.3040002202966123,2.1781783864444315,1.9985427336330326,1.7712434126005752,1.502430574085269,1.1982543688253413,0.8648649475589769,0.5084124610243475,0.13504705995966335,-0.24908110489685667,-0.6378218828070157,-1.0250251230326182,-1.4045406748354412,-1.7702183874773003,-2.1159081102200226,-2.43545969232546,-2.7227229830553923,-2.9715478316716486,-3.1757840874359884,-3.329281599610192,-3.425890217456061,-3.4594597902353956
176,4,-1.1312776257638888,2.4188037879027777,8.493759205484459,9.67730134896224,-1.119838495428265,2.3604411437511117,-0.011439130335623826,0.05836264415166603,-0.0,0.3728073993994267,0.668482233405868,0.8925339709759629,1.0504720810663593,1.1478060326337036,1.1900452946346403,1.1826993360258085,1.131277625763843,1.041289632805392,0.9182448261070892,0.7676526746255726,0.5950226473174653,0.405864213139417,0.2056868410480845,1.0470890833669783e-13,-0.20568684104789078,-0.40586421313925314,-0.5950226473173302,-0.7676526746254776,-0.9182448261070528,-1.0412896328054027,-1.131277625763889,-1.1826993360258766,-1.1900452946347364,-1.1478060326338173,-1.050472081066482,-0.8925339709760793,-0.6684822334059607,-0.3728073993994822,-0.0,0.6483796053428476,1.1853393995214845,1.6171565549958833,1.950108244225993,2.1904716396717814,2.3445239137932097,2.4185422390502276,2.418803787902778,2.3515857328108263,2.223165246234314,2.039819500633187,1.8078256684673624,1.5334609221968105,1.22300243428152,0.8827273771814336,0.518912923356483,0.13783624526663835,-0.2542254846281215,-0.6509950938678398,-1.0461954099925619,-1.4335492605423037,-1.8067794730571223,-2.159608875077085,-2.485760294142285,-2.7789565577927426,-3.0329204935685268,-3.241374929009637,-3.398042691656094,-3.4966466090479384,-3.5309095087252116
177,4,-1.1346364973541665,2.414769922701389,8.518977989839621,9.661162408982829,-1.119838495428265,2.3604411437511117,-0.014798001925901527,0.0543287789502771,-0.0,0.3739143002644044,0.670467021163759,0.8951839897955647,1.053591033257331,1.151213978646566,1.1935786530607762,1.186210883597462,1.1346364973541205,1.044381321428261,0.9209711829173797,0.7699319089189754,0.5967893265305336,0.4070692628495656,0.2062975449735898,1.0501975020678653e-13,-0.20629754497339556,-0.40706926284940126,-0.5967893265303982,-0.7699319089188802,-0.9209711829173429,-1.0443813214282716,-1.1346364973541665,-1.1862108835975302,-1.1935786530608725,-1.1512139786466802,-1.053591033257454,-0.8951839897956815,-0.670467021163852,-0.37391430026446004,-0.0,0.6472982956721898,1.1833625962026377,1.6144596055430083,1.9468560276449427,2.1868185664601,2.340613925940133,2.4145088100366845,2.4147699227013892,2.347663967885903,2.2194576495418605,2.0364176716208986,1.804810738074628,1.53090355285471,1.220962819912824,0.8812552432006062,0.5180475266696796,0.13760637427170602,-0.2538015100416434,-0.6499094223187203,-1.044450658607878,-1.4311585149574404,-1.8037662874157732,-2.156007272031251,-2.481614764852276,-2.7743220619271756,-3.027862459304328,-3.2359692530320396,-3.39237573915864,-3.4908152137324784,-3.5250209728019026
178,4,-1.116380992048611,2.372359683111111,8.381913609966352,9.491484872156803,-1.119838495428265,2.3604411437511117,0.0034575033796540033,0.011918539359999425,-0.0,0.36789828147052883,0.6596796771195683,0.8807811073629365,1.03663949261646,1.1326917532959637,1.174374809817271,1.1671255825962006,1.116380992048566,1.0275779585901932,0.9061534026368957,0.7575442446044902,0.5871874049087789,0.4005198039655904,0.20297836219075985,1.0333032110654387e-13,-0.20297836219056872,-0.40051980396542863,-0.5871874049086456,-0.7575442446043964,-0.9061534026368596,-1.0275779585902036,-1.116380992048611,-1.1671255825962679,-1.174374809817366,-1.1326917532960759,-1.036639492616581,-0.8807811073630514,-0.6596796771196598,-0.36789828147058357,-0.0,0.6359298934290787,1.162579377579895,1.5861050952287057,1.9126636891517452,2.1484118021252647,2.29950607692551,2.3721031563287163,2.372359683111111,2.306432300048944,2.180477649918441,2.000652375495833,1.7731131195573233,1.5040165248791655,1.1995192342376322,0.8657778904089515,0.50894913616934,0.13518961429505208,-0.24934403243764922,-0.6384951612525226,-1.0261071293733286,-1.4060232940237993,-1.7720870124277073,-2.118141641808834,-2.4380305393909874,-2.7255970623979042,-2.9746845680533682,-3.1791364135810944,-3.3327959562048197,-3.429506553148301,-3.4631115616352934
179,4,-1.0854429627222222,2.29596513675,8.149627418313687,9.185840797076724,-1.119838495428265,2.3604411437511117,0.034395532706042786,-0.06447600700111167,-0.0,0.35770279453342446,0.6413981143357949,0.8563722076021841,1.0079113225276732,1.1013017073073417,1.1418296101362675,1.1347812792095235,1.0854429627221782,0.9991009088693127,0.8810413658459947,0.7365505818472957,0.5709148050682732,0.38942028370400983,0.1973532659495954,1.0046720632701177e-13,-0.19735326594940958,-0.38942028370385257,-0.5709148050681435,-0.7365505818472046,-0.8810413658459597,-0.9991009088693228,-1.0854429627222224,-1.134781279209589,-1.1418296101363599,-1.1013017073074507,-1.0079113225277911,-0.8563722076022958,-0.6413981143358838,-0.35770279453347764,-0.0,0.6154517272927053,1.1251420847480897,1.5350294593992593,1.8510722382792961,2.0792288084212998,2.225457556858364,2.2957168706235715,2.2959651367500005,2.232160742270746,2.1102620742188862,1.9362275196274974,1.7160154655296342,1.4555842989583978,1.1608924069469073,0.8378981765282407,0.4925599947354629,0.13083624860167617,-0.24131467484000865,-0.6179343885565021,-0.9930645055147161,-1.360746638681536,-1.7150224010238846,-2.0499334055086953,-2.359521265102926,-2.637827592773465,-2.878894001487248,-3.0767621042111424,-3.2254735139120387,-3.3190698435568438,-3.351592706112467
180,4,-1.0356948429166666,2.2733310229097223,7.776112959147522,9.095284819988148,-1.119838495428265,2.3604411437511117,0.08414365251159839,-0.08711012084138936,-0.0,0.3413085277793225,0.6120014980870604,0.8171228793140387,0.9617166398510907,1.0508267480890474,1.0894971724187394,1.0827718812309917,1.0356948429166246,0.953310025866472,0.8406613984713537,0.7027929291220939,0.5447485862095026,0.37157233812441487,0.18830815325767156,9.586333917159057e-14,-0.18830815325749428,-0.3715723381242648,-0.544748586209379,-0.7027929291220069,-0.8406613984713204,-0.9533100258664816,-1.0356948429166668,-1.082771881231054,-1.0894971724188276,-1.0508267480891518,-0.9617166398512031,-0.8171228793141454,-0.6120014980871452,-0.3413085277793732,-0.0,0.6093844729447332,1.1140501941853593,1.5198968117052254,1.8328239734876548,2.0587313275159884,2.2035185217735624,2.273085204243701,2.2733310229097228,2.2101556257549655,2.089458660762747,1.9171397759163875,1.6990986191991821,1.4412348385944738,1.149448082085623,0.8296379976559488,0.48770423328875806,0.12954643696739454,-0.2389357433247898,-0.6118426596044639,-0.9832746638882984,-1.3473321081929373,-1.6981153445350614,-2.029724724931363,-2.336260601398558,-2.6118233259532926,-2.8505132506122624,-3.046430727392092,-3.1936761083094316,-3.2863497453809463,-3.3185519906233036
181,4,-1.0028374443333332,2.2732483132430557,7.529415927994792,9.094953909985108,-1.119838495428265,2.3604411437511117,0.11700105109493175,-0.08719283050805604,-0.0,0.3304805214279979,0.5925857625605471,0.7911996719901777,0.931206198309427,1.0174892901108308,1.0549328959869242,1.048420964530236,1.0028374443332928,0.9230662839886312,0.8139914320887769,0.6804968372262583,0.5274664479935909,0.35978421298331353,0.18233408078797156,9.282259916489993e-14,-0.1823340807877999,-0.3597842129831682,-0.5274664479934712,-0.680496837226174,-0.8139914320887446,-0.9230662839886407,-1.0028374443333332,-1.0484209645302964,-1.0549328959870095,-1.0174892901109316,-0.931206198309536,-0.791199671990281,-0.5925857625606293,-0.3304805214280469,-0.0,0.6093623019603402,1.1140096621558033,1.5198415139252726,1.8327572906076084,2.0586564255416877,2.2034383520663825,2.2730025035205537,2.273248313243056,2.210075214572764,2.089382640848531,1.9170700254092148,1.6990368015936457,1.4411824027407034,1.149406262189285,0.8296078132782453,0.4876864893464281,0.12954172373271314,-0.23892705022401123,-0.6118203991848776,-0.9832388898110205,-1.3472830887635467,-1.6980535627036022,-2.0296508782923417,-2.336175602190945,-2.6117283010605226,-2.8504095415622333,-3.0463198903571653,-3.1935599141064324,-3.286230179471164,-3.3184312531124904
182,4,-1.0052311722916665,2.286433847423611,7.5473883057900215,9.147707419116543,-1.119838495428265,2.3604411437511117,0.1146073231365985,-0.0740072963275007,-0.0,0.3312693635960849,0.5940002381722894,0.7930882300871741,0.9334289456993077,1.0199179913672565,1.057450973449586,1.050923498304857,1.0052311722916258,0.9252696017684605,0.8159343930939176,0.682121152626556,0.5287254867249221,0.36064300174758585,0.18276930405312328,9.304412322589877e-14,-0.1827693040529512,-0.3606430017474402,-0.5287254867248021,-0.6821211526264717,-0.8159343930938853,-0.9252696017684701,-1.0052311722916667,-1.0509234983049176,-1.0574509734496718,-1.0199179913673575,-0.9334289456994168,-0.7930882300872777,-0.5940002381723717,-0.331269363596134,-0.0,0.6128967893342151,1.1204712582745613,1.5286570586742314,1.8433878423863947,2.070597261264238,2.2162189671609434,2.2861866119296796,2.2864338474236114,2.2228943254959233,2.1015016979997783,1.9281896167883417,1.7088917337147542,1.4495417006322053,1.1560731693939008,0.834419791853006,0.4905152198626728,0.13029310527609103,-0.24031290005354158,-0.6153691442730483,-0.9889419755292539,-1.3550977419689563,-1.707902791738991,-2.0414234729862044,-2.3497261338574678,-2.6268771224995806,-2.866942787059392,-3.063989475683683,-3.212083536519256,-3.3052913177129306,-3.3376791674115296
183,4,-1.1035634850347222,2.3591451727916666,8.285678330746482,9.438615433478143,-1.119838495428265,2.3604411437511117,0.016275010393542733,-0.001295970959445114,-0.0,0.36367433029549767,0.6521056957022711,0.8706685937123693,1.0247375218178503,1.1196869775107694,1.1608914582831817,1.153725461627136,1.1035634850346774,1.0157800259978635,0.8957495820087387,0.7488466505593505,0.5804457291417324,0.39592131524794405,0.20064790637005162,1.0214414362312803e-13,-0.20064790636986266,-0.3959213152477842,-0.5804457291416006,-0.7488466505592578,-0.8957495820087031,-1.015780025997874,-1.1035634850347222,-1.1537254616272026,-1.1608914582832752,-1.1196869775108802,-1.02473752181797,-0.8706685937124828,-0.6521056957023614,-0.3636743302955518,-0.0,0.6323876387705687,1.1561035816491294,1.5772701777000377,1.902009775987626,2.136444725576244,2.2866973755302356,2.3588900749139348,2.3591451727916666,2.293585018227779,2.168331960286598,1.9895083480324507,1.76323653052964,1.495638856842518,1.1928376760354549,0.8609553371727776,0.5061141893188008,0.1344365815378772,-0.2479551371056318,-0.6349386175473868,-1.0203915107230497,-1.3981914675682547,-1.7622161390186755,-2.1063431760099958,-2.4244502294779253,-2.7104149503581008,-2.9581149895862096,-3.161427998097867,-3.3142316268287124,-3.410403526714404,-3.4438213486906
184,4,-1.0839520167222223,2.2635138531319448,8.138433228643553,9.056007673652996,-1.119838495428265,2.3604411437511117,0.03588647870604267,-0.09692729061916694,-0.0,0.3572114600561518,0.6405171007903404,0.8551959092969895,1.0065268726705308,1.099788978005394,1.1402612123960079,1.1332225629367965,1.0839520167221783,0.9977285608465856,0.8798311824044363,0.7355388684901528,0.5701306061981432,0.3888853826228409,0.1970821848586862,1.0032922890501604e-13,-0.1970821848585006,-0.3888853826226839,-0.5701306061980137,-0.7355388684900618,-0.8798311824044014,-0.9977285608465956,-1.0839520167222223,-1.1332225629368617,-1.1402612123961002,-1.099788978005503,-1.0065268726706482,-0.8551959092971012,-0.6405171007904293,-0.3572114600562049,-0.0,0.6067529024560753,1.1092392714525645,1.5133332778886168,1.824909092663357,2.049840886675928,2.194002830825466,2.263269096011099,2.263513853131945,2.200611273087145,2.0804355267758186,1.908860785097087,1.6917612189500464,1.4350109992338425,1.1444842968476368,0.8260552826905501,0.48559812766169086,0.1289870026602045,-0.2379039214147555,-0.6092004736640566,-0.9790284831885676,-1.341513779089131,-1.6907821904666265,-2.0209595464219436,-2.326171676055998,-2.600544408469633,-2.8382035727637422,-3.0332749980391505,-3.179884513396705,-3.27215794793727,-3.304221130761711
185,4,-1.0660934796458335,2.2864938362222222,8.004349330726242,9.147947426050807,-1.119838495428265,2.3604411437511117,0.053745015782431516,-0.07394730752888945,-0.0,0.351326260337797,0.6299643288815663,0.8411062193308789,0.9899439453853142,1.0816695207444493,1.1214749591078603,1.1145522741751186,1.0660934796457902,0.981290589219455,0.8653356165956786,0.7234205754740306,0.560737479554067,0.38247834253536867,0.19383517811752293,9.867653665028932e-14,-0.1938351781173404,-0.38247834253521423,-0.5607374795539398,-0.7234205754739411,-0.8653356165956442,-0.981290589219465,-1.0660934796458337,-1.1145522741751828,-1.121474959107951,-1.0816695207445564,-0.9899439453854297,-0.8411062193309888,-0.6299643288816537,-0.3513262603378492,-0.0,0.6129128698091023,1.120500655899486,1.5286971658046178,1.8434362070579393,2.0706515871929114,2.2162771137429877,2.2862465942416126,2.2864938362222222,2.2229526472182752,2.1015568347632074,1.9282402063904573,1.7089365696334393,1.4495797320256154,1.1561035011004652,0.8344416843914264,0.49052808943192505,0.13029652375542364,-0.24031920510460666,-0.615385289614716,-0.9889679222414558,-1.355133295451351,-1.707947601710964,-2.0414770334868675,-2.3497877832456595,-2.626946043453867,-2.867018006578066,-3.0640698650847633,-3.212167811440488,-3.3053780381117885,-3.337766737565212
186,4,-1.0777471065902777,2.2559022820902777,8.091846067939459,9.025554824572122,-1.119838495428265,2.3604411437511117,0.04209138883798724,-0.10453886166083404,-0.0,0.35516666012630665,0.6368505629851008,0.850300476952631,1.0007651704051541,1.0934934117189246,1.1337339692701967,1.1267356114352185,1.077747106590234,0.9920172231115002,0.8747947293752601,0.7313283937577614,0.5668669846352367,0.38665927038394465,0.19595401938015022,9.975500455100114e-14,-0.1959540193799657,-0.3866592703837885,-0.5668669846351081,-0.7313283937576709,-0.8747947293752255,-0.9920172231115102,-1.0777471065902777,-1.1267356114352833,-1.1337339692702881,-1.0934934117190331,-1.0007651704052711,-0.850300476952742,-0.6368505629851892,-0.3551666601263594,-0.0,0.6047125602618396,1.105509206577907,1.5082443566353052,1.8187724281211135,2.042947838722429,2.186625006126342,2.2556583480199337,2.255902282090278,2.1932112260244687,2.07343959750958,1.9024418142326869,1.6860722938808412,1.4301854541411412,1.1406357127007032,0.8232774872466019,0.48396519546590006,0.12855325504569734,-0.2371039163268988,-0.6071519009648016,-0.975736281180926,-1.33700263928816,-1.6850965575994294,-2.0141636184276694,-2.3183494040858412,-2.591799496886835,-2.8286594791435893,-3.023074933168974,-3.169191441275884,-3.261154585777229,-3.2931099489859195
187,4,-1.0493346403402777,2.2657529662083333,7.87852208692419,9.064966057174216,-1.119838495428265,2.3604411437511117,0.07050385508798729,-0.09468817754277836,-0.0,0.3458034610211939,0.6200613783828297,0.8278841480605879,0.9743821660301567,1.0646658282672228,1.103845530747472,1.097031669446584,1.049334640340235,0.9658648394041138,0.8517326626138956,0.7120485059452595,0.5519227653738706,0.3764658368754194,0.19078811642560212,9.712561432109579e-14,-0.19078811642542248,-0.3764658368752674,-0.5519227653737454,-0.7120485059451713,-0.8517326626138618,-0.9658648394041237,-1.0493346403402777,-1.0970316694466473,-1.1038455307475612,-1.0646658282673285,-0.9743821660302707,-0.827884148060696,-0.6200613783829158,-0.34580346102124526,-0.0,0.6073531145361323,1.1103365530769367,1.514830297368646,1.8267143291574695,2.051868630189634,2.1961731822113597,2.2655079669688587,2.2657529662083338,2.2027881616760085,2.082493535118088,1.9107490682807757,1.6934347429102539,1.436430540752751,1.1456164435545133,0.8268724330617452,0.4860784910206394,0.1291145991774253,-0.23813926072165958,-0.6098031069303986,-0.9799969577025764,-1.3428408312919515,-1.6924547459523196,-2.0229587199374865,-2.3284727715012825,-2.6031169188974688,-2.841011180379854,-3.0362755742021785,-3.183030118618206,-3.2753948318817163,-3.3074897322464913
188,4,-1.0220360089444445,2.263570255694445,7.673560902830305,9.056233332549718,-1.119838495428265,2.3604411437511117,0.0978024864838205,-0.09687088805666688,-0.0,0.33680732112938616,0.6039303689216573,0.806346591472319,0.9490334368768857,1.0369683532308687,1.0751287886297796,1.0684921911691239,1.022036008944403,0.9407376900511312,0.8295746825848095,0.6935244346409422,0.5375643943150211,0.36667200970256125,0.1858247288990845,9.459930231247208e-14,-0.1858247288989095,-0.3666720097024132,-0.537564394314899,-0.6935244346408563,-0.8295746825847765,-0.9407376900511407,-1.0220360089444447,-1.0684921911691854,-1.0751287886298666,-1.0369683532309717,-0.9490334368769966,-0.8063465914724243,-0.6039303689217409,-0.3368073211294361,-0.0,0.606768021611832,1.1092669116356582,1.5133709873440597,1.824954566009594,2.0498919649048357,2.194057501302353,2.263325492474706,2.2635702556944453,2.2006661082341434,2.0804873673663518,1.9089083503636242,1.6918033744984895,1.4350467570435244,1.144512815271323,0.8260758664544383,0.4856102278654106,0.12899021677681755,-0.23790984953875527,-0.6092156538087432,-0.9790528787605832,-1.3415472071216852,-1.6908243216194971,-2.0210099049814767,-2.326229639935107,-2.6006092092077995,-2.838274295527015,-3.0333505816201476,-3.179963750214611,-3.272239484037839,-3.304303465817264
189,4,-1.0354782785833332,2.308861545375,7.7744869698607735,9.237437554617644,-1.119838495428265,2.3604411437511117,0.08436021684493178,-0.05157959837611159,-0.0,0.3412371599876559,0.611873528253727,0.8169520184926101,0.9615155443987097,1.0506070196664286,1.0892693579901678,1.0825454730643247,1.0354782785832912,0.9531106882414718,0.8404856157332584,0.7026459747530462,0.5446346789952169,0.3714946421541767,0.18826877792433824,9.584329754137085e-14,-0.18826877792416094,-0.3714946421540267,-0.5446346789950933,-0.7026459747529592,-0.8404856157332251,-0.9531106882414816,-1.0354782785833334,-1.082545473064387,-1.089269357990256,-1.0506070196665325,-0.961515544398822,-0.8169520184927168,-0.6118735282538119,-0.34123715998770654,-0.0,0.6189087122604142,1.1314619943381088,1.5436517014546627,1.861469688831631,2.090907811690587,2.237957925253097,2.3086118847407184,2.308861545375,2.2446987623775128,2.122115390969806,1.94710328637343,1.7256543038099121,1.463760298500827,1.1674131256677671,0.8426046405322833,0.4953266983159136,0.1315711542402338,-0.2426701364731722,-0.6214053186027416,-0.9986425369269134,-1.3683899362240994,-1.724655661272749,-2.061447856851323,-2.3727746677383066,-2.652644238712114,-2.895064714551208,-3.0940442400339836,-3.243590959938857,-3.3377130190442617,-3.370418562128634
190,4,-1.0520379266388888,2.299202306347222,7.898818663432882,9.198792267496396,-1.119838495428265,2.3604411437511117,0.06780056878937613,-0.06123883740388969,-0.0,0.34669431673323614,0.6216587748320089,0.8300169356273491,0.9768923604502955,1.067408610631885,1.1066892475031536,1.0998578323951318,1.0520379266388464,0.9683530915653356,0.8539268885056256,0.7138828787907457,0.5533446237517119,0.37743568471956424,0.19127962302534987,9.737578600699107e-14,-0.19127962302516974,-0.37743568471941186,-0.5533446237515863,-0.7138828787906574,-0.8539268885055916,-0.9683530915653454,-1.0520379266388888,-1.099857832395195,-1.106689247503243,-1.0674086106319909,-0.9768923604504096,-0.8300169356274575,-0.6216587748320952,-0.34669431673328766,-0.0,0.6163194763661819,1.1267284658699117,1.5371937565034572,1.853682136259063,2.082160393128991,2.2285953151054976,2.2989536901808285,2.299202306347222,2.2353079515969383,2.113237413922215,1.9389574813152934,1.7184349417683886,1.4576365832737646,1.1625291938237037,0.8390795614104452,0.4932544740262165,0.13102071966328271,-0.24165491368608333,-0.6188056380296298,-0.9944646653751061,-1.3626652077302355,-1.717440477102778,-2.0528236855005053,-2.3628480449312126,-2.6415467674026263,-2.8829530649225195,-3.0811001494985963,-3.230021233138586,-3.323749527850233,-3.3563182456412837
191,4,-1.0335771867847223,2.293603958347222,7.760213359566379,9.176394046969657,-1.119838495428265,2.3604411437511117,0.08626130864354264,-0.06683718540388961,-0.0,0.3406106638267501,0.6107501558272753,0.815452131132018,0.9597502448714283,1.048678152175955,1.0872695081760448,1.0805579680021409,1.0335771867846806,0.9513608196541141,0.8389425217408796,0.7013559481754172,0.5436347540881553,0.3708125946095451,0.18792312487004517,9.566736377492351e-14,-0.1879231248698682,-0.37081259460939536,-0.5436347540880319,-0.7013559481753304,-0.8389425217408462,-0.9513608196541238,-1.0335771867847223,-1.080557968002203,-1.0872695081761328,-1.0486781521760589,-0.9597502448715405,-0.8154521311321244,-0.61075015582736,-0.3406106638268007,-0.0,0.6148187946304554,1.1239849847782164,1.533450829850776,1.8491685892556033,2.0770905224001854,2.2231688886920034,2.2933559475385277,2.293603958347222,2.229865180525571,2.1080918734810385,1.934236296621089,1.7142507093531631,1.4540873710847504,1.1596985412233571,0.8370364791764482,0.49205344435147563,0.1307016961559295,-0.2410665060026925,-0.6172989027169137,-0.9920432345792586,-1.359347242182225,-1.7132586661183493,-2.0478252469801768,-2.357094725360279,-2.6351148418511556,-2.875933337045357,-3.073597951535361,-3.2221564259136724,-3.3156565007728105,-3.348145916705297
192,4,-1.0240706267638888,2.2866609080069447,7.688837041454438,9.148615857287666,-1.119838495428265,2.3604411437511117,0.09576786866437614,-0.07378023574416703,-0.0,0.33747782018352124,0.6051326430876924,0.8079518256610364,0.9509227248520838,1.0390326976093633,1.0772691008814026,1.0706192916167248,1.0240706267638475,0.9426104632713016,0.8312261580876052,0.6949050681612796,0.538634550440833,0.36740196187479723,0.18619465941171093,9.478759304967757e-14,-0.18619465941153562,-0.36740196187464885,-0.5386345504407106,-0.6949050681611937,-0.8312261580875724,-0.9426104632713113,-1.0240706267638888,-1.0706192916167863,-1.0772691008814899,-1.0390326976094664,-0.9509227248521951,-0.807951825661142,-0.6051326430877764,-0.3374778201835713,-0.0,0.6129576547306342,1.120582529745546,1.5288088661554975,1.8435709050712277,2.0708028876034916,2.216439054863041,2.286413647960614,2.2866609080069447,2.2231150761127862,2.1017103933888714,1.9283811009459342,1.709061439894685,1.4496856513458822,1.1561879764103011,0.8345026561986755,0.49056393182172703,0.13030604439021481,-0.24033676498509432,-0.6154302551934545,-0.9890401851241212,-1.3552323136663231,-1.708072399709327,-2.0416262021424094,-2.3499594798548724,-2.627137991735947,-2.867227496674913,-3.064293753560981,-3.212402521283385,-3.3056195587313764,-3.3380106247942076
193,4,-1.0410840887847224,2.278427645534722,7.8165760211403805,9.115675706281088,-1.119838495428265,2.3604411437511117,0.07875440664354261,-0.08201349821638981,-0.0,0.3430845292585681,0.6151860524636386,0.8213747843333161,0.9667209395857134,1.0562947329389412,1.0951663791111093,1.0884060928203223,1.0410840887846804,0.958270581722296,0.8450357863512693,0.7064499173897035,0.5475831895556883,0.37350581756733797,0.18928801614277316,9.63620790665134e-14,-0.1892880161425949,-0.37350581756718715,-0.5475831895555641,-0.7064499173896162,-0.8450357863512359,-0.9582705817223057,-1.0410840887847226,-1.088406092820385,-1.095166379111198,-1.056294732939046,-0.9667209395858264,-0.8213747843334233,-0.6151860524637239,-0.34308452925861904,-0.0,0.6107506632007209,1.116547803802195,1.523304296317073,1.8369330152579828,2.063346835137568,2.2084586304684692,2.278181275763313,2.278427645534722,2.2151106142953387,2.0941430565577837,1.9214378468346807,1.7029078596386285,1.444465969482274,1.152025050878281,0.8314979783392725,0.4887976263778587,0.12983686950668702,-0.23947141776158673,-0.6132143609143281,-0.9854790854389038,-1.3503527168226541,-1.7019223805529566,-2.0342752021172,-2.341498307002796,-2.6176788206970882,-2.8569038686874677,-3.0532605764612555,-3.2008360695057982,-3.2937174733084573,-3.325991913356597
194,4,-1.0394732111666667,2.303511559993056,7.804481371440197,9.216032998773738,-1.119838495428265,2.3604411437511117,0.08036528426159828,-0.0569295837580559,-0.0,0.3425536718617088,0.6142341702347875,0.8201038646541358,0.9652251246546618,1.0546603197712714,1.093471819538869,1.0867219934923549,1.0394732111666245,0.9567878420965855,0.8437282558171332,0.7053568218631656,0.5467359097695681,0.3729278890712497,0.18899512930312648,9.621300274792776e-14,-0.1889951293029485,-0.3729278890710991,-0.546735909769444,-0.7053568218630784,-0.8437282558170996,-0.9567878420965954,-1.0394732111666667,-1.0867219934924175,-1.0934718195389574,-1.0546603197713758,-0.9652251246547746,-0.8201038646542429,-0.6142341702348726,-0.34255367186175967,-0.0,0.6174746061010459,1.1288402238200541,1.540074824333495,1.8571563788178147,2.0860628584494774,2.2327722344049414,2.303262477860654,2.3035115599930562,2.2394974519786093,2.1171981249937537,1.9425915502149322,1.7216556988185623,1.4603685419811099,1.1647080508790588,0.8406521966888505,0.4941789505869148,0.1312662837497183,-0.24210783264626387,-0.6199654274245778,-0.9963285294087715,-1.3652191674223653,-1.720659370288918,-2.0566711668319986,-2.3672765858752016,-2.6464976562420492,-2.888356406756115,-3.0868748662409002,-3.236075063519931,-3.329979027416751,-3.362608786754904
195,4,-1.0373436307638888,2.408676660756944,7.7884922430971875,9.636784105819313,-1.119838495428265,2.3604411437511117,0.08249486466437617,0.048235517005832396,-0.0,0.3418518783198844,0.6129757818149643,0.8184237086870093,0.9632476571377968,1.0524996253691024,1.0912316115827003,1.08449561398036,1.037343630763847,0.9548276601349378,0.8419997002953978,0.7039117494469948,0.5456158057914834,0.3721638675306425,0.18860793286625757,9.601592383701619e-14,-0.18860793286608,-0.37216386753049224,-0.5456158057913596,-0.7039117494469077,-0.8419997002953644,-0.9548276601349476,-1.037343630763889,-1.0844956139804225,-1.0912316115827885,-1.0524996253692067,-0.9632476571379094,-0.8184237086871161,-0.6129757818150493,-0.34185187831993513,-0.0,0.6456649483148933,1.1803765815905893,1.6103857908152293,1.9419434669769304,2.181300501063828,2.3347077840640518,2.40841620696572,2.408676660756944,2.3417400364258567,2.2138572249605692,2.0312791173491935,1.8002566045798176,1.5270405776405787,1.2178819275196333,0.8790315452050931,0.5167403216850577,0.13725914794766567,-0.25316108501893597,-0.6482694862266224,-1.0418151646872702,-1.4275472294127278,-1.7992147894148838,-2.150566953705637,-2.4753528312969126,-2.7673215312005617,-3.0202221624284866,-3.227803833992517,-3.383815654904506,-3.4820067341763266,-3.5161261808198514
196,4,-1.062197533763889,2.3895968596041666,7.975098132395071,9.560448445044697,-1.119838495428265,2.3604411437511117,0.057640961664376045,0.029155715853054875,-0.0,0.3500423690812472,0.6276621790422356,0.8380324698201242,0.9863262813520803,1.077716653575269,1.117376626426854,1.1104792398439949,1.062197533763846,0.9777045481235741,0.8621733228603338,0.7207768979112822,0.5586883132135635,0.38108060870434607,0.19312682432080536,9.831599202357199e-14,-0.1931268243206235,-0.3810806087041921,-0.5586883132134366,-0.7207768979111931,-0.8621733228602996,-0.9777045481235841,-1.062197533763889,-1.1104792398440588,-1.1173766264269445,-1.0777166535753755,-0.9863262813521955,-0.8380324698202337,-0.6276621790423227,-0.3500423690812992,-0.0,0.6405504557697234,1.1710264887246313,1.59762947479797,1.926560789922962,2.1640218100328483,2.316213911060863,2.3893384689402306,2.389596859604167,2.32319045898591,2.196320643018677,2.0151887876356853,1.7859962687701276,1.5149444623552468,1.208234744324304,0.8720684906105169,0.5126470771470902,0.13617187986726748,-0.25115572529569913,-0.6431343624085796,-1.033562655538145,-1.4162392287511392,-1.784962706114345,-2.133531711694556,-2.4557448695585915,-2.745400803773198,-2.996298138405172,-3.202235497521238,-3.3570115051881455,-3.4544247854726606,-3.4882739624415513
197,4,-1.0681015373402778,2.3856143984444445,8.01942605295507,9.544515165567494,-1.119838495428265,2.3604411437511117,0.05173695808798717,0.02517325469333276,-0.0,0.35198800662346613,0.6311509084282834,0.8426904986157814,0.991808570387298,1.0837069169441693,1.1235873314877303,1.1166516072193102,1.0681015373402347,0.9831389150518413,0.8669655335554549,0.7247831860524038,0.5617936657440024,0.38319876583158996,0.194200279516513,9.886236941948295e-14,-0.19420027951633012,-0.38319876583143525,-0.5617936657438747,-0.7247831860523141,-0.8669655335554205,-0.9831389150518512,-1.0681015373402778,-1.1166516072193746,-1.123587331487821,-1.0837069169442768,-0.991808570387414,-0.8426904986158913,-0.6311509084283708,-0.35198800662351837,-0.0,0.6394829253615323,1.1690748760542313,1.5949668929045269,1.9233500167388264,2.160415288383554,2.3123537486651284,2.385356438409959,2.3856143984444445,2.319318669595008,2.19266029268805,2.011830308549972,1.7830197580071512,1.512419681886015,1.206221121013008,0.8706151162145322,0.5117927083169765,0.13594493814676842,-0.2507371534696557,-0.6420625257058817,-1.031840137735497,-1.4138789487320607,-1.7819879178691718,-2.129976004320439,-2.4516521672594997,-2.740825365859914,-2.9913045592952954,-3.196898706739183,-3.351416767365144,-3.4486677003467596,-3.4824604648576134
198,4,-1.068883495986111,2.413466581048611,8.025297086108289,9.655947918250813,-1.119838495428265,2.3604411437511117,0.05095499944215387,0.05302543729749942,-0.0,0.3522456975408429,0.631612974900821,0.8433074335214223,0.992534674844143,1.0845003003104774,1.1244099113619184,1.1174691094399538,1.0688834959860678,0.9838586724417557,0.8676002402485012,0.7253138008477905,0.5622049556810964,0.38347930618991655,0.19434245381575543,9.893473464133495e-14,-0.19434245381557247,-0.38347930618976167,-0.5622049556809687,-0.7253138008477008,-0.8676002402484668,-0.983858672441766,-1.068883495986111,-1.1174691094400182,-1.1244099113620092,-1.0845003003105846,-0.9925346748442591,-0.8433074335215325,-0.6316129749009086,-0.35224569754089524,-0.0,0.6469489245695474,1.1827238911452862,1.6135882213043489,1.9458052366238452,2.1856382586809033,2.339350609052644,2.413205609316179,2.4134665810486116,2.346396845827066,2.218259725228646,2.035318540830456,1.803836614209576,1.530077266943136,1.2203038206082837,0.8807795967821238,0.517767917041748,0.13753210296428664,-0.25366452387312055,-0.6495586418933567,-1.0438869295193063,-1.4303860651738252,-1.8027927272798099,-2.1548435942601674,-2.4802753445378296,-2.772824656535657,-3.0262282086765593,-3.2342226793833726,-3.3905447470789594,-3.4889310901861994,-3.5231183871279734
199,4,-1.1194466426805556,2.4344044973055556,8.404930858502755,9.739717642050309,-1.119838495428265,2.3604411437511117,0.00039185274770936473,0.07396335355444394,-0.0,0.36890855270151046,0.6614911979475355,0.8831997862706069,1.0394861682032654,1.13580219427805,1.1775997150274984,1.1703305809841427,1.1194466426805105,1.0303997506491422,0.9086417554225652,0.75962450753331,0.588799857513893,0.4016196558968565,0.2035357532147501,1.0361402727090891e-13,-0.20353575321455844,-0.40161965589669435,-0.5887998575137593,-0.759624507533216,-0.9086417554225292,-1.0303997506491527,-1.1194466426805558,-1.1703305809842102,-1.1775997150275936,-1.1358021942781626,-1.039486168203387,-0.883199786270722,-0.6614911979476272,-0.36890855270156536,-0.0,0.6525614996561568,1.1929845568542465,1.6275868303243186,1.9626859787963982,2.2045996610005294,2.359645535666749,2.4341412615250855,2.434404497305556,2.3667529017382027,2.237504133553045,2.0529758514801024,1.8194857142493706,1.5433513805908958,1.2308905092347424,0.8884207589109306,0.5222597883494677,0.13872525628040033,-0.2558651785662158,-0.6551938574603478,-1.052943121671964,-1.4427953124710045,-1.8184327711274497,-2.1735378389112903,-2.5017928570925445,-2.7968801669411545,-3.052482109727115,-3.262281026720346,-3.419959259190794,-3.5191991484084224,-3.553683035643196
200,4,-1.15493845525,2.388712728986111,8.671407365122858,9.556911160017462,-1.119838495428265,2.3604411437511117,-0.03509995982173497,0.028271585234999286,-0.0,0.3806047182073488,0.6824636326476594,0.9112014435900031,1.0724428513034603,1.171812556057109,1.2149352581200277,1.2074356577612866,1.154938455249953,1.0630683508551078,0.9374500448458164,0.7837082374911495,0.607467629060162,0.41435291982193617,0.20998881004556139,1.068985652758323e-13,-0.20998881004536366,-0.41435291982176886,-0.6074676290600242,-0.7837082374910526,-0.9374500448457792,-1.0630683508551184,-1.15493845525,-1.207435657761356,-1.2149352581201258,-1.1718125560572255,-1.0724428513035853,-0.9112014435901219,-0.6824636326477541,-0.38060471820740555,-0.0,0.6403134575212199,1.1705932188326518,1.5970383654109201,1.9258479787326266,2.163221140274391,2.315356931512826,2.3884544339245344,2.3887127289861114,2.322330898174174,2.1955080229653174,2.0144431848361375,1.7853354652632072,1.5143839457231467,1.207787707692597,0.8717458326481534,0.5124574020664,0.13612149742395913,-0.2510627998025385,-0.6428964081364839,-1.0331802461012698,-1.4157152322202609,-1.7843022850168615,-2.132742323014486,-2.4548362647365756,-2.744385028706498,-2.995189533447671,-3.2010506974834394,-3.3557694393371746,-3.453146677532264,-3.486983330592097
201,4,-1.1175862699722223,2.316322007125,8.390962971701875,9.267285836201392,-1.119838495428265,2.3604411437511117,0.0022522254560426447,-0.044119136626111555,-0.0,0.36829547533171886,0.6603918868017021,0.8817320246857854,1.037758679259813,1.1339146407996274,1.1756426995810698,1.1683856458799762,1.117586269972177,1.028687362133517,0.907131712639827,0.7583621117669408,0.5878213497906785,0.4009522169868861,0.20319750363141656,1.0344186179325437e-13,-0.2031975036312252,-0.4009522169867242,-0.587821349790545,-0.7583621117668469,-0.907131712639791,-1.0286873621335275,-1.1175862699722223,-1.1683856458800435,-1.1756426995811649,-1.1339146407997398,-1.0377586792599343,-0.8817320246859005,-0.6603918868017936,-0.36829547533177365,-0.0,0.6209085484064186,1.1351180078168068,1.5486395945126479,1.8674845247754024,2.0976640148865475,2.2451892811275562,2.316071539779889,2.316322007125,2.2519518994443657,2.1289724330194386,1.9533948241316759,1.7312302890625082,1.4684900440934154,1.171185305505895,0.8453272895814028,0.49692721260138134,0.13199629084731135,-0.2434542593993182,-0.6234132218570398,-1.0018693802443877,-1.3728115182798684,-1.7302284196820268,-2.068108868169419,-2.3804416474606245,-2.6612155412741547,-2.9044193333285664,-3.1040418073423486,-3.2540717470340135,-3.3484979361220906,-3.3813091583251103
202,4,-1.1112981132291668,2.3538085305208334,8.343750786111453,9.417264261586999,-1.119838495428265,2.3604411437511117,0.00854038219909814,-0.006632613230278306,-0.0,0.36622324185957583,0.6566761578171698,0.876770914008635,1.0319196765698337,1.1275346116366256,1.1690278853448695,1.1618116638304186,1.111298113229122,1.0228993996768412,0.9020276893094247,0.7540951482627242,0.5845139426725774,0.3986962386748478,0.20205420240540592,1.028599335030869e-13,-0.20205420240521565,-0.39869623867468684,-0.5845139426724447,-0.7540951482626309,-0.9020276893093888,-1.0228993996768516,-1.111298113229167,-1.1618116638304856,-1.169027885344964,-1.1275346116367373,-1.0319196765699543,-0.8767709140087496,-0.6566761578172609,-0.3662232418596303,-0.0,0.6309571093383244,1.1534883499480681,1.5737022214759289,1.897707223568581,2.131611855872716,2.2815246180350206,2.353554009702171,2.353808530520834,2.2883966801376987,2.1634269581994348,1.985007864352711,1.7592478982441724,1.4922555595205134,1.1901393478284457,0.8590077628146389,0.5049693041257496,0.13413247140847281,-0.24739423569048818,-0.6335023175244517,-1.0180832744467379,-1.3950286068106383,-1.758229814969485,-2.101578399276619,-2.4189658600854083,-2.704283697749147,-2.9514234126211805,-3.1542765050547827,-3.3067344754032506,-3.4026888240199002,-3.436031051258047
203,4,-1.1155843908194445,2.3160823003749997,8.375932638656357,9.26632680245639,-1.119838495428265,2.3604411437511117,0.004254104608820475,-0.044358843376111956,-0.0,0.3676357651563717,0.6592089582114244,0.8801526200295356,1.0358997914750911,1.131883513412475,1.1735368267060702,1.166292772220254,1.1155843908193994,1.0268447233678921,0.9055068107301046,0.7570036937704129,0.5867684133531784,0.40023401034278866,0.2028335256036386,1.032566008081836e-13,-0.20283352560344758,-0.40023401034262707,-0.5867684133530452,-0.7570036937703192,-0.9055068107300688,-1.0268447233679026,-1.1155843908194445,-1.1662927722203213,-1.173536826706165,-1.1318835134125869,-1.035899791475212,-0.8801526200296503,-0.6592089582115159,-0.3676357651564264,-0.0,0.6208442931043803,1.1350005390677798,1.5484793320953412,1.867291266392184,2.097446936163445,2.2449569356142556,2.315831858949736,2.3160823003749997,2.2517188540951816,2.128752114315394,1.953192675240753,1.7310511310763486,1.4683380760273195,1.171064104298823,0.8452398100959732,0.4968757876238725,0.1319826310876606,-0.24342906530751451,-0.6233487073565261,-1.0017657008542489,-1.3726694515955307,-1.7300493653752573,-2.0678948479883252,-2.380195305229656,-2.660940142894099,-2.9041187667765542,-3.1037205826718517,-3.253734996374843,-3.3481514136803994,-3.380959240383392
204,4,-1.1183550895833332,2.3067430241249998,8.396735355509803,9.228961642411385,-1.119838495428265,2.3604411437511117,0.0014834058449317844,-0.05369811962611193,-0.0,0.3685488363399258,0.6608461892991767,0.8823385934049411,1.038472583184416,1.134694693164797,1.1764514578732774,1.1691894118370467,1.1183550895832879,1.0293950256391986,0.9077557545319624,0.7588838107887661,0.5882257289367824,0.40122804350321006,0.20333728901525497,1.0351301108231036e-13,-0.2033372890150635,-0.4012280435030481,-0.5882257289366488,-0.7588838107886722,-0.9077557545319264,-1.0293950256392093,-1.1183550895833332,-1.169189411837114,-1.1764514578733727,-1.1346946931649093,-1.0384725831845374,-0.8823385934050563,-0.6608461892992684,-0.3685488363399807,-0.0,0.618340825779148,1.1304238089677585,1.542235306894893,1.8597616768895895,2.0889892762809037,2.235904462397885,2.306493592569573,2.306743024125,2.2426391143932185,2.1201682207032615,1.9453167003841618,1.724070910764929,1.4624172091746208,1.1663419529423127,0.8418314993970375,0.49487220586781655,0.13145042968370793,-0.24244747182622156,-0.6208351413329265,-0.9977262215073632,-1.3671343550204604,-1.7230731845431857,-2.0595563527465166,-2.370597502301455,-2.6502102758789334,-2.892408316149932,-3.091205265785362,-3.240614767456157,-3.33465046383327,-3.3673259975876517
205,4,-1.0892865583680555,2.312742297833333,8.178485565204829,9.252963911566415,-1.119838495428265,2.3604411437511117,0.030551937060209422,-0.04769884591777851,-0.0,0.35896943400761944,0.6436693299446963,0.8594046548162666,1.0114803756273754,1.105201459383065,1.1458728730883776,1.138799583748349,1.0892865583680116,1.0026387639524093,0.8841611675065738,0.7391587360355399,0.5729364365443287,0.3907992360379861,0.19805210152156547,1.0082290627751716e-13,-0.19805210152137898,-0.39079923603782835,-0.5729364365441986,-0.7391587360354485,-0.8841611675065387,-1.0026387639524195,-1.0892865583680555,-1.1387995837484148,-1.1458728730884702,-1.1052014593831747,-1.0114803756274935,-0.8594046548163786,-0.6436693299447854,-0.3589694340076728,-0.0,0.6199489788417515,1.13336376446583,1.5462462832507131,1.8645984615748545,2.0944222258167264,2.2417195023547944,2.312492217567514,2.3127422978333336,2.248471669530722,2.1256822590381272,1.9503759927339994,1.7285547969967634,1.466220598204894,1.1693753227368815,0.8440208969711758,0.4961592472862138,0.13179230006046988,-0.24307801832757306,-0.6224497814994535,-1.0003210630767116,-1.37068993668086,-1.7275544759334502,-2.0649127544560435,-2.376762845870227,-2.657102823797515,-2.899930761859473,-3.099244733677596,-3.2490428128734017,-3.343323073068425,-3.3760835878842035
206,4,-1.1026877355625,2.362985630840278,8.279103105556853,9.453980578034447,-1.119838495428265,2.3604411437511117,0.017150759865764975,0.002544487089166214,-0.0,0.36338573103760635,0.6515882073777762,0.8699776614988953,1.023924325879358,1.1187984329975569,1.1599702153318827,1.152809905360722,1.1026877355624554,1.0149739384154772,0.8950387463981686,0.7482523919889139,0.5799851076660829,0.395607125908072,0.20048867919328384,1.0206309866610653e-13,-0.20048867919309507,-0.3956071259079123,-0.5799851076659513,-0.7482523919888212,-0.8950387463981331,-1.0149739384154877,-1.1026877355625,-1.1528099053607883,-1.1599702153319766,-1.1187984329976677,-1.0239243258794777,-0.8699776614990089,-0.6515882073778665,-0.36338573103766036,-0.0,0.6334171041146979,1.1579856054246815,1.5798378195809377,1.9051060622344302,2.1399226490361403,2.290419895637043,2.3627301176881033,2.3629856308402784,2.2973187507445467,2.171861793051866,1.9927470734131951,1.7661069074794677,1.4980736109016672,1.1947794993307954,0.8623568884178108,0.5069380938136588,0.134655431169324,-0.24835878386420115,-0.6359722356359458,-1.0220526084949404,-1.4004675867901883,-1.765084854870731,-2.1097720970856213,-2.428396997783938,-2.7148272413146857,-2.962930512026921,-3.1665744942696277,-3.3196268723918143,-3.4159553307425066,-3.4494275536707324
207,4,-1.151350710125,2.3311276137569443,8.64447017261733,9.326521032436862,-1.119838495428265,2.3604411437511117,-0.03151221469673504,-0.029313529994167364,-0.0,0.3794223931093377,0.6803436014374326,0.9083708524686561,1.0691113736873894,1.1681723925780108,1.2111611366248984,1.2036848333124235,1.1513507101249536,1.0597659945468692,0.9345379140625373,0.781273696156328,0.605580568312597,0.4130657580157266,0.20933649275010657,1.065665426384428e-13,-0.20933649274990945,-0.4130657580155597,-0.6055805683124594,-0.7812736961562312,-0.9345379140625002,-1.05976599454688,-1.1513507101250002,-1.2036848333124928,-1.2111611366249961,-1.1681723925781267,-1.0691113736875142,-0.9083708524687747,-0.6803436014375269,-0.3794223931093942,-0.0,0.6248773090941985,1.1423735235235506,1.5585382824241214,1.879421224931952,2.111071990183101,2.259540217313623,2.3308755454595587,2.3311276137569448,2.266346061341837,2.1425805273502707,1.9658806509182833,1.7422960711818867,1.4778764272771419,1.1786713583401278,0.8507305035068812,0.5001035019134259,0.1328399926958236,-0.2450103850098552,-0.6273979920675619,-1.0082731893412493,-1.3815863376948432,-1.741287797992307,-2.0813279310976154,-2.3956570978747687,-2.6782256591876936,-2.9229839759003693,-3.123882408876702,-3.2748713189806224,-3.369901067076079,-3.402922014027021
208,4,-1.1955599158487105,2.4080482258725198,8.976397844067003,9.634269824261962,-1.119838495428265,2.3604411437511117,-0.0757214204204455,0.04760708212140807,-0.0,0.3939913359046499,0.7064672230014407,0.9432501933480735,1.1101627790022592,1.2130275120217062,1.257666924464122,1.2499035483872087,1.1955599158486623,1.1004585589061933,0.9704220096174985,0.8112728000402774,0.6288334622322146,0.4289265282510227,0.21737453015442165,1.1065781907249049e-13,-0.21737453015421696,-0.4289265282508495,-0.6288334622320718,-0.811272800040177,-0.9704220096174601,-1.1004585589062046,-1.1955599158487105,-1.2499035483872807,-1.2576669244642238,-1.2130275120218261,-1.1101627790023887,-0.9432501933481965,-0.7064672230015385,-0.3939913359047086,-0.0,0.6454964913427385,1.180068615879494,1.6099656337120292,1.941436804942083,2.180731389671413,2.33409864800177,2.407787840034895,2.4080482258725198,2.3411290656164,2.213279619368267,2.030749147229857,1.7997869093028773,1.5266421656890887,1.2175641764902678,0.8788022018081495,0.5166055017444545,0.13722333640094292,-0.2530950341206163,-0.6481003497184766,-1.0415433502908928,-1.427174775736092,-1.79874536595234,-2.150005860837915,-2.47470700029112,-2.766599524210184,-3.0194341724933884,-3.2269616850389404,-3.3829328017450724,-3.4810982625100344,-3.515208807232078
209,4,-1.163122924484623,2.37290254568998,8.732857277434741,9.49365679068656,-1.119838495428265,2.3604411437511117,-0.0432844290563581,0.012461401938868466,-0.0,0.38330187284148576,0.6872999099226637,0.9176586709406955,1.0800427155927523,1.1801166035760038,1.2235448945876175,1.2159921483247558,1.163122924484576,1.0706017827642496,0.9440932828609331,0.7892619844717873,0.6117724472939581,0.41728923102461835,0.21147689536094819,1.0765598503845072e-13,-0.21147689536074907,-0.4172892310244498,-0.6117724472938192,-0.7892619844716896,-0.9440932828608956,-1.0706017827642604,-1.163122924484623,-1.215992148324826,-1.2235448945877163,-1.1801166035761206,-1.0800427155928787,-0.9176586709408151,-0.6872999099227589,-0.3833018728415429,-0.0,0.6360754120637042,1.162845408419799,1.586468040657463,1.9131013603658507,2.1489034191341347,2.3000322685514814,2.372645960207047,2.37290254568998,2.3069600765894513,2.180976604494608,2.0011101809946004,1.773518857678554,1.5043606861356438,1.199793717955062,0.8659760047259588,0.5090655980374712,0.1352205494787744,-0.24940108936094724,-0.6386412668925319,-1.0263419315268187,-1.4063450316746193,-1.7724925157467843,-2.118626332154176,-2.43858842930768,-2.726220755618112,-2.975365259496336,-3.1798638893531446,-3.333558593599356,-3.4302913206458028,-3.4639040189033223
210,4,-1.0988839972291666,2.393449023361111,8.250544211835086,9.575860422530404,-1.119838495428265,2.3604411437511117,0.020954498199098337,0.03300787960999951,-0.0,0.36213222635957615,0.6493405438171703,0.866976660151493,1.0203922831412633,1.114939120565198,1.1559688802020132,1.1488332698304191,1.0988839972291222,1.011472770176841,0.8919512964522811,0.7456712838341517,0.5779844401011477,0.39424247303198945,0.19979709040540472,1.0171108725242706e-13,-0.19979709040521657,-0.39424247303183024,-0.5779844401010165,-0.7456712838340593,-0.8919512964522458,-1.0114727701768513,-1.0988839972291666,-1.1488332698304853,-1.1559688802021064,-1.1149391205653083,-1.0203922831413825,-0.8669766601516061,-0.6493405438172604,-0.36213222635963,-0.0,0.6415830589221309,1.1729142489048292,1.6002049428461085,1.9296665136439586,2.1675103341963866,2.319947777401396,2.393190216156976,2.393449023361111,2.3269355719118066,2.1998612347070456,2.018437384644813,1.788875394623069,1.5173866375398237,1.2101824862931054,0.8734743137808987,0.5134734929011755,0.13639139655194651,-0.25156060236876887,-0.6441711309629733,-1.0352288163326713,-1.4185222855798385,-1.7878401658064915,-2.1369710841146565,-2.459703667606385,-2.7498265433836577,-3.001128338548503,-3.207397680202879,-3.3624231954487667,-3.459993511388166,-3.4938972551230774
211,4,-1.1120981193333332,2.416108480756945,8.349757321604558,9.666517795699802,-1.119838495428265,2.3604411437511117,0.007740376094931722,0.05566733700583315,-0.0,0.3664868802348124,0.6571488886969045,0.8774020876557533,1.0326625393808453,1.1283463061416645,1.1698694502076936,1.1626480338484106,1.1120981193332882,1.0236357689318125,0.9026770449134557,0.7546380095476942,0.5849347251039896,0.39898325385182964,0.20219965806070894,1.0293396890063568e-13,-0.20219965806051857,-0.39898325385166855,-0.5849347251038568,-0.7546380095476009,-0.9026770449134199,-1.023635768931823,-1.1120981193333332,-1.1626480338484775,-1.1698694502077882,-1.1283463061417762,-1.0326625393809659,-0.8774020876558678,-0.6571488886969955,-0.3664868802348669,-0.0,0.6476571068118657,1.1840185591251917,1.6153545346582228,1.9479352111291797,2.1880307662563023,2.341911377757824,2.4158472233519666,2.416108480756945,2.3489653276909963,2.220687941872335,2.037546501019178,1.8058111828497152,1.531752165082189,1.2216396254348592,0.8817437416259418,0.5183346913736397,0.1376826523961955,-0.25394219758814,-0.650269680861138,-1.0450296197045719,-1.4319518364001853,-1.8047661532297632,-2.1572023924751016,-2.4829903764180203,-2.7758599273402687,-3.029540867523644,-3.2377630192498716,-3.394256204800702,-3.4927502464579034,-3.5269749665032446
212,4,-1.1708392857083334,2.4205803623263886,8.790792582336115,9.684409178936761,-1.119838495428265,2.3604411437511117,-0.05100079028006843,0.06013921857527693,-0.0,0.3858447646083901,0.691859577918492,0.923746579308752,1.0872079081576256,1.1879457038435666,1.2316621057450265,1.2240592532404524,1.170839285708286,1.0777043425269828,0.9503565630749838,0.7944980867307342,0.6158310528726636,0.42005760087922933,0.21287987012889625,1.0837008442825799e-13,-0.21287987012869578,-0.42005760087905974,-0.6158310528725237,-0.7944980867306357,-0.9503565630749461,-1.0777043425269939,-1.1708392857083336,-1.224059253240523,-1.2316621057451258,-1.187945703843684,-1.0872079081577526,-0.9237465793088725,-0.691859577918588,-0.3858447646084476,-0.0,0.648855830255924,1.186210013198799,1.6183443317758555,1.951540568934302,2.1920805076213643,2.3462459307842614,2.420318621370202,2.4205803623263886,2.3533129366000436,2.2247981271383686,2.0413177168885652,1.8091534887978118,1.5345872258133366,1.2239007108823854,0.883375726952161,0.5192940569698529,0.13793748388268975,-0.25441220936209097,-0.651473239817274,-1.046963824535646,-1.434602180569965,-1.8081065249730286,-2.161195074797646,-2.487586047096653,-2.78099765892281,-3.0351481273289282,-3.243755669367748,-3.400538502092032,-3.499214842554562,-3.533502907808121
213,4,-1.2089239739444446,2.4664648390208335,9.07673669006568,9.867986660678916,-1.119838495428265,2.3604411437511117,-0.08908547851617965,0.10602369526972177,-0.0,0.39839540050438005,0.7143641664216465,0.9537939145080185,1.1225722615197251,1.2265868242129936,1.2717252193440491,1.2638750636691116,1.2089239739443958,1.1127595669261305,0.98126945937053,0.8203412680338122,0.6358626096721798,0.43372110104186357,0.21980435889910183,1.1189457632825354e-13,-0.21980435889889485,-0.4337211010416884,-0.6358626096720355,-0.8203412680337107,-0.9812694593704909,-1.1127595669261416,-1.2089239739444448,-1.2638750636691845,-1.2717252193441517,-1.226586824213115,-1.1225722615198563,-0.9537939145081429,-0.7143641664217454,-0.39839540050443933,-0.0,0.6611555294044449,1.2086957883263085,1.6490216370744861,1.9885339359578489,2.2336335452852865,2.390721325365683,2.46619813650791,2.4664648390208335,2.39792229321334,2.2669713593942946,2.0800128978725634,1.8434477689569864,1.563676832956456,1.2471009501798838,0.9001209809361349,0.5291377855340624,0.1405522242825593,-0.2592348425094729,-0.6638225545331552,-1.0668100514796102,-1.461796473039932,-1.8423809589052542,-2.2021626487667234,-2.534740682315511,-2.8337141992427144,-3.092682339239482,-3.3052442419968884,-3.464999047206032,-3.5655458945580323,-3.6004839237440063
214,4,-1.2139896742291667,2.4788689149791665,9.11477053555655,9.917613662920502,-1.119838495428265,2.3604411437511117,-0.09415117880090174,0.11842777122805481,-0.0,0.4000647790072996,0.717357534771709,0.9577905546677176,1.1272761260698239,1.2317265363525243,1.2770540728903148,1.2691710230576845,1.2139896742291179,1.1174223137791133,0.9853812290821552,0.823778707512731,0.6385270364453132,0.4355385032544022,0.2207253953145063,1.123633741692814e-13,-0.22072539531429844,-0.43553850325422633,-0.6385270364451683,-0.823778707512629,-0.9853812290821159,-1.1174223137791246,-1.2139896742291667,-1.2691710230577575,-1.2770540728904178,-1.2317265363526462,-1.1272761260699555,-0.9577905546678425,-0.7173575347718086,-0.4000647790073592,-0.0,0.6644805406826354,1.2147744293560623,1.6573147168377178,1.9985344539450163,2.2448666914953894,2.402744480306264,2.4786008711950536,2.4788689149791665,2.4099816624760324,2.2783721645030575,2.0904734718776505,1.852718635417195,1.5715407059391246,1.2533727342608934,0.9046477711999092,0.5317988675735673,0.14125907419930314,-0.26053855810543924,-0.6671609785232384,-1.0721751362366747,-1.4691479804282994,-1.8516464602807046,-2.2132375249764937,-2.5474881236982965,-2.8479652056286673,-3.1082357199502133,-3.3218666158454644,-3.4824248424969793,-3.5834773490873326,-3.618591084799101
215,4,-1.1757972695625,2.4949873056458336,8.828017680793742,9.98210112755974,-1.119838495428265,2.3604411437511117,-0.05595877413423511,0.1345461618947219,-0.0,0.3874786456512403,0.6947892956504993,0.9276582354014871,1.0918117503079228,1.192976125773524,1.2368776472020067,1.2292425999970809,1.1757972695624528,1.0822679413018408,0.9543809006189505,0.7978624329174904,0.6184388236011542,0.421836358073663,0.2137813217387452,1.088289138093989e-13,-0.2137813217385439,-0.4218363580734927,-0.6184388236010138,-0.7978624329173917,-0.9543809006189126,-1.0822679413018519,-1.1757972695625003,-1.2292425999971517,-1.2368776472021066,-1.192976125773642,-1.0918117503080502,-0.927658235401608,-0.6947892956505957,-0.387478645651298,-0.0,0.6688012035786849,1.2226732773774,1.6680911019471465,2.011529557838903,2.259463525603665,2.418367885792423,2.4947175189561555,2.494987305645834,2.425652126412452,2.2931868618069804,2.104066392380392,1.864765598683633,1.5817593612677021,1.2615225606836171,0.9105300774823503,0.5352567922148604,0.1421775854321471,-0.2622326623147814,-0.6714990704749397,-1.079146758497344,-1.4787008458309816,-1.8636864519248801,-2.22762869622808,-2.5640526981896463,-2.8664835772585704,-3.128446452883894,-3.343466444514584,-3.5050686715996346,-3.606778253588056,-3.6421203099288615
216,4,-1.1575331348402778,2.5221121261875,8.69088851029297,10.090623804649567,-1.119838495428265,2.3604411437511117,-0.03769463941201279,0.16167098243638822,-0.0,0.3814597830723267,0.6839968524055507,0.9132485446953196,1.0748521966372895,1.1744451449271152,1.2176647262604496,1.2101482773329406,1.1575331348402311,1.0654566354779769,0.9395561159418213,0.7854689129274096,0.6088323631303734,0.41528380324637054,0.21046056997106669,1.0713868611238274e-13,-0.21046056997086854,-0.41528380324620284,-0.6088323631302351,-0.7854689129273124,-0.939556115941784,-1.0654566354779877,-1.157533134840278,-1.2101482773330101,-1.2176647262605478,-1.1744451449272313,-1.074852196637415,-0.9132485446954387,-0.6839968524056456,-0.38145978307238354,-0.0,0.676072227597152,1.2359658473054733,1.6862261328088584,2.0333983577911785,2.284027795936325,2.44465972092818,2.5218394064506167,2.5221121261874995,2.4520231538227164,2.3181177630401306,2.1269412275236093,1.8850388209569913,1.5989558170241696,1.2752374894090555,0.9204291117955148,0.5410759578673998,0.14372330130860367,-0.2650835841969713,-0.6787994249654461,-1.0908789473129437,-1.4947768775555565,-1.88394794200942,-2.25184686699068,-2.5919283788155103,-2.8976472038000067,-3.162458068260318,-3.379815698512518,-3.543174820872705,-3.6459901616569974,-3.681716447181514
217,4,-1.1751957345208333,2.534009090708333,8.823501288282108,10.138221923761924,-1.119838495428265,2.3604411437511117,-0.05535723909256829,0.17356794695722133,-0.0,0.3872804125125092,0.694433843125878,0.927183647690042,1.0912531820549465,1.192365802070534,1.2362448635867467,1.22861372245352,1.1751957345207857,1.0817142556384884,0.9538926416565585,0.7974542484249307,0.6181224317935241,0.4216205476122856,0.21367195173116935,1.0877324562672206e-13,-0.21367195173096815,-0.4216205476121154,-0.6181224317933839,-0.797454248424832,-0.9538926416565207,-1.081714255638499,-1.1751957345208335,-1.228613722453591,-1.2362448635868466,-1.192365802070652,-1.091253182055074,-0.927183647690163,-0.6944338431259742,-0.3872804125125669,-0.0,0.6792613036186858,1.2417959774101892,1.694180169533805,2.042990028148805,2.2948017014144795,2.456191337490112,2.533735084534975,2.534009090708333,2.463589504169474,2.329052473077662,2.136974145592163,1.8939306698722171,1.6064981940771166,1.2812528663661733,0.924770834898653,0.5436282478338077,0.14440125333093115,-0.2663340004506744,-0.68200136535173,-1.096024693212958,-1.5018278358750514,-1.892834645178745,-2.262468972964785,-2.6041546710739443,-2.9113155913469195,-3.17737558562446,-3.3957585057472386,-3.559888203555953,-3.663188530891322,-3.699083339594064
218,4,-1.2047928066944444,2.542595201069444,9.045719423340024,10.17257377065231,-1.119838495428265,2.3604411437511117,-0.08495431126617947,0.18215405731833245,-0.0,0.39703399311517557,0.7119230221375556,0.950534584502337,1.1187361776447258,1.2223952989999258,1.2673794460031405,1.2595561160895663,1.2047928066943958,1.1089570152528347,0.9779162392000752,0.8175379759713118,0.6336897230017248,0.4322389777265222,0.2190532375809196,1.1151226348326231e-13,-0.21905323758071332,-0.4322389777263477,-0.6336897230015809,-0.8175379759712107,-0.9779162392000362,-1.108957015252846,-1.2047928066944447,-1.259556116089639,-1.2673794460032426,-1.2223952990000468,-1.1187361776448563,-0.9505345845024609,-0.7119230221376543,-0.39703399311523474,-0.0,0.6815628788333477,1.246003617133,1.699920645351576,2.0499123939416726,2.3025772933559048,2.4645137740468805,2.5423202664671973,2.5425952010694446,2.4719370083062335,2.336944118630155,2.1442149624937974,1.900347970349727,1.61194157265056,1.2855941998489333,0.9279042823974374,0.5454702507486489,0.1448905353551861,-0.2672364333303239,-0.6843122248552773,-1.0997384087670719,-1.506916554613076,-1.8992482319406998,-2.2701350102973645,-2.6129784592305194,-2.921180148287535,-3.188141647015837,-3.4072645249627724,-3.5719503516757163,-3.6756006967020602,-3.7116171295891998
219,4,-1.2122497252222222,2.5551892833541667,9.101706803402536,10.222960962078266,-1.119838495428265,2.3604411437511117,-0.09241122979395722,0.19474813960305504,-0.0,0.39949138672092016,0.7163293830857874,0.9564178026914596,1.125660459134804,1.2299611660126863,1.2752237369219708,1.267351985459515,1.2122497252221731,1.115820769806812,0.9839689328102845,0.8225980278294471,0.6376118684611409,0.43491426830223523,0.22040904094960712,1.1220235312735078e-13,-0.2204090409493996,-0.43491426830205965,-0.6376118684609962,-0.8225980278293453,-0.9839689328102452,-1.1158207698068234,-1.2122497252222222,-1.2673519854595883,-1.2752237369220736,-1.229961166012808,-1.1256604591349355,-0.9564178026915842,-0.7163293830858867,-0.3994913867209798,-0.0,0.6849388228194879,1.2521753711246044,1.7083407589725141,2.0600661004203586,2.3139825095252977,2.4767211003444856,2.5549129869350633,2.555189283354167,2.484181103658953,2.3485195619065546,2.1548357721541094,1.909760848458725,1.6199259048775647,1.2919620554678102,0.932500414286597,0.548172095391047,0.14560821283832348,-0.26856011931440116,-0.687701787009978,-1.10518567619126,-1.5143806728010698,-1.9086556627822722,-2.281379532077744,-2.6259211666303894,-2.9356494523830343,-3.2039332752785583,-3.424141521259764,-3.5896430762694798,-3.693806826250554,-3.7300016571458356
220,4,-1.1992492899305556,2.5468737714375,9.004098078170887,10.189691742354476,-1.119838495428265,2.3604411437511117,-0.0794107945022906,0.18643262768638813,-0.0,0.39520715236343956,0.708647307686167,0.9461609657568015,1.113588626363972,1.216770789296305,1.2615479543424262,1.2537606212909553,1.199249289930507,1.1038544600497098,0.973416631437178,0.8137763038815296,0.6307739771713671,0.4302501510953212,0.21804532544203015,1.1099924681339519e-13,-0.21804532544182484,-0.4302501510951475,-0.6307739771712239,-0.8137763038814289,-0.9734166314371393,-1.103854460049721,-1.1992492899305556,-1.2537606212910275,-1.261547954342528,-1.2167707892964255,-1.113588626364102,-0.9461609657569249,-0.7086473076862652,-0.39520715236349846,-0.0,0.682709783671411,1.2481003386844736,1.7027811990481252,2.0533618987712816,2.3064519718628755,2.468660952331834,2.546598374187073,2.5468737714375003,2.4760966780920457,2.340876628159618,2.1478231556491254,1.9035457945694505,1.6146540789295298,1.287757542738318,0.9294657200047245,0.5463881447376439,0.14513435094601299,-0.2676861273612223,-0.6854637561751399,-1.1015890014868193,-1.5094523292873097,-1.902444205567703,-2.2739550963191024,-2.6173754675326384,-2.9260957851993634,-3.1935065153103843,-3.4129981238567297,-3.5779610768294554,-3.681785840219636,-3.717862880018347
221,4,-1.2230920840833333,2.5785482160902777,9.183112448920845,10.316416839900205,-1.119838495428265,2.3604411437511117,-0.10325358865506828,0.21810707233916604,-0.0,0.4030644368001497,0.7227362315037161,0.9649720014033094,1.1357283637915492,1.240961935961053,1.2866293352044373,1.2786871788143124,1.223092084083284,1.1258006683039712,0.9927695487689789,0.8299553427709161,0.6433146676023755,0.43880414055597905,0.22238037892435558,1.1320574340708524e-13,-0.22238037892414622,-0.4388041405558019,-0.6433146676022297,-0.8299553427708134,-0.9927695487689395,-1.1258006683039825,-1.2230920840833335,-1.278687178814386,-1.2866293352045413,-1.2409619359611759,-1.1357283637916815,-0.9649720014034352,-0.7227362315038164,-0.40306443680020976,-0.0,0.691200370640943,1.2636224605666513,1.7239580039019438,2.0788987347716166,2.3351363873004836,2.4993626956133532,2.5782693938350216,2.578548216090278,2.506890896503933,2.3699891692007755,2.174534768305596,1.9272194279431563,1.634734882238274,1.3037728653157856,0.9410251113004804,0.5531833543171348,0.14693932849056623,-0.2710152320543983,-0.6939885931929558,-1.1152890208003046,-1.528224780751613,-1.9261041389220919,-2.302235361186964,-2.649926713421479,-2.9624864615008093,-3.233222871300179,-3.455444208694738,-3.6224587395596592,-3.7275747297701365,-3.764100445201364
222,4,-1.2524751805486112,2.506754709611111,9.40372403037864,10.029180892705014,-1.119838495428265,2.3604411437511117,-0.1326366851203462,0.14631356585999944,-0.0,0.4127475026807516,0.7400989703241059,0.9881541197184452,1.1630126676521615,1.2707743309136454,1.3175388262912855,1.3094058705734648,1.2524751805485608,1.1528464730049655,1.016619464731056,0.8498938725152139,0.6587694131458035,0.4493458034112193,0.2277227600998634,1.1592495919392907e-13,-0.22772276009964895,-0.44934580341103786,-0.658769413145654,-0.8498938725151085,-1.0166194647310156,-1.152846473004977,-1.2524751805486114,-1.30940587057354,-1.3175388262913919,-1.270774330913771,-1.1630126676522974,-0.9881541197185738,-0.7400989703242085,-0.41274750268081317,-0.0,0.671955549862197,1.228439916085297,1.6759585174658862,2.021016772800527,2.2701201008858005,2.4297739205182816,2.506483650494533,2.506754709611111,2.437092516664594,2.3040024904515373,2.113990049768498,1.8735606134120073,1.5892196001786483,1.2674724288650234,0.9148245182676897,0.5377812871831906,0.1428481544081102,-0.26346946126095855,-0.6746661410274455,-1.0842364660947823,-1.4856750176663713,-1.8724763769456558,-2.238135125136091,-2.5761458434411595,-2.8800031130642654,-3.143201515208868,-3.359235631078348,-3.5216000418761157,-3.6237893288055956,-3.6592980730702176
223,4,-1.2516181410694445,2.4617884142847224,9.39728928191385,9.849276928358575,-1.119838495428265,2.3604411437511117,-0.1317796456411795,0.1013472705336107,-0.0,0.4124650692160262,0.7395925379045983,0.9874779489605311,1.1622168452786497,1.2699047697537764,1.3166372652807334,1.3085098747543358,1.2516181410693938,1.1520576071207322,1.015923815803161,0.8493123100114934,0.6583186326405274,0.44903832658508963,0.2275669347400148,1.1584564572591344e-13,-0.22756693473980052,-0.4490383265849083,-0.6583186326403779,-0.8493123100113883,-1.0159238158031205,-1.152057607120744,-1.2516181410694445,-1.308509874754411,-1.3166372652808396,-1.269904769753902,-1.162216845278785,-0.9874779489606599,-0.7395925379047009,-0.4124650692160877,-0.0,0.6599019765367093,1.2064040974846073,1.6458950871022358,1.9847636696481126,2.2293985693807743,2.386188510558752,2.461522217440564,2.461788414284723,2.3933758253497617,2.2626731748941924,2.076069187176528,1.839952586455256,1.5607120969889148,1.2447364430360626,0.8984143488552115,0.5281345387048618,0.14028573684355272,-0.25874333247016723,-0.6625639449777724,-1.0647873764207387,-1.459024902540513,-1.8388877990785832,-2.197987341776448,-2.529934806375633,-2.8283414686175874,-3.0868186042438137,-3.2989774889957397,-3.4584293986148174,-3.558785608842518,-3.593657395420314
224,4,-1.2651297168055555,2.4463704179027776,9.498735706889947,9.787591644942239,-1.119838495428265,2.3604411437511117,-0.14529122137729056,0.08592927415166596,-0.0,0.41691774758360783,0.7475766508395723,0.998138055791293,1.17476330846218,1.2836137548756412,1.330850741055083,1.3226356130239056,1.2651297168055045,1.164494398423289,1.0268910039006545,0.8584808792609984,0.6654253705277039,0.4538858237241826,0.23002358487385444,1.1709605478644888e-13,-0.23002358487363786,-0.4538858237239993,-0.6654253705275527,-0.8584808792608921,-1.0268910039006134,-1.1644943984233007,-1.2651297168055557,-1.3226356130239818,-1.3308507410551904,-1.283613754875768,-1.1747633084623172,-0.9981380557914231,-0.747576650839676,-0.41691774758367006,-0.0,0.6557690599027519,1.198848479015428,1.6355869694952332,1.972333243499348,2.2154360131849717,2.371243990709298,2.446105888229509,2.4463704179027776,2.378386291886302,2.2485022223372564,2.063066921412817,1.8284291012701328,1.5509374740664064,1.236940751958858,0.8927876471046626,0.5248268716609832,0.13940713778502203,-0.25712284236600996,-0.6584143566349242,-1.058118692864534,-1.4498871388976236,-1.8273709825770181,-2.1842215117455526,-2.5140900142460905,-2.8106277779214186,-3.0674860906143757,-3.2783162401677273,-3.4367695144242627,-3.5364972012267915,-3.571150588418122
225,4,-1.2837831212083333,2.433133855479167,9.638787557780867,9.734633978827166,-1.119838495428265,2.3604411437511117,-0.1639446257800683,0.07269271172805514,-0.0,0.4230648922163408,0.7585991170775761,1.0128548651090676,1.1920843268361863,1.3025396927843018,1.3504731534787826,1.3421368994449903,1.2837831212082815,1.1816640092940276,1.0420317542275848,0.8711385465343131,0.6752365767395562,0.4605780353686873,0.2334151129470885,1.188223068780334e-13,-0.2334151129468687,-0.46057803536850134,-0.6752365767394028,-0.8711385465342053,-1.0420317542275435,-1.1816640092940396,-1.2837831212083335,-1.3421368994450675,-1.3504731534788919,-1.3025396927844306,-1.1920843268363253,-1.0128548651091995,-0.7585991170776815,-0.423064892216404,-0.0,0.6522208940022188,1.1923618764090482,1.626737308437147,1.9616615513031501,2.203448966223712,2.358413914415479,2.4328707570950874,2.4331338554791673,2.3655175707843683,2.2363362642273197,2.0519042970246515,1.8185360303929694,1.542545825548928,1.2302480437092023,0.887957046090422,0.5219871939092042,0.13865284838220532,-0.25573162927390936,-0.6548518778424972,-1.0523935361069168,-1.4420422428504989,-1.8174836368566134,-2.1724033569086423,-2.5004870417899925,-2.7954203302839984,-3.0508888611740432,-3.260578273243439,-3.418174205275521,-3.5173622960536437,-3.5518281843611623
226,4,-1.2756478389236112,2.418333767152778,9.577706946601614,9.675420860573407,-1.119838495428265,2.3604411437511117,-0.15580934349534625,0.05789262340166612,-0.0,0.42038394691796677,0.7537919048184227,1.0064364443454725,1.1845301361432308,1.2942855508558102,1.3419152591273225,1.3336318316018725,1.2756478389235597,1.1741758517364995,1.0354284406847907,0.8656181764125368,0.6709576295638249,0.4576593707827717,0.23193597071350192,1.1806943904992043e-13,-0.23193597071328353,-0.4576593707825869,-0.6709576295636726,-0.8656181764124297,-1.0354284406847494,-1.174175851736511,-1.2756478389236112,-1.333631831601949,-1.3419152591274308,-1.294285550855938,-1.1845301361433689,-1.0064364443456035,-0.7537919048185272,-0.4203839469180295,-0.0,0.6482536125401605,1.1851090649584437,1.6168423099377895,1.9497293001611142,2.190045988311352,2.3440683270714318,2.4180722691242704,2.418333767152778,2.3511287738398865,2.2227332418685055,2.039423123921546,1.807474372681895,1.5331629408324885,1.2227647810562818,0.8825558460361859,0.5188120884550989,0.13780946099595814,-0.2541760836582902,-0.6508685928247224,-1.0459921138204162,-1.4332706939624216,-1.8064283805678272,-2.1591892209537336,-2.4852772624372674,-2.778416552335481,-3.032331137965478,-3.2407450666442874,-3.3973823856889656,-3.4959671424165855,-3.5302233841442208
227,4,-1.2857159417222224,2.4045294010069447,9.653299390825659,9.620191489843643,-1.119838495428265,2.3604411437511117,-0.1658774462939574,0.044088257255832985,-0.0,0.4237018444311451,0.7597412382903286,1.0143797851898304,1.1938790887419402,1.3045007525589456,1.3525063802531332,1.3441575754367832,1.2857159417221704,1.1834430827215845,1.0436006020473,0.872450103311595,0.6762531901267316,0.4612714661050015,0.23376653485870486,1.1900117693213793e-13,-0.23376653485848473,-0.4612714661048153,-0.676253190126578,-0.872450103311487,-1.0436006020472584,-1.1834430827215965,-1.2857159417222224,-1.3441575754368607,-1.3525063802532424,-1.3045007525590746,-1.1938790887420794,-1.0143797851899627,-0.759741238290434,-0.4237018444312083,-0.0,0.6445532423330326,1.1783442090573937,1.6076130283764054,1.9385998284933668,2.177544737611596,2.3306878839344027,2.404269395665088,2.4045294010069447,2.3377080281632874,2.2100454053374077,2.0277816607326007,1.797156922552136,1.524411318999332,1.2157849782775265,0.8775180285900139,0.5158505981400748,0.13702281513102946,-0.2527251922337934,-0.6471532957510874,-1.0400213672175473,-1.4250892784298401,-1.7961169011846725,-2.1468641072787613,-2.4710907685088506,-2.7625567566716103,-3.01502194356376,-3.2222462009819473,-3.3779894007228455,-3.4760114145831444,-3.510072114359536
228,4,-1.2417359807569444,2.3969931569444447,9.323092914715573,9.590040013648307,-1.119838495428265,2.3604411437511117,-0.12189748532867939,0.03655201319333301,-0.0,0.4092084482039527,0.7337530795381215,0.9796813094932024,1.1530405535599004,1.2598782272289193,1.3062417459909617,1.2981785253367228,1.2417359807568942,1.1429615277421812,1.007902581783274,0.8426065583708676,0.65312087299564,0.4454929411482989,0.2257701783195593,1.149311156197476e-13,-0.22577017831934673,-0.445492941148119,-0.6531208729954918,-0.8426065583707634,-1.007902581783234,-1.1429615277421927,-1.2417359807569444,-1.2981785253367975,-1.306241745991067,-1.259878227229044,-1.153040553560035,-0.9796813094933299,-0.7337530795382232,-0.40920844820401364,-0.0,0.6425330921350508,1.1746510583122327,1.6025744690080626,1.9325238946990335,2.1707199058616573,2.3233830729724385,2.3967339665078717,2.3969931569444447,2.330381214758666,2.2031187104270216,2.021426214426,1.7915242972320662,1.519633529321732,1.21197448117153,0.8747677232579483,0.5142338260574618,0.13659336004658518,-0.2519331042981589,-0.6451249965002698,-1.0367617460832481,-1.4206227825705666,-1.7904875354857377,-2.1401354343522847,-2.463345908693756,-2.753898388033628,-3.005572301895426,-3.212147079802604,-3.367402151278641,-3.4651169458470314,-3.499070893031275
229,4,-1.2106180306944445,2.392227143006944,9.089455858011044,9.570971847252498,-1.119838495428265,2.3604411437511117,-0.09077953526617955,0.031785999255832476,-0.0,0.3989536692060845,0.7153651999557371,0.9551304592815573,1.1241453142161535,1.228305631792133,1.273507279042101,1.2656461229986569,1.2106180306943957,1.114318869161926,0.9826445054338416,0.8214908065427409,0.6367536395212059,0.4343288714018474,0.22011236921728378,1.1205135033823076e-13,-0.22011236921707653,-0.43432887140167203,-0.6367536395210613,-0.8214908065426392,-0.9826445054338024,-1.114318869161937,-1.2106180306944447,-1.2656461229987297,-1.2735072790422037,-1.2283056317922545,-1.124145314216285,-0.9551304592816818,-0.7153651999558364,-0.3989536692061439,-0.0,0.6412555241688891,1.172315464111892,1.5993880217572447,1.92868139903316,2.166403797867868,2.3187634201895935,2.3919684679265503,2.3922271430069446,2.3257476473590044,2.198738182910936,2.017406951590947,1.7879621553272211,1.51661199604799,1.2095646756815046,0.8730283961559729,0.5132113593995895,0.13632176734058768,-0.2514321780927903,-0.6438422749723244,-1.034700321369796,-1.4177981153569592,-1.7869274550056065,-2.1358801383875416,-2.4584479635745944,-2.748422728638521,-2.999596231651129,-3.205760270684152,-3.360706643809349,-3.458227149098497,-3.492113584623375
230,4,-1.1890198112430557,2.4098795784722222,8.927294005686392,9.641596814186553,-1.119838495428265,2.3604411437511117,-0.0691813158147907,0.049438434721110536,-0.0,0.3918360741596048,0.7026026157344631,0.9380903056234828,1.1040898247255804,1.2063918539396707,1.2507870741646678,1.243066166299479,1.1890198112430075,1.0944386898941703,0.9651134831518694,0.8068348719150111,0.6253935370824865,0.42658015955321416,0.21618542022612017,1.1005257463501868e-13,-0.2161854202259166,-0.42658015955304185,-0.6253935370823446,-0.8068348719149113,-0.9651134831518311,-1.0944386898941814,-1.1890198112430557,-1.2430661662995506,-1.2507870741647686,-1.2063918539397902,-1.1040898247257092,-0.9380903056236052,-0.7026026157345606,-0.3918360741596631,-0.0,0.6459873999818672,1.1809660737062513,1.6111900339200695,1.9429132933702167,2.1823898648036044,2.335873760967139,2.409618994607716,2.4098795784722222,2.3429095253075682,2.214962847860641,2.03229355887833,1.8011556711074994,1.5278031972950636,1.218490150187955,0.8794705425330628,0.5169983870772628,0.13732769656747018,-0.2532875162493912,-0.6485932386264199,-1.0423354578167157,-1.4282601610733507,-1.8001133356494363,-2.151640968798095,-2.476589047772475,-2.7687035598256515,-3.021730492210749,-3.2294158321808215,-3.3855055669889453,-3.4837456838882157,-3.51788217013173
231,4,-1.18052305775,2.393141635625,8.863499428162028,9.574630606466696,-1.119838495428265,2.3604411437511117,-0.060684562321735136,0.03270049187388846,-0.0,0.3890360076675754,0.6975818068522036,0.9313866981598066,1.096199982196315,1.197770959567659,1.2418489308797658,1.234183196738558,1.1805230577499526,1.0866178145198806,0.9582167676542592,0.8010692177590086,0.6209244654400345,0.4235318113032697,0.21464055595465473,1.0926625498138585e-13,-0.2146405559544526,-0.4235318113030987,-0.6209244654398935,-0.8010692177589094,-0.958216767654221,-1.0866178145198915,-1.1805230577500003,-1.2341831967386292,-1.2418489308798664,-1.1977709595677777,-1.0961999821964432,-0.9313866981599278,-0.6975818068523003,-0.38903600766763335,-0.0,0.641500661193128,1.1727636129597543,1.5999994304788536,1.9294186889293778,2.167231963490296,2.3196498293405723,2.392882861659159,2.393141635625,2.3266367264170644,2.1995787092142964,2.0181781591956427,1.7886456515400242,1.5171917614264134,1.2100270640338002,0.8733621345411308,0.5134075481273386,0.13637387997139605,-0.2515282947477157,-0.6440884008510378,-1.0350958631596128,-1.4183401064944556,-1.7876105556766198,-2.1366966355271706,-2.4593877708671985,-2.7494733865177214,-3.000742907299807,-3.206985758034451,-3.3619913635426735,-3.459549148645512,-3.4934485381640057
232,4,-1.1857463402847221,2.3917165928819446,8.90271641884739,9.56892920640743,-1.119838495428265,2.3604411437511117,-0.06590784485645718,0.03127544913083291,-0.0,0.39075731668469954,0.7006682919863572,0.9355076645751874,1.1010501731214137,1.203070556295258,1.2473435527669408,1.239643901206676,1.1857463402846742,1.0914256086711587,0.962456445036339,0.8046135880504275,0.6236717763836225,0.4254057487061494,0.21559024368824103,1.0974963604179744e-13,-0.21559024368803806,-0.4254057487059776,-0.6236717763834809,-0.8046135880503279,-0.9624564450363007,-1.09142560867117,-1.1857463402847224,-1.2396439012067475,-1.2473435527670416,-1.203070556295377,-1.1010501731215423,-0.9355076645753094,-0.7006682919864543,-0.3907573166847577,-0.0,0.6411186671446812,1.172065268051501,1.5990466796916227,1.9282697790361878,2.165941443056355,2.3182685487232764,2.391457973008095,2.3917165928819446,2.3252512853159817,2.1982689272813407,2.0169763957491575,1.787580567690543,1.5162883200766584,1.2093065298786825,0.8728420740677512,0.5131018296149874,0.13629267349155272,-0.25137851733138245,-0.64370486588267,-1.0344794951911633,-1.4174955282856874,-1.7865460881951072,-2.1354242979482985,-2.457923280574162,-2.747836159101527,-2.9989560565592717,-3.2050760959762017,-3.3599894003811484,-3.4574890928029602,-3.4913682962704877
233,4,-1.1868663214722224,2.396398024451389,8.91112536312831,9.587658970379456,-1.119838495428265,2.3604411437511117,-0.0670278260439574,0.03595688070027725,-0.0,0.39112640139421656,0.7013300990516982,0.9363912860964944,1.1020901556526639,1.2042069008442637,1.24852171479535,1.2408147906299716,1.1868663214721746,1.092456500446017,0.9633655206755436,0.8053735752848027,0.6242608573978273,0.42580756013867793,0.21579387663142302,1.0985328306652873e-13,-0.2157938766312198,-0.42580756013850607,-0.6242608573976856,-0.805373575284703,-0.9633655206755054,-1.092456500446028,-1.1868663214722226,-1.2408147906300433,-1.2485217147954508,-1.204206900844383,-1.1020901556527924,-0.9363912860966164,-0.7013300990517954,-0.39112640139427485,-0.0,0.6423735621339387,1.1743594125014056,1.6021765771174308,1.9320440819970197,2.170180953155197,2.322806216606981,2.396138898367379,2.3963980244513894,2.3298026208740352,2.202571713650316,2.0209243287952328,1.7910794923237614,1.5192562302509292,1.21167356859178,0.8745505333613152,0.5141061505745226,0.1365594462464294,-0.2518705536079286,-0.6449648229735379,-1.0365043358353865,-1.4202700661784344,-1.790042987987681,-2.1396040752481364,-2.462734301944837,-2.753214642062746,-3.004826069586876,-3.2113495585021674,-3.366566082793587,-3.464256616446117,-3.4982021334447424
234,4,-1.1764251630833333,2.4009996420694444,8.832731975721162,9.606069409707082,-1.119838495428265,2.3604411437511117,-0.05658666765506837,0.04055849831833269,-0.0,0.38768556510696944,0.6951603236400826,0.9281536189260405,1.0923947942915535,1.1936131930633302,1.2375381585680778,1.2298990341324976,1.1764251630832858,1.0828458887471533,0.9548905544507957,0.798288503520913,0.6187690792841899,0.4220616250673386,0.21389548419707857,1.0888702129906815e-13,-0.21389548419687718,-0.4220616250671682,-0.6187690792840496,-0.7982885035208142,-0.9548905544507578,-1.0828458887471641,-1.1764251630833336,-1.2298990341325684,-1.237538158568178,-1.1936131930634486,-1.092394794291681,-0.9281536189261615,-0.6951603236401789,-0.3876855651070272,-0.0,0.6436070623583288,1.1766144439725374,1.6052531127718896,1.935754036685625,2.1743481836430014,2.3272665215732706,2.4007400184056737,2.400999642069445,2.334276360493838,2.2068011416080875,2.024804953341428,1.79451876362307,1.5221735403822725,1.2140002515483146,0.8762298650504307,0.5150933488178427,0.13682167077981147,-0.25235420113439366,-0.6462032989955253,-1.038494654874338,-1.4229973008415575,-1.7934802689679499,-2.1437125913242916,-2.4674632999813855,-2.7585014270099606,-3.0105960044807953,-3.217516064464599,-3.373030639032101,-3.4709087602540523,-3.504919460201204
235,4,-1.1613098473541668,2.381086079625,8.719244491133352,9.526397984653894,-1.119838495428265,2.3604411437511117,-0.04147135192590179,0.020644935873888492,-0.0,0.3827043815144037,0.6862285461637577,0.9162282237241344,1.0783591439716147,1.1782770366822781,1.2216376316322026,1.2140966585974609,1.16130984735412,1.0689329276782613,0.9426216293459523,0.7880316821332634,0.6108188158162504,0.41663876017099666,0.21114724497359236,1.0748819646103759e-13,-0.21114724497339352,-0.4166387601708284,-0.6108188158161117,-0.7880316821331658,-0.9426216293459149,-1.0689329276782722,-1.161309847354167,-1.2140966585975308,-1.2216376316323014,-1.1782770366823947,-1.0783591439717406,-0.9162282237242538,-0.686228546163853,-0.3827043815144606,-0.0,0.6382690734634568,1.1668557647988549,1.5919393631401864,1.91969915762142,2.1563144373765426,2.307964491539535,2.3808286092443667,2.381086079625,2.314916191815421,2.1884982349495896,2.008011498161472,1.7796352705850056,1.5095488413541807,1.2039314996030033,0.8689625344654377,0.5108212350754345,0.1356868905669837,-0.2502612099259167,-0.6408437772692904,-1.029881522329163,-1.4111951559715314,-1.778605389062433,-2.125932932467915,-2.44699849705405,-2.7356227936868396,-2.985626533232333,-3.190830426556509,-3.3450551845253713,-3.442121518004939,-3.4758501378612356
236,4,-1.1740189559097223,2.4253549277847224,8.814665902578982,9.703511558791517,-1.119838495428265,2.3604411437511117,-0.054180460481457304,0.0649137840336107,-0.0,0.38689261047021134,0.6937384739465853,0.926255215214393,1.090160459058915,1.1911718302654297,1.2350069536192145,1.2273834539055406,1.174018955909675,1.0806310844168976,0.9529374642124749,0.7966557200816768,0.6175034768097579,0.42119835918200066,0.21345799198369453,1.0866434236730097e-13,-0.21345799198349352,-0.4211983591818306,-0.6175034768096178,-0.7966557200815781,-0.9529374642124371,-1.0806310844169087,-1.1740189559097225,-1.2273834539056112,-1.2350069536193142,-1.1911718302655476,-1.0901604590590424,-0.9262552152145138,-0.6937384739466814,-0.38689261047026896,-0.0,0.6501356905253021,1.1885497980881983,1.621536496376729,1.9553899590789101,2.1964043598827763,2.350873872476357,2.4250926705476687,2.4253549277847224,2.35795481787555,2.229186514508161,2.0453441913705666,1.8127220221507538,1.5376141805367594,1.2263148402166384,0.8851181748784024,0.5203183582100493,0.13820956389961708,-0.25491403436484816,-0.6527582628953225,-1.0490289480037833,-1.4374319160021802,-1.811672993202502,-2.1654580059167485,-2.4924927804569474,-2.78648314313505,-3.041134920263059,-3.2501539381529048,-3.4072460231165427,-3.506117001465945,-3.5404726995130855
237,4,-1.1821846639166667,2.367498076652778,8.875974953490731,9.472034253229939,-1.119838495428265,2.3604411437511117,-0.06234616848840169,0.007056932901666091,-0.0,0.38958358242704494,0.6985636650415973,0.9326976406874037,1.0977429022082197,1.1994568424477992,1.2435968542498954,1.2359203304582547,1.182184663916619,1.0881472474687441,0.9595654739583716,0.8021967362292467,0.6217984271250994,0.4241279394896875,0.21494266616677607,1.0942002589948006e-13,-0.21494266616657365,-0.42412793948951627,-0.6217984271249583,-0.8021967362291473,-0.9595654739583335,-1.088147247468755,-1.1821846639166667,-1.2359203304583257,-1.2435968542499958,-1.1994568424479182,-1.0977429022083478,-0.9326976406875251,-0.6985636650416942,-0.38958358242710295,-0.0,0.6346267011269369,1.1601969380827966,1.5828547370180792,1.908744124083262,2.14400912542884,2.294793767205301,2.3672420755631234,2.367498076652778,2.3017057966247574,2.176009261629532,1.996552497817573,1.7694795313393294,1.5009343883452972,1.1970610949859917,0.8640036774118842,0.5079061617734343,0.13491257422113948,-0.24883305909449407,-0.6371867120229822,-1.0240043584138419,-1.4031419721165628,-1.7684555269806734,-2.1138009968557134,-2.4330343555912473,-2.720011577036767,-2.968588635041816,-3.1726215034558645,-3.3259661561284064,-3.4224785669089552,-3.456014709647025
238,4,-1.1754690433055555,2.3944630540555556,8.825553321269684,9.579917419900887,-1.119838495428265,2.3604411437511117,-0.05563054787729049,0.0340219103044439,-0.0,0.38737048018020176,0.6945953437713956,0.9273992776727938,1.091506968783617,1.192643104003085,1.2365323702304156,1.2288994543648208,1.175469043305508,1.0819658239516985,0.9541144832025993,0.7976397079574208,0.6182661851153586,0.42171860157563573,0.2137216442374825,1.087985385893946e-13,-0.21372164423728124,-0.4217186015754655,-0.6182661851152184,-0.7976397079573221,-0.9541144832025613,-1.0819658239517094,-1.1754690433055555,-1.2288994543648915,-1.2365323702305153,-1.1926431040032028,-1.0915069687837444,-0.9273992776729146,-0.694595343771492,-0.38737048018025944,-0.0,0.6418548779199171,1.1734111765764579,1.6008829004351819,1.9304840539616248,2.1684286416213405,2.320930667879878,2.394204137202773,2.3944630540555556,2.3279214229037777,2.200793248212969,2.0192925344486596,1.7896332860763562,1.5180295075616153,1.2106952033700111,0.8738443779670743,0.5136910358183229,0.1364491813893138,-0.2516671808543874,-0.6444440464472372,-1.0356674109236939,-1.4191232698181875,-1.7885976186651877,-2.137876452999175,-2.460745768354655,-2.750991560266062,-3.002399824267878,-3.2087565558945155,-3.3638477506804088,-3.4614594041600113,-3.4953775118677792
239,4,-1.1991026310555555,2.380093029798611,9.002996946900165,9.522424928851448,-1.119838495428265,2.3604411437511117,-0.07926413562729051,0.019651886047499456,-0.0,0.39515882159781457,0.7085606456236669,0.9460452576184087,1.1134524431229003,1.2166219876780013,1.2613936768245693,1.2536072961034554,1.1991026310555069,1.1037194672215846,0.9732975901425351,0.8136767853592082,0.6306968384124385,0.4301975348430891,0.21801866019203014,1.1098567448181155e-13,-0.21801866019182484,-0.4301975348429154,-0.6306968384122954,-0.8136767853591074,-0.9732975901424964,-1.103719467221596,-1.1991026310555555,-1.2536072961035276,-1.2613936768246712,-1.2166219876781217,-1.1134524431230304,-0.946045257618532,-0.7085606456237652,-0.39515882159787347,-0.0,0.6380028785543286,1.1663691188415457,1.591275432876717,1.9188985326748846,2.155415130251109,2.3070019376204436,2.3798356667979323,2.380093029798611,2.3139507386375375,2.1875855053297464,2.007174041890277,1.7788930603341402,1.5089192726763994,1.203429390932134,0.8686001271163821,0.5106081932441675,0.13563030133055337,-0.2501568366093888,-0.6405765085606093,-1.0294520025080602,-1.4106066064366656,-1.7778636083313888,-2.125046296177204,-2.4459779579591103,-2.7344818816620355,-2.9843813552709557,-3.189499666770778,-3.3436601041464296,-3.4406859553828584,-3.474400508465014
240,4,-1.2074428415833334,2.3754406074305554,9.065616182296214,9.503811226705164,-1.119838495428265,2.3604411437511117,-0.0876043461550684,0.014999463679443714,-0.0,0.39790730006719566,0.7134889518446262,0.9526253587815575,1.121196924327265,1.2250840519310222,1.2701671450421013,1.262326607109768,1.2074428415832845,1.1113962519119258,0.9800672415449525,0.8193362139316294,0.6350835725212055,0.4331897207629582,0.21953506210617235,1.1175750709514876e-13,-0.21953506210596563,-0.4331897207627833,-0.6350835725210614,-0.819336213931528,-0.9800672415449136,-1.111396251911937,-1.2074428415833334,-1.262326607109841,-1.2701671450422036,-1.2250840519311434,-1.121196924327396,-0.9526253587816816,-0.7134889518447252,-0.397907300067255,-0.0,0.6367557597123725,1.1640891904059893,1.5881649303354448,1.9151476177553108,2.151201890920176,2.3024923880846253,2.37518374750323,2.3754406074305554,2.309427606121189,2.183309381829695,2.003250572810641,1.775415817318569,1.5059697536080694,1.2010770199337526,0.866902254550185,0.50961009571192,0.13536518167354997,-0.2496678493103243,-0.6393243589851239,-1.0274397090962715,-1.4078492613891622,-1.7743883776092295,-2.1208924195019185,-2.4411967488127,-2.729136727286971,-2.97854771667018,-3.1832650787077026,-3.3371241751449388,-3.433960367727307,-3.4676090182002266
241,4,-1.2405370862986111,2.3562833551180558,9.314091480752804,9.427165694490704,-1.119838495428265,2.3604411437511117,-0.12069859087034618,-0.004157788633055937,-0.0,0.4088133579847293,0.7330446419036519,0.9787354284757511,1.1519272944200196,1.2586618164554484,1.3049805713010267,1.296925135675738,1.240537086298561,1.141857999888488,1.0069294531644972,0.84179302284557,0.6524902856506726,0.44506281829879935,0.22555219750895317,1.1482016568151657e-13,-0.22555219750874075,-0.4450628182986197,-0.6524902856505245,-0.8417930228454659,-1.006929453164457,-1.1418579998884995,-1.2405370862986111,-1.296925135675813,-1.3049805713011322,-1.2586618164555727,-1.1519272944201542,-0.9787354284758786,-0.7330446419037536,-0.4088133579847902,-0.0,0.6316205057674458,1.1547011424518108,1.5753568322549758,1.8997024973787984,2.133853060025153,2.28392344239591,2.3560285666929275,2.356283355118056,2.2908027298731692,2.1657016131601172,1.987094927180754,1.7610975941369065,1.4938245362304525,1.1913906756632873,0.8599109346372631,0.5055002353542197,0.13427350001603527,-0.2476543491754038,-0.6341683900182328,-1.0191537003105882,-1.3964953578505797,-1.760078440436355,-2.103788025866073,-2.421509191937917,-2.7071270164500003,-2.9545265772004834,-3.157592951987458,-3.3102112186090373,-3.406266454863355,-3.439643738548543
242,4,-1.2303159601597222,2.3549383729930558,9.237350120139416,9.421784605955251,-1.119838495428265,2.3604411437511117,-0.11047746473145725,-0.0055027707580559415,-0.0,0.4054450323253231,0.7270048855488546,0.9706713581778625,1.1424362487196238,1.2482913556814144,1.2942284775705082,1.2862394128941732,1.2303159601596727,1.1324499178742837,0.9986330845452689,0.8348572586798948,0.647114238785412,0.4413958233690997,0.22369381093824517,1.138742664775633e-13,-0.22369381093803453,-0.4413958233689215,-0.6471142387852651,-0.8348572586797915,-0.9986330845452291,-1.132449917874295,-1.2303159601597224,-1.2862394128942471,-1.2942284775706128,-1.248291355681538,-1.1424362487197572,-0.970671358177989,-0.7270048855489554,-0.40544503232538354,-0.0,0.6312599726048295,1.1540420314018,1.5744576081547514,1.8986181346275006,2.1326350425838823,2.2826197637877246,2.354683730002846,2.354938372993056,2.2894951245221877,2.164465416354051,1.9859606802524588,1.760092347981197,1.4929718513041035,1.1907106219850323,0.8594200917877955,0.5052116924761919,0.1341968558140591,-0.2475129864347572,-0.6338064025064329,-1.0185719606371453,-1.3956982290630444,-1.759073776020319,-2.102587169745168,-2.4201269784738164,-2.7055817704424174,-2.9528401138871727,-3.1557905770442134,-3.308321728149695,-3.40432213543979,-3.437680367150673
243,4,-1.2112652924097222,2.358247730520833,9.0943155715131,9.435024890358612,-1.119838495428265,2.3604411437511117,-0.09142679698145728,-0.0021934132302785514,-0.0,0.3991669713622555,0.7157476727874922,0.9556411235569224,1.1247463429517686,1.2289623502532507,1.274188164742588,1.2663228057009928,1.2112652924096734,1.1149146441498519,0.9831698802027359,0.8219300198495364,0.6370940823714494,0.4345610870496987,0.22023005316551614,1.1211125022919299e-13,-0.22023005316530878,-0.4345610870495233,-0.6370940823713047,-0.8219300198494346,-0.9831698802026968,-1.114914644149863,-1.2112652924097222,-1.2663228057010656,-1.2741881647426907,-1.2289623502533724,-1.1247463429518998,-0.9556411235570471,-0.7157476727875913,-0.399166971362315,-0.0,0.6321470722275977,1.1556637883563725,1.576670168448247,1.9012862325651205,2.13563200076891,2.285827493121526,2.3579927296848697,2.3582477305208336,2.292712515691332,2.1675071052582586,1.9887515192835072,1.7625657778289479,1.4950699009564998,1.1923839087281,0.8606278212056427,0.5059216584510096,0.13438544052612011,-0.24786081250709707,-0.6346970805867355,-1.0200033436508902,-1.397659581637628,-1.7615457744850558,-2.1055419021312907,-2.423527944514474,-2.7093838815726765,-2.9569896932440183,-3.1602253594665477,-3.3129708601783374,-3.4091061753174787,-3.4425112848220616
244,4,-1.2282165263958333,2.3550461116875,9.221587336139958,9.42221565365672,-1.119838495428265,2.3604411437511117,-0.10837803096756837,-0.005395032063611804,-0.0,0.4047531734713143,0.7257643110520113,0.969014986734275,1.140486774510299,1.2461612483722742,1.2920199823123915,1.284044550322835,1.2282165263957838,1.1305174845234316,0.9969289986979566,0.8334326429115415,0.6460099911563534,0.4406426174245875,0.223312095708447,1.1367997744335802e-13,-0.22331209570823674,-0.4406426174244095,-0.6460099911562067,-0.8334326429114384,-0.996928998697917,-1.1305174845234427,-1.2282165263958336,-1.284044550322909,-1.2920199823124958,-1.2461612483723974,-1.140486774510432,-0.9690149867344012,-0.7257643110521119,-0.4047531734713746,-0.0,0.6312888528193112,1.1540948289540514,1.5745296397667483,1.898704996619907,2.1327326108760505,2.282724193897694,2.354791457047344,2.3550461116875,2.289599869180681,2.164564440889386,1.9860515381761144,1.760172872403342,1.4930401549335937,1.1907650971294117,0.859459410353296,0.5052348059677335,0.13420299533524985,-0.24752431018162133,-0.6338353992203679,-1.0186185604184792,-1.3957620824134174,-1.7591542538426828,-2.1026833633437865,-2.4202376995542663,-2.7057055511115857,-2.9529752066532597,-3.1559349548167313,-3.3084730842394676,-3.4044778835589535,-3.4378376414126746
245,4,-1.2346149955833332,2.3351067768263887,9.269627759926857,9.342441116708377,-1.119838495428265,2.3604411437511117,-0.11477650015506824,-0.025334366924723017,-0.0,0.4068617599081038,0.7295452246628062,0.9740631296322045,1.146428210184405,1.2526532016875127,1.298750839509631,1.290733859018857,1.2346149955832832,1.1364069845710163,1.002122561350148,0.837774461288774,0.6493754197549739,0.4429381721168566,0.22447545374253847,1.142721144377297e-13,-0.2244754537423271,-0.44293817211667774,-0.6493754197548265,-0.8377744612886703,-1.0021225613501081,-1.1364069845710278,-1.2346149955833332,-1.2907338590189315,-1.2987508395097358,-1.2526532016876366,-1.1464282101845387,-0.9740631296323314,-0.7295452246629075,-0.4068617599081644,-0.0,0.6259439554230427,1.1443235199585333,1.5611986592902949,1.8826293391021265,2.1146755250778457,2.263397182901263,2.33485427825618,2.3351067768263887,2.2702146442957054,2.146237846347922,1.9692363486668343,1.7452701169362121,1.480399116839875,1.1806833140616595,0.8521826742853605,0.5009571631947602,0.1330667464736782,-0.245428610194057,-0.6284689411246387,-1.0099942806342617,-1.383944663039093,-1.744260122655339,-2.084880693799216,-2.3997464107869653,-2.682797307934757,-2.927973419558812,-3.129214779975277,-3.2804614235003267,-3.3756533844501493,-3.4087306971409372
246,4,-1.233152539746528,2.347647441763889,9.258647477595108,9.392614592673445,-1.119838495428265,2.3604411437511117,-0.11331404431826297,-0.01279370198722285,-0.0,0.4063798142346112,0.728681046213785,0.9729093089557642,1.1450702154788004,1.251169378801144,1.2972124119410438,1.2892049279167428,1.2331525397464784,1.1350608604485026,1.000935503041053,0.8367820805423704,0.6486062059706802,0.44241349234423644,0.22420955268130102,1.1413677359631422e-13,-0.2242095526810899,-0.44241349234405786,-0.648606205970533,-0.8367820805422668,-1.000935503041013,-1.135060860448514,-1.233152539746528,-1.289204927916817,-1.2972124119411486,-1.2511693788012679,-1.1450702154789338,-0.9729093089558909,-0.7286810462138862,-0.4063798142346718,-0.0,0.6293055804641392,1.1504690966774724,1.5695830593020335,1.8927399789998336,2.1260323664329013,2.2755527322632596,2.347393587152921,2.347647441763889,2.282406806758191,2.157764192797831,1.979812110544816,1.754643070661127,1.488349583808795,1.1870241606498688,0.8567593118463547,0.5036475480602456,0.13378137995357312,-0.24674668181162268,-0.6318441265733236,-1.0154184436695126,-1.3913771224381457,-1.7536276522172174,-2.0960775223447325,-2.4126342221587214,-2.697205240997143,-2.943698068198005,-3.1460201930992446,-3.298079105038823,-3.3937822933547186,-3.427037247384911
247,4,-1.2390059828263889,2.3523304065,9.30259578428046,9.41135049063448,-1.119838495428265,2.3604411437511117,-0.11916748739812388,-0.008110737251111555,-0.0,0.4083087897950197,0.7321398989427934,0.9775274474895499,1.1505055554815278,1.2571083429649634,1.3033699299860917,1.2953244365911423,1.239005982826339,1.14044868873792,1.005686674372109,0.8407540597751335,0.6516849649932048,0.4445135100725637,0.2252738150594581,1.1467847194485142e-13,-0.22527381505924596,-0.44451351007238415,-0.651684964993057,-0.8407540597750293,-1.005686674372069,-1.1404486887379313,-1.2390059828263889,-1.2953244365912169,-1.303369929986197,-1.2571083429650876,-1.150505555481662,-0.9775274474896775,-0.732139898942895,-0.4083087897950806,-0.0,0.6305608864309233,1.1527639924586202,1.572713981767796,1.8965155180431341,2.130273264969334,2.280091886231091,2.352076045513087,2.3523304065,2.2869596328765276,2.162068388327345,1.9837613365371316,1.758143141190539,1.491318465972271,1.1893919745670467,0.8584683306595445,0.504652197934429,0.1340482400764032,-0.24723887922982105,-0.6331044962995541,-1.0174439474481074,-1.3941525689907652,-1.7571256972428504,-2.1002586685196962,-2.4174468191366625,-2.702585485409035,-2.9495700036521515,-3.152295710181276,-3.3046579413116994,-3.4005520333587276,-3.4338733226376696
248,4,-1.2414977897777777,2.3559636854236112,9.32130455014804,9.425886740000578,-1.119838495428265,2.3604411437511117,-0.12165929434951273,-0.004477458327500461,-0.0,0.4091299534494546,0.7336123303231594,0.9794933860908078,1.152819376222103,1.2596365561867457,1.3059911814544358,1.297929507494867,1.2414977897777277,1.142742283772721,1.007709244949535,0.8424449287778618,0.6529955907273771,0.4454074862677862,0.22572687086880175,1.1490907258314666e-13,-0.2257268708685892,-0.44540748626760635,-0.6529955907272289,-0.8424449287777576,-1.007709244949495,-1.1427422837727326,-1.2414977897777777,-1.2979295074949417,-1.305991181454541,-1.25963655618687,-1.1528193762222374,-0.9794933860909356,-0.7336123303232611,-0.4091299534495156,-0.0,0.6315348157617658,1.1545444877096804,1.5751431084529917,1.8994447706009243,2.1335635667627213,2.2836135895476186,2.3557089315648425,2.3559636854236117,2.2904919437331657,2.1654077991027236,1.986825344141505,1.7608586714587056,1.4936218736635702,1.191229043365361,0.8597942731732979,0.505431655696588,0.13425528354447683,-0.24762075067378186,-0.6340823543489559,-1.0190154348718146,-1.3963058996331001,-1.759839656023593,-2.103502611434084,-2.4211806732553907,-2.706759748878258,-2.9541257456934793,-3.1571645710917777,-3.309762132463901,-3.405804337200614,-3.439177092692682
249,4,-1.2337706552430554,2.3475396450972226,9.263288358020139,9.392183313033087,-1.119838495428265,2.3604411437511117,-0.11393215981479043,-0.01290149865388912,-0.0,0.40658351138687593,0.729046296279915,0.9733969780001024,1.145644179868433,1.2517965252059,1.297862637333495,1.2898511395722032,1.2337706552430057,1.1356298076668971,1.0014372201648576,0.8372015160578712,0.6489313186669058,0.4426352513129582,0.22432193731703334,1.1419397619299211e-13,-0.22432193731682212,-0.44263525131277953,-0.6489313186667583,-0.8372015160577676,-1.0014372201648178,-1.1356298076669087,-1.2337706552430554,-1.2898511395722774,-1.2978626373335995,-1.2517965252060237,-1.1456441798685666,-0.9733969780002293,-0.729046296280016,-0.40658351138693655,-0.0,0.6292766847097421,1.150416270715823,1.5695109889311427,1.8926530702685769,2.1259347456410187,2.2754482459613574,2.3472858021424683,2.347539645097223,2.2823020057385115,2.157665114979204,1.979721203732172,1.754562502910262,1.4882812434263704,1.1869696561934102,0.8567199721242528,0.5036244221317566,0.13377523712881823,-0.24673535197165733,-0.6318151142567867,-1.015371818813688,-1.3913132347294521,-1.7535471310912085,-2.095981276986097,-2.4125234415012824,-2.697081393723859,-2.94356290274097,-3.1458757376396864,-3.297927667507105,-3.393626461430339,-3.4268798884965035
250,4,-1.1951764515625,2.346863701923611,8.973518751228253,9.3894789573435,-1.119838495428265,2.3604411437511117,-0.0753379561342351,-0.013577441827500536,-0.0,0.39386496699214874,0.7062406304686799,0.9429476549664205,1.1098067050222065,1.2126384451728727,1.2572635399552514,1.2495026539061704,1.1951764515624517,1.1001055974609315,0.9701107561384316,0.8110125921317773,0.6286317699777791,0.42878895421327506,0.21730480937511062,1.1062233192967056e-13,-0.21730480937490598,-0.4287889542131019,-0.6286317699776365,-0.811012592131677,-0.970110756138393,-1.1001055974609426,-1.1951764515625,-1.2495026539062426,-1.257263539955353,-1.2126384451729926,-1.1098067050223361,-0.9429476549665434,-0.7062406304687779,-0.3938649669922074,-0.0,0.6290954927625769,1.150085023477198,1.5690590688789758,1.892108105703001,2.1253226106843806,2.2747930605582156,2.3466099320595983,2.3468637019236116,2.2816448468853605,2.157043843679929,1.9791511690424017,1.7540572997078399,1.4878527124113525,1.1866278838880677,0.8564732908730699,0.5034794101014316,0.13373671830826314,-0.24666430777131668,-0.6316331914022107,-1.0150794558493235,-1.3909126243775312,-1.7530422202517504,-2.0953777667369065,-2.4118287870979516,-2.6963048045997655,-2.942715342507276,-3.144969924085343,-3.296978072598848,-3.392649311312691,-3.4258931634917724
251,4,-1.1812652573194444,2.367745879638889,8.869071945713603,9.473025678902317,-1.119838495428265,2.3604411437511117,-0.06142676189117946,0.007304735887777358,-0.0,0.38928059616205135,0.698020379325057,0.9319722647032317,1.0968891675107992,1.1985240029619817,1.2426296862709996,1.234959132652068,1.181265257319397,1.0873009754872098,0.9588192023697172,0.8015728531811316,0.6213148431356513,0.42379808744750225,0.2147755013309174,1.0933494075752951e-13,-0.21477550133071516,-0.42379808744733116,-0.6213148431355104,-0.8015728531810323,-0.958819202369679,-1.087300975487221,-1.1812652573194444,-1.234959132652139,-1.2426296862711,-1.1985240029621,-1.0968891675109271,-0.931972264703353,-0.6980203793251538,-0.3892805961621093,-0.0,0.6346931266894985,1.1603183744077379,1.5830204123925524,1.9089439098817533,2.1442335361131697,2.295033960324624,2.367489851753929,2.3677458796388895,2.3019467132173315,2.1762370217270606,1.9967614744058824,1.7696647404915788,1.501091489221981,1.197186389834938,0.864094111568256,0.5079593236597281,0.13492669534718624,-0.24885910413152912,-0.6372534055385997,-1.0241115396362084,-1.4032888371865107,-1.7686406289517005,-2.1140222456939837,-2.43328901817559,-2.7202962771586785,-2.9688993534054564,-3.172953577678061,-3.3263142807386528,-3.42283679334941,-3.456376446272512
252,4,-1.166479381375,2.372939086611111,8.758057931952417,9.49380298588731,-1.119838495428265,2.3604411437511117,-0.0466408859467351,0.012497942859999167,-0.0,0.38440797795308723,0.6892832708124317,0.920306784656155,1.083159425562388,1.1835220996092595,1.2270757128748968,1.2195011714374224,1.166479381374953,1.0736912487656194,0.9468176796875379,0.7915395802188291,0.6135378564375983,0.4184934144219779,0.21208716025010796,1.0796660344366067e-13,-0.21208716024990826,-0.41849341442180893,-0.613537856437459,-0.791539580218731,-0.9468176796875003,-1.07369124876563,-1.1664793813750003,-1.2195011714374926,-1.2270757128749963,-1.1835220996093765,-1.0831594255625145,-0.920306784656275,-0.6892832708125273,-0.38440797795314446,-0.0,0.6360852071484233,1.1628633153677408,1.5864924710765105,1.9131308206932673,2.148936510636564,2.3000676873249475,2.372682497176953,2.372939086611111,2.3069956020459697,2.1810101899000585,2.001140996591907,1.7735461685400218,1.5043838521629562,1.199812193879284,0.8659893401075349,0.5090734372662258,0.13522263177391236,-0.2494049299508412,-0.6386511014894927,-1.0263577364235015,-1.406366688334299,-1.7725198108033555,-2.118658957412153,-2.4386259817421982,-2.7262627373749257,-2.9754110778918195,-3.179912856874292,-3.333609927903781,-3.4303441445617406,-3.4639573604296268
253,4,-1.2183427885138889,2.3848110768402777,9.147454205494261,9.541301186292891,-1.119838495428265,2.3604411437511117,-0.09850429308562392,0.024369933089166018,-0.0,0.4014993280329465,0.7199298295763173,0.9612249922365079,1.1313183036199224,1.2361432513329644,1.2816333229820351,1.27372200617353,1.2183427885138396,1.121429157609369,0.9889146010665075,0.8267326064916498,0.6408166614911739,0.4371002536714863,0.2215168706390016,1.1276622677873798e-13,-0.22151687063879305,-0.4371002536713099,-0.6408166614910284,-0.8267326064915475,-0.9889146010664683,-1.1214291576093802,-1.218342788513889,-1.2737220061736032,-1.2816333229821386,-1.2361432513330868,-1.1313183036200545,-0.961224992236633,-0.7199298295764173,-0.40149932803300636,-0.0,0.6392675886123186,1.1686812067732966,1.594429810564717,1.922702356068339,2.15968779936594,2.311575096539291,2.3845532036701527,2.3848110768402777,2.3185376721314417,2.191921945625397,2.0111528534038974,1.7824193515486737,1.511910396141505,1.2058149432641885,0.8703219489984788,0.5116203694261171,0.13589916062888388,-0.2506527213114324,-0.6418463203130649,-1.0314926802942483,-1.41340284517319,-1.7813878588681356,-2.129258765297342,-2.4508266083790935,-2.7399024320315974,-2.9902972801731154,-3.195822196721835,-3.350288225595969,-3.4475064107137463,-3.4812877959933997
254,4,-1.2403710418333334,2.3588435733125,9.31284480029758,9.437408775434534,-1.119838495428265,2.3604411437511117,-0.12053254640506839,-0.0015975704386117506,-0.0,0.40875863878594454,0.7329465247196242,0.9786044258619118,1.1517731102736903,1.2584933460158403,1.304805901149241,1.2967515437347659,1.2403710418332832,1.1417051635056754,1.0067946768128107,0.8416803498155602,0.6524029505747796,0.4450032471513539,0.22552200760617538,1.1480479933876795e-13,-0.22552200760596303,-0.44500324715117423,-0.6524029505746316,-0.8416803498154559,-1.0067946768127707,-1.1417051635056872,-1.2403710418333334,-1.2967515437348407,-1.3048059011493465,-1.2584933460159646,-1.151773110273825,-0.9786044258620393,-0.7329465247197259,-0.4087586387860055,-0.0,0.6323067926299054,1.1559557822503854,1.577068535228186,1.901766617930028,2.1361715967226518,2.2864050379727914,2.3585885080471685,2.3588435733125,2.2932918001355227,2.1680547548829523,1.9892540039215056,1.7630111136178754,1.4954476503388032,1.1926851804510492,0.8608452703213301,0.5060494863163498,0.13441939480285114,-0.24792343785241497,-0.6348574452827193,-1.020261061121334,-1.3980127190015041,-1.7619908525565127,-2.1060738954196543,-2.4241402812242487,-2.7100684436035434,-2.9577368161908355,-3.1610238326193514,-3.31380792652234,-3.40996753153307,-3.44338108128481
255,4,-1.2098679940243056,2.3525189608750003,9.083824498629086,9.412104870760999,-1.119838495428265,2.3604411437511117,-0.09002949859604059,-0.00792218287611135,-0.0,0.3987064980306977,0.7149219964688368,0.9545387095710256,1.1234488515938819,1.2275446367940213,1.2727182794280585,1.2648619937526024,1.2098679940242567,1.1136284944996386,0.9820357094353521,0.8209818530880035,0.6363591397141846,0.434059783570515,0.21997599891362205,1.1198193928903913e-13,-0.2199759989134149,-0.4340597835703397,-0.6363591397140401,-0.820981853087902,-0.982035709435313,-1.11362849449965,-1.2098679940243056,-1.2648619937526753,-1.2727182794281613,-1.2275446367941427,-1.1234488515940126,-0.9545387095711498,-0.714921996468936,-0.39870649803075714,-0.0,0.6306114299317479,1.1528563938889296,1.5728400448842135,1.896667535930245,2.1304440200396875,2.280274650225198,2.352264579499422,2.352518960875001,2.287142947364593,2.1622416919808383,1.9839203477363776,1.7582840676438267,1.4914380047158506,1.1894873119651328,0.8585371424043138,0.5046926490460206,0.1340589849029198,-0.2472586970123146,-0.6331552436870298,-1.0175255021085747,-1.3942643192642705,-1.7572665421414775,-2.1004270177275663,-2.4176405930099327,-2.7028021149759014,-2.949806430612846,-3.152548386908069,-3.304922830848897,-3.4008246094226746,-3.4341485696167466
256,4,-1.2271397701284723,2.3379878137291668,9.213502929404003,9.353967749188906,-1.119838495428265,2.3604411437511117,-0.10730127470020734,-0.02245333002194494,-0.0,0.4043983333377522,0.7251280459849344,0.9681654679908701,1.1394869294048922,1.2450687602763317,1.2908872906545183,1.2829188505887756,1.2271397701284228,1.129526379322792,0.9960550082212024,0.832701986872975,0.6454436453274166,0.4402563136338621,0.223116321841654,1.1358033060578759e-13,-0.2231163218414439,-0.44025631363368434,-0.6454436453272702,-0.832701986872872,-0.9960550082211627,-1.1295263793228036,-1.2271397701284723,-1.2829188505888496,-1.2908872906546225,-1.245068760276455,-1.139486929405025,-0.9681654679909963,-0.725128045985035,-0.4043983333378125,-0.0,0.6267162402934998,1.1457353775756818,1.5631248542697365,1.8849521127988298,2.117284595586146,2.2661897450548643,2.337735003628151,2.337987813729167,2.2730156177810943,2.1488858582070938,1.971665977430326,1.747423417873929,1.4822256219610892,1.1821400321150106,0.8532340907588553,0.5015752403157716,0.13323092320894692,-0.2457314181384233,-0.6292443413031653,-1.0112404038621068,-1.385652163392048,-1.7464121774698276,-2.087453003672295,-2.4027071995763256,-2.6861073227587213,-2.9315859307963352,-3.133075581265949,-3.2845088317443683,-3.3798182398084156,-3.4129363630349157
257,4,-1.2518079818680556,2.355050012409722,9.398714627906786,9.422231259909948,-1.119838495428265,2.3604411437511117,-0.13196948643979067,-0.005391131341389688,-0.0,0.4125276303882959,0.7397047165583231,0.9876277259542408,1.1623931260202172,1.2700973842004195,1.3168369679390128,1.3087083446801568,1.2518079818680052,1.1522323469467268,1.0160779073604753,0.8494411305534083,0.6584184839696671,0.44910643505342257,0.22760145124885325,1.1586321426560706e-13,-0.22760145124863893,-0.4491064350532412,-0.6584184839695177,-0.8494411305533032,-1.0160779073604351,-1.1522323469467384,-1.2518079818680559,-1.3087083446802321,-1.3168369679391194,-1.270097384200545,-1.1623931260203528,-0.9876277259543693,-0.7397047165584257,-0.4125276303883574,-0.0,0.6312898984389467,1.1540967405104,1.574532247699869,1.8987081414928406,2.1327361433748186,2.2827279748313014,2.3547953573477756,2.3550500124097224,2.2896036615026425,2.1645680261120166,1.9860548277233259,1.7601757878220274,1.493042627893627,1.1907670694236496,0.8594608338975758,0.5052356428008747,0.13420321761905293,-0.24752472016237395,-0.6338364490579124,-1.0186202475820703,-1.3957643942493279,-1.7591571675742042,-2.102686846071229,-2.420241708254958,-2.705710032639874,-2.9529800977405096,-3.155940182071327,-3.308478564146811,-3.4044835224814656,-3.437843335589794
258,4,-1.244557821923611,2.353460989048611,9.344279614461012,9.415873795946595,-1.119838495428265,2.3604411437511117,-0.12471932649534612,-0.006980154702500574,-0.0,0.41013837313387685,0.7354205311366063,0.9819076322318386,1.1556608346432335,1.2627412965944498,1.3092101763091435,1.3011286320109652,1.244557821923561,1.1455589042705903,1.0101930372756986,0.8445213791625347,0.6546050881547314,0.44650532247595076,0.22628324034986266,1.1519225879291297e-13,-0.22628324034964958,-0.44650532247577046,-0.6546050881545827,-0.8445213791624302,-1.0101930372756587,-1.145558904270602,-1.2445578219236113,-1.3011286320110402,-1.309210176309249,-1.2627412965945746,-1.1556608346433686,-0.9819076322319666,-0.7354205311367082,-0.41013837313393803,-0.0,0.6308639480807943,1.1533180365881945,1.5734698632446626,1.8974270257726369,2.1312971218945735,2.2811877493329233,2.3532065058101246,2.353460989048611,2.288058796770836,2.16310752669923,1.9847147765562294,1.7589881440642416,1.4920352269457253,1.189963622923157,0.8588809297189696,0.5048947450555843,0.13411266665546015,-0.24735770775893542,-0.6334087804651566,-1.017932953740759,-1.3948226298632713,-1.7579702111102602,-2.101268099759303,-2.4186086980880033,-2.7038844083738915,-2.9509876328945492,-3.1538107739274848,-3.3062462337502323,-3.4021864146403433,-3.43552371887537
259,4,-1.213668133673611,2.3462199502916667,9.11235637302784,9.386903395585504,-1.119838495428265,2.3604411437511117,-0.09382963824534607,-0.014221193459444947,-0.0,0.3999588167787642,0.7171675335343353,0.9575368716969384,1.126977552696808,1.2314002979641765,1.2767158289292757,1.2688348670223308,1.213668133673562,1.117126350313204,0.9851202383714768,0.823560519278604,0.6383579144647936,0.4354231453602824,0.22066693339531432,1.1233361766775643e-13,-0.22066693339510654,-0.43542314536010657,-0.6383579144646487,-0.823560519278502,-0.9851202383714375,-1.1171263503132152,-1.213668133673611,-1.268834867022404,-1.2767158289293787,-1.2314002979642984,-1.1269775526969394,-0.9575368716970633,-0.7171675335344347,-0.39995881677882383,-0.0,0.6289229300143513,1.1497695517648305,1.5686286713508277,1.8915890948717098,2.1247396284268616,2.2741690781156603,2.3459662500374754,2.3462199502916667,2.2810189849776163,2.1564521601946853,1.9786082820422357,1.7535761566196042,1.4874445900261781,1.186302388361362,0.8562383577245174,0.5033413042149936,0.13370003393217803,-0.24659664702453357,-0.6314599325557672,-1.01480101656215,-1.390531092944282,-1.7525613556028021,-2.094802998438359,-2.4111672153516275,-2.695565200243211,-2.9419081470137605,-3.1441072495638585,-3.296073701794109,-3.391718697605136,-3.424953430897562
260,4,-1.1984371824027777,2.3549377520833334,8.998000683833006,9.421782121780833,-1.119838495428265,2.3604411437511117,-0.07859868697451278,-0.005503391667778246,-0.0,0.3949395260190583,0.7081674259652074,0.9455202445579379,1.1128345265167499,1.2159468165611411,1.2606936594106084,1.2529115997846423,1.1984371824027293,1.1031069519843688,0.9727574532490467,0.8132252309162518,0.630346829705458,0.4299587943361672,0.2178976695278887,1.109240915072566e-13,-0.2178976695276835,-0.42995879433599354,-0.6303468297053149,-0.8132252309161511,-0.9727574532490081,-1.1031069519843801,-1.198437182402778,-1.2529115997847144,-1.26069365941071,-1.2159468165612615,-1.1128345265168795,-0.9455202445580614,-0.7081674259653057,-0.39493952601911714,-0.0,0.631259806165037,1.1540417271238088,1.5744571930287985,1.898617634032465,2.132634480287286,2.2826191619457314,2.354683109160263,2.3549377520833334,2.2894945208674176,2.1644648456649684,1.98596015662844,1.7600918839102628,1.4929714576629158,1.190710308038897,0.8594198651906596,0.5052115592706461,0.13419682043133593,-0.2475129211747821,-0.6338062353952415,-1.018571692077577,-1.3956978610692958,-1.7590733122179443,-2.1025866153710786,-2.420126340376282,-2.705581057081064,-2.9528393353329836,-3.1557897449795305,-3.3083208558682164,-3.4043212378465726,-3.4376794607621295
261,4,-1.1913118080972223,2.350174223416667,8.944502574949727,9.402723898611882,-1.119838495428265,2.3604411437511117,-0.07147331266895729,-0.010266920334444762,-0.0,0.3925913913047278,0.7039569775119252,0.9398986018428414,1.1062181075187347,1.2087173377608624,1.2531981357904791,1.2454623448288349,1.1913118080971743,1.0965483688167554,0.966973870208823,0.8083901554946245,0.6265990678953924,0.42740245063238774,0.21660214692687793,1.1026468413942748e-13,-0.21660214692667398,-0.42740245063221516,-0.6265990678952502,-0.8083901554945243,-0.9669738702087844,-1.0965483688167665,-1.1913118080972225,-1.2454623448289066,-1.2531981357905804,-1.208717337760982,-1.106218107518864,-0.9398986018429639,-0.7039569775120228,-0.39259139130478626,-0.0,0.6299829043955013,1.15170735083517,1.571272407372873,1.8947771420624537,2.1283206229577734,2.2780019181126865,2.349920095581039,2.350174223416667,2.2848633696734297,2.1600866024051637,1.9819429896657088,1.7565315995088782,1.4899514999885353,1.1883017591585618,0.8576814450727958,0.5041896257850631,0.13392536934922786,-0.24701225618083758,-0.6325241827512824,-1.0165113423082575,-1.3928746667978857,-1.7555150881663293,-2.0983335383597614,-2.4152309493243784,-2.7001082530063085,-2.946866381351726,-3.1494062663067357,-3.3016288398174662,-3.3974350338300634,-3.4307257802906754
262,4,-1.1981742663472223,2.356471255423611,8.99602668062081,9.427917457775314,-1.119838495428265,2.3604411437511117,-0.07833577091895738,-0.003969888327500559,-0.0,0.39485288322802303,0.7080120664778339,0.9453128140335875,1.1125903901794485,1.2156800591995793,1.260417085378141,1.2526367329992891,1.1981742663471742,1.10286494970596,0.9725440473597972,0.8130468235928391,0.6302085426892242,0.42986446893311886,0.21784986660869676,1.1089976032453983e-13,-0.21784986660849165,-0.4298644689329453,-0.6302085426890812,-0.8130468235927385,-0.9725440473597585,-1.1028649497059713,-1.1981742663472226,-1.2526367329993613,-1.2604170853782428,-1.2156800591996997,-1.1125903901795784,-0.9453128140337108,-0.708012066477932,-0.3948528832280818,-0.0,0.6316708739397502,1.1547932233541438,1.5754824580756126,1.8998539879365641,2.134023222769425,2.284105572406615,2.3562164466805426,2.356471255423611,2.2909854084682433,2.165874315646841,1.9872533867918079,1.7612380317355223,1.4939436603104126,1.1914856823489248,0.8599795076834622,0.5055405461464151,0.13428420757021214,-0.24767409821270917,-0.6342189613699333,-1.0192349720690466,-1.396606720477607,-1.7602187967632121,-2.10395579109347,-2.4217022936360135,-2.707342894558405,-2.954762184028254,-3.157844752213101,-3.3104751892805098,-3.406538085398062,-3.439918030733339
263,4,-1.1790215091111111,2.3416968799791666,8.852225632690793,9.368807213226471,-1.119838495428265,2.3604411437511117,-0.059183013682846175,-0.018744263771945047,-0.0,0.3885411791388506,0.6966945281110419,0.9302020347856181,1.0948056870316327,1.1962474727181371,1.2402693797141815,1.2326133958888106,1.1790215091110636,1.085235707249994,0.9569979781746414,0.8000503097540481,0.6201346898572422,0.4229931063532786,0.21436754711122025,1.0912729635364538e-13,-0.21436754711101835,-0.4229931063531078,-0.6201346898571013,-0.8000503097539491,-0.9569979781746034,-1.085235707250005,-1.1790215091111114,-1.2326133958888814,-1.2402693797142816,-1.1962474727182555,-1.0948056870317606,-0.9302020347857395,-0.6966945281111385,-0.3885411791389085,-0.0,0.6277104850203323,1.1475530125502706,1.56560465061746,1.8879424672495213,2.1206435304740947,2.2697849083188126,2.341443668811298,2.3416968799791666,2.276621609850055,2.1522949264515785,1.9747938978113542,1.7501955919569738,1.4845770769160795,1.18401542071633,0.8545876913853422,0.5023709569507199,0.13344228544010517,-0.2461212551188514,-0.6302425966985209,-1.0128446712712762,-1.3878504108094623,-1.749182747285463,-2.090764612671673,-2.406518938940512,-2.690368658064328,-2.9362367020155173,-3.1380460027664085,-3.289719492289351,-3.3851801025567125,-3.418350765540863
264,4,-1.1916667955659723,2.365257429611111,8.94716786065136,9.463069732524573,-1.119838495428265,2.3604411437511117,-0.07182830013770736,0.004816285859999159,-0.0,0.3927083758114749,0.7041667428343682,0.9401786731250044,1.106547738739717,1.2090775117348376,1.2535715641666967,1.2458334680916188,1.1916667955659241,1.0968751186459458,0.9672620093880031,0.808631039848419,0.6267857820835013,0.4275298081495854,0.21666669010301431,1.102975359367286e-13,-0.2166666901028103,-0.42752980814941277,-0.6267857820833589,-0.8086310398483189,-0.9672620093879646,-1.0968751186459569,-1.1916667955659723,-1.2458334680916907,-1.253571564166798,-1.2090775117349573,-1.1065477387398461,-0.9401786731251269,-0.7041667428344659,-0.39270837581153345,-0.0,0.6340260778552791,1.1590989047358207,1.5813566919641622,1.9069376508628182,2.1419799927543197,2.2926219289611933,2.3650016708059547,2.3652574296111113,2.299527416699192,2.1739498433927054,1.9946629210141602,1.767804860886042,1.499513874330884,1.1959281726712385,0.8631859672296148,0.5074254693285091,0.13478489029045612,-0.2485975585620006,-0.6365836659063396,-1.0230352204200412,-1.4018140107805577,-1.76678182566538,-2.1118004537520103,-2.430731683717977,-2.7174373042407347,-2.965779103997788,-3.169618871666571,-3.322818395924542,-3.419239465449175,-3.4527438689179477
265,4,-1.2325183459375,2.38174383090625,9.2538858793978,9.529029557083685,-1.119838495428265,2.3604411437511117,-0.11267985050923501,0.0213026871551385,-0.0,0.4061708185475452,0.7283062953266323,0.9724089547492908,1.1444813212275602,1.2505259191734774,1.2965452729990794,1.2885419071163953,1.2325183459374502,1.1344771138742835,1.0004207353389196,0.836351734743387,0.6482726364996979,0.44218596501989355,0.22409424471602316,1.1407808305566733e-13,-0.22409424471581213,-0.442185965019715,-0.6482726364995506,-0.8363517347432835,-1.0004207353388799,-1.134477113874295,-1.2325183459375002,-1.2885419071164694,-1.2965452729991842,-1.2505259191736013,-1.1444813212276936,-0.9724089547494175,-0.7283062953267332,-0.4061708185476057,-0.0,0.6384453889290947,1.1671780970660073,1.5923791205117226,1.9202294553672026,2.156910097733427,2.3086020437113692,2.3814862894019915,2.3817438309062506,2.3155556643251223,2.189102785759562,2.0085661913105275,1.7801268770789505,1.5099658391658122,1.2042640736721126,0.8692025766988091,0.5109623443468445,0.135724372717202,-0.25033034208912763,-0.6410208039711753,-1.0301660168279734,-1.4115849845585267,-1.7790967110618787,-2.1265202002370844,-2.4476744559832238,-2.7363784821993047,-2.986451282784384,-3.1917118616374487,-3.3459792226575074,-3.4430723697435885,-3.476810306794721
266,4,-1.25773900575,2.3747735635833336,9.443245419949275,9.501142475996726,-1.119838495428265,2.3604411437511117,-0.137900510321735,0.014332419832221888,-0.0,0.41448217234939094,0.7432094124885625,0.9923070727182416,1.1679005053391647,1.276115062652067,1.3230760969576811,1.3149089605567346,1.2577390057499493,1.1576915848380618,1.020892050121794,0.8534657539018708,0.6615380484790019,0.4512342861539258,0.22867981922738911,1.1641209221626785e-13,-0.2286798192271738,-0.4512342861537436,-0.6615380484788517,-0.8534657539017652,-1.0208920501217533,-1.1576915848380736,-1.25773900575,-1.31490896055681,-1.3230760969577877,-1.276115062652193,-1.1679005053393012,-0.992307072718371,-0.7432094124886656,-0.4144821723494527,-0.0,0.6365769533004713,1.1637623042991974,1.587718960168125,1.9146098280791768,2.1505978152042937,2.3018458287154107,2.3745167757844516,2.374773563583334,2.3087790992839947,2.1826962900583515,2.0026880430783223,1.774917265515801,1.5055468645427297,1.20073974733107,0.8666588210527396,0.5094669928796439,0.13532716998372663,-0.24959774046306007,-0.6391448312887857,-1.0271511953215215,-1.407453925389311,-1.7738901143202364,-2.120296854942391,-2.4405112400838944,-2.728370362572792,-2.97771131523718,-3.1823711909050836,-3.336187082404551,-3.432996082563649,-3.466635284210445
267,4,-1.2203925260416666,2.380235627326389,9.162843864583147,9.522995441951695,-1.119838495428265,2.3604411437511117,-0.10055403061340162,0.019794483575277244,-0.0,0.4021748097182369,0.7211410381154587,0.9628421552860207,1.1332216313242873,1.238222936324622,1.2837895403813857,1.275864913588934,1.2203925260416175,1.1233158478338008,0.9905783490598338,0.8281234998140707,0.6418947701908494,0.4378356302845367,0.22188955018950687,1.1295591674728865e-13,-0.22188955018929796,-0.4378356302843599,-0.6418947701907037,-0.8281234998139683,-0.9905783490597945,-1.123315847833812,-1.2203925260416666,-1.2758649135890074,-1.2837895403814894,-1.2382229363247446,-1.1332216313244197,-0.9628421552861461,-0.7211410381155586,-0.4021748097182968,-0.0,0.6380411029565086,1.1664389990314126,1.5913707703025661,1.919013498847799,2.1555442667449602,2.3071401560718927,2.379978248906428,2.3802356273263894,2.3140893734096233,2.187716569233954,2.0072942968772085,1.7789996384171853,1.5090096759317368,1.2035014914987312,0.868652167195994,0.5106387851013379,0.13563842729261427,-0.25017182415231703,-0.6406148871556179,-1.029513679639452,-1.4106911195259553,-1.7779701247373023,-2.1251736131956793,-2.4461245028232974,-2.734645711542295,-2.984560157274861,-3.189690757943112,-3.34386043146919,-3.4408920957752533,-3.4746086687834614
268,4,-1.2192327760972224,2.381257628416667,9.154136332017892,9.52708432777991,-1.119838495428265,2.3604411437511117,-0.09939428066895739,0.02081648466555519,-0.0,0.40179261939563593,0.7204557313301053,0.961927157764917,1.1321447206615893,1.2370462419816388,1.2825695436865807,1.274652447737924,1.2192327760971733,1.1222483507258463,0.9896369935854473,0.8273365266374835,0.6412847718434468,0.43741955116485776,0.22167868656324416,1.1284858938097617e-13,-0.22167868656303544,-0.4374195511646812,-0.6412847718433012,-0.827336526637381,-0.9896369935854079,-1.1222483507258576,-1.2192327760972226,-1.2746524477379975,-1.2825695436866844,-1.2370462419817614,-1.1321447206617217,-0.9619271577650423,-0.7204557313302052,-0.4017926193956959,-0.0,0.6383150584823304,1.1669398326106881,1.5920540567148918,1.9198374651247363,2.156469792170034,2.308130772180592,2.3810001394862073,2.3812576284166673,2.315082973301783,2.1886559084713424,2.0081561682551365,1.77976348698293,1.5096575989845378,1.204018238589793,0.8690251401284864,0.5108580379303942,0.13569666632533234,-0.25027924035687477,-0.6408899477864248,-1.0299557216335171,-1.4112968275683226,-1.7787335312610528,-2.126086098381928,-2.4471747946011955,-2.73581988558903,-2.985841637015655,-3.1910603145512244,-3.345296183865913,-3.442369510629917,-3.476100560513431
269,4,-1.2138779784444444,2.376709383409722,9.113931911086224,9.508887424930142,-1.119838495428265,2.3604411437511117,-0.09403948301617948,0.01626823965861046,-0.0,0.40002797016915254,0.7172915327171006,0.9577024310453557,1.1271724085554389,1.2316132086488696,1.2769365747271655,1.2690542501918385,1.2138779784443956,1.1173195028863574,0.9852905669192313,0.8237029139445267,0.6384682873637386,0.4354984305783899,0.22070508699001132,1.1235303744586971e-13,-0.2207050869898035,-0.435498430578214,-0.6384682873635935,-0.8237029139444246,-0.9852905669191921,-1.117319502886369,-1.2138779784444444,-1.2690542501919113,-1.2769365747272685,-1.2316132086489915,-1.1271724085555705,-0.9577024310454805,-0.7172915327172,-0.4000279701692121,-0.0,0.6370958652111133,1.1647109564892053,1.5890132047600976,1.916170540949587,2.1523508959834894,2.303722200787615,2.3764523862877622,2.3767093834097226,2.310661123079308,2.1844755362223123,2.004320553764526,1.7763641066317182,1.5067741257497063,1.2017185420443264,0.8673652864413711,0.5098822898666202,0.13543748324589228,-0.2498012024949858,-0.6396658364302089,-1.0279884876339735,-1.4086012251804483,-1.7753361181438407,-2.1220252355983704,-2.44250064661828,-2.730594420277742,-2.9801386256509783,-3.184965331812138,-3.338906607835395,-3.4357945227949416,-3.4694611457649707
270,4,-1.184731017798611,2.3772195660694444,8.89509326382643,9.510928595597163,-1.119838495428265,2.3604411437511117,-0.06489252237034604,0.01677842231833271,-0.0,0.3904227217745038,0.7000683286991098,0.9347066146916647,1.1001073736700249,1.2020403995520448,1.2462754862555772,1.2385824276984692,1.1847310177985633,1.0904910504737155,0.9616323196417682,0.8039246192205662,0.6231377431279407,0.425041485281749,0.2154056395998571,1.0965567450386921e-13,-0.21540563959965428,-0.4250414852815774,-0.6231377431277991,-0.8039246192204667,-0.9616323196417299,-1.0904910504737266,-1.1847310177986112,-1.2385824276985404,-1.2462754862556777,-1.2020403995521636,-1.1001073736701534,-0.9347066146917866,-0.7000683286992069,-0.39042272177456194,-0.0,0.637232623733329,1.164960972472538,1.5893543011468902,1.9165818646856259,2.1528129180180025,2.3042167160732716,2.3769625137806742,2.377219566069445,2.3111571278688374,2.184944454108086,2.004750799716426,1.7767454196230674,1.50709756875727,1.2019765020483122,0.8675514744254285,0.5099917408178409,0.13546655615481026,-0.2498548246343943,-0.6398031466205255,-1.0282091548743377,-1.408903594466557,-1.7757172104679497,-2.1224807479492918,-2.4430249519813856,-2.7311805676349596,-2.9807783399807937,-3.1856490140895963,-3.339623335032098,-3.436532047879049,-3.4702058977012
271,4,-1.1892973068472221,2.3954397904375,8.929377473783605,9.583825207855348,-1.119838495428265,2.3604411437511117,-0.06945881141895716,0.0349986466863883,-0.0,0.39192752157461413,0.7027665904096524,0.938309238843653,1.1043474992151634,1.2066734038627291,1.251078985124895,1.2433562753401985,1.1892973068471742,1.094694111984369,0.9653387230903162,0.8070231725035527,0.6255394925626,0.42667971560600765,0.2162358739723323,1.100782550607873e-13,-0.21623587397212868,-0.42667971560583534,-0.6255394925624581,-0.8070231725034528,-0.9653387230902778,-1.0946941119843798,-1.1892973068472223,-1.2433562753402703,-1.2510789851249957,-1.2066734038628486,-1.1043474992152922,-0.9383092388437753,-0.7027665904097499,-0.39192752157467253,-0.0,0.6421166998804319,1.1738898280992707,1.601535923905074,1.9312715265463758,2.169313175271728,2.321877409329678,2.395180767968759,2.3954397904375004,2.3288710159844506,2.201690983858138,2.020116233307092,1.7903633035798165,1.5186487339248658,1.2111890635908127,0.8742008318261857,0.5139005778795013,0.13650484099931434,-0.2517698395658114,-0.6447069245673345,-1.0360898747567149,-1.4197021508853844,-1.7893272137048148,-2.138748523966488,-2.461749542421913,-2.752113729822524,-3.0036245469198057,-3.2100654544651723,-3.3652199132100606,-3.462871383905926,-3.496803327304225
272,4,-1.1899151330555555,2.3719473663472224,8.934016182200452,9.489835249481605,-1.119838495428265,2.3604411437511117,-0.07007663762729055,0.011506222596110671,-0.0,0.39213112339326944,0.7031316695327585,0.938796679650877,1.1049211949800444,1.2073002567526778,1.2517289062011936,1.2440021845580016,1.1899151330555076,1.0952627929261305,0.9658402054022752,0.8074424117163504,0.6258644531007495,0.4269013707878935,0.2163482060102111,1.1013543088571139e-13,-0.21634820601000743,-0.42690137078772117,-0.6258644531006075,-0.8074424117162505,-0.9658402054022368,-1.0952627929261414,-1.1899151330555557,-1.2440021845580733,-1.2517289062012946,-1.2073002567527973,-1.1049211949801734,-0.9387966796509994,-0.703131669532856,-0.3921311233933279,-0.0,0.6358193686391046,1.1623773209650654,1.5858294297279354,1.9123312676777446,2.148038407564542,2.299106422138367,2.371690884149253,2.371947366347223,2.3060314414823213,2.180098682304573,2.0003046615640026,1.7728049520106104,1.5037551263944466,1.1993107574655792,0.8656274179740332,0.5088606806698206,0.13516611830299222,-0.24930069637639274,-0.638384190618297,-1.0259287916726847,-1.405778926789492,-1.771779023218695,-2.1177735082102793,-2.4376068090142575,-2.7251233528805687,-2.9741675670592014,-3.1785838788000738,-3.332216715353128,-3.428910503968323,-3.46250967189562
273,4,-1.2025288480451388,2.3759049077916665,9.028721368061248,9.505668828604655,-1.119838495428265,2.3604411437511117,-0.08269035261687385,0.015463764040554828,-0.0,0.3962879158330181,0.7105852283902387,0.9487484093342161,1.1166339303275132,1.220098263032692,1.2649978791123124,1.2571892502289286,1.2025288480450904,1.1068731442233601,0.9760786104262879,0.8160017183164255,0.6324989395563105,0.4314267458085081,0.21864160873559108,1.1130274873360925e-13,-0.21864160873538518,-0.43142674580833384,-0.6324989395561669,-0.8160017183163246,-0.9760786104262491,-1.1068731442233715,-1.2025288480451388,-1.257189250229001,-1.2649978791124146,-1.2200982630328128,-1.1166339303276436,-0.9487484093343398,-0.7105852283903372,-0.39628791583307704,-0.0,0.6368802191192924,1.1643167216815684,1.5884753508731557,1.9155219498803586,2.1516223618895003,2.302942430086896,2.3756479976588523,2.375904907791667,2.3098790036716594,2.1837361284851284,2.0036421254183736,1.7757628376576693,1.5062641083893404,1.2013117807997298,0.8670716980751364,0.509709703401847,0.13539163996618686,-0.24971664904551025,-0.6394493204469325,-1.0276405310517693,-1.408124437673683,-1.7747351971263745,-2.121306966223555,-2.4416739017789633,-2.7296701606062626,-2.9791298995191684,-3.183887275331324,-3.3377764448563965,-3.43463156490807,-3.4682867923000322
