day,phase,net_udl_AB,net_udl_BC,defl_0.0m,defl_0.5m,defl_1.0m,defl_1.5m,defl_2.0m,defl_2.5m,defl_3.0m,defl_3.5m,defl_4.0m,defl_4.5m,defl_5.0m,defl_5.5m,defl_6.0m,defl_6.5m,defl_7.0m,defl_7.5m,defl_8.0m,defl_8.5m,defl_9.0m,defl_9.5m,defl_10.0m,defl_10.5m,defl_11.0m,defl_11.5m,defl_12.0m,defl_12.5m,defl_13.0m,defl_13.5m,defl_14.0m,defl_14.5m,defl_15.0m,defl_15.5m,defl_16.0m,defl_16.5m,defl_17.0m,defl_17.5m,defl_18.0m,defl_18.5m,defl_19.0m,defl_19.5m,defl_20.0m,defl_20.5m,defl_21.0m,defl_21.5m,defl_22.0m,defl_22.5m,defl_23.0m,defl_23.5m,defl_24.0m,defl_24.5m,defl_25.0m,defl_25.5m,defl_26.0m,defl_26.5m,defl_27.0m,defl_27.5m,defl_28.0m,defl_28.5m,defl_29.0m,defl_29.5m,defl_30.0m
21,1,1.584746177618813,6.069638268167834,-0.0,0.018010437680419534,0.06715901613055393,0.1405071125103834,0.23163007604211297,0.33461722801017213,0.4440718617612135,0.5551112427041129,0.6633666083099695,0.7649831681121079,0.8566201037060721,0.935450568749636,0.999161688962788,1.0459545621277462,1.074544258088948,1.0841598187530588,1.0745442580889661,1.0459545621277817,0.9991616889628383,0.9354505687496975,0.8566201037061424,0.7649831681121781,0.6633666083100372,0.5551112427041754,0.44407186176126767,0.3346172280102163,0.23163007604214547,0.1405071125104041,0.06715901613056396,0.018010437680422407,-0.0,0.10466031603902617,0.3950188730751936,0.8371184839296953,1.3989704940138028,2.0505547813288634,2.763819756466304,3.5126823626076273,4.273028075524408,5.022710903578298,5.741553387721023,6.41134660149438,7.015850151030238,7.54079217505053,7.973869344867282,8.304746864382595,8.52505847008865,8.62840643106768,8.610361548992016,8.468463158124065,8.20221912531631,7.8131058500113175,7.304568264241729,6.682019832630254,5.952842552389676,5.126386953322837,4.213972097822668,3.228885580872169,2.18638353004443,1.1036906055026245,-0.0
22,1,1.9692588324210336,6.832217591453881,-0.0,0.022380374837834692,0.08345404933584992,0.17459885768256037,0.2878313130154808,0.41580660742112546,0.5518186119350078,0.6897998765416383,0.8243216301745283,0.9505937807161866,1.06446491499812,1.162422298800837,1.241591876853838,1.2997382728356273,1.3352647893737035,1.3472134080445701,1.3352647893737262,1.2997382728356714,1.2415918768539005,1.1624222988009134,1.064464914998206,0.9505937807162733,0.8243216301746116,0.6897998765417156,0.5518186119350742,0.4158066074211801,0.28783131301552073,0.17459885768258585,0.08345404933586238,0.022380374837838245,-0.0,0.11780966521828717,0.44464839160757674,0.9422926670986118,1.5747348353942692,2.3081830959695564,3.1110615040716167,3.9540099707197247,4.809884262705279,5.653756002591814,6.462912668714989,7.216857595182594,7.897309971874541,8.488204844442865,8.975693114311746,9.34814153867749,9.596132730508552,9.712465158545479,9.69215314730098,9.532426877059894,9.23273238387919,8.794731559587975,8.222302151787492,7.521537763851097,6.700747854924285,5.770457739924654,4.743408589541953,3.634557430238051,2.4610771442469654,1.2423564695748535,-0.0
23,1,2.3041551584533826,7.006743733080014,-0.0,0.02618642876280461,0.09764642164108848,0.20429150905203436,0.3367805154559974,0.4865195593565059,0.6456620533002587,0.8071087038771266,0.9645075117201514,1.1122537715055474,1.2454900719526991,1.3601062958241636,1.4527396199256644,1.5207745151061,1.5623427462575379,1.5763233723152221,1.5623427462575639,1.5207745151061511,1.4527396199257363,1.360106295824252,1.2454900719527988,1.112253771505649,0.9645075117202485,0.807108703877216,0.6456620533003363,0.4865195593565688,0.33678051545604404,0.20429150905206395,0.097646421641103,0.02618642876280874,-0.0,0.12081906385666376,0.4560067488508539,0.966363139279859,1.6149607783222872,2.3671446680380632,3.190532269368433,4.05501350213596,4.932750745044518,5.798178835679301,6.6280050705068145,7.4012092048748785,8.099043453012625,8.705032488030488,9.204973441920242,9.586935905554963,9.841261928689066,9.960566019958247,9.93973514687955,9.77592873585132,9.46857867215324,9.019389299946306,8.43233742227283,7.713672301056439,6.871915657102064,5.917861670095941,4.864576978605634,3.7274006800800183,2.5239443308492997,1.2740919461250115,-0.0
24,1,2.3306275709265667,7.045937553924383,-0.0,0.026487284345756704,0.09876828027145448,0.2066386118816999,0.3406497829770555,0.4921091770540404,0.6530800573051275,0.8163815666187455,0.9755887275792766,1.1250324424670601,1.259799493258388,1.3757325416255084,1.4694301289366198,1.5382466762558795,1.580292484343395,1.5944337336552357,1.5802924843434218,1.5382466762559315,1.4694301289366936,1.3757325416255988,1.2597994932584886,1.1250324424671625,0.9755887275793755,0.8163815666188362,0.653080057305206,0.4921091770541041,0.3406497829771026,0.20663861188172983,0.09876828027146917,0.026487284345760878,-0.0,0.1214948928756453,0.4585575267155992,0.9717687121385781,1.6239944301622158,2.380385832203062,3.208379240076585,4.0776961459971695,4.96034321257811,5.830612272831616,6.665080330168812,7.442609558399732,8.144347301733323,8.753726074777427,9.256463562538826,9.640562620423212,9.896311274235204,10.016282720178301,9.995335324854949,9.830612625266504,9.521543328813241,9.069841313294356,8.479505626907962,7.756820488251075,6.910355286319626,5.950964580508442,4.891788100611278,3.7482507468207946,2.5380625897285904,1.2812188703251814,-0.0
25,1,2.5208996934593193,7.0545502056362235,-0.0,0.02864970268983907,0.10683170943559517,0.22350856046139592,0.3684603856043979,0.5322849043147859,0.706397425655772,0.8830308483035961,1.0552356605475246,1.2168799402898527,1.3626493550458993,1.4880471619440174,1.5893942077255763,1.6638289287449803,1.7093073509696555,1.7246030899800615,1.7093073509696841,1.6638289287450365,1.5893942077256553,1.4880471619441145,1.362649355046008,1.2168799402899628,1.0552356605476303,0.8830308483036937,0.7063974256558566,0.5322849043148549,0.3684603856044485,0.22350856046142822,0.106831709435611,0.028649702689843584,-0.0,0.12164340301912825,0.4591180477587136,0.9729565605119221,1.6259795312650729,2.383295513697634,3.212301025182229,4.082680546784632,4.966406523263759,5.837739363071681,6.6732274383536145,7.4517070849479214,8.15430260238611,8.764426253892825,9.26777826638588,9.65234683047623,9.908408100468,10.028526194358424,10.007553193837916,9.842629144290049,9.53318205479153,9.080927898112236,8.489870610715187,7.766302092756548,6.91880220808563,5.958238784244873,4.897767612469883,3.7528324476894084,2.5411650085253634,1.2827849772928201,-0.0
26,1,2.359390297951266,6.815645079867796,-0.0,0.026814169060743465,0.09998719878060847,0.20918877908149552,0.3448538080392397,0.49818239188360997,0.661139844998309,0.8264566899209712,0.9876286573431651,1.1389166861103928,1.2753469232220875,1.3927107238316172,1.4875646512462795,1.5572304769273055,1.5997951804898594,1.614110949703043,1.5997951804898871,1.5572304769273584,1.4875646512463532,1.3927107238317082,1.275346923222189,1.138916686110496,0.9876286573432649,0.8264566899210631,0.6611398449983884,0.49818239188367464,0.34485380803928717,0.20918877908152586,0.09998719878062332,0.02681416906074769,-0.0,0.1175239011869681,0.4435698339470496,0.9400070027540646,1.570915092981904,2.3025842709045277,3.1035151836959685,3.944418959430327,4.798217207081769,5.6400420165245295,6.447235958532908,7.199352084781272,7.878153927844049,8.467615501195725,8.953921299210872,9.325466297164123,9.572855951230197,9.688906198483846,9.668643456899918,9.509304625353334,9.210337083619072,8.773398692372197,8.202357793187842,7.503293208541191,6.684494241807502,5.756460677262081,4.731902780080314,3.6257412963376527,2.455107453009628,1.2393429579718516,-0.0
27,1,2.381561933945939,6.707134422920118,-0.0,0.027066146868921552,0.10092679736140096,0.2111545655255579,0.3480944643689118,0.5028639058583815,0.6673527009202835,0.8342230594403344,0.9969095902636459,1.1496193011947324,1.2873315989975018,1.4057982893952645,1.501543577070723,1.5718640656659824,1.614828757782541,1.6292790549813034,1.614828757782568,1.5718640656660352,1.5015435770707983,1.4057982893953564,1.287331598997605,1.1496193011948366,0.9969095902637466,0.8342230594404267,0.6673527009203638,0.5028639058584465,0.3480944643689597,0.21115456552558845,0.10092679736141592,0.027066146868925823,-0.0,0.11565282433724765,0.4365078385644056,0.9250413206786358,1.5459048369091517,2.265925241717215,3.0541046777961407,3.8816205760712923,4.721825655700078,5.5502479240719556,6.344590676808428,7.084732497763047,7.752727259021402,8.332804120901123,8.811367531951907,9.176997228955493,9.42044823692568,9.534650869108287,9.51471072698121,9.357908700254384,9.063700966869805,8.633718993001516,8.071769533055614,7.383834629670232,6.578071613715552,5.664813104293787,4.656567008739208,3.5680165226181333,2.4160201297289414,1.2196116021020693,-0.0
28,1,2.6695857797534304,6.737704807593547,-0.0,0.03033950104932732,0.11313278869285456,0.23669139879267112,0.39019267936923135,0.5636797906013542,0.748061704826222,0.9351132065393811,1.1174748923947408,1.2886531712045746,1.4430202639395175,1.5758142037285714,1.6831388358590944,1.7619638177768124,1.8101246190858136,1.8263225215485517,1.810124619085844,1.7619638177768724,1.6831388358591777,1.5758142037286738,1.4430202639396321,1.288653171204691,1.1174748923948528,0.9351132065394843,0.7480617048263114,0.5636797906014268,0.3901926793692849,0.23669139879270526,0.11313278869287131,0.030339501049332092,-0.0,0.11617995725357569,0.43849739352133027,0.9292575577821185,1.5529509019725456,2.2762530809869648,3.0680249526774803,3.899312577853945,4.743347220283955,5.575545346692853,6.373508626763729,7.117023933137419,7.788063341412497,8.370784130145276,8.85152878084983,9.218824977997983,9.463385609019312,9.578108764301117,9.558077737188464,9.400561023984174,9.10501232394881,8.673070539300692,8.108559775215891,7.417489339828213,6.608053744229211,5.690632702468164,4.677791131552119,3.584279151445855,2.4270320850719216,1.2251704583106202,-0.0
29,1,2.402651808739476,6.815536870679342,-0.0,0.027305830599364485,0.10182055262735698,0.21302444062120124,0.35117700804129076,0.5073170072711886,0.6732624296176257,0.8416105053105022,1.0057377035028858,1.1597997322710134,1.2987315386142886,1.4182473084552867,1.5148404666397433,1.5857836769365696,1.6291288420378385,1.6437071035587998,1.6291288420378662,1.5857836769366225,1.5148404666398188,1.4182473084553786,1.2987315386143918,1.1597997322711182,1.0057377035029873,0.8416105053105954,0.6732624296177064,0.5073170072712541,0.3511770080413391,0.21302444062123213,0.10182055262737211,0.027305830599368794,-0.0,0.11752203530841628,0.44356279157157497,0.9399920786502244,1.5708901522102896,2.30254771372287,3.103465910464242,3.9443563355158595,4.798141027764343,5.6399524719014895,6.447133598424266,7.199237783634812,7.878028849640437,8.467481064353608,8.953779141491987,9.325318240578406,9.572703966940884,9.68875237171258,9.66848995183185,9.509153650042235,9.21019085489244,8.773259400736356,8.20222756773305,7.503174081846752,6.684388114846861,5.756369284307936,4.73182765360972,3.6256837319371265,2.455068474280257,1.239323281434396,-0.0
30,1,2.2615973588956404,6.9026333503431845,-0.0,0.025702764812340174,0.09584288995421991,0.2005182401114907,0.33056017147475686,0.47753353173937524,0.6337366601054545,0.7922013872778536,0.946693035466184,1.0917104183848103,1.222485841252844,1.3349851007941547,1.4259074852373526,1.492685774315809,1.5334862392676385,1.5472086428357166,1.5334862392676645,1.4926857743158595,1.4259074852374236,1.3349851007942413,1.222485841252942,1.0917104183849093,0.9466930354662803,0.7922013872779416,0.6337366601055303,0.47753353173943724,0.3305601714748026,0.20051824011151986,0.09584288995423418,0.025702764812344226,-0.0,0.1190238620540579,0.44923112825418476,0.9520043386549409,1.5909647266410603,2.3319722189274468,3.14312543555918,3.9947616899115093,4.859456988689851,5.712026031929791,6.529522212997085,7.2912376185876555,7.9787030287275895,8.575687916773136,9.068200449410723,9.444487486656955,9.69503458185861,9.812565981692618,9.792044626166089,9.630672148616316,9.32788887571076,8.885373827447058,8.307044717153016,7.599057951486607,6.769808630435968,5.829930547319388,4.792296188785343,3.672016734812469,2.4864420587095903,1.2551607271157101,-0.0
31,1,2.3670229569386247,7.216257542219978,-0.0,0.02690091325421062,0.10031065869822199,0.209865507563467,0.34596941469386605,0.4997940185458272,0.6632786411882433,0.829130288302496,0.99082364918245,1.14260109673446,1.2794726874773625,1.397216161542484,1.492376942673632,1.5622681382271029,1.6049705391716775,1.6193326200886256,1.6049705391717044,1.5622681382271557,1.4923769426737066,1.397216161542576,1.279472687477464,1.142601096734564,0.9908236491825497,0.829130288302588,0.6632786411883231,0.49979401854589184,0.3459694146939138,0.20986550756349748,0.1003106586982369,0.026900913254214863,-0.0,0.12443176374260734,0.4696421427777381,0.9952590758284013,1.663250910967,2.4379264056153276,3.2859347265445735,4.176265449875317,5.080248561077527,5.97155445497056,6.826193935723162,7.622518216853467,8.341218921228995,8.965328081066643,9.480218137932717,9.873601942742907,10.135532755762314,10.258404246605394,10.236950494236012,10.06824598696744,9.751705622462328,9.28908470773273,8.684478959140092,7.944324502395243,7.07739787255839,6.094816014039125,5.010036280596435,3.8388564353386987,2.599414650723694,1.3121895085586042,-0.0
32,1,2.71369319191069,7.272891600433818,-0.0,0.030840776148849287,0.11500199049083415,0.24060205982473243,0.39663951822348764,0.5729930170342086,0.7604213248781689,0.9505633276508064,1.135938028521723,1.3099445479346858,1.4668621236076251,1.601850110532637,1.7109479809759758,1.7910753244780655,1.8400318478534894,1.8564973751910028,1.8400318478535207,1.7910753244781255,1.7109479809760608,1.6018501105327412,1.4668621236077415,1.3099445479348046,1.1359380285218372,0.9505633276509113,0.76042132487826,0.5729930170342825,0.39663951822354204,0.24060205982476712,0.11500199049085122,0.030840776148854127,-0.0,0.12540831920923523,0.47332795087121754,1.0030699889102226,1.6763043044143393,2.4570595456354662,3.311723137989317,4.2090412840554166,5.120118963577093,6.018419933461489,6.8797667277795505,7.682340657766036,8.406681811819501,9.035689055502306,9.554620031540633,9.951091159824475,10.215077637407648,10.338913438507742,10.317291314506184,10.147262793948217,9.82823818254289,9.361986563163072,8.752635795845439,8.006672517790474,7.1329421433624605,6.142648864089478,5.049355648663427,3.8689842429400136,2.6198151699387697,1.322487729843045,-0.0
33,1,2.6828955037810895,7.3536425694611625,-0.0,0.030490764361098776,0.11369683357479897,0.23787146845798915,0.39213805865593754,0.5664901226422921,0.7517913077190789,0.9397753900167033,1.1230462744939471,1.2950779949379727,1.4502147139643191,1.5836707230169047,1.6915304423680226,1.770748421118346,1.8191493371969247,1.8354279973611916,1.8191493371969552,1.7707484211184057,1.6915304423681066,1.583670723017008,1.4502147139644337,1.2950779949380897,1.1230462744940595,0.939775390016807,0.751791307719169,0.5664901226423652,0.3921380586559915,0.23787146845802354,0.11369683357481583,0.030490764361103574,-0.0,0.12680072870144218,0.4785833145972902,1.014207082387859,1.6949163234575066,2.4843402958746306,3.3484932243916723,4.255774300445116,5.176967682155474,6.08524249432731,6.956152828449214,7.767637742693822,8.500021261917793,9.136012377661825,9.660705048150666,10.0615781982931,10.328495719681971,10.453706470594117,10.431844275990455,10.259927927515937,9.937361183499558,9.465932768954355,8.84981637557741,8.095570661749834,7.212139252536774,6.210850739687397,5.105418681634927,3.9119416034966177,2.648902997073781,1.3371713208517755,-0.0
34,1,2.8049787789534526,7.379923965997721,-0.0,0.031878225173666994,0.11887052811488687,0.24869564252607482,0.4099820255390979,0.5922678577152747,0.7860010430453747,0.9825392089496173,1.174149706277673,1.3540096093086622,1.516205715751156,1.6557345467431765,1.7685023468521919,1.8513250840751219,1.9019284498383373,1.9189478589976618,1.9019284498383695,1.8513250840751843,1.7685023468522794,1.6557345467432851,1.5162057157512765,1.3540096093087846,1.1741497062777904,0.9825392089497257,0.7860010430454684,0.5922678577153511,0.409982025539154,0.2486956425261107,0.11887052811490449,0.031878225173672,-0.0,0.12725390550472696,0.48029373739087905,1.017831786505668,1.7009738340819778,2.4932191517383604,3.360460501479042,4.270984135693918,5.195469797158549,6.1069907190341635,6.981013624867658,7.795398728591594,8.530399734524194,9.16866383736934,9.695231722216601,10.09753756454121,10.365409030204075,10.491067275451757,10.469126946916495,10.296596181616206,9.972876606954483,9.499763340720575,8.881444991089424,8.12450365662162,7.237914926263418,6.233047879346724,5.123665085589129,3.925922605093883,2.658369988349925,1.34195027623187,-0.0
35,1,2.6098953566852328,7.207335750503751,-0.0,0.029661127023271634,0.11060320373957196,0.23139911343601066,0.38146819248954233,0.5510762303669661,0.7313354696249249,0.9142046059099048,1.0924887879582346,1.2598396175960893,1.4107551497394835,1.5405798923942786,1.6455048066561733,1.7225673067107146,1.7696512598332892,1.7854869863891312,1.7696512598333185,1.7225673067107725,1.6455048066562556,1.5405798923943792,1.4107551497395954,1.259839617596203,1.0924887879583445,0.9142046059100059,0.7313354696250125,0.5510762303670377,0.38146819248959485,0.23139911343604416,0.11060320373958837,0.029661127023276296,-0.0,0.12427792301942096,0.46906150255605655,0.9940285911725706,1.6611945572250981,2.4349122848632434,3.2818721740300845,4.1711021404621675,5.0739676156895035,5.9641715470355745,6.817754397617325,7.61309414634517,8.330906287922984,8.954243832848096,9.46849730741133,9.861394753696965,10.123001729582768,10.245721308739943,10.224294080633179,10.055798150520651,9.73964913945399,9.277600184278308,8.673741937632188,7.9345025679476695,7.068647759450259,6.087280712158914,5.003842141886072,3.834110280237636,2.5962008746129914,1.3105671882050023,-0.0
36,1,2.8278033142744454,7.424926769982614,-0.0,0.03213762309920794,0.1198377955280812,0.25071931647313095,0.41331811110705385,0.5970872305887318,0.7923968520632311,0.9905342786618019,1.183703939501878,1.365027389687079,1.5285433103072064,1.6692075084382478,1.7828929171423693,1.8663895954679246,1.9174047284494475,1.9345626271076644,1.9174047284494806,1.866389595467987,1.782892917142458,1.6692075084383573,1.5285433103073278,1.3650273896872032,1.183703939501997,0.9905342786619108,0.7923968520633257,0.5970872305888087,0.4133181111071105,0.25071931647316703,0.11983779552809899,0.032137623099212996,-0.0,0.12802990029710243,0.48322257040034644,1.024038528551894,1.711346378892915,2.508422811463585,3.3809526022030894,4.297028612949617,5.227151791440362,6.144231171311521,7.023583872098289,7.8429350992348725,8.582418144054472,9.224574383789278,9.754353281570506,10.159112386428378,10.42861733329212,10.555041842989953,10.53296772224911,10.359384863695837,10.033691245855387,9.557692933152024,8.93560407590902,8.174046910348634,7.282051758592141,6.271057028659793,5.154909214470861,3.9498628958436157,2.6745807384953517,1.3501334940423764,-0.0
37,1,2.7442735033545214,7.57877273472937,-0.0,0.03118831747836017,0.11629793532953352,0.24331337809217712,0.40110920552430784,0.5794500126033021,0.7689904295258951,0.961275121708181,1.148738789785611,1.3247061696129965,1.4833920322645053,1.6199011840336668,1.730228466433361,1.811258756195833,1.8607669652726802,1.8774180408348673,1.8607669652727123,1.8112587561958937,1.7302284664334477,1.6199011840337725,1.4833920322646232,1.3247061696131162,1.1487387897857262,0.9612751217082869,0.7689904295259871,0.5794500126033769,0.4011092055243627,0.24331337809221215,0.11629793532955075,0.031188317478365077,-0.0,0.13068270538701507,0.49323503851399786,1.0452568112694869,1.7468058174615282,2.560397832817673,3.4510066149849834,4.386063903530026,5.335459419938867,6.27154086761708,7.169113931889741,8.005442280001427,8.760247561116211,9.415709406317667,9.95646542860888,10.36961122291245,10.644700366070479,10.773744416844561,10.7512129159158,10.574033385884826,10.241591331271762,9.755730238516243,9.120751575977424,8.343414793933938,7.43293732458393,6.400994582045029,5.2617199623543796,4.031704843468629,2.7299985852639432,1.3781085295360052,-0.0
38,1,2.702125976447489,7.592119028819248,-0.0,0.030709316224112954,0.11451179034342257,0.23957648483520208,0.3949488279191497,0.5705506135573891,0.7571800014544677,0.9465115170573576,1.1310960515554538,1.3043608618805764,1.4606095707069677,1.595022166451296,1.7036550032726478,1.7834408010725389,1.8321886454949035,1.8485839879261063,1.8321886454949345,1.7834408010725995,1.703655003272733,1.5950221664514002,1.460609570707083,1.3043608618806946,1.1310960515555675,0.9465115170574621,0.7571800014545583,0.5705506135574628,0.3949488279192039,0.23957648483523655,0.1145117903434396,0.03070931622411778,-0.0,0.13091283892968794,0.4941036303176911,1.047097518899988,1.7498819598626478,2.5649067188418284,3.457083871923781,4.393787805644845,5.344855216991443,6.2825851134000885,7.181738812757376,8.019539943399993,8.775674444114701,9.432290564138338,9.973998863157854,10.387872211310281,10.663445789182747,10.792717087812445,10.770145908686672,10.592654363742826,10.259626875368383,9.772910176400924,9.136813310128112,8.358107630287694,7.446026801067497,6.41226679710542,5.270985903489461,4.038804715757705,2.7348061398983394,1.3805353923496468,-0.0
39,1,2.6246055719871686,7.699667519453066,-0.0,0.02982830673930613,0.11122659920863759,0.23270335376526438,0.3836182707399932,0.5541822744371673,0.7354575131346647,0.9193573590839001,1.0986464085098215,1.2669404816109147,1.4187066225591982,1.549263099500227,1.6547794045530884,1.7322762538104073,1.7796255873383393,1.7955505691765834,1.7796255873383697,1.7322762538104652,1.6547794045531707,1.5492630995003285,1.418706622559311,1.266940481611029,1.0986464085099321,0.9193573590840016,0.7354575131347527,0.5541822744372389,0.3836182707400459,0.232703353765298,0.11122659920865408,0.029828306739310816,-0.0,0.13276732490099993,0.5011030068363734,1.0619304999526604,1.774670449460373,2.6012406916339907,3.5060562538119693,4.4560293543967315,5.420569402854665,6.371582999716125,7.283473936575436,8.133143196090886,8.899988951984724,9.565906569043158,10.11528860311638,10.535024801118551,10.81450210102781,10.945604631886232,10.922713713799892,10.742707857938825,10.40496276653705,9.911351332892549,9.266243641367279,8.47650696738716,7.551505777442069,6.503101729085838,5.345653670936278,4.096017642675165,2.773546875048261,1.4000917898653038,-0.0
40,1,2.665797701069564,7.874299813324224,-0.0,0.030296450019435095,0.11297225595832179,0.2363555393311694,0.3896390052440062,0.562879942394379,0.7470002230713525,0.9337863031555088,1.1158892221189476,1.2868246030252866,1.440972652529661,1.5735781608787218,1.6807505019106372,1.7594636330550921,1.8075560953332892,1.8237310133579514,1.8075560953333194,1.7594636330551519,1.6807505019107205,1.573578160878825,1.4409726525297755,1.2868246030254038,1.1158892221190597,0.933786303155612,0.7470002230714418,0.5628799423944516,0.38963900524405953,0.23635553933120357,0.11297225595833854,0.030296450019439855,-0.0,0.13577855394952978,0.5124682725869374,1.0860156125461524,1.8149208590620378,2.660238125970391,3.5855753557079426,4.557094319312359,5.543510616422229,6.516093675277079,7.448666752717361,8.317606934184454,9.101845133720667,9.782866093969222,10.344708386174295,10.77396441018099,11.059780394435352,11.19385639598433,11.17044630047583,10.986357822158688,10.640952503882673,10.136145717098495,9.476406661857798,8.668758366813147,7.722777689218032,6.650595314926856,5.466895758394969,4.188917362678648,2.836452299435113,1.4318465689225324,-0.0
41,1,2.893367453446717,7.777720392612515,-0.0,0.03288275115776358,0.12261629920421732,0.2565323785328022,0.4229011135818907,0.6109310188347863,0.8107689988197225,1.0135003481098643,1.2111487513233044,1.396676283123068,1.5639834082171074,1.7079089813583073,1.8242302473444778,1.909662841018362,1.9618607872676288,1.9794165010248843,1.9618607872676619,1.9096628410184262,1.8242302473445688,1.7079089813584192,1.5639834082172315,1.3966762831231936,1.2111487513234258,1.0135003481099762,0.8107689988198197,0.6109310188348648,0.4229011135819486,0.25653237853283917,0.12261629920423547,0.03288275115776873,-0.0,0.13411321044008787,0.5061827754541224,1.0726954747269017,1.7926605934687458,2.627609922415495,3.5415977578285114,4.50120090149468,5.475518660726394,6.436172848361572,7.357307782763648,8.21559028782157,8.990209692949797,9.662877833088297,10.217829048702574,10.64182018578365,10.924130595848073,11.056562135937885,11.033439168620667,10.851608561989522,10.510439689663075,10.011824430785476,9.360177170026393,8.562434797581009,7.628056709170014,6.5690248060396055,5.399843494961507,4.137539688232958,2.8016628036767353,1.4142847646411425,-0.0
42,1,2.734235685941862,7.604701467323255,-0.0,0.03107423896691693,0.11587254863287952,0.2424234029273981,0.39964205548890924,0.5773305396647758,0.7661776685112852,0.9577590347936504,1.1445370109860078,1.3198607492714218,1.4779661815418776,1.613976019398289,1.723899754150488,1.8046336568172359,1.8539607781262162,1.870550948514041,1.8539607781262475,1.8046336568172976,1.7238997541505736,1.6139760193983939,1.4779661815419949,1.3198607492715415,1.1445370109861228,0.9577590347937559,0.7661776685113767,0.5773305396648502,0.3996420554889641,0.24242340292743303,0.1158725486328967,0.03107423896692182,-0.0,0.13112980111626132,0.49492250954225026,1.0488328763264516,1.7527820437609198,2.569157545381275,3.462813305966709,4.401069641539979,5.353713259367404,6.29299725795887,7.193641127067828,8.032830747691289,8.790218392069823,9.447922723687562,9.990528797272209,10.405088058795041,10.681118345470905,10.81060388575819,10.787995299358872,10.610209597218496,10.276630181526171,9.789106845714587,9.151955774459992,8.371959543682198,7.458367120544573,6.422893863454037,5.279721522061087,4.045498237259781,2.7393385411877595,1.3828233572262392,-0.0
43,1,2.6512455807988546,7.521901657114197,-0.0,0.030131067033216177,0.11235556030459706,0.23506531605818212,0.3875120345199351,0.5598072798977433,0.7429224803814174,0.9286889281426903,1.1097977793352174,1.279800054094578,1.4331066365382734,1.5649882747657273,1.6715755808582822,1.7498590308792084,1.7976889648736918,1.8137755868688514,1.797688964873723,1.7498590308792674,1.6715755808583654,1.5649882747658297,1.433106636538387,1.279800054094694,1.1097977793353289,0.9286889281427927,0.7429224803815063,0.5598072798978158,0.3875120345199882,0.23506531605821607,0.1123555603046137,0.03013106703322092,-0.0,0.12970206293458098,0.48953380493177023,1.0374132087071495,1.7336977942101832,2.5411846186242153,3.425110276366473,4.353150899088065,5.29542215567397,6.224479252243056,7.1153169321480565,7.94536947597559,8.694510701546143,9.345053963914072,9.881752155367625,10.291797705428937,10.564822580854022,10.692898285632753,10.670535860988895,10.494685885380106,10.16473847449792,9.682523281267754,9.052309495848911,8.28080584563456,7.377160595251748,6.352961546561378,5.2222360386582505,4.001450947871037,2.7095126877623072,1.3677672091285167,-0.0
44,1,2.6659279914761784,7.690072278584904,-0.0,0.03029793075324711,0.11297777745800607,0.23636709116772184,0.38965804878373356,0.5629074530552739,0.7470367325794689,0.9338319418013366,1.1159437610137883,1.2868874963576282,1.4410430798215517,1.5736550692421496,1.6808326483038993,1.759549626539174,1.8076444393282376,1.8238201478992513,1.807644439328268,1.7595496265392327,1.6808326483039826,1.573655069242252,1.4410430798216662,1.2868874963577444,1.1159437610139002,0.9338319418014398,0.7470367325795582,0.5629074530553466,0.38965804878378707,0.23636709116775598,0.11297777745802282,0.030297930753251868,-0.0,0.13260187172284282,0.5004785377877804,1.0606071338584038,1.7724588746902727,2.5979990541309124,3.5016870451198208,4.450476299688458,5.413814348960249,6.363642803150586,7.274397351566816,8.123007762608259,8.888897883766193,9.553985641623836,10.102683041856409,10.521896169231084,10.80102518760701,10.931964339935279,10.909101948258964,10.729320413713113,10.391996216524737,9.898999916012817,9.254696150588313,8.465943637754128,7.542095174105132,6.494997635328142,5.338991976201951,4.090913230597317,2.7700905114769783,1.3983470108956466,-0.0
45,1,2.767453762545694,7.366864590871898,-0.0,0.0314517581602023,0.11728027775314458,0.2453685913068812,0.4044972844955378,0.5843444961393107,0.7754859182044662,0.9693947958033413,1.158441927194341,1.335895663781941,1.4959219101166876,1.6335841238951967,1.7448433159601473,1.826558050300294,1.876484444050459,1.8932761674915364,1.8764844440504902,1.8265580503003558,1.744843315960234,1.6335841238953024,1.4959219101168064,1.3358956637820625,1.1584419271944566,0.969394795803448,0.775485918204559,0.584344496139386,0.4044972844955933,0.24536859130691666,0.11728027775316198,0.03145175816020725,-0.0,0.1270287193787087,0.47944381859549984,1.0160306504538326,1.697963822667113,2.488807197858692,3.35451389356187,4.263426282219892,5.1862759911859415,6.0961839027231495,6.968660154004588,7.781604137113268,8.515304499042141,9.152439141694094,9.678075221881969,10.079669151328554,10.347066596666588,10.472502479438733,10.450600976097613,10.278375518005797,9.955228791435808,9.482952737570109,8.865728552501116,8.110126687231178,7.225106847672586,6.222017994647554,5.114598343888256,3.9189753660368023,2.6536657866452673,1.3395755861756773,-0.0
46,2,3.641767053554961,7.908113538714206,-0.0,0.04138821692140631,0.1543322809340432,0.32288714770671406,0.5322888873031267,0.7689546841818937,1.0204828371965313,1.2756527595954585,1.524424979021997,1.7579411375143739,1.9685239915057158,2.149677411824056,2.2960863836923218,2.4036170067283518,2.469316494944881,2.4914131767495564,2.469316494944924,2.403617006728433,2.2960863836924363,2.1496774118241944,1.9685239915058712,1.7579411375145317,1.524424979022149,1.2756527595955982,1.0204828371966523,0.7689546841819922,0.5322888873031991,0.32288714770676036,0.15433228093406606,0.04138821692141278,-0.0,0.1363616126145465,0.5146689077991009,1.090679167981231,1.8227144708100984,2.671661689156455,3.6009724911126475,4.5766633399926135,5.5673154943318774,6.544075007887553,7.480652729638341,8.35332430378453,9.140930169747996,9.824875562172185,10.389130510922156,10.820229841084553,11.107273172967627,11.241924922101186,11.218414299236645,11.033535310347027,10.686646756626933,10.179672234492568,9.517100135581728,8.705983646753788,7.7559407500897075,6.679154222892021,5.490371637684862,4.206905362213954,2.8486325594466244,1.4379951875718007,-0.0
47,2,4.632186459730519,8.47195183877499,-0.0,0.052644206835958905,0.19630467614455083,0.4106999299057384,0.6770508218046734,0.9780805372316963,1.298014593282337,1.6225808387573124,1.939009454162527,2.236032951709072,2.503886175313228,2.73430630059646,2.920532834885418,3.057307617211941,3.140874818313053,3.1689809406309744,3.1408748183131077,3.057307617212044,2.9205328348855635,2.7343063005966366,2.503886175313424,2.2360329517092725,1.939009454162719,1.622580838757489,1.2980145932824905,0.9780805372318208,0.6770508218047651,0.41069992990579696,0.19630467614457983,0.052644206835967086,-0.0,0.14608401979468336,0.55136413740689,1.1684431865395983,1.9526716627101095,2.8621477232500454,3.8577171873053535,4.902973535836301,5.964257911617471,7.010659119237769,8.014013625100413,8.948905557422945,9.79266670623721,10.525376523389365,11.129862122539912,11.59169827916366,11.899207430549758,12.043459675801635,12.018272775837076,11.82021215338818,11.448590893001375,10.905469741037408,10.195657105671353,9.326709056892597,8.308929326504833,7.155369308126059,5.88182805718861,4.506852290939131,3.051736388438606,1.5405223905623513,-0.0
48,2,4.431814545012474,8.611362370806,-0.0,0.050367005645066514,0.18781323389171078,0.39293451134040563,0.6477640107693677,0.9357722511345579,1.24186709756968,1.5523937613861807,1.8551348000732482,2.1393101172978137,2.3955769629045496,2.6160299329158727,2.794200969531933,2.9250593611306304,3.0050117422676017,3.031902093676234,3.0050117422676537,2.9250593611307294,2.794200969532072,2.616029932916042,2.395576962904738,2.139310117298005,1.855134800073432,1.5523937613863499,1.241867097569827,0.9357722511346771,0.6477640107694556,0.3929345113404617,0.18781323389173848,0.05036700564507436,-0.0,0.14848791104765233,0.560437131352265,1.1876705487087216,1.9848039269817699,2.9092459061060203,3.92119800208595,4.983654606995901,6.062402988980068,7.126023292252511,8.145888537097148,9.096164619867757,9.953810312987963,10.698577264951252,11.313010000320983,11.782445919730375,12.095015299882519,12.241641293550341,12.216039929576649,12.01472011287412,11.636983624425293,11.084925121282577,10.36343213656824,9.480185079474408,8.445657235263058,7.273114765266012,5.978616706884966,4.581014973591474,3.101954354926968,1.5658725165027552,-0.0
49,2,4.259730486905547,8.777265914409437,-0.0,0.04841129232762823,0.18052058589707765,0.37767715691030745,0.6226118166654292,0.8994369115567064,1.193646323074555,1.4921154678055413,1.7831012974323812,2.056242298733944,2.3025584935852472,2.51445143895746,2.6857042269178963,2.8114814846300247,2.8883293743534635,2.9141755934439857,2.888329374353513,2.81148148463012,2.685704226918029,2.514451438957623,2.3025584935854275,2.0562422987341282,1.7831012974325582,1.4921154678057038,1.1936463230746963,0.8994369115568212,0.6226118166655136,0.3776771569103613,0.18052058589710432,0.04841129232763578,-0.0,0.15134862803577873,0.5712343202353503,1.210551800731306,2.023042476315221,2.96529443643765,3.9967424532081353,5.079667981395197,6.179199158426333,7.263310804388023,8.302824422025717,9.271408196743852,10.14557699660583,10.904692372334019,11.53096255730979,12.009442467573496,12.328033701824472,12.47748454142101,12.451389950380399,12.246191575378923,11.861177745751835,11.298483473493388,10.563090453256807,9.66282706235429,8.608368360757012,7.413236091095105,6.093798678657695,4.669271231392885,3.1617155399077745,1.5960400774684564,-0.0
50,2,4.282871828736278,8.76693553381253,-0.0,0.04867429071864497,0.18150127906500688,0.3797289196254808,0.6259942073874707,0.9043231777393894,1.2001309064706582,1.5002215097717062,1.7927881442339682,2.067413006849888,2.3150673350129165,2.5281114065175103,2.70029453955913,2.826755092734245,2.904020465040332,2.9300070958758795,2.9040204650403814,2.8267550927343406,2.7002945395592635,2.528111406517674,2.3150673350130977,2.067413006850073,1.792788144234146,1.5002215097718696,1.2001309064708006,0.9043231777395048,0.6259942073875556,0.37972891962553496,0.18150127906503372,0.04867429071865255,-0.0,0.15117049865634835,0.5705620074678449,1.2091270448955174,2.020661461663525,2.961804440759155,3.9920384974328327,5.073689479198109,6.171926565831659,7.254762269373289,8.293052434125931,9.260496236655642,10.133636185791596,10.89185812262609,11.517391220514567,11.995307985075591,12.313524254190868,12.462799198005209,12.43673531892657,12.231778451626045,11.847217763037856,11.285185752359359,10.550658251051043,9.651454422836519,8.598236763702513,7.4045111018988665,6.086626597938561,4.663775744597698,3.157994366915536,1.594161622194463,-0.0
51,2,4.419377130860677,8.73604130985945,-0.0,0.05022565602349931,0.1872861561114078,0.3918317826042552,0.6459461302617922,0.933146106262991,1.238381930206044,1.548037134108364,1.849928562406582,2.13330637195655,2.388854032033338,2.6086883243312378,2.7863593429637525,2.9168504944636093,2.996578497782753,3.0233933842923566,2.996578497782805,2.9168504944637084,2.78635934296389,2.608688324331406,2.3888540320335254,2.1333063719567407,1.8499285624067654,1.5480371341085328,1.2383819302061905,0.9331461062631098,0.6459461302618797,0.39183178260431106,0.18728615611143545,0.05022565602350713,-0.0,0.15063778169697578,0.5685513766870156,1.204866144200097,2.013540755974607,2.951367196257342,3.9779707618035083,5.055810061876722,6.150177018248998,7.229196865200766,8.263828149520851,9.227862730506489,10.09792577996331,10.85347578220534,11.476804534055029,11.953037144843242,12.270132036409244,12.418880943100692,12.392908911773672,12.188674301792672,11.805468785030596,11.245417345868765,10.5134782811969,9.617443200413126,8.567937025423964,7.378417990644329,6.06517764299755,4.64734084191536,3.14686575933792,1.5885438797138058,-0.0
52,2,4.68159109335213,8.568851293172838,-0.0,0.05320568418011187,0.19839836574177283,0.41508025434686524,0.684271914497133,0.9885122655341817,1.3118585816394783,1.6398864918343508,1.959689979979985,2.2598813847774295,2.5305913997675904,2.7634690733312364,2.9516818086889876,3.0899153639013304,3.1743738518686073,3.2027797403310294,3.174373851868662,3.0899153639014356,2.951681808689135,2.763469073331415,2.5305913997677894,2.2598813847776316,1.9596899799801792,1.6398864918345293,1.3118585816396335,0.9885122655343074,0.6842719144972256,0.41508025434692436,0.19839836574180214,0.053205684180120144,-0.0,0.14775488172635318,0.5576704626913115,1.1818074630871078,1.9750056917904857,2.8948840463626984,3.9018405130495117,4.959052166781201,6.0324751711725435,7.090844778522827,8.105675329815844,9.051260254719892,9.90467207158777,10.645762387456768,11.257161898048707,11.724280387769918,12.03530672971124,12.181208885647996,12.155733906040043,11.955407930031754,11.579536185452,11.030202988814176,10.312271745316183,9.433384948840423,8.4039641819538,7.237210115907703,5.949102510638046,4.558400214765246,3.0866411655942465,1.558142389114508,-0.0
53,2,4.642725164736643,8.523469310417799,-0.0,0.052763977870857584,0.19675128965875088,0.41163431487597646,0.6785911827005878,0.9803057719763952,1.3009677112129658,1.6262723785856223,1.9434209019354416,2.2411201587692573,2.509582776259657,2.740527131244985,2.927177350229334,3.0642633093825546,3.1480206345402544,3.1761907012037995,3.148020634540309,3.0642633093826586,2.9271773502294787,2.740527131245162,2.5095827762598537,2.2411201587694576,1.943420901935634,1.6262723785857993,1.3009677112131197,0.9803057719765199,0.6785911827006795,0.4116343148760351,0.19675128965877997,0.05276397787086578,-0.0,0.14697234865802689,0.5547169523017665,1.175548425081357,1.9645457513411342,2.8795522856196287,3.8811757526495727,4.932788247357893,6.0005262348657045,7.053290550488322,8.062746399735248,9.003323358310181,9.852215372110999,10.58938075722977,11.197542199952771,11.662186756760478,11.971565854327563,12.116695289522871,12.091355229409459,11.89209021124459,11.518209142479714,10.971785300760494,10.257656333926784,9.383424260012621,8.359455467246233,7.1988807140500235,5.917595129040604,4.534258211028775,3.070293829019553,1.549890222212157,-0.0
54,2,4.740771408142619,8.499717525650562,-0.0,0.05387826089081469,0.20090633311961353,0.4203273123717417,0.6929218428002977,1.0010081170261333,1.3284418761378538,1.6606164096918155,1.9844625557121263,2.2884487006906467,2.5625807795869884,2.7984022758285145,2.988994221310335,3.1289751963953125,3.214501329914062,3.2432662991649566,3.2145013299141176,3.128975196395418,2.988994221310483,2.798402275828696,2.562580779587189,2.2884487006908514,1.9844625557123228,1.6606164096919962,1.3284418761380108,1.0010081170262608,0.6929218428003915,0.42032731237180154,0.20090633311964323,0.053878260890823065,-0.0,0.14656279059370747,0.5531711594822035,1.1722726025073413,1.9590712824186949,2.8715280288735583,3.8703603384369494,4.919042374581604,5.983804967687973,7.033635615044227,8.04027848084625,8.978234396197646,9.824760859109723,10.5598720345015,11.166338754199732,11.62968851693889,11.938205488361179,12.082930501016484,12.057661054362436,11.858951314764395,11.48611211549543,10.941210956736347,10.22907200557566,9.357276096009604,8.336160728942119,7.178820072184845,5.9011049604571575,4.521622895386141,3.061738045506622,1.5455712462611515,-0.0
55,2,4.37638332441559,8.596174826508337,-0.0,0.04973703691050875,0.18546414714786635,0.38801985632562147,0.6396620585303942,0.9240680163218765,1.2263343607328312,1.5329770912690917,1.8319315759095602,2.1125525511062104,2.365614121784085,2.583309761341296,2.7592523116490217,2.8884739830515125,2.967426354366088,2.993980372883143,2.967426354366139,2.8884739830516115,2.759252311649159,2.5833097613414626,2.3656141217842706,2.1125525511063996,1.8319315759097419,1.5329770912692586,1.2263343607329764,0.9240680163219942,0.6396620585304809,0.3880198563256768,0.18546414714789375,0.0497370369105165,-0.0,0.1482260283594555,0.5594487089178167,1.1855758976775796,1.9813034010179096,2.90411497569464,3.914282328840276,4.97486511796399,6.051710950951617,7.1134553860656595,8.131521931945283,9.080122047606318,9.93625514244125,10.679708576219227,11.293057659086072,11.761665651564282,12.07368376455303,12.220051159328115,12.194494947542045,11.993530191223984,11.61645990277977,11.065375044991917,10.345154531019602,9.463465224398668,8.430761939041604,7.26028743923756,5.968072439652363,4.572935605328497,3.0964835516851372,1.5631108445181332,-0.0
56,2,4.313414459051177,8.616954087886876,-0.0,0.049021403806943524,0.18279562703754465,0.3824368970004235,0.6304583871294887,0.9107722169839375,1.2086894522482552,1.5109201047322136,1.8055731323708717,2.082156439224576,2.3315768754789596,2.546140237444941,2.7195512675587232,2.8469136543817966,2.924730032600937,2.9509019830282166,2.9247300326009884,2.846913654381893,2.7195512675588587,2.5461402374451056,2.3315768754791426,2.0821564392247627,1.805573132371051,1.5109201047323784,1.2086894522483982,0.9107722169840535,0.6304583871295742,0.382436897000478,0.18279562703757163,0.04902140380695115,-0.0,0.14858433044713357,0.5608010465778933,1.1884417527769864,1.9860927430300082,2.9111350009234434,3.9237441996446663,4.986890701981939,6.066339560324407,7.130650516662099,8.151178002585931,9.102071139287702,9.960273737560088,10.705524297796638,11.320356009991807,11.790096753740938,12.102869098240266,12.249590302286887,12.2239723142788,12.022521772214908,11.644540003694985,11.092123025919713,10.370161545690657,9.486340959410256,8.45114135308183,7.27783750230957,5.982498872298565,4.583989617854781,3.1039685833850976,1.566889302897285,-0.0
57,2,4.432703335194349,8.628366228046678,-0.0,0.050377106631841376,0.18785089940244312,0.39301331345007245,0.6478939183471998,0.9359599181004998,1.2421161511508494,1.552705090373328,1.8555068430772168,2.1397391510059998,2.3960573903373605,2.6165545716831877,2.794761340089564,2.925645975036778,3.00561439043932,3.032510134645885,3.005614390439371,2.9256459750368777,2.794761340089703,2.616554571683357,2.396057390337549,2.1397391510061907,1.855506843077401,1.5527050903734971,1.2421161511509964,0.9359599181006188,0.6478939183472876,0.39301331345012847,0.18785089940247088,0.05037710663184921,-0.0,0.14878111288177565,0.5615437614722789,1.1900157038177046,1.9887230888021514,2.9149904561476205,3.9289407364140216,4.993495250999165,6.074373712138757,7.14009422290641,8.16197327721363,9.114125759809827,9.9734649462823,10.719702503056238,11.335348487394755,11.80571134739886,12.118897922007474,12.265813440997391,12.240161524983334,12.038444185417926,11.659961824591697,11.106813235633085,10.383895602508433,9.49890450002197,8.46233389381583,7.287476140370015,5.990421987002459,4.590060571868981,3.1080794239633254,1.5689644631171467,-0.0
58,2,4.282426986339136,8.860700515436609,-0.0,0.04866923514167972,0.18148242735351694,0.37968947891148674,0.6259291882192708,0.9042292498082575,1.2000062543375414,1.5000656885939223,1.7926019354919045,2.0671982740736983,2.314826879509218,2.5278488230960843,2.7000140722596164,2.826461490552842,2.903718837656493,2.929702769379012,2.903718837656543,2.8264614905529384,2.70001407225975,2.5278488230962477,2.3148268795094,2.0671982740738835,1.7926019354920821,1.500065688594086,1.2000062543376833,0.9042292498083726,0.6259291882193556,0.379689478911541,0.18148242735354378,0.04866923514168729,-0.0,0.1527873120769497,0.5766643377449736,1.222059018070014,2.0422730366649176,2.993481819689433,4.034734535850219,5.127954096400832,6.23793715514173,7.332354108420271,8.381749095130711,9.35953999671421,10.242018437158812,11.00834978299946,11.64057314331801,12.123601369743225,12.445221056450775,12.596092540163202,12.569749900149978,12.362600958227478,11.97392727875898,11.405884168654671,10.663500677371648,9.754679596913892,8.690197461832277,7.483704549224571,6.151724878735448,4.7136562125564785,3.19177005542616,1.6112116546298985,-0.0
59,2,4.328402692782712,9.00970098210855,-0.0,0.049191743166882525,0.18343080448435642,0.38376578706054215,0.6326491011807375,0.9139369643074178,1.212889401080235,1.5161702433160174,1.8118471300087677,2.0893915073296667,2.339678628627069,2.5549875544265053,2.7290011524306785,2.8568060975194673,2.934892871749926,2.9611557643562936,2.9348928717499776,2.8568060975195646,2.7290011524308135,2.554987554426671,2.339678628627252,2.0893915073298537,1.8118471300089478,1.5161702433161826,1.2128894010803786,0.9139369643075341,0.6326491011808232,0.38376578706059683,0.1834308044843835,0.04919174316689018,-0.0,0.15535656501145037,0.5863614554037159,1.242609014503802,2.0766156526922237,3.0438198474030034,4.102582143123677,5.214185151395287,6.342833550812378,7.455654087023002,8.522695572728715,9.516928887684577,10.414246978699142,11.193464859634464,11.836319611406125,12.327470381983202,12.6544983863883,12.807906906697493,12.781121292040389,12.57048895860011,12.175279389613284,11.597684135370047,10.842816813214057,9.91871310754246,8.8363307698059,7.609549618508515,6.255171539207958,4.792920484515387,3.245442474095486,1.638305594666455,-0.0
60,2,4.498702670664629,9.167428893655694,-0.0,0.051127180640678956,0.19064784600376858,0.3988649609791848,0.6575405300946284,0.9498955975155857,1.260610247045328,1.5758236021249086,1.8831338258331665,2.1715981208867228,2.431732729639982,2.6555129340851336,2.836373055852143,2.969206456208763,3.0503655360605304,3.077661735950768,3.0503655360605824,2.9692064562088643,2.8363730558522833,2.6555129340853054,2.431732729640173,2.1715981208869173,1.883133825833353,1.5758236021250804,1.2606102470454768,0.9498955975157067,0.6575405300947176,0.39886496097924157,0.19064784600379675,0.05112718064068693,-0.0,0.15807630749713933,0.5966265649735263,1.264362691470057,2.1129698281122167,3.0971063381100756,4.174403806758297,5.305467041436131,6.453874071607405,7.5861761488205355,8.67189774670852,9.683536560988943,10.596563509463957,11.389422732020295,12.043531590629287,12.543280669346863,12.87603377431353,13.032127933754362,13.004873397979035,12.790553639381828,12.388425352441594,11.800718453721784,11.03263608187044,10.092354597620174,8.991023583788179,7.742765845276212,6.364677409070635,4.876827524242384,3.3022586619470036,1.666986515424634,-0.0
61,2,4.82802630849227,9.052774828783637,-0.0,0.054869901676735305,0.20460405666853992,0.42806352544715814,0.7056752158567988,1.0194318831141356,1.3528921298083056,1.6911804059009101,2.020987008726012,2.3305680829901374,2.609745620772275,2.8499074615238777,3.044007292068854,3.1865646466035784,3.2736649066968875,3.302959301290089,3.2736649066969448,3.1865646466036868,3.0440072920690056,2.8499074615240625,2.6097456207724794,2.3305680829903452,2.0209870087262116,1.691180405901094,1.3528921298084653,1.0194318831142652,0.7056752158568944,0.42806352544721904,0.20460405666857012,0.05486990167674384,-0.0,0.1560992983024397,0.5891647497057572,1.2485497166729536,2.0865435986256986,3.058371831944331,4.12219588996786,5.239113282993962,6.373157558278978,7.491298300037911,8.563441129444433,9.562427704630872,10.464035720688223,11.246978909666128,11.892907040572915,12.386405919375582,12.714997388999802,12.869139329329878,12.842225657208811,12.630586326438271,12.233487327778597,11.6531306889488,10.894654474626561,9.966132786448215,8.87857576300876,7.645929579861837,6.285076449519771,4.815834621453546,3.2609583820928334,1.6461380548259803,-0.0
62,2,4.7908518694566995,8.983338774178746,-0.0,0.054447418930280156,0.20302866321683558,0.42476755719568104,0.7002417159927572,1.0115825455239311,1.342475242494995,1.6781587944016663,2.0054259795295843,2.312623366954317,2.5896513165413513,2.8279639789461033,3.020569295613904,3.1620289987800145,3.248458611469616,3.277527447497824,3.2484586114696725,3.162028998780122,3.0205692956140537,2.8279639789462863,2.5896513165415542,2.3126233669545235,2.0054259795297833,1.678158794401849,1.3424752424951538,1.0115825455240597,0.7002417159928521,0.42476755719574155,0.20302866321686555,0.054447418930288614,-0.0,0.15490199475676325,0.584645773313925,1.2389731649588673,2.070539516121735,3.0349136903754346,4.090578068435638,5.198928548160781,6.324274544552049,7.433838989753393,8.49775833305152,9.489082540875895,10.383775096798734,11.160713001535001,11.801686772942436,12.291400446021544,12.6174715729156,12.770431222910604,12.743723982435343,12.533707955061372,12.139654761503003,11.56374953961732,10.811090944404167,9.889691148006138,8.810475839708582,7.58728422593959,6.23686903027002,4.778896493413494,3.2359463732264095,1.6335119447079354,-0.0
63,2,4.741484820818474,8.9163728243756,-0.0,0.05388636873465768,0.20093656641128016,0.4203905651225787,0.69302611680625,1.0011587532449762,1.3286417860664248,1.6608663067432476,1.984761186593078,2.288793076778537,2.562966408307226,2.7988233920317325,2.989444018649619,3.1294460587034396,3.214985062580728,3.243754360514007,3.2149850625807836,3.1294460587035466,2.989444018649768,2.7988233920319128,2.562966408307427,2.2887930767787417,1.9847611865932748,1.660866306743428,1.3286417860665818,1.0011587532451036,0.6930261168063437,0.42039056512263856,0.20093656641130986,0.053886368734666054,-0.0,0.1537472838562788,0.5802875541158584,1.2297372876466854,2.0551047597591467,3.0122900442060687,4.060085013182721,5.16017333732681,6.277130485718477,7.3784237258803005,8.434412123777294,9.418346543816908,10.306369648849016,11.077515900165922,11.713711557502386,12.199774679035608,12.523415121385224,12.675234539613292,12.648726387224322,12.44027591616527,12.049160176825529,11.477548018036947,10.730500087073796,9.815968829652789,8.74479848993306,7.530725110516167,6.1903765324461215,4.743272395209359,3.2118241367347813,1.6213349933937344,-0.0
64,2,4.680749631336835,8.88407152133954,-0.0,0.05319612107189875,0.1983627059232754,0.4150056484574641,0.6841489245108866,0.9883345918530518,1.3116227901865565,1.6395917411470826,1.9593377483033978,2.259475197157357,2.5301365551438986,2.7629723716310486,2.9511512779199136,3.089359987244687,3.1738032947726484,3.202204077604169,3.173803294772703,3.0893599872447917,2.95115127792006,2.7629723716312276,2.530136555144097,2.259475197157559,1.959337748303592,1.639591741147261,1.3116227901867112,0.9883345918531776,0.6841489245109792,0.41500564845752325,0.19836270592330468,0.053196121071907014,-0.0,0.15319030427448788,0.5781853490485346,1.2252823240011068,2.0476597411486246,3.001377434844961,4.045376561781445,5.141479600986857,6.254390353827426,7.351693944006828,8.403856817566192,9.384226742884092,10.269032810676544,11.037385433997008,11.671276348236406,12.155578611123117,12.478046602722975,12.629316025439243,12.602903904012647,12.395208585521386,12.005509739381095,11.435968357344876,10.69162675350328,9.780408564284304,8.713118748453384,7.503443587113394,6.167950683704666,4.7260889640049815,3.200188676129592,1.6154613905312105,-0.0
65,2,4.508141874174405,8.979885245096199,-0.0,0.05123445598165568,0.19104786439770793,0.3997018617070662,0.6589201853716845,0.9518886738565623,1.263255266629743,1.579130004162314,1.8870850279284042,2.1761545804051883,2.4368350050728824,2.6610847464147462,2.842324349917077,2.9754364620692204,3.0567658303635605,3.0841193032955325,3.0567658303636125,2.9754364620693208,2.842324349917219,2.661084746414919,2.436835005073073,2.1761545804053832,1.8870850279285913,1.5791300041624856,1.2632552666298922,0.9518886738566835,0.6589201853717739,0.39970186170712313,0.19104786439773613,0.05123445598166366,-0.0,0.15484244467663327,0.5844210137638419,1.2384968576565112,2.0697435238280852,3.0337469568305684,4.089005498294526,5.196929886929083,6.321843258521914,7.430981145939255,8.494491479125895,9.485434585105175,10.379783187978987,11.156422408927765,11.797149766210527,12.286675175164838,12.61262094820683,12.765521794831173,12.738824821611107,12.52888953219844,12.134987827323537,11.559304004795328,10.806934759501303,9.885889183407496,8.807088765558495,7.584367392077423,6.234471346165978,4.7770593081044055,3.2347023552515313,1.6328839620447466,-0.0
66,2,4.572265936907102,9.245169261668646,-0.0,0.051963217755606056,0.19376533993053596,0.4053872433942105,0.6682927030257241,0.9654283917138446,1.281223880357014,1.6015916378633452,1.9139270311506242,2.207108325146308,2.471496682787526,2.698936165021081,2.8827537308034397,3.0177592371007456,3.100245438888811,3.1279879891531315,3.100245438888865,3.0177592371008477,2.8827537308035827,2.698936165021256,2.4714966827877207,2.207108325146506,1.9139270311508139,1.6015916378635202,1.2812238803571654,0.9654283917139677,0.6682927030258144,0.4053872433942683,0.19376533993056458,0.05196321775561413,-0.0,0.15941680443052278,0.6016859954054813,1.2750845658447525,2.130887943861266,3.123369992761005,4.2098030110430065,5.350457732399359,6.508603325715198,7.6505073950687095,8.745435979731125,9.765653554166729,10.686423028032836,11.486005746179814,12.145661488651086,12.649648470683136,12.9852233427055,13.142641190340738,13.115155534404487,12.899018330905433,12.493479971045321,11.900789281218952,11.126193523014175,10.177938393211885,9.06726802378602,7.808424981903544,6.4186502699244885,4.918183325401929,3.3302620210820146,1.6811226649039523,-0.0
67,2,4.711422371636242,9.383856223506402,-0.0,0.05354471284353515,0.19966256774949626,0.417725161672335,0.6886321214217299,0.9948111036625867,1.3202177949150373,1.6503359115544398,1.9721771998113757,2.2742814357716545,2.5467164253763084,2.781078004421596,2.9704900385589963,3.109604423295216,3.194601083992184,3.223187975867063,3.1946010839922385,3.109604423295321,2.9704900385591437,2.7810780044217767,2.5467164253765078,2.274281435771858,1.9721771998115711,1.6503359115546192,1.3202177949151934,0.9948111036627133,0.6886321214218232,0.41772516167239454,0.19966256774952576,0.05354471284354347,-0.0,0.16180821897866077,0.6107118985903032,1.2942121339311918,2.1628534348746222,3.170223726070919,4.272954346947441,5.430720051708575,6.606239009335731,7.765272803587349,8.87662643299889,9.912148310882847,10.84673026532872,11.658307539203037,12.327858790149365,12.839406090588303,13.180014927717487,13.339794203511547,13.311896234722166,13.092516752878067,12.680894904284996,12.079313250025738,11.293097765960102,10.330617842724921,9.203286285734048,7.925559315178344,6.514936566025708,4.991961088021064,3.380219345686385,1.7063412183206845,-0.0
68,2,4.947776951933537,9.495049945424524,-0.0,0.05623085242793368,0.20967889799524395,0.4386808832100744,0.7231782400244108,1.0447170858340815,1.386448223478757,1.7331271412419484,2.0711140128510075,2.388373697477127,2.6744757397353394,2.9205943696845185,3.1195085028273737,3.2656017401104562,3.354862367924159,3.3848833581027202,3.354862367924216,3.2656017401105673,3.1195085028275287,2.9205943696847076,2.674475739735549,2.3883736974773404,2.0711140128512127,1.733127141242137,1.3864482234789206,1.0447170858342145,0.7231782400245086,0.4386808832101369,0.20967889799527492,0.05623085242794242,-0.0,0.16372556059991344,0.617948510853589,1.3095478616635623,2.1884821015612093,3.2077891967067473,4.323586590889236,5.495071205526575,6.684519439665497,7.857287169981573,8.981809750779211,10.029602013991656,10.975258269180975,11.796452303538064,12.473937381882683,12.99154624666342,13.336191117957718,13.497863693471825,13.46963514854085,13.24765613612875,12.831156786828325,12.22244670886121,11.426914988077886,10.45303018795767,9.312340349608698,8.019472991767929,6.592135110801171,5.051113180703073,3.4202731530971366,1.7265604572357158,-0.0
69,2,5.055321084148598,9.245043621225339,-0.0,0.05745307773979058,0.21423644683945706,0.448215984602575,0.7388971329769009,1.0674248985543715,1.4165838525711048,1.7707981309073975,2.1161314340877246,2.4402870272807426,2.7326077402992834,2.98407596760036,3.1873136682851597,3.336582366099049,3.427783149431574,3.4584566713164664,3.427783149431633,3.3365823660991616,3.1873136682853183,2.9840759676005537,2.732607740299497,2.4402870272809607,2.1161314340879342,1.77079813090759,1.416583852571272,1.067424898554507,0.7388971329770005,0.44821598460263873,0.21423644683948867,0.05745307773979951,-0.0,0.15941463798041108,0.6016778185843701,1.2750672376395489,2.1308589854183944,3.1233275466381274,4.209745800460747,5.350385020493025,6.508514874786501,7.650403425837489,8.745317130587068,9.765520840421095,10.68627780117018,11.4858496531097,12.145496430959819,12.649476563885482,12.985046875496403,13.142462583847047,13.114977301436678,12.898843035209326,12.493310186553812,11.90062755130372,11.126042319737417,10.177800076578032,9.067144800993463,7.80831886659635,6.41856304144413,4.918116488039002,3.330216763327958,1.6810998187027748,-0.0
70,2,5.225134802347439,8.99851799154243,-0.0,0.05938298893446281,0.22143288144884124,0.4632720456587517,0.7637174890786544,1.103280858621855,1.4641684406005022,1.830281160725589,2.1872145841069495,2.522258915253261,2.824398998072044,3.0843143158696606,3.29437899135131,3.448661786621038,3.54292610318173,3.574629981935122,3.5429261031817902,3.448661786621155,3.294378991351474,3.08431431586986,2.8243989980722652,2.5222589152534862,2.1872145841071657,1.830281160725788,1.4641684406006752,1.103280858621995,0.7637174890787577,0.46327204565881747,0.22143288144887394,0.059382988934472025,-0.0,0.1551637338615201,0.5856336538221609,1.2410666675475417,2.07403812283861,3.040041807631643,4.097489949998246,5.207713218145355,6.334960720415225,7.446400005285439,8.512117061368903,9.505116317413847,10.401320642303816,11.17957134505767,11.821628174829618,12.31216932090919,12.638791412721252,12.79200951982597,12.765257151918853,12.554886258830754,12.160167230527838,11.583288897111617,10.829358528818924,9.90640183602191,8.825362969228049,7.600104519080111,6.24740751635622,4.7869714319698105,3.2414141769696694,1.6362721025399174,-0.0
71,2,5.024710161860188,9.042752571333017,-0.0,0.05710518852194501,0.21293920476197342,0.44550195230972756,0.7344229715259879,1.0609614395426745,1.4080061702628457,1.760075614360697,2.1033178592815602,2.4255106292419057,2.716061285229339,2.9660068250026046,3.1680138830915765,3.316378730797269,3.407027276191834,3.4375150641185668,3.407027276191893,3.316378730797382,3.1680138830917333,2.9660068250027964,2.7160612852295514,2.425510629242122,2.1033178592817685,1.7600756143608884,1.408006170263012,1.0609614395428095,0.7344229715260873,0.4455019523097909,0.21293920476200487,0.057105188521953884,-0.0,0.15592648196876996,0.5885124899385522,1.2471674568755917,2.0842336022408467,3.054985931989986,4.117632238573396,5.233313100936172,6.366101884518116,7.483004741253741,8.553960609572266,9.55184121439762,10.45245106714843,11.234527465738022,11.87974049457445,12.372693024560487,12.700920713093609,12.854892004065986,12.828008127864518,12.616603101370819,12.219943727961216,11.640229597506757,10.882593086373195,9.95509935742099,8.868746360005298,7.6374648299759755,6.278118289677594,4.810503047949437,3.257348200125512,1.6443156280345534,-0.0
72,2,4.998985461204419,9.15266672717054,-0.0,0.056812830588194155,0.21184903296620333,0.44322114326889606,0.7306629912507808,1.0555297002860078,1.400797687368366,1.7510646631112847,2.092549631747831,2.4130928911307117,2.702156032732271,2.9508219416444934,3.151794796578996,3.299400069867037,3.389584527459512,3.4199162289269647,3.38958452745957,3.2994000698671484,3.1517947965791517,2.9508219416446844,2.702156032732483,2.413092891130927,2.0925496317480383,1.751064663111475,1.4007976873685315,1.055529700286142,0.7306629912508797,0.443221143268959,0.2118490329662346,0.05681283058820299,-0.0,0.1578217597067282,0.5956658266047018,1.262326708124496,2.1095673460485393,3.0921191165111113,4.16768182999835,5.296923731348242,6.44348149975062,7.57396024874717,8.657933526231423,9.667943314448756,10.579500029996396,11.371082523823398,12.024138081230692,12.523082421871056,12.85529969974913,13.011142503221373,12.98393185499612,12.769957212133558,12.368476466045735,11.781715942496545,11.014870401601742,10.076103037828924,8.97654547999752,7.730297791278801,6.3544284691958985,4.86897444562379,3.2969410867893236,1.664302193271207,-0.0
73,2,5.08972360828059,9.264633539706757,-0.0,0.057844058027788095,0.2156943709573646,0.4512661887280825,0.7439254835060103,1.0746889496839331,1.4262240038813503,1.7828487849444772,2.1305321539462403,2.4568936941862836,2.7512037111909615,3.0043832327133453,3.2090040087332135,3.359288511457061,3.4511099353180956,3.4819921969762477,3.451109935318155,3.3592885114571756,3.209004008733373,3.00438323271354,2.751203711191177,2.456893694186503,2.1305321539464512,1.7828487849446706,1.4262240038815188,1.0746889496840695,0.7439254835061109,0.45126618872814667,0.2156943709573964,0.05784405802779708,-0.0,0.15975243192608934,0.6029527524733876,1.2777690597473796,2.1353741997894664,3.129945766576964,4.218666102023109,5.36172229597705,6.522306186223847,7.666614358484473,8.763848146415812,9.78621363161066,10.708921643597714,11.510187759841576,12.17123230574278,12.676280354637774,13.012561727798925,13.170310994434487,13.142767471688654,12.926175224641536,12.519783066309161,11.925844557643474,11.14961800753234,10.199366472799527,9.086357758204706,7.824864416443445,6.432163748147239,4.928537801883493,3.337273374155544,1.6846620094026548,-0.0
74,2,5.19724240363055,9.188960838961759,-0.0,0.059065995389412734,0.22025084606563428,0.46079904369790314,0.7596406731651447,1.097391412555972,1.4563525331686848,1.8205108995112693,2.1755389693013947,2.508794793466419,2.8093220161433834,3.0678498746790153,3.27679319962972,3.430252414761594,3.5240135370504166,3.5555481766816603,3.5240135370504775,3.43025241476171,3.276793199629883,3.067849874679213,2.809322016143603,2.508794793466643,2.17553896930161,1.8205108995114672,1.456352533168857,1.0973914125561113,0.7596406731652474,0.46079904369796865,0.2202508460656668,0.05906599538942191,-0.0,0.1584475883051714,0.5980278881486691,1.2673323559894736,2.117932653709234,3.104380648612271,4.184208413425576,5.317928226298813,6.4690325708043,7.603994135937034,8.69226581611467,9.706280711177529,10.62145212638859,11.41617357243349,12.071818765420549,12.572741626880758,12.906276283767781,13.062737068457922,13.035418518750179,12.820595377866217,12.417522594450379,11.828435322569673,11.058548921713783,10.116058956795051,9.012141198148475,7.760951621531703,6.37962640812507,4.888281944531562,3.3100148227768655,1.6709018403093363,-0.0
75,2,5.415793098740587,8.990044468903687,-0.0,0.06154979609509174,0.2295126760454314,0.4801762332697937,0.7915845357485266,1.1435381260235518,1.517594021198364,1.8970657129380302,2.2670231674691883,2.614292825580048,2.9274576026203913,3.1968568885015705,3.4145865476965054,3.5744989192396877,3.672202816727182,3.7050635283166313,3.6722028167272454,3.574498919239809,3.414586547696674,3.196856888501777,2.92745760262062,2.614292825580281,2.267023167469412,1.897065712938236,1.5175940211985428,1.1435381260236968,0.7915845357486335,0.480176233269862,0.2295126760454653,0.06154979609510129,-0.0,0.15501762275602216,0.5850821874553285,1.2398980077178299,2.0720850891275027,3.037179129232388,4.093631517544594,5.202809335540296,6.328995356659722,7.43938804630717,8.50410156185099,9.496165752623602,10.39152615992147,11.169044017005115,11.81049624909914,12.30057547339221,12.626889999037052,12.779963827150446,12.753236650813244,12.543063855070372,12.148716516930818,11.572381405367638,10.819160981317962,9.897073397682963,8.817052499327874,7.592947823081973,6.241524597738615,4.782463744055208,3.2383618747532474,1.6347312945183023,-0.0
76,2,5.578525094721072,8.880524094959402,-0.0,0.06339922442223284,0.23640899855900394,0.4946044131204153,0.8153698113565624,1.1778987890575348,1.563194194553415,1.9540681287142787,2.335141944950191,2.6928462492112115,3.0154208999873906,3.292915008308769,3.5171869377453757,3.681904304407231,3.7825439769443503,3.8163920765467454,3.782543976944416,3.6819043044073565,3.51718693774555,3.2929150083089818,3.015420899987626,2.6928462492114518,2.335141944950422,1.9540681287144908,1.5631941945535992,1.1778987890576842,0.8153698113566725,0.4946044131204856,0.23640899855903885,0.06339922442224268,-0.0,0.15312913509937945,0.5779544785569027,1.2247930664766893,2.046842106782912,3.000178979219796,4.043761235351623,5.139426598562724,6.251892964057482,7.348758398860324,8.40050114181573,9.380479603588226,10.264932366662379,11.032978185342799,11.666615985754165,12.150724865841196,12.47306409536869,12.624273115921447,12.597871540904356,12.390259155542354,12.000715916880434,11.431401953783645,10.687357566937091,9.776503228845915,8.709639583835305,7.500447448050481,6.165487809456726,4.724201827839371,3.1989108348038156,1.6148163337755215,-0.0
77,2,5.496837490026639,8.789204424625119,-0.0,0.06247085523959032,0.23294720812289582,0.48736180883109603,0.8034301667912099,1.1606505506760967,1.5403039884044551,1.9254542671408221,2.3009479332955713,2.653414292524917,2.9712654097309072,3.244696109061433,3.4656839739102128,3.6279893469168076,3.727155329966616,3.760507784190881,3.727155329966681,3.6279893469169306,3.4656839739103846,3.2446961090616426,2.97126540973114,2.653414292525153,2.300947933295799,1.925454267141031,1.5403039884046366,1.1606505506762441,0.8034301667913183,0.4873618088311652,0.23294720812293018,0.06247085523960002,-0.0,0.15155448680313913,0.5720112918839455,1.2121983482075445,2.025794143349781,2.9693277194972185,4.002178673447144,5.086577156607561,6.187603874997186,7.2731900892454515,8.31411761459251,9.284018820889223,10.15937663259716,10.919524528788598,11.546646543146553,12.02577726396475,12.344801834147646,12.494455951210385,12.468325867278852,12.262848389089653,11.877310877990114,11.313851249938281,10.577457975502927,9.675970079863525,8.620077142810263,7.423319298744028,6.102087236676433,4.675622200229805,3.1660159876372096,1.598210951742439,-0.0
78,2,5.536354377549976,8.838425073489137,-0.0,0.06291995961359968,0.23462187080647887,0.49086546376317136,0.8092060442100983,1.1689944934155692,1.5513772681897797,1.9392964008848133,2.317489499394637,2.6724897471551055,2.9926259031439577,3.268022301880819,3.4905988534271946,3.6540710433864776,3.753949932903947,3.7875421586667737,3.7539499329040122,3.6540710433866015,3.490598853427368,3.26802230188103,2.9926259031441913,2.672489747155344,2.317489499394866,1.9392964008850235,1.5513772681899627,1.1689944934157175,0.8092060442102076,0.4908654637632411,0.2346218708065135,0.06291995961360945,-0.0,0.15240321096727436,0.5752146269736598,1.218986811231968,2.037138845029633,2.985956327728709,4.024591376765875,5.115062627652433,6.222255233974295,7.313920867391995,8.360677717640684,9.33601049253013,10.216270417944711,10.980675237843412,11.611309214259856,12.093123127302292,12.41393427515358,12.564426474071185,12.538150058387215,12.331521880508397,11.943825310916079,11.377210238166239,10.636693068889477,9.730156727790995,8.668350657650615,7.464890819322759,6.136259691736479,4.7018062718954425,3.1837460748779565,1.6071611338369578,-0.0
79,2,5.697398394253746,8.758868378974697,-0.0,0.06475020427208868,0.24144665944978627,0.5051439836256522,0.8327446009594647,1.2029987416782215,1.5965044420761387,1.995707544514651,2.384901697422409,2.75022835529528,3.0796767786963506,3.363084034255922,3.5921349946715084,3.760362338707842,3.8631465511968734,3.8977159230377767,3.86314655119694,3.7603623387079694,3.5921349946716865,3.3630840342561394,3.0796767786965913,2.750228355295526,2.3849016974226442,1.9957075445148678,1.596504442076327,1.2029987416783738,0.832744600959577,0.5051439836257239,0.24144665944982188,0.06475020427209874,-0.0,0.15103139465417223,0.5700369879737383,1.2080144309094598,2.018802090299014,2.95907904886699,3.9883651052248963,5.069020773871153,6.166247285191089,7.248086585456944,8.285421336827868,9.251974917349921,10.124311420956067,10.881835657466167,11.506793152587015,11.98427014791232,12.302193600922703,12.45133118498568,12.425291289355693,12.220523019174106,11.836316195469193,11.274801355156153,10.540949751037097,9.642573351801033,8.59032484202388,7.397697622168453,6.081025808584484,4.659484233508619,3.155088445064433,1.592694707262424,-0.0
80,2,5.7236485589970325,8.592315090551642,-0.0,0.06504853403800748,0.24255909957573313,0.5074713814784384,0.8365813842509957,1.2085414320378898,1.6038601686232161,2.0049025574306807,2.3958898815235985,2.762899743604894,3.093866066017102,3.3785790907423654,3.6086853794024325,3.777687813258663,3.880945593212025,3.9156742398031037,3.8809455932120915,3.777687813258791,3.6086853794026115,3.378579090742584,3.0938660660173434,2.76289974360514,2.3958898815238348,2.0049025574308983,1.603860168623405,1.208541432038043,0.8365813842511085,0.5074713814785103,0.2425590995757689,0.06504853403801757,-0.0,0.14815947395090476,0.5591975129683023,1.1850435667264285,1.980413783469131,2.9028110100098687,3.912524791731714,4.972631372587349,6.048993695099062,7.110261400358753,8.127870828027923,9.076045016337682,9.931793702088745,10.67491332065142,11.28798700596564,11.756384590540957,12.068262605456532,12.214564280361106,12.18901954347306,11.988145021580385,11.611244040040683,11.060406622781173,10.340509492298683,9.459216069659641,8.426976474500082,7.25702752502563,5.965392738011529,4.570882328802628,3.095093211313406,1.5624089980279618,-0.0
81,3,5.696231663617145,8.608036688284152,-0.0,0.06473694452758379,0.24139721526575852,0.5050405386985456,0.8325740689778179,1.2027523879233,1.5961775050225677,1.9952988574310466,2.3844133099720124,2.749665155136589,3.079046113083751,3.3623953316403234,3.5913993863009726,3.759592280228218,3.8623554442524295,3.8969177368718317,3.8623554442524966,3.759592280228346,3.5913993863011506,3.3623953316405406,3.079046113083992,2.749665155136834,2.3844133099722478,1.9952988574312631,1.5961775050227556,1.2027523879234525,0.8325740689779302,0.5050405386986173,0.24139721526579408,0.06473694452759383,-0.0,0.14843056545827715,0.5602206921998898,1.1872118738770892,1.9840374016115636,2.908122363994438,3.9196836470862753,4.981729934417076,6.060061706986268,7.123271243262716,8.142742619184716,9.092651708159998,9.94996618106571,10.694445506248435,11.308640949524197,11.777895574178466,12.090344240966141,12.23691360811154,12.21132213130843,12.010080063720022,11.632489455978963,11.080644156187338,10.359429809916675,9.47652386020792,8.442395547571449,7.270305909987056,5.976307782903979,4.5792457992408915,3.1007563893859142,1.565267781196617,-0.0
82,3,5.784435683862664,8.512966414714441,-0.0,0.06573937193976494,0.24513516100250057,0.5128609028499374,0.8454661675392342,1.2213765595229793,1.6208937176491884,2.026195315161305,2.4213350596981993,2.7922426932941673,3.126723992378932,3.4144607677776437,3.6470108647108725,3.8178081627946177,3.9221625760403063,3.9572600528547976,3.922162576040374,3.8178081627947478,3.6470108647110537,3.414460767777864,3.1267239923791763,2.792242693294416,2.421335059698438,2.0261953151615253,1.6208937176493794,1.221376559523134,0.8454661675393484,0.5128609028500101,0.2451351610025367,0.06573937193977514,-0.0,0.14679124455674902,0.554033412057445,1.1740998761333616,1.9621249742632378,2.8760040077732754,3.876393241837144,4.926709905475975,5.9931321915583595,7.044599256800351,8.052811221765458,8.992229170864656,9.840075152356372,10.576332178346476,11.183744224788327,11.647816231482746,11.956814102078019,12.10176470406987,12.076455868801506,11.877436391463602,11.504016031094299,10.958265510579206,10.24501651665139,9.37186169989138,8.349154674727153,7.190010019434139,5.910303276135233,4.528670950800793,3.066510513248657,1.5479803971441357,-0.0
83,3,5.453525318647638,8.692538859537555,-0.0,0.0619786179498325,0.23111170736108783,0.48352165561099963,0.7970995621229333,1.1515052383663869,1.52816720785699,1.9102827061565029,2.2828176808728147,2.632506791659947,2.94785341021805,3.2191296202934043,3.4383762176784143,3.5994027102116193,3.6977873177776863,3.7308769723074198,3.6977873177777494,3.599402710211742,3.4383762176785853,3.219129620293612,2.94785341021828,2.6325067916601816,2.2828176808730403,1.91028270615671,1.52816720785717,1.151505238366533,0.7970995621230409,0.48352165561106825,0.2311117073611219,0.061978617949842114,-0.0,0.14988765788431963,0.5657201883784326,1.198866329441501,2.0035140226292603,2.936670413094016,3.9581618495846507,5.030633884446618,6.119551273621934,7.19319797664919,8.22267715666354,9.181911180396707,10.047641618176979,10.799429243929195,11.41965403517479,11.893515173031767,12.209031042214702,12.35703923103472,12.331196531399534,12.127978938813438,11.746681652377289,11.189419074788528,10.461124812341168,9.569551674925782,8.525271676029499,7.341676032736011,6.0349751657255855,4.624198699275058,3.1311954612578536,1.5806334831439763,-0.0
84,3,5.54263240663652,8.656368546378841,-0.0,0.06299130861144928,0.23488792366885258,0.49142208775234036,0.8101236551027751,1.170320091621752,1.5531364748715977,1.941495494075371,2.3201174501168587,2.6755202555405813,2.9960194345517857,3.271728123016452,3.494557068461285,3.6582146300737213,3.758206778701927,3.7918370968548065,3.7582067787019917,3.6582146300738456,3.4945570684614586,3.271728123016664,2.9960194345520197,2.6755202555408197,2.3201174501170883,1.9414954940755818,1.5531364748717809,1.1703200916219003,0.8101236551028844,0.4914220877524102,0.23488792366888722,0.06299130861145905,-0.0,0.14926396397717612,0.5633661837884615,1.1938777557610099,1.9951772488986645,2.9244507048819566,3.9416916380681086,5.009701035491031,6.094087356861316,7.163266534566242,8.18846197366977,9.14370455191255,10.005832619711907,10.754492000161838,11.372135989033046,11.844025354772922,12.158228338505554,12.305620654031683,12.279885487828762,12.077513499050939,11.697802819529045,11.142859053770605,10.417595278959837,9.52973204495763,8.489797374301556,7.311126762205857,6.009863176561471,4.6049570579360175,3.118166319573825,1.5740563473959164,-0.0
85,3,6.0396172296435875,8.590362637371122,-0.0,0.06863947757963856,0.25594934802585806,0.5354858649227208,0.8827640778850999,1.2752578325586812,1.6923997706199607,2.1155813297762456,2.5281527437656504,2.9154230423571015,3.2646600513503334,3.5650903925758897,3.8078994838951186,3.9862315392001793,4.09518956841404,4.131835377490487,4.09518956841411,3.9862315392003143,3.8078994838953073,3.56509039257612,3.2646600513505883,2.9154230423573613,2.5281527437659,2.1155813297764747,1.69239977062016,1.2752578325588428,0.8827640778852189,0.5354858649227967,0.2559493480258958,0.0686394775796492,-0.0,0.14812580730424535,0.5590704451232307,1.1847742863221924,1.9799637691075151,2.9021513970267305,3.91163573896852,4.971501429162713,6.0476191671802795,7.108645717933334,8.126023911675134,9.073982644000084,9.929536875843716,10.672487633482708,11.28542200853489,11.753713157959249,12.065520304055912,12.211788734466138,12.186249802172345,11.985420925498103,11.60860558810813,11.0578933390083,10.338159792545627,9.457066628408267,8.425061591625514,7.255378492567785,5.96403720694666,4.56984367581486,3.0943899055662647,1.5620539679359176,-0.0
86,3,6.219049582884704,8.711151117344695,-0.0,0.07067870333171196,0.2635534050514255,0.5513947355045917,0.9089903153814446,1.3131447557170008,1.7426796578910595,2.178433613628201,2.6032622049977863,3.002038004413957,3.361650574635635,3.6710064687665227,3.9210292302550975,4.104659392894618,4.216854480823127,4.254589008523452,4.2168544808232,4.1046593928947575,3.9210292302552916,3.6710064687667594,3.3616505746358976,3.0020380044142243,2.6032622049980434,2.1784336136284375,1.7426796578912647,1.313144755717167,0.9089903153815672,0.5513947355046701,0.2635534050514643,0.07067870333172292,-0.0,0.15020859377839282,0.5669314950131162,1.2014333135597695,2.0078038992823255,2.94295834205313,3.966636971752903,5.0414053582707385,6.132654311504094,7.2085998813588015,8.240283357749057,9.201571270597432,10.06915538983485,10.8225527254006,11.44410552724236,11.918981285316178,12.235172729586484,12.383497830026041,12.357599796616013,12.153947079345945,11.771833368213747,11.213377593225704,10.483523924396485,9.59004177174911,8.543525785314968,7.357395855133797,6.047897111253725,4.634099923731238,3.13789990263122,1.5840178980269302,-0.0
87,3,6.21490672812553,8.87489361316066,-0.0,0.07063162031708607,0.2633778374725113,0.5510274208090383,0.9083847863847817,1.3122699969732083,1.7415187620631376,2.1769824378587392,2.601528027279533,3.000038179960389,3.359411192251526,3.668561007218516,3.918417214642272,4.1019250510190615,4.214045399560501,4.251754790193565,4.214045399560574,4.101925051019201,3.9184172146424676,3.668561007218753,3.3594111922517884,3.0000381799606557,2.6015280272797896,2.176982437858975,1.7415187620633426,1.3122699969733744,0.9083847863849042,0.5510274208091166,0.26337783747255017,0.07063162031709702,-0.0,0.153032047270011,0.5775880404799133,1.2240165160170227,2.045544355985335,2.9982767882055232,4.041197386214945,5.136168069267635,6.247929102334299,7.344099096102323,8.395175006975766,9.37453213707536,10.258424134238506,11.025982992019273,11.659219049688422,12.143020992233394,12.46515585035831,12.61626900048395,12.589884164747785,12.38240341100397,11.993107152823343,11.424154149493424,10.680581506018408,9.770304673119165,8.70411744723323,7.495691970514799,6.161578730834755,4.721206561780656,3.1968826426567576,1.6137924984839993,-0.0
88,3,5.510886247489212,9.077726943869656,-0.0,0.06263051757185553,0.23354257206342344,0.48860740284059906,0.8054835648718051,1.1636169287279923,1.5442406805826376,1.9303753222117455,2.3068286709938444,2.6601958599099893,2.9788593375437604,3.252988868081263,3.474541531311124,3.637261722624496,3.7366811530150583,3.7701188490790236,3.7366811530151236,3.63726172262462,3.4745415313112966,3.2529888680814736,2.978859337543993,2.6601958599102264,2.306828670994072,1.9303753222119548,1.5442406805828197,1.1636169287281397,0.8054835648719139,0.48860740284066845,0.2335425720634579,0.06263051757186526,-0.0,0.15652955396766458,0.590788661370117,1.251991087612832,2.0922947276429995,3.0668016059495207,4.133557876563015,5.253553823055813,6.390723858541952,7.5119465256771845,8.587044496658963,9.58878457322646,10.492877686660542,11.277978897783775,11.925687396960459,12.420546504096604,12.750043668639941,12.904610469579879,12.877622615447565,12.665399944315867,12.26720642379936,11.685250151054337,10.92468335277881,9.993602385212489,8.903047734136788,7.667004014874815,6.302399972291399,4.82910848079308,3.269946544328128,1.650675296386534,-0.0
89,3,5.38680308540966,9.439589715732582,-0.0,0.06122032830029591,0.22828412550502747,0.4776059143617611,0.7873472900071333,1.1374169199668516,1.5094705441556928,1.8869109748775037,2.2548880968251974,2.6002988670807587,2.9117873151152383,3.1797445427887556,3.396308724350494,3.5553651064387073,3.652546008080717,3.685230820692921,3.6525460080807806,3.5553651064388276,3.3963087243506624,3.1797445427889612,2.9117873151154656,2.600298867080991,2.2548880968254204,1.8869109748777084,1.509470544155871,1.137416919966996,0.7873472900072397,0.477605914361829,0.22828412550506114,0.06122032830030541,-0.0,0.1627692457569685,0.6143390968382106,1.3018988418460886,2.1756992598987726,3.1890526206302394,4.298332684190276,5.462974701244474,6.645475412974226,7.811393051076731,8.92934733776499,9.971019485767803,10.911152198329765,11.727549669211268,12.401077582688526,12.915663113553558,13.258294927114195,13.419023179194044,13.390959516132542,13.17027707478494,12.756210482522286,12.15105585723145,11.360170807315104,10.391974431691713,9.257947319795546,7.972631551576652,6.553630697500899,5.021609818549956,3.400295466221318,1.7164756825282947,-0.0
90,3,5.537346036740407,9.649112454214169,-0.0,0.06293122969350377,0.23466389574176924,0.4909533864673934,0.8093509873542631,1.1692038810475565,1.5516551473537405,1.9396437632405727,2.317904602837097,2.6729684374336475,2.993161935481845,3.2686076625946003,3.491224081546107,3.6547255522718465,3.7546223318685934,3.788220574594413,3.7546223318686582,3.6547255522719713,3.4912240815462803,3.2686076625948117,2.993161935482079,2.672968437433886,2.3179046028373262,1.939643763240783,1.5516551473539237,1.1692038810477048,0.8093509873543724,0.4909533864674631,0.23466389574180388,0.06293122969351353,-0.0,0.1663820996138202,0.6279750718966729,1.3307960099205625,2.22399145063738,3.259837374878902,4.393739207356792,5.584231816662602,6.79297951526776,7.984776059523579,9.12754464966125,10.192337929791849,11.15333798790632,11.987856355875484,12.676334009450064,13.202341368260665,13.55257829581778,13.716874099511763,13.688187530612874,13.462606784271264,13.039349499516963,12.4207627592599,11.612323090289884,10.6226364632766,9.463438292769608,8.14959343719833,6.69909619887209,5.1330703239800854,3.475769002591423,1.7545748686551008,-0.0
91,3,5.727820943213149,9.741598971648262,-0.0,0.06509595265113582,0.24273591856594776,0.5078413143211673,0.837191229339695,1.2094224258906014,1.605029339089125,2.0063640768966735,2.3976364201208202,2.7649138224153074,3.0961214102800434,3.3810419830611043,3.611316012950728,3.780441644987321,3.883774697055459,3.91852865988589,3.8837746970555256,3.7804416449874494,3.611316012950907,3.3810419830613228,3.0961214102802854,2.764913822415554,2.3976364201210574,2.006364076896891,1.6050293390893142,1.2094224258907547,0.837191229339808,0.5078413143212394,0.24273591856598353,0.06509595265114591,-0.0,0.1679768681513072,0.6339941982889434,1.343551658583252,2.245308356730936,3.291082839955057,4.435853095005037,5.637756548156661,6.858090065212057,8.061309951499718,9.215031951874488,10.290031250717565,11.260242471936488,12.102759678965151,12.797836374763815,13.328885501819103,13.682479442144002,13.848350017277825,13.819388488286268,13.591645555761387,13.164331359821597,12.539815480111683,11.72362693580278,10.724454185592375,9.5541451277043,8.22770709988873,6.763306879422202,5.182270683107611,3.5090841672742283,1.7713924277776933,-0.0
92,3,6.073572613516033,10.021043644395574,-0.0,0.06902537617575841,0.2573883230525309,0.5384964246006546,0.8877270733852574,1.2824274705662588,1.7019146258983688,2.1274753577310883,2.5423662930087048,2.9318138672702974,3.2830143246497325,3.5851337178756664,3.8293079082715384,4.008642565755578,4.118213168840807,4.15506500463504,4.118213168840878,4.008642565755714,3.8293079082717285,3.5851337178758977,3.2830143246499888,2.9318138672705585,2.542366293008956,2.127475357731319,1.7019146258985693,1.2824274705664211,0.887727073385377,0.538496424600731,0.25738832305256887,0.06902537617576911,-0.0,0.17279540370037608,0.6521807713330781,1.3820923904122466,2.309716618741061,3.385489884411736,4.563098685805529,5.799479591592731,7.054819240732666,8.292554342473693,9.4793716763532,10.58520809219761,11.583250510122367,12.449935920531944,13.164951384119862,13.711234031868687,14.074971065050015,14.245599755224458,14.21580744424168,13.981531544240397,13.541959537648353,12.899528977182337,12.059927485848176,11.032092756940722,9.828212554043851,8.463724711030457,6.9573171320624825,5.330927791590898,3.6097447343557336,1.8222060753860645,-0.0
93,3,5.814620975176913,9.370585053236741,-0.0,0.06608242391601105,0.24641436551796758,0.5155371977561808,0.8498781178068656,1.2277501470721415,1.6293521311800319,2.036768739984463,2.433970467565262,2.8068136322281596,3.143040376504788,3.4322786671526817,3.6660422951552714,3.837730875721892,3.9426298482877806,3.9779104765140856,3.9426298482878495,3.837730875722022,3.6660422951554534,3.4322786671529038,3.1430403765050334,2.8068136322284096,2.4339704675655023,2.0367687399846837,1.629352131180224,1.2277501470722971,0.8498781178069803,0.5155371977562541,0.24641436551800397,0.0660824239160213,-0.0,0.1615793808151223,0.6098481959291736,1.292381787303391,2.159794607509957,3.165740219731999,4.266911297763591,5.423039626009751,6.596896099486435,7.754290723820544,8.864072615249912,9.898130000623322,10.831390217400482,11.641819713652037,12.310424048059584,12.821247889915675,13.161375019123804,13.320928326198382,13.293069812264784,13.07400058905934,12.662960878929313,12.062230014832927,11.277126440339345,10.316007709628662,9.19027048749191,7.914350549331043,6.505722781158972,4.984901179599545,3.375438851887574,1.7039280158688237,-0.0
94,3,5.749789454691891,9.450899353656435,-0.0,0.0653456219751622,0.24366690905363708,0.5097890912949331,0.8404021965319296,1.214061050370877,1.6111852761913972,2.0140592951464806,2.406832326162486,2.7755183859391437,3.10799628894955,3.394009647440173,3.625166871430841,3.794941168714756,3.898670544858489,3.933557803201985,3.8986705448585566,3.7949411687148853,3.6251668714310212,3.394009647440392,3.107996288949793,2.775518385939391,2.406832326162724,2.014059295146699,1.6111852761915872,1.2140610503710312,0.840402196532043,0.5097890912950055,0.24366690905367303,0.06534562197517232,-0.0,0.1629642607194919,0.615075140771998,1.3034586558801904,2.178305980275575,3.1928734466984876,4.3034825463981035,5.469519929132426,6.653437403168285,7.820751935281343,8.940045650756085,9.982965833385832,10.924224925472714,11.74160052782769,12.41593539977056,12.931137459129966,13.274179782243374,13.435100603957066,13.407003317626161,13.186056475114636,12.771493786795281,12.165614121549734,11.373781506768461,10.404425128350752,9.269039330704716,7.9821836167472755,6.561482647904194,5.027626244110064,3.4043693838083278,1.7185322039512694,-0.0
95,3,5.884399164937556,9.297698615949816,-0.0,0.06687544412068817,0.24937145393873747,0.5217238868915989,0.8600770554213575,1.2424837269747337,1.6489051240030816,2.061210923962389,2.4631792593132746,2.840496717520992,3.180758341055425,3.473467627391092,3.710036529007135,3.8837854533873353,3.9899432630201024,4.025647275398488,3.9899432630201708,3.883785453387467,3.7100365290073194,3.473467627391316,3.180758341055674,2.840496717521245,2.463179259313518,2.0612109239626126,1.648905124003276,1.2424837269748912,0.8600770554214736,0.5217238868916729,0.24937145393877425,0.06687544412069854,-0.0,0.16032258144349998,0.6051046647585363,1.2823293622353835,2.142995257915607,3.1411164075920626,4.233722338808899,5.380858050861555,6.54558401479675,7.693976173412498,8.795125941258089,9.82114020463411,10.747141321592416,11.551267121936144,12.214670907219737,12.721521450748927,13.059002997580741,13.217315264523464,13.189673440136698,12.972308184731336,12.56446563036956,11.968407380864846,11.18941051178197,10.235767570436971,9.11878657589718,7.852791018981194,6.45511986225891,4.94612754005151,3.349183958431485,1.6906744952226225,-0.0
96,3,6.11295349187144,9.174533848732679,-0.0,0.06947293482296459,0.2590572218844436,0.5419880206581097,0.8934830713973644,1.290742695135339,1.7129497936848936,2.1412698496386167,2.558850926368822,2.9508236680275535,3.3043012995465784,3.608379626637395,3.8541370357912204,4.034634494279001,4.1449155501514126,4.1820063322388625,4.144915550151484,4.034634494279138,3.8541370357914118,3.6083796266376282,3.3043012995468364,2.9508236680278164,2.558850926369075,2.141269849638849,1.7129497936850953,1.2907426951355023,0.8934830713974848,0.5419880206581865,0.2590572218844818,0.06947293482297537,-0.0,0.15819882004417202,0.5970889634269035,1.2653425998203827,2.1146074252926157,3.0995066623074243,4.177639059724452,5.309578892799157,6.458875963182808,7.5920555989224905,8.678618654461099,9.691041510637342,10.604776074685734,11.398249780236593,12.052865587316068,12.553001982346126,12.886012978144556,13.042228113924935,13.014952455296672,12.800466594265009,12.398026649230989,11.809864264991491,11.041186612739203,10.100176390062622,8.99799182094605,7.748766655769585,6.369610171309156,4.880607170736498,3.304817983619185,1.6682784659206153,-0.0
97,3,6.033048268982834,9.04576540099452,-0.0,0.06856482218164707,0.2556709659472596,0.5349034462946325,0.8818039437772808,1.2738708045044398,1.6905590401410646,2.11328032790783,2.5254030105811265,2.912252096493066,3.2611092595314752,3.561212839139901,3.8037578403176027,3.9818959336195574,4.090735455156463,4.127341406594744,4.090735455156535,3.981895933619693,3.803757840317791,3.5612128391401314,3.2611092595317297,2.9122520964933254,2.525403010581376,2.113280327908059,1.6905590401412638,1.273870804504601,0.8818039437773997,0.5349034462947084,0.2556709659472973,0.06856482218165769,-0.0,0.1559784329567223,0.588708568275526,1.2475829833513297,2.084928019208335,3.0560037805000246,4.119004135509166,5.235056716147809,6.368222917957274,7.485497900108169,8.556810585400374,9.555023660263046,10.455933574754615,11.238270542562777,11.883698541004527,12.376815311026142,12.705152357203184,12.859174947740467,12.83228211447211,12.620806652861516,12.22401512200137,11.644107844613645,10.886218907049594,9.95841615928974,8.87170121494388,7.640009451251071,6.2802100090796635,4.812105792927284,3.258433470920856,1.6448634748165964,-0.0
98,3,5.906543759163455,9.166023484127074,-0.0,0.06712711460262175,0.2503099065324874,0.5236872757524386,0.8633137592651073,1.247159531112917,1.6551104023780814,2.0689678211826035,2.4724488726882745,2.8511862790966753,3.192728399649175,3.4865392306269314,3.7239984053508857,3.8984011941817687,4.004958504520102,4.040796880806203,4.004958504520172,3.8984011941819015,3.7239984053510704,3.486539230627157,3.1927283996494245,2.8511862790969293,2.4724488726885188,2.0689678211828277,1.6551104023782763,1.2471595311130752,0.8633137592652238,0.523687275752513,0.25030990653252433,0.06712711460263217,-0.0,0.15805207366327131,0.596535099343504,1.2641688587831788,2.1126459000005764,3.0966315372897775,4.173763851220667,5.304653688638927,6.452884662666035,7.585013152699265,8.670568304411686,9.682052029752166,10.594939006945356,11.387676680491698,12.041685261167444,12.541357726024657,12.87405981839119,13.030130047870678,13.00287969034257,12.788592787962127,12.3865261491604,11.79890934864425,11.03094472739634,10.090807392675117,8.989645218014818,7.741578843225467,6.36370167439289,4.87607988387871,3.301752410320369,1.6667309586311168,-0.0
99,3,5.849728519855564,9.22728143572633,-0.0,0.06648141667237627,0.24790216728248765,0.5186499105677292,0.8550095157293939,1.2351630624326726,1.6391898408066543,2.0490663514443237,2.448666305402562,2.823760624202146,3.162017439827748,3.4530020947279376,3.6881771418151725,3.8609023444658104,3.9664346765201035,4.0019283222822075,3.966434676520172,3.8609023444659414,3.6881771418153555,3.453002094728161,3.1620174398279954,2.8237606242023974,2.4486663054028037,2.049066351444546,1.6391898408068473,1.2351630624328291,0.8550095157295092,0.5186499105678029,0.24790216728252418,0.06648141667238658,-0.0,0.1591083600993025,0.6005218356099039,1.2726174946500548,2.1267650390702846,3.1173268044533975,4.201657760114481,5.340105509100895,6.496010288192274,7.635704967900524,8.728515052469826,9.746758679876631,10.665746621829657,11.463782283769884,12.122161704870592,12.625173558037325,12.960099149907919,13.117212420852454,13.089779944973307,12.874060930105141,12.46930721781489,11.87776328340177,11.104666235897282,10.158245818065183,9.049724406401502,7.793317011134524,6.406231276224822,4.908667479365237,3.3238185319809106,1.6778699792292655,-0.0
100,3,6.008272434928427,9.448205073333304,-0.0,0.06828324799549709,0.254621005605088,0.5327067658721236,0.8781826519848929,1.2686394172766233,1.6836164452254807,2.104601749454567,2.515031973731921,2.900292391970517,3.247716908228265,3.5465880567080132,3.7881370017575375,3.9655435378695545,4.073936089681716,4.110391711976618,4.073936089681786,3.96554353786969,3.788137001757726,3.546588056708242,3.2477169082285187,2.900292391970775,2.515031973732169,2.1046017494547953,1.683616445225679,1.268639417276784,0.8781826519850112,0.5327067658721992,0.25462100560512546,0.06828324799550767,-0.0,0.16291780255878147,0.6148997939836113,1.3030870634129408,2.1776849846728497,3.1919632162770455,4.3022557014268665,5.467960668011278,6.651540628606866,7.818522380477845,8.937497005576045,9.980119870540932,10.921110626699575,11.73825321006666,12.412395841344523,12.927451025923125,13.270395553880054,13.431270499980501,13.40318122367731,13.182297369110946,12.76785286510951,12.162145925188737,11.370539047551983,10.401459015090223,9.266396895382051,7.979908040693668,6.559612087978913,5.0261929588792436,3.4033988597237688,1.7180422815292322,-0.0
101,3,5.886201623169976,9.194336846818603,-0.0,0.06689592882803438,0.24944783924460873,0.5218836968379704,0.8603405067824238,1.2428643138383302,1.649410202352108,2.0618422962562315,2.463933759069228,2.841366793895682,3.181732643426232,3.4745315899375724,3.7111729552924446,3.8849751009396494,3.9911654279140425,4.02688037683654,3.9911654279141118,3.8849751009397813,3.711172955292629,3.4745315899377966,3.1817326434264808,2.841366793895935,2.463933759069471,2.0618422962564544,1.6494102023523023,1.2428643138384878,0.8603405067825398,0.5218836968380445,0.24944783924464553,0.06689592882804475,-0.0,0.15854028817565238,0.5983777647758137,1.2680738096557185,2.1191717516645037,3.106196868645206,4.186656387434767,5.3210394838640305,6.472817282757731,7.608442857934507,8.697351232206886,9.711959377381303,10.627666214258074,11.422852612631404,12.078881391289421,12.580097318014145,12.913827109581506,13.070379431761307,13.043044899317273,12.828096076007032,12.424787474582116,11.835355556787961,11.065018733363903,10.121977364043174,9.017413757552886,7.765492171614041,6.383358812941552,4.8911418372442235,3.3119513492247825,1.6718794025798633,-0.0
102,3,5.910748300206484,9.23395206400606,-0.0,0.06717489867397633,0.25048808827775254,0.5240600596907946,0.8639283044681646,1.2480473148405216,1.6562885837141201,2.070440604670811,2.474208871968036,2.853215880538836,3.1950011259918423,3.489021104611283,3.726649313356973,3.9011762498643248,4.007809412444344,4.0436733000836425,4.007809412444414,3.9011762498644575,3.7266493133571577,3.4890211046115085,3.195001125992092,2.85321588053909,2.4742088719682807,2.0704406046710346,1.6562885837143153,1.2480473148406797,0.8639283044682812,0.524060059690869,0.25048808827778946,0.06717489867398675,-0.0,0.15922338343892997,0.6009559675876828,1.2735375010797085,2.1283025297291296,3.1195803965307385,4.204695241660004,5.3439660024730635,6.5007064135067205,7.641225006478446,8.73482511028638,9.75380485100933,10.673457151906755,11.472069733418781,12.130925113166223,12.634300605950557,12.96946832375394,13.126695175739174,13.099242868249746,12.883367904809827,12.478321586124254,11.886350010078539,11.11269407173887,10.16558946335209,9.056266674345707,7.798950991327877,6.4108624980874405,4.912216075593903,3.326221401997455,1.6790829526289737,-0.0
103,3,5.929238244650257,9.417625616292085,-0.0,0.06738503452842551,0.25127166264107315,0.5256994191926271,0.8666308364559439,1.2519514441220536,1.6614697693001583,2.0769173365176323,2.4819486677200193,2.862141282271035,3.204995696952565,3.499935425964666,3.73830698092556,3.913379870871641,4.020346602257476,4.056322678955807,4.020346602257545,3.9133798708717737,3.738306980925745,3.499935425964892,3.2049956969528153,2.86214128227129,2.4819486677202645,2.0769173365178575,1.6614697693003542,1.2519514441222122,0.8666308364560608,0.5256994191927016,0.2512716626411102,0.06738503452843596,-0.0,0.1623905132053087,0.6129096485868051,1.2988695750574997,2.1706368285499416,3.1816323120162155,4.28833129542795,5.450263415776306,6.630012677071979,7.793217450345197,8.908570473645721,9.94781885204285,10.885764057625396,11.70026192950171,12.372222673799687,12.88561086366676,13.227445439269903,13.387799707795608,13.359801343449908,13.139632387458397,12.726529248066187,12.122782700537947,11.333737887157879,10.367794317229707,9.236405867076687,7.954080780041589,6.538381666486734,5.009925503793968,3.3923836363647,1.712481775619882,-0.0
104,3,6.123096324152799,9.630271086099595,-0.0,0.06958820681496324,0.259487058943787,0.5428873066741658,0.8949655706428548,1.2928843418356706,1.7157919815874907,2.1448227215822517,2.563096663852949,2.9557197807816364,3.3097839150994277,3.614366779886496,3.860531958572064,4.041328904934419,4.151792943100906,4.188945267547937,4.151792943100979,4.041328904934557,3.8605319585722553,3.614366779886729,3.309783915099686,2.9557197807818993,2.5630966638532016,2.144822721582484,1.7157919815876927,1.2928843418358344,0.8949655706429754,0.5428873066742428,0.2594870589438253,0.06958820681497403,-0.0,0.16605721311245808,0.6267488545059517,1.3281974271361565,2.2196487671207397,3.253472043739361,4.385159759433673,5.573327749807325,6.77971518362594,7.9691845628171425,9.109721722470535,10.172435830837715,11.13155938933225,11.964448232529692,12.651581528167599,13.17656177714552,13.526114813525005,13.690089804529556,13.661459250544695,13.436318985117941,13.0138881749588,12.396509319938774,11.589648253091363,10.601894140612044,9.444959481858273,8.133680109349477,6.686015188767087,5.123047218954518,3.4689820319171987,1.7511487928225538,-0.0
105,3,6.471301606769046,9.788544272695148,-0.0,0.07354551532980434,0.27424344360792696,0.5737599596656907,0.945860040198766,1.3664074637671717,1.8133648107952733,2.2667934635717844,2.7088536062497615,3.123804224846609,3.4980031072440765,3.8199068431882575,4.080070824289586,4.271149244022846,4.387895097727164,4.42716018260602,4.387895097727239,4.2711492440229915,4.080070824289789,3.819906843188504,3.498003107244349,3.123804224846887,2.708853606250029,2.26679346357203,1.8133648107954867,1.3664074637673445,0.9458600401988935,0.5737599596657721,0.2742434436079674,0.07354551532981574,-0.0,0.16878635791445865,0.6370494511881107,1.3500263078957317,2.256128621151243,3.306942749107711,4.457229714957351,5.664925206931524,6.8911395783007245,8.100157847374598,9.259439697501922,10.33961947707062,11.314506199507749,12.16108354327949,12.859509851891197,13.39311813388736,13.74841606285162,13.915085977406736,13.885984881214634,13.65714444297639,13.227770996432222,12.600245540361499,11.780123738582736,10.776135919953585,9.600187078370826,8.26735687277037,6.795899627127277,5.20724433045575,3.5259946368091573,1.7799288652800194,-0.0
106,3,6.764415577211542,9.881252428270294,-0.0,0.07687671812585536,0.28666514630521106,0.5997480946774513,0.9887022392975624,1.4282981221361335,1.8955001510793565,2.3694665999290243,2.831549608402529,3.2652951821328644,3.6564431926686236,3.9929273774740013,4.264875339928783,4.464608549328361,4.586642340883724,4.627685915721473,4.586642340883804,4.464608549328513,4.264875339928994,3.992927377474259,3.656443192668909,3.265295182133155,2.831549608402808,2.3694665999292805,1.8955001510795795,1.428298122136314,0.9887022392976955,0.5997480946775362,0.28666514630525336,0.07687671812586727,-0.0,0.1703849482147697,0.6430830020394416,1.36281252467079,2.277496611873896,3.3382630919821437,4.499444525897227,5.718578207089143,6.956406161596184,8.17687514802495,9.347136657550337,10.437546913915543,11.421666873432054,12.276262224979652,12.98130339000644,13.519965522528823,13.878628509131513,14.046876968967503,14.017500253758106,13.786492447792952,13.353052367929966,12.71958356359539,11.891694316783767,10.87819764205794,9.691111286549033,8.345657729956462,6.860264184547961,5.256562595159554,3.5593896391955977,1.7967867266287567,-0.0
107,3,7.011828597156805,9.88611081701292,-0.0,0.07968853546290303,0.2971501155905636,0.6216842820120169,1.0248646843837779,1.4805390803898428,1.9648293357416875,2.456131424178267,2.935115427466012,3.3847255353988355,3.7901800457981243,4.138971364512745,4.420866005419036,4.6279045904208145,4.754401849449377,4.7969466204635065,4.754401849449459,4.627904590420971,4.4208660054192555,4.1389713645130115,3.7901800457984196,3.3847255353991366,2.935115427466301,2.456131424178532,1.9648293357419182,1.48053908039003,1.024864684383916,0.6216842820121049,0.2971501155906074,0.07968853546291535,-0.0,0.17046872264724464,0.6433991914334848,1.3634825888227013,2.2786164055418365,3.33990444058079,4.501656801192427,5.721389902892567,6.959826469459987,8.180895532936418,9.351732433626546,10.442678820098013,11.427282649181407,12.282298185970259,12.98768600382108,13.52661298435334,13.885452317449468,14.05378350125483,14.024392342177768,13.793270954889586,13.359617762324552,12.725837495679897,11.89754119441581,10.883546206255431,9.695876187184847,8.34976110145308,6.863637221572122,5.259147128316927,3.5611397107254184,1.7976701660984924,-0.0
108,3,7.107059073453957,9.979233108560436,-0.0,0.08077081764969689,0.3011858313310934,0.6301276273479915,1.0387837856113196,1.5006468796391346,1.9915144765566195,2.4894891370960837,2.9749784155969605,3.430694860005809,3.841656011876313,4.19518440636928,4.480907572252637,4.690758031901436,4.818973301297859,4.862095890031218,4.818973301297943,4.690758031901596,4.480907572252859,4.19518440636955,3.841656011876612,3.4306948600061142,2.9749784155972536,2.489489137096353,1.9915144765568538,1.5006468796393242,1.0387837856114595,0.6301276273480807,0.30118583133113785,0.08077081764970942,-0.0,0.1720744539994333,0.6494596947188614,1.3763259228199098,2.3000798490707783,3.3713646943462425,4.544060189627654,5.775282576002938,7.025384604666588,8.257955536919669,9.439821144169816,10.54104370793123,11.534922019824682,12.39799138157749,13.110023605023578,13.654027012103432,14.016246434864124,14.186163215459263,14.156495206149065,13.923196769300313,13.485458777386373,12.845708612987186,12.009610168789266,10.986063847585697,9.787206562276117,8.42841173586672,6.928289301470287,5.308685702306166,3.5946838917002992,1.8146033330852118,-0.0
109,3,6.663652428809329,9.513462266185522,-0.0,0.07573155782800389,0.2823949647427114,0.590814210356163,0.9739744702350636,1.4070221059007837,1.867264664829359,2.3341708804514876,2.789370672152532,3.216655145272516,3.601976591106127,3.9334484869027144,4.201345495866285,4.398103467155511,4.518319435883725,4.558751623118935,4.518319435883804,4.39810346715566,4.201345495866494,3.9334484869029684,3.6019765911064074,3.216655145272802,2.789370672152807,2.3341708804517407,1.8672646648295785,1.4070221059009618,0.9739744702351947,0.5908142103562467,0.28239496474275305,0.07573155782801563,-0.0,0.1640430489286602,0.6191468053608338,1.312087270662927,2.192725895397498,3.2140095793232586,4.331970671395074,5.5057269697639635,6.697481721777088,7.872523623977761,8.999226822105445,10.049050911095748,10.996540935080413,11.819327387387332,12.498126210540555,13.016738796260293,13.36205198546291,13.52403806826089,13.495754783962889,13.273345321073728,12.856038317294374,12.24614785952195,11.449073483849732,10.473300175567141,9.330398369159738,8.035023948309208,6.604918245893408,5.0609080439863385,3.4269055738581673,1.7299085159752277,-0.0
110,3,6.4426991641201985,9.50903843587342,-0.0,0.07322045222625494,0.27303131769504824,0.5712240036343141,0.941679442662511,1.3603680927886228,1.805349937412157,2.2567744853231466,2.6968807707021436,3.109997353120225,3.4825423175389907,3.8030232743105614,4.062037359177574,4.252271233273192,4.368501083121103,4.407592620635521,4.368501083121179,4.252271233273338,4.062037359177776,3.8030232743108066,3.482542317539262,3.109997353120502,2.6968807707024096,2.256774485323391,1.8053499374123696,1.360368092788795,0.9416794426626378,0.5712240036343951,0.27303131769508854,0.07322045222626627,-0.0,0.16396676769770185,0.6188588975173421,1.311477140378318,2.1917062616394847,3.212515041099153,4.329956272995096,5.503166766004542,6.694367343244168,7.868862842270109,8.99504211507795,10.044378028102729,10.99142746221893,11.813831312740476,12.492314489420771,13.010685916452667,13.355838532468484,13.517749290539967,13.48947915817834,13.267173117334288,12.85006016439795,12.240453310198932,11.443749580006294,10.468430013528543,9.32605966491363,8.031287602748945,6.601846910061343,5.058554684317133,3.4253120374220964,1.729104095721485,-0.0
111,3,6.377550343115997,9.233979523332431,-0.0,0.07248004420557617,0.27027041454065037,0.5654477646049759,0.9321571440279551,1.3466119984686398,1.7870941696157305,2.233953895187576,2.6696098089321723,3.0785489406271616,3.447326716079833,3.764566957127124,4.020961881635611,4.209272103501523,4.324326632650734,4.363022875038772,4.324326632650808,4.209272103501667,4.020961881635811,3.764566957127367,3.447326716080102,3.078548940627435,2.6696098089324356,2.233953895187818,1.7870941696159408,1.34661199846881,0.9321571440280807,0.5654477646050561,0.2702704145406903,0.0724800442055874,-0.0,0.15922385692707694,0.6009577546714725,1.2735412882427397,2.1283088587368364,3.1195896733361255,4.204707745309377,5.3439818940117645,6.500725744884858,7.641247729456634,8.734851085341464,9.753833856240124,10.673488891939778,11.472103848313985,12.130961187322722,12.634338177012374,12.969506891515728,13.126734211051954,13.099281821926638,12.883406216531787,12.478358693345802,11.886385356933499,11.112727117946092,10.165619693121197,9.056293605282818,7.798974183341345,6.410881562293583,4.912230683222737,3.326231293298431,1.6790879457767052,-0.0
112,3,6.484434968330663,9.23059797621441,-0.0,0.0736947743046992,0.27480001452977026,0.5749243926434376,0.9477796419496135,1.3691805570878992,1.8170449940335844,2.2713938700976457,2.714351163926745,3.130143915503231,3.5051022261451394,3.8276592585061913,4.088351236575787,4.279817445679017,4.396800232476657,4.436145004965179,4.396800232476734,4.279817445679162,4.08835123657599,3.827659258506438,3.505102226145413,3.13014391550351,2.714351163927013,2.2713938700978917,1.8170449940337983,1.3691805570880724,0.9477796419497412,0.5749243926435191,0.2748000145298108,0.07369477430471062,-0.0,0.15916554805026478,0.6007376797884574,1.2730749086214663,2.127529457323899,3.118447258038082,4.203167952274062,5.342024890909603,6.498345134190182,7.638449451728993,8.73165232250694,9.750261934872647,10.66958018654244,11.467902684600347,12.126518745498139,12.629711395055295,12.96475736845903,13.121927110264233,13.09448477439354,12.878688224137314,12.473789032153626,11.882032480468279,11.108657560474787,10.161896972934379,9.052977127975984,7.7961181450962345,6.408533853159491,4.910431790397825,3.3250132044110443,1.678473052166686,-0.0
113,3,6.545405972526878,9.372334968667031,-0.0,0.07438770197153766,0.27738386846937235,0.5803302171643971,0.956691301455588,1.3820545104700048,1.8341300690627902,2.2927510378171694,2.7398733130444475,3.1595756267840116,3.5380595468033307,3.8636494765979523,4.126792655391502,4.320059158135686,4.438141895510294,4.477856613923205,4.438141895510371,4.320059158135833,4.126792655391707,3.863649476598202,3.5380595468036065,3.1595756267842927,2.7398733130447175,2.2927510378174176,1.834130069063006,1.3820545104701796,0.9566913014557168,0.5803302171644793,0.27738386846941326,0.07438770197154917,-0.0,0.1616095550518534,0.6099620823900646,1.2926231339021976,2.1601979396272655,3.166331407755727,4.267708124629492,5.424052354741918,6.598128040737802,7.755738803413385,8.86572794171635,9.899978432745833,10.833412931752388,11.643993772138016,12.312722965456175,12.823642201411774,13.163832847861173,13.323415950812146,13.29555223442394,13.076442101007254,12.665325631024226,12.064482583088457,11.279232393964989,10.317934178570303,9.191986729972312,7.915828519390364,6.506937696195254,4.985832087909229,3.3760692002059938,1.7042462169107153,-0.0
114,3,6.482873421263733,9.295542476192624,-0.0,0.07367702752194549,0.27473383865495976,0.5747859424155575,0.94755140270792,1.368850838323896,1.8166074229430005,2.270846885132415,2.7136975083469834,3.1293901309292176,3.504258146109291,3.826737502005044,4.087366701621972,4.278786802853245,4.395741418479689,4.435076716169809,4.395741418479765,4.27878680285339,4.087366701622176,3.8267375020052903,3.504258146109564,3.129390130929496,2.713697508347251,2.2708468851326606,1.8166074229432143,1.3688508383240692,0.9475514027080476,0.574785942415639,0.27473383865500023,0.0736770275219569,-0.0,0.1602854025774058,0.6049643407623692,1.2820319895807153,2.1424982965205435,3.140387981532225,4.232740537028407,5.37961022788401,6.544066091436218,7.692191937484488,8.793086348290544,9.818862678578379,10.744649055534245,11.548588378806652,12.21183832050641,12.718571325206582,13.055974609942528,13.214250164211835,13.186614749974394,12.969299901652374,12.561551926130209,11.96563190275461,11.186815683334572,10.23339389214134,9.11667192590843,7.8509699538316,6.453622917568901,4.944980531240647,3.3484072814294428,1.6902824271801753,-0.0
115,3,6.37235519004171,9.35970570790713,-0.0,0.0724210019551476,0.27005025223703094,0.5649871508058537,0.9313978087358797,1.3455150482154334,1.7856384025468997,2.232134116146722,2.6674351445454,3.0760411543874957,3.444518523431625,3.7615003405504646,4.017686405730742,4.205843230073246,4.320804035792822,4.359468756218383,4.3208040357928965,4.205843230073389,4.017686405730942,3.7615003405507075,3.444518523431894,3.0760411543877693,2.667435144545663,2.2321341161469634,1.7856384025471097,1.3455150482156037,0.9313978087360052,0.5649871508059338,0.27005025223707074,0.07242100195515883,-0.0,0.16139178549721572,0.609140155920523,1.2908813187966868,2.157287063824836,3.1620647628764624,4.261957369995425,5.4167434213979435,6.589237035472594,7.745287912780318,8.85378133605441,9.886638170200529,10.818814862296678,11.628303441593212,12.296131519512873,12.806362289650753,13.146094527774324,13.30546259182338,13.277636421910113,13.058821540319071,12.648259051507166,12.04822564210369,11.264033580910278,10.304030718900936,9.179600489222013,7.905161907192201,6.4981695703025695,4.9791136582165425,3.371519932769927,1.7019497379708999,-0.0
116,3,6.3103069225849415,9.24170385569239,-0.0,0.07171583132909361,0.2674207455981422,0.5594858137338676,0.9223286940017535,1.3324136320060476,1.7682514606897584,2.2103996003346578,2.6414620585612756,3.046089430328904,3.4109788979355957,3.724874231018163,3.9785657865521724,4.164890508851955,4.278731929570601,4.317020167699969,4.278731929570675,4.164890508852097,3.97856578655237,3.7248742310184033,3.4109788979358617,3.0460894303291752,2.6414620585615363,2.210399600334897,1.7682514606899666,1.3324136320062159,0.9223286940018779,0.5594858137339469,0.2674207455981817,0.07171583132910472,-0.0,0.1593570495540945,0.6014604628938209,1.274606620493007,2.1300892141023633,3.1221992467494792,4.208225032738832,5.348452197651775,6.506163678346541,7.647639722958239,8.742157890898856,9.761993052857253,10.682417390799163,11.48170039796719,12.141108878880827,12.644906949336457,12.980356036407343,13.137714878443601,13.110239525072249,12.894183337197195,12.488796986999219,11.896328457935995,11.122023044742079,10.17412335342889,9.063869301284722,7.8054981168747295,6.416244340040962,4.91633982190234,3.3290137248546854,1.680492522570709,-0.0
117,3,6.646403843707044,9.35874974132334,-0.0,0.0755355298637485,0.2816639972089363,0.5892849125280065,0.9714533781287779,1.4033800881344456,1.8624313284835803,2.3281289769301274,2.782150503043406,3.208328968208108,3.5926530256243008,3.923266920307423,4.190470489088283,4.3867191606130636,4.506623955343322,4.546951485555999,4.5066239553434,4.386719160613213,4.190470489088491,3.923266920307676,3.592653025624581,3.208328968208394,2.78215050304368,2.32812897693038,1.8624313284837992,1.4033800881346232,0.9714533781289086,0.58928491252809,0.28166399720897783,0.0755355298637602,-0.0,0.1613753015223293,0.6090779405419549,1.2907494728345466,2.157066726304724,3.1617418009860545,4.261522069041057,5.416190174761198,6.588564034566887,7.744496837007477,8.85287704276127,9.885628384635503,10.817709867566359,11.62711576861895,12.294875636987353,12.8050542939946,13.144751833092664,13.304103619862445,13.276280292013814,13.057487759385587,12.646967203945534,12.04699507979038,11.26288311314579,10.302978302366375,9.17866291793568,7.90435450246618,6.497505870699305,4.9786051095054304,3.3711755778838977,1.7017759069630065,-0.0
118,3,6.639207415256488,9.008249874344246,-0.0,0.07545374337455496,0.281359024045903,0.5886468612133825,0.9704015319134183,1.4018605710195238,1.8604147712422991,2.3256081831294306,2.7791381150656895,3.2048551332729325,3.5887630618101007,3.9190189825732213,4.1859332352954,4.38196941754683,4.501744384734789,4.542028250103652,4.5017443847348675,4.381969417546979,4.185933235295608,3.9190189825734736,3.5887630618103805,3.2048551332732176,2.7791381150659635,2.325608183129683,1.8604147712425179,1.4018605710197012,0.9704015319135488,0.5886468612134658,0.2813590240459445,0.07545374337456665,-0.0,0.1553315431912844,0.5862670156812085,1.2424088791616281,2.0762811917480613,3.0433296079796888,4.101921378819356,5.213345351653572,6.341811970292498,7.454453274969958,8.521322902343432,9.515396085494062,10.412569653926635,11.191662033569589,11.834413246775044,12.325484912318776,12.652460245400235,12.805844057642492,12.779062757092314,12.568464348220127,12.173318431920023,11.595816205509756,10.841070462730748,9.917115593748068,8.83490758515044,7.608324019950227,6.254164077583469,4.792148533909859,3.244919761212771,1.6380417281992499,-0.0
119,3,6.475450620526409,9.245482664411421,-0.0,0.07359266834065714,0.2744192721953638,0.5741278204316899,0.9464664694084972,1.367283522975941,1.814527432475468,2.268246796739817,2.7105903620930154,3.125807022350382,3.500245818818526,3.822355940295346,4.082686723070024,4.273887650923038,4.3907083551261525,4.429998614442433,4.390708355126229,4.273887650923184,4.0826867230702275,3.8223559402955924,3.5002458188187986,3.1258070223506604,2.7105903620932827,2.268246796740063,1.8145274324756815,1.367283522976114,0.9464664694086247,0.5741278204317711,0.27441927219540424,0.07359266834066856,-0.0,0.15942220851370814,0.6017063920078486,1.2751277900398856,2.1309601790045343,3.123475872133759,4.209945719496779,5.350639108000062,6.508823961387319,7.650766740239509,8.745732441974837,9.765984600848757,10.686785287953953,11.486395111220354,12.146073215415154,12.650077282142789,12.985663529844963,13.143086713800589,13.115600126125855,12.899455595774207,12.493903488536336,11.901192707040193,11.126570690750974,10.17828341597112,9.0675753958403,7.808689680335429,6.418867856270674,4.918350047297443,3.33037491390442,1.6811796534175436,-0.0
120,3,6.552343982660258,9.047270650129532,-0.0,0.07446655156959826,0.2776778902761715,0.5809453565376145,0.9577053766667933,1.3835194628715473,1.8360742132546868,2.2951813118139937,2.7427775284422187,3.162924718927084,3.541809824951279,3.867744874092466,4.13116697982327,4.324638341511285,4.442846244419081,4.482603059704202,4.442846244419158,4.324638341511433,4.131166979823474,3.867744874092716,3.5418098249515553,3.162924718927365,2.7427775284424896,2.2951813118142423,1.8360742132549026,1.3835194628717222,0.9577053766669223,0.5809453565376967,0.2776778902762125,0.0744665515696098,-0.0,0.1560043883503104,0.5888065315792254,1.2477905858175997,2.0852749590147917,3.056512310938663,4.11968955317558,5.235927849130413,6.369282614026527,7.486743514905789,8.558234470628562,9.556613651873711,10.457673481138592,11.240140632739044,11.885676032809435,12.378874859302627,12.707266541989997,12.861314762461388,12.83441745412517,12.622906802208224,12.226049243755924,11.646045467632163,10.88803041451933,9.960073276918306,8.873177499148465,7.641280777347667,6.281255059472283,4.8129065452971815,3.2589756864157495,1.6451371862398894,-0.0
121,3,6.624463252655114,9.13329968506642,-0.0,0.0752861778518029,0.2807341899444162,0.5873396110412348,0.9682464918491065,1.3987473590183337,1.8562832151426718,2.320443538759329,2.7729662843489624,3.1977378823356837,3.580793239087054,3.9103157369140864,4.176637234071238,4.372238064756421,4.491747039110999,4.531941443219796,4.491747039111077,4.37223806475657,4.176637234071445,3.9103157369143386,3.5807932390873334,3.1977378823359683,2.772966284349236,2.3204435387595796,1.8562832151428903,1.3987473590185107,0.9682464918492368,0.5873396110413179,0.28073418994445754,0.07528617785181456,-0.0,0.1574878088750965,0.5944053977605496,1.2596556249053477,2.1051035017034683,3.085576192693876,4.158863015560527,5.285715441132364,6.4298470933833105,7.557933749432279,8.639613339543162,9.647485947124835,10.55711380873115,11.34702131406094,11.998695005958034,12.49658358041125,12.828097886554401,12.983610926666254,12.956457856170593,12.742935983636185,12.342304770776789,11.75678583245116,10.991562936663032,10.054782004561124,8.957551110439129,7.713940481735709,6.340982499034525,4.858671696064217,3.289964759698433,1.6607805299558176,-0.0
122,3,6.771247591357101,9.130936268764192,-0.0,0.07695436309306722,0.2869546761710569,0.6003538362111932,0.989700821896092,1.4297406936137615,1.8974145934576028,2.3718597452264065,2.8344094544243537,3.2685931082610153,3.660136175651352,3.996960207215715,4.269182835279837,4.469117773874846,4.591274818737259,4.632359847308989,4.591274818737339,4.4691177738749985,4.26918283528005,3.9969602072159724,3.6601361756516373,3.268593108261306,2.834409454424633,2.371859745226663,1.897414593457826,1.4297406936139425,0.9897008218962252,0.6003538362112782,0.28695467617109927,0.07695436309307913,-0.0,0.15744705588683022,0.5942515839741151,1.259329664875375,2.1045587658352325,3.0847777407294115,4.157786830064743,5.284347660979159,6.428183247241682,7.555977989252441,8.63737767404266,9.644989475274663,10.554381953241855,11.344085054868742,11.995590113710941,12.49334984995517,12.824778370419258,12.980251168552103,12.953105124433726,12.739638504775261,12.339110962918932,11.753743538838076,10.988718659137136,10.052180137051641,8.95523317244821,7.711944351824549,6.339341648309472,4.8574144216628925,3.289113418275842,1.6603507711704644,-0.0
123,3,6.844874368589291,8.974989426173401,-0.0,0.07779112200227184,0.29007486159230034,0.6068817496514923,1.000462277736707,1.4452868980802565,1.918046023589906,2.397650027848872,2.8652292451158194,3.3041339703248664,3.69993445908558,4.040420927682979,4.315603553077523,4.517712472905127,4.641197785477157,4.682729549780437,4.641197785477237,4.51771247290528,4.315603553077736,4.040420927683239,3.6999344590858687,3.3041339703251604,2.865229245116102,2.3976500278491315,1.9180460235901315,1.4452868980804392,1.0004622777368415,0.6068817496515783,0.29007486159234314,0.07779112200228389,-0.0,0.15475802482604395,0.5841023883716492,1.2378216311713117,2.068615103003907,3.03209296289269,4.086776179105297,5.19409652915374,6.318396599794406,7.42692978702806,8.489860296099836,9.480263141499247,10.374124146960174,11.150339945460855,11.790717979223935,12.27997649971643,12.605744567649738,12.758562052979611,12.731879634906198,12.522058801874033,12.128371851572023,11.553001890933466,10.801042836136034,9.880499412601768,8.802287154997076,7.580232407232728,6.231072322463881,4.774454863090065,3.232938800755208,1.631993716347623,-0.0
124,3,6.610109884520348,8.849291958688195,-0.0,0.07512305365819623,0.2801259170893026,0.5860670095736326,0.9661485711855514,1.3957166627934772,1.8522611660598798,2.3154157834412805,2.7669580381882484,3.1908092743454057,3.573034656751421,3.901843171039017,4.167587623634956,4.362764641760054,4.482014673429181,4.522121987451259,4.4820146734292585,4.3627646417602035,4.167587623635163,3.9018431710392685,3.5730346567517,3.190809274345689,2.7669580381885215,2.3154157834415305,1.8522611660600978,1.395716662793654,0.9661485711856815,0.5860670095737156,0.2801259170893439,0.07512305365820786,-0.0,0.15259059143198142,0.5759218560630244,1.2204855612498366,2.0396435168212035,2.9896275750779853,4.029539630793125,5.1213516212116375,6.22990552605061,7.322913367499207,8.37095721021866,9.347489161342274,10.228831370475422,10.994176029695538,11.625585373552148,12.10799167906686,12.429197265733357,12.579874495517368,12.553565772856722,12.346683544661333,11.958510300313186,11.391198571666347,10.649770933046964,9.742120001253243,8.67900843555546,7.474068937695951,6.143804251889137,4.707587164821508,3.18766050565165,1.6091371460102326,-0.0
125,3,6.623847016665717,9.092176132078539,-0.0,0.07527917440857634,0.28070807484577354,0.5872849741910451,0.9681564214068491,1.3986172415386486,1.8561105357149121,2.3202276811471103,2.7727083311297163,3.197440415040207,3.5804601383390606,3.9099519825697584,4.176248705358779,4.371831340415603,4.491329197532717,4.531519862585616,4.491329197532794,4.371831340415751,4.176248705358986,3.9099519825700115,3.5804601383393395,3.197440415040491,2.77270833112999,2.320227681147361,1.8561105357151304,1.3986172415388256,0.9681564214069794,0.5872849741911284,0.2807080748458149,0.075279174408588,-0.0,0.15677870499407418,0.5917290307613305,1.2539839053052586,2.0956250723972643,3.0716830915766677,4.140137338150709,5.261916003194541,6.400896093551228,7.523903431831744,8.600712656414975,9.604047221447725,10.50957939684469,11.295930268288473,11.94466973722961,12.440316520886553,12.770338152245671,12.925150980061217,12.898120168855383,12.685559698918286,12.286732366307952,11.703849782850321,10.942072376139262,10.009509389536538,8.917218882171824,7.679207728942685,6.312431620514613,4.836795063321012,3.2751513795632183,1.6533027072104904,-0.0
126,3,6.49448601601703,8.963624178469727,-0.0,0.07380900317651148,0.27522596190432835,0.5758155408336402,0.9492487257516606,1.3713028235826283,1.8198614623878053,2.274914591365478,2.7185584808509513,3.134995722316557,3.5105352283716456,3.8335922327625918,4.094688290372784,4.286451277222637,4.403615390469587,4.443021148408102,4.403615390469663,4.286451277222783,4.094688290372987,3.833592232762839,3.5105352283719196,3.134995722316836,2.7185584808512195,2.274914591365724,1.8198614623880194,1.3713028235828018,0.9492487257517886,0.5758155408337219,0.27522596190436893,0.07380900317652292,-0.0,0.1545620509699467,0.583362725290956,1.2362541474915871,2.065995565316137,3.0282533497246407,4.081600994892872,5.187519118212344,6.310395460290297,7.417524884949712,8.479109379229296,9.468258053383495,10.360987140882479,11.136219998412143,11.77578710587413,12.264426066385827,12.589781606280361,12.742405575106565,12.715756945629028,12.506201813828094,12.113013398899824,11.538372043256036,10.78736521252428,9.867987495547832,8.7911406043857,7.570633374312602,6.223181763819011,4.768408854611126,3.228844851610906,1.6299270829560515,-0.0
127,3,6.391293582444892,8.955763303726004,-0.0,0.07263623436331618,0.27085283110982117,0.5666662706988311,0.9341658868889728,1.349513866738185,1.7909452506037171,2.238767932142129,2.675362658309288,3.085183029360373,3.4547554988498694,3.7726793736315734,4.029626813858583,4.218342832983307,4.333645297757468,4.3724249282321,4.333645297757543,4.218342832983451,4.0296268138587825,3.7726793736318167,3.454755498850139,3.0851830293606475,2.6753626583095524,2.2387679321423715,1.790945250603928,1.349513866738356,0.9341658868890987,0.5666662706989115,0.2708528311098612,0.07263623436332743,-0.0,0.15442650390788604,0.5828511307369715,1.2351699834513117,2.0641837387561783,3.02559764709806,4.078021532664661,5.182969793384905,6.304861400928922,7.411019900708059,8.47167341187487,9.459954627323123,10.35190081368779,11.126453811345048,11.765460034412301,12.253670470748174,12.578740681952507,12.731230803366332,12.70460554407191,12.495234186892732,12.102390588393499,11.52825317888013,10.777904962399765,9.85933351674075,8.78343099343263,7.563994117746149,6.217724188693281,4.764227079027206,3.2260132352423394,1.6284976775743205,-0.0
128,3,6.324123507631836,9.038441033645215,-0.0,0.07187285505154058,0.2680062704418922,0.5607108228218279,0.9243481572383605,1.3353309871347443,1.7721230943504724,2.215239329121278,2.647245610079132,3.0527589242522435,3.4184473270650595,3.733029942338266,3.9872769622887794,4.174009647529759,4.2881003270706,4.326472398316946,4.288100327070675,4.174009647529901,3.9872769622889774,3.7330299423385065,3.418447327065326,3.0527589242525153,2.647245610079393,2.215239329121518,1.772123094350681,1.335330987134913,0.9243481572384851,0.5607108228219073,0.26800627044193176,0.07187285505155172,-0.0,0.1558521370280861,0.5882318902251248,1.2465728138782408,2.0832398504318306,3.0535293304875593,4.115668972804365,5.230817884298455,6.363066560043299,7.479436883269637,8.549882125365471,9.547286945876072,10.447467392503965,11.229170901108938,11.874076295708054,12.366793788475658,12.69486497974336,12.848762858000015,12.821891799891766,12.610587570222036,12.214117321951509,11.634679596198149,10.877404322237188,9.95035281750112,8.864517787579691,7.633823326219907,6.275124915326046,4.808209424959655,3.2557951133395644,1.6435316268418871,-0.0
129,3,6.512260848448914,9.055670775192318,-0.0,0.07401101187438093,0.2759792309608308,0.5773914969177323,0.9518467353546999,1.375055957832581,1.8248422618634543,2.2811408309106307,2.7259989343886493,3.14357592766328,3.5201432520515246,3.8440844348216117,4.105895089192995,4.298182914336361,4.415667695373628,4.455181303377948,4.415667695373704,4.298182914336507,4.105895089193199,3.84408443482186,3.520143252051799,3.14357592766356,2.725998934388918,2.2811408309108776,1.824842261863669,1.3750559578327548,0.951846735354828,0.5773914969178142,0.2759792309608715,0.07401101187439241,-0.0,0.1561492338427427,0.5893532211494086,1.2489491227265055,2.087211075565673,3.0593501928436844,4.123514563922444,5.240789254348991,6.375196305855487,7.493694736359224,8.566180539962621,9.565486686953228,10.467383123803707,11.250576773171845,11.896711533900577,12.390368281017965,12.71906486573721,12.873256115456613,12.846333833759632,12.634626800414857,12.237400771376011,11.656858478781952,10.898139630956674,9.969320912409284,8.88141598383402,7.648375482110222,6.287087020302379,4.817375187660104,3.26200154961816,1.6466646477964484,-0.0
130,3,6.578757621944934,9.043192157569639,-0.0,0.07476673920277782,0.27879725819252243,0.5832872484059749,0.9615660537660444,1.3890966706818095,1.8434757480485173,2.304433587247582,2.7538341421465833,3.1756750190992684,3.5560874769455517,3.8833364270115114,4.147820433109389,4.342071711537592,4.4607561310806965,4.500673213009454,4.460756131080775,4.34207171153774,4.147820433109595,3.8833364270117623,3.556087476945829,3.1756750190995513,2.7538341421468546,2.304433587247831,1.843475748048734,1.3890966706819852,0.9615660537661739,0.5832872484060575,0.27879725819256357,0.0747667392027894,-0.0,0.15593406186602554,0.5885410987043694,1.2472280841729197,2.084334920992877,3.0551344409487555,4.117832404888383,5.233567502722902,6.3664113534267575,7.483368505037709,8.55437643465682,9.552305548448468,10.452959181640322,11.235073598523357,11.880317992451879,12.3732944858435,12.701538130179154,12.855516906003055,12.828631722922747,12.617216419609104,12.220537763796294,11.640795452281818,10.883122110926482,9.955583294654392,8.869177487452964,7.637836102372898,6.278423481528224,4.810736896096273,3.25750654631771,1.6443955614965216,-0.0
131,3,7.153934339762297,9.270806527651443,-0.0,0.08130354905774356,0.30317233037465385,0.6342836924706956,1.045635180271763,1.5105445351096805,2.004649694722203,2.505908793253013,2.9946001612517206,3.453322325673865,3.866994009880911,4.222854133640252,4.5104618131252,4.7216963609150016,4.850757285994829,4.8941642937557885,4.850757285994913,4.721696360915162,4.510461813125424,4.222854133640523,3.866994009881212,3.453322325674172,2.9946001612520163,2.505908793253284,2.0046496947224384,1.5105445351098712,1.0456351802719035,0.6342836924707854,0.3031723303746985,0.08130354905775615,-0.0,0.15985887432688017,0.6033544974594447,1.2786204321160877,2.1367969910025453,3.132031236811895,4.221476982224558,5.365294789908297,6.526651972518206,7.671722592696722,8.76968746307362,9.792734146266005,10.716056954878317,11.51785695150232,12.179341948717143,12.684726509089243,13.021231945172435,13.179086319507839,13.151524444623938,12.934787883036563,12.528124947248886,11.933790699751416,11.157046953022022,10.206162269525882,9.09241196171552,7.830078092030773,6.436449472898832,4.9318216667342245,3.3394969859388373,1.6857844929019044,-0.0
132,3,7.312368084761144,9.23183334431575,-0.0,0.0831041283120597,0.30988649986518346,0.6483307798518706,1.0687922138207322,1.5439976276764933,2.0490454276799905,2.5614056004481722,3.060919712954096,3.5298009125269307,3.9526339268519552,4.316375063970557,4.610352212280228,4.8262648405345745,4.958183997843311,5.002552313672272,4.958183997843396,4.826264840534739,4.610352212280457,4.316375063970835,3.952633926852262,3.5298009125272443,3.0609197129543975,2.561405600448449,2.0490454276802312,1.5439976276766885,1.0687922138208763,0.6483307798519623,0.30988649986522915,0.08310412831207255,-0.0,0.15918684981656422,0.6008180789314811,1.2732452893635136,2.127814193159325,3.1188646123934785,4.203730479168439,5.342739835614571,6.499214833890132,7.639471736181275,8.732820914702053,9.751566851694406,10.671008139428167,11.469437480201057,12.128141686338706,12.631401680194653,12.96649249415033,13.123683270615045,13.096237262026026,12.880411830848406,12.475458449575212,11.883622700727386,11.110144276853756,10.163256980531047,9.054188724363875,7.797161530984727,6.409391533054006,4.911088973260006,3.325458204318943,1.6786976889749348,-0.0
133,3,7.430141564544286,9.396453124864667,-0.0,0.08444260885108684,0.31487755214864266,0.6587728378977173,1.086006251288173,1.568865354694685,2.0820474876767405,2.6026597669786398,3.1102190865294888,3.5866521174432084,4.016295308018527,4.385894883738984,4.684606847272919,4.90399697847349,5.038040834378662,5.083123749211219,5.038040834378751,4.903996978473658,4.684606847273152,4.385894883739266,4.01629530801884,3.5866521174435273,3.110219086529795,2.602659766978921,2.082047487676985,1.568865354694883,1.0860062512883193,0.6587728378978106,0.31487755214868907,0.08444260885109992,-0.0,0.1620254305519077,0.6115317190736551,1.2959494860601557,2.1657568522674895,3.1744794387129036,4.278690366674813,5.4380102576928016,6.615107233567604,7.775696916361134,8.888542428396448,9.925454392257782,10.861290930790513,11.67395766710118,12.344407724557493,12.856641726788345,13.197707797683783,13.357701561394999,13.329766142334368,13.110092165175445,12.697917754852938,12.095528536562735,11.308257635761889,10.344485678168601,9.215640789762238,7.936198596783309,6.523682225733494,4.99866230337564,3.384756956733776,1.708631813093107,-0.0
134,3,7.652108545171545,9.539225742209554,-0.0,0.08696523520485726,0.32428415886139417,0.678452922923981,1.1184494458688874,1.615733412694284,2.144246274920241,2.680411250588727,3.2031333242636078,3.6937992470306464,4.136277536497505,4.516918476793741,4.824554118570802,5.050498279002039,5.188546541782699,5.234976257129933,5.188546541782789,5.050498279002212,4.824554118571042,4.516918476794032,4.136277536497827,3.693799247030975,3.203133324263923,2.6804112505890165,2.1442462749204925,1.6157334126944882,1.118449445869038,0.678452922924077,0.32428415886144196,0.08696523520487073,-0.0,0.1644872950968512,0.6208235213059811,1.3156405436978464,2.1986640322663584,3.2227134619288815,4.343702112526238,5.520637068822701,6.71561922050599,7.89384326218728,9.023597693401191,10.076264818605795,11.026320747182599,11.851335393436555,12.531972476596088,13.051989520813072,13.398237855162835,13.560662613644137,13.53230273517921,13.309290963613739,12.890853847716869,12.279311741181202,11.48007880262279,10.501662995581134,9.35566608851917,8.05678365482327,6.6228050728032715,5.074613525692459,3.436186001647588,1.7345932937488788,-0.0
135,3,7.555674319230493,9.592080356136792,-0.0,0.08586927255727385,0.32019743013033397,0.669902850473571,1.1043544018780882,1.5953714431717025,2.117223823718945,2.646631883421058,3.162766452715992,3.6472488525784135,4.084150894519694,4.459994880587922,4.763753603367884,4.986850345981082,5.123158882085731,5.169003475876764,5.1231588820858205,4.986850345981251,4.76375360336812,4.45999488058821,4.084150894520013,3.647248852578737,3.1627664527163035,2.6466318834213434,2.117223823719194,1.5953714431719042,1.1043544018782365,0.6699028504736658,0.32019743013038116,0.08586927255728714,-0.0,0.16539868064461222,0.6242633589219819,1.3229301995759413,2.2108463143216968,3.24056976184583,4.367769547806297,5.551225624832429,6.752828892524923,7.93758119745585,9.073595333168647,10.132095040178122,11.087415005970444,11.917000865003141,12.601409198705134,13.124307535476717,13.47247435068956,13.635799066686674,13.607282052782477,13.383034625262756,12.962279047384667,12.347348529376761,11.543687228438944,10.559850248742503,9.407503641430072,8.101424404615644,6.659500483384601,5.102730769793685,3.455225102871038,1.7442042686161787,-0.0
136,3,7.037105671209344,9.180246834511776,-0.0,0.0799758061775424,0.2982213176846291,0.6239254034849646,1.0285592385449427,1.4858763038336482,1.9719123863228554,2.464985578987027,2.945696280803313,3.396927196751551,3.803843337814267,4.153892020976673,4.436802869226665,4.644587811554826,4.771541082954427,4.814239224421438,4.77154108295451,4.644587811554984,4.436802869226885,4.153892020976942,3.803843337814563,3.396927196751853,2.945696280803603,2.4649855789872936,1.9719123863230874,1.4858763038338363,1.0285592385450812,0.6239254034850529,0.298221317684673,0.07997580617755479,-0.0,0.15829733051065276,0.5974607709555645,1.266130529147109,2.1159241921549166,3.101436726305872,4.180240477184119,5.312885169631058,6.462897907745333,7.596783174882847,8.684022833656751,9.697076125937448,10.611379672852584,11.405347474787044,12.060370911382991,12.56081874153984,12.894037103414265,13.050349514420162,13.023056871228714,12.808437449768357,12.40574690522478,11.817218272040936,11.048061963917034,10.106465773810525,9.003594873936104,7.753591815765704,6.373576530028525,4.8836463267110135,3.30687589505689,1.6693173035671398,-0.0
137,3,6.8627684543205465,9.287474473533127,-0.0,0.0779944859986407,0.29083318441348077,0.6084682789977184,1.0030777176709824,1.4490652125193333,1.9230602397952625,2.403918039917692,2.8727196174719696,3.3127717412098754,3.709606944049617,4.050983523075831,4.3268855395395756,4.52952281885834,4.653330950616045,4.694971288563048,4.653330950616127,4.529522818858494,4.3268855395397905,4.050983523076092,3.709606944049906,3.31277174121017,2.872719617472253,2.4039180399179516,1.9230602397954886,1.4490652125195165,1.0030777176711174,0.6084682789978048,0.29083318441352374,0.07799448599865279,-0.0,0.1601462839560252,0.6044392660910767,1.2809192586639355,2.140638729744471,3.1376623032136384,4.2290667587634845,5.374941031897139,6.538386213928815,7.685515551983809,8.785454448998502,9.810340463720355,10.7353233107079,11.53856486033075,12.201239138769619,12.707532328016308,13.044642765873704,13.202780945955753,13.175169517687518,12.958043286305143,12.550649212855863,11.955246414198,11.17710616300097,10.224511887745262,9.10875917272244,7.844155758035133,6.448021539597073,4.9406885691330675,3.345501054179033,1.6888153580819791,-0.0
138,3,6.635278096318142,9.181096396851771,-0.0,0.07540908716722976,0.28119250577459287,0.5882984790775195,0.9698272137940016,1.4010309001045937,1.8593137116524117,2.324231805543133,2.7774933223449936,3.2029583860887905,3.5866391042678796,3.9166995678381777,4.183455851218153,4.379376012288839,4.499080092393827,4.539340116339278,4.499080092393905,4.379376012288988,4.18345585121836,3.91669956783843,3.5866391042681594,3.202958386089075,2.7774933223452676,2.3242318055433846,1.8593137116526306,1.4010309001047707,0.9698272137941323,0.588298479077603,0.28119250577463434,0.07540908716724144,-0.0,0.1583119797301071,0.5975160614264831,1.2662476999415846,2.116120004919033,3.101723740793614,4.180627326791277,5.313376836929138,6.463496000015469,7.597486199649702,8.684826474222428,9.697973516915402,10.612361675701521,11.406402953344845,12.061487007400604,12.561981150215194,12.89523034892618,13.051557225462261,13.02426205654332,12.809622773680411,12.406894963175745,11.81831186612271,11.049084378405846,10.107401050700858,9.004428088474597,7.754309351985058,6.374166356281415,4.8840982712039915,3.3071819213843,1.669471786245022,-0.0
139,3,7.163071278880498,9.491617024228997,-0.0,0.08140738920255804,0.30355953928563867,0.6350937937669237,1.0469706559035268,1.5124737886919948,2.0072100148683063,2.509109316907872,2.9984248370255306,3.4577328771755518,3.871932899051636,4.228247524086912,4.516222533453934,4.727726868064686,4.8569526285705855,4.9004150753624875,4.856952628570671,4.727726868064847,4.516222533454158,4.228247524087185,3.8719328990519375,3.457732877175859,2.998424837025826,2.5091093169081433,2.007210014868542,1.512473788692186,1.0469706559036678,0.6350937937670136,0.3035595392856834,0.08140738920257065,-0.0,0.1636663658668195,0.6177250924879305,1.309074396580524,2.1876908591100728,3.2066294252903296,4.322023404583332,5.493084470699395,6.682102661597109,7.8544463794833455,8.978562390813243,10.02597582629023,10.971290180865987,11.792187313740476,12.469427448361944,12.98684917242693,13.331369437880248,13.492983560914967,13.464765221972456,13.242866465742374,12.826517701162654,12.218027701419519,11.422783603947469,10.449250910429278,9.308973486795981,8.016573563226885,6.589751734149576,5.049286958239925,3.419036558422096,1.7259362218685435,-0.0
140,3,7.010302085249871,9.034570964877677,-0.0,0.079671186850263,0.29708542444997016,0.6215489380791619,1.0246415659600987,1.4802167592572624,1.9644015820773553,2.455596711469299,2.934476437424232,3.383988662875513,3.789354903698718,4.138070288711641,4.419903559674289,4.626897071288886,4.753366791199882,4.795902299993946,4.753366791199964,4.626897071289044,4.419903559674507,4.1380702887119085,3.7893549036990133,3.383988662875814,2.934476437424521,2.4555967114695645,1.964401582077586,1.4802167592574493,1.0246415659602366,0.6215489380792499,0.2970854244500139,0.07967118685027534,-0.0,0.15578540444825056,0.5879800218046797,1.246039057836077,2.082347851308261,3.05222187398608,4.11390673063341,5.22857815901316,6.3603420298872555,7.476234347016652,8.546221247161327,9.543199000080286,10.442994008531542,11.224362808272135,11.868992068058139,12.361498589644663,12.689429307785847,12.843261290234828,12.81640173774379,12.605187984063964,12.208887495945588,11.62969787313795,10.872746848389356,9.946092287447136,8.860722189057636,7.6305546849662065,6.272438039917245,4.806150651654164,3.254401050919426,1.6428279014545304,-0.0
141,3,6.630227124349534,9.121136165565888,-0.0,0.075351683516632,0.2809784536363354,0.5878506486951511,0.9690889523375624,1.399964393516496,1.857898346493321,2.3224625308378486,2.775379011428327,3.200520198451451,3.5839088474023497,3.9137180590845966,4.180271279610199,4.376042300399605,4.495655258181706,4.535884634993841,4.495655258181785,4.376042300399754,4.180271279610407,3.9137180590848497,3.583908847402629,3.2005201984517355,2.7753790114286008,2.3224625308380995,1.8578983464935395,1.399964393516673,0.969088952337693,0.5878506486952344,0.2809784536363768,0.07535168351664366,-0.0,0.1572780702154223,0.5936137822550708,1.257978044371935,2.102299973036225,3.0814668929353695,4.153324336974022,5.278676046274052,6.421283970174545,7.547868266231803,8.628107300219343,9.634637646127898,10.543054086165407,11.33190961075702,11.982715418545116,12.479940916389298,12.811013719366395,12.96631965077042,12.939202742112633,12.725965233121512,12.325867571742762,11.741128414139304,10.976924624691287,10.041391275996062,8.945621648868192,7.703667232339442,6.3325377236588025,4.85220102829248,3.2855832599239223,1.6585687404537988,-0.0
142,3,6.6292024003720265,9.171532597956197,-0.0,0.07534003765965049,0.28093502746809046,0.5877597943935392,0.968939176369534,1.3997480242949312,1.8576112020339055,2.3221035864159485,2.774950067235867,3.2000255472537855,3.583354942195144,3.9131131807506985,4.1796252045765145,4.375365968293977,4.4949604394897875,4.535183598715971,4.494960439489866,4.375365968294125,4.1796252045767215,3.9131131807509507,3.583354942195424,3.2000255472540706,2.7749500672361407,2.3221035864162003,1.8576112020341242,1.3997480242951084,0.9689391763696644,0.5877597943936225,0.28093502746813187,0.07534003765966217,-0.0,0.15814706871387837,0.596893638656767,1.2649286702929714,2.1139156771033614,3.09849272558537,4.176272435252999,5.30784197863681,6.456763081283923,7.589572021758022,8.675779631639347,9.6878712955247,10.601306951027428,11.394521088777442,12.04892275242122,12.548895538621807,12.881797597058819,13.037961630428404,13.010694894443297,12.7962791978328,12.39397090234277,11.80600092273565,11.037574726790432,10.096872335302667,8.995048322084457,7.746231813964449,6.367526490787864,4.8790105854164825,3.3037368837286616,1.6677327246193367,-0.0
143,3,6.772121249616897,8.993448768598935,-0.0,0.07696429210748244,0.2869917004150595,0.6004312966910723,0.9898285177580598,1.4299251654927603,1.8976594068261095,2.3721657737432404,2.834775163283481,3.269014837540357,3.6606084236615883,3.997475913849094,4.269733665358977,4.469694400501545,4.591867206641299,4.632957536196946,4.591867206641379,4.469694400501697,4.2697336653591895,3.9974759138493505,3.660608423661874,3.269014837540648,2.83477516328376,2.372165773743497,1.8976594068263326,1.429925165492941,0.9898285177581932,0.6004312966911574,0.2869917004151018,0.07696429210749436,-0.0,0.15507632396130894,0.5853037431016147,1.2403675253519653,2.07286973470538,3.038329231216847,4.095181671003328,5.204779506243753,6.331391985179017,7.442205152111982,8.507321847407475,9.49976170749229,10.395461164855176,11.173273448046844,11.814968581679986,12.305233386429267,12.631671479031322,12.784803272284734,12.758065975050068,12.547813592249872,12.153316924868653,11.576763569952904,10.82325792061108,9.9008211660136,8.820391291392838,7.595823078043121,6.243888103320757,4.784274740644016,3.2395881594931573,1.6353503254104176,-0.0
144,3,6.6283211993272735,8.93746687280923,-0.0,0.07533002292244867,0.2808976835728884,0.5876816651536091,0.9688103780371025,1.3995619597660627,1.857364275053386,2.3217949157821693,2.774581201005708,3.1996001769475,3.5828786170012403,3.9125930217308262,4.179069618870345,4.374784363324091,4.494362937166555,4.534580749642436,4.494362937166633,4.37478436332424,4.179069618870552,3.9125930217310776,3.58287861700152,3.199600176947785,2.7745812010059816,2.3217949157824207,1.8573642750536046,1.3995619597662399,0.968810378037233,0.5876816651536924,0.2808976835729298,0.07533002292246034,-0.0,0.15411101389719156,0.5816603784709021,1.2326465578642054,2.0599666559799994,3.019416416481005,4.069690222789771,5.172381098088667,6.2919807053198795,7.395879347185421,8.454365966147115,9.440628144426617,10.330752104005374,11.103722706624666,11.741423453785597,12.2286364867491,12.553042586535938,12.705221173926661,12.678650309461672,12.469706693441195,12.077665665925277,11.504701206733802,10.755885935446468,9.83919111140279,8.765486633702094,7.54854104120351,6.205021512526008,4.754493866048366,3.219422559909211,1.6251706920069964,-0.0
145,3,6.550554313349691,9.026504484879764,-0.0,0.0744462122067137,0.27760204694441654,0.5807866804854317,0.9574437945633932,1.3831415763732458,1.8355727185712452,2.294554419274956,2.7420283820632503,3.1620608159763113,3.540842435515628,3.8666884606439993,4.1300386167855265,4.3234571348256186,4.441632751111,4.481378707449706,4.441632751111077,4.323457134825766,4.130038616785731,3.866688460644249,3.5408424355159043,3.162060815976593,2.742028382063521,2.2945544192752045,1.8355727185714612,1.383141576373421,0.9574437945635221,0.5807866804855141,0.2776020469444574,0.07444621220672525,-0.0,0.1556463120825108,0.5874550462299126,1.2449265369232712,2.080488635485332,3.04949671008052,4.110233645714941,5.22390984423638,6.354663224334294,7.469559221539819,8.538590788225761,9.534678393606606,10.433670023738504,11.214341181519274,11.858394886688421,12.350461675827146,12.678099602358316,12.831794236546457,12.804958665497791,12.593933493160225,12.19798684032335,11.619314344618429,10.863039160518415,9.937211959337922,8.852810929233238,7.623741775202307,6.266837719084763,4.801859499561913,3.251495372156762,1.641361109234002,-0.0
146,3,6.623748336062697,9.196724461115123,-0.0,0.07527805291614048,0.28070389291916364,0.5872762249498182,0.968141998027317,1.398596405249338,1.8560828837920225,2.3201931149099755,2.772667023936264,3.1973927802824167,3.5804067974384246,3.909893732972743,4.176186488532277,4.371766209842403,4.4912622867069585,4.531452353008248,4.491262286707036,4.371766209842552,4.176186488532483,3.909893732972994,3.580406797438704,3.1973927802827014,2.772667023936537,2.3201931149102273,1.8560828837922407,1.398596405249515,0.9681419980274475,0.5872762249499014,0.28070389291920506,0.07527805291615214,-0.0,0.15858145841608723,0.5985331533948846,1.26840310704904,2.1197220648469934,3.1070034956129735,4.187743591527004,5.322421268124896,6.474498164298244,7.610418642294435,8.699609787716636,9.714481409523804,10.630426040030674,11.425818934907753,12.08201807318136,12.583364157233602,12.917180612802381,13.073773588981359,13.046431958220008,12.831427316323598,12.428013982453189,11.838428999125629,11.067892132213565,10.124605870945418,9.019755427905393,7.7675087390334605,6.3850164636253925,4.892411984332749,3.312811407162895,1.6723135614789946,-0.0
147,3,6.5427165170463235,9.196391504393082,-0.0,0.07435713665387929,0.27726989363444177,0.5800917640738424,0.9562982045759294,1.381486635216245,1.8333764395420247,2.2918089645721964,2.738747520797378,3.1582773821798806,3.5366057861537055,3.862061933624546,4.125096988969779,4.318284080038478,4.436318298151405,4.476016698101023,4.43631829815148,4.318284080038625,4.125096988969984,3.862061933624795,3.5366057861539812,3.1582773821801617,2.738747520797648,2.291808964572444,1.8333764395422403,1.3814866352164197,0.9562982045760582,0.5800917640739246,0.2772698936344826,0.0743571366538908,-0.0,0.1585757171586652,0.5985114841975926,1.2683571859885001,2.1196453227728633,3.1068910101619154,4.1875919791366485,5.322228576047815,6.4742637626159105,7.610143115931194,8.699294828453674,9.714129708013107,10.630041177809005,11.425405276410613,12.081580657756957,12.582908591156816,12.916712961288733,13.073300268200978,13.045959627311596,12.8309627694084,12.427564040648955,11.838000402560588,11.067491432040386,10.124239321355182,9.019428878141552,7.767227525405814,6.38478530152405,4.892234860242095,3.3126914706755586,1.6722530173098171,-0.0
148,4,6.601276232826132,9.221361345717126,-0.0,0.0750226603361765,0.27975156101575466,0.5852837984133812,0.9648574247278043,1.3938514479818742,1.8497858320225422,2.3123214965208603,2.7632603169719787,3.1865451246951477,3.568259706833717,3.8966288063551358,4.162018122050946,4.35693430853679,4.476024976252413,4.516078691461664,4.476024976252491,4.356934308536939,4.162018122051152,3.8966288063553876,3.5682597068339956,3.1865451246954315,2.763260316972251,2.3123214965211107,1.84978583202276,1.3938514479820505,0.9648574247279343,0.5852837984134641,0.27975156101579585,0.07502266033618812,-0.0,0.15900627848191975,0.6001365495054248,1.2718010017135282,2.1254005374510996,3.1153267727648646,4.198962037403408,5.33667937481717,6.491842542158441,7.630806010281363,8.722914963741932,9.740505300797995,10.658903633409242,11.456427287237204,12.114384301645293,12.617073429698765,12.951784138164742,13.108796607512176,13.081381731911888,12.865801119236568,12.461307091060755,11.870142682660854,11.097541643015122,10.15172843480366,9.043918234408423,7.788316931913191,6.402121131103618,4.9055181494672055,3.3216860181933288,1.676793482173229,-0.0
149,4,6.59151391833876,9.129309804081307,-0.0,0.07491171288025289,0.279337849693785,0.5844182499492733,0.9634305428214194,1.3917901471509508,1.8470502714446206,2.308901913875205,2.759173862281503,3.1818326941683375,3.5629827767065536,3.89086626673302,4.155863110750621,4.35049104492827,4.469405595100898,4.509400076769473,4.469405595100977,4.350491044928418,4.155863110750828,3.890866266733271,3.562982776706831,3.1818326941686204,2.7591738622817754,2.308901913875455,1.847050271444838,1.391790147151127,0.963430542821549,0.5844182499493561,0.2793378496938262,0.07491171288026449,-0.0,0.1574190103427276,0.5941457318264676,1.259105344481087,2.104183887465158,3.0842282590659584,4.157046216699475,5.2834063769103965,6.427038215372112,7.554632066886714,8.635839125384994,9.643271443926443,10.55250193469925,11.342064369020292,11.99345337733517,12.491124449218184,12.822493933372352,12.977939037629358,12.950797828949622,12.737369233422266,12.33691303626512,11.751649881824722,10.986761273576318,10.050389574123846,8.95363800519994,7.710570647665915,6.338212441511809,4.856549185856353,3.288527538947002,1.6600550181599272,-0.0
150,4,6.77877429357267,9.364340915342698,-0.0,0.07703990310137081,0.2872736458096301,0.6010211703306699,0.9908009416699465,1.4313299476324814,1.8995236988228619,2.374496228645238,2.837560093303321,3.2722263718003877,3.664204665939275,4.001403100322384,4.273928322351671,4.474085502228657,4.59637833295443,4.637509030329643,4.59637833295451,4.47408550222881,4.273928322351883,4.0014031003226425,3.6642046659395606,3.272226371800679,2.8375600933036007,2.3744962286454947,1.8995236988230852,1.4313299476326624,0.9908009416700796,0.6010211703307549,0.28727364580967246,0.07703990310138273,-0.0,0.16147171155766274,0.6094418204245299,1.291520602004306,2.1583554171845414,3.163630712336631,4.264068019315818,5.4194259554611905,6.592500223595673,7.749123612026034,8.858165994542883,9.89153433042067,10.824172664417675,11.634062126776014,12.30222093322166,12.812704384964436,13.152604868698006,13.312051856599856,13.284211906331338,13.065288661037654,12.654522849347842,12.0541922853748,11.269611868715268,10.30913358444982,9.184146503142859,7.909076780842622,6.501387659081195,4.981579464874502,3.3731896107223367,1.7027925946083409,-0.0
151,4,7.444623721046132,9.350468824820208,-0.0,0.08460719670801829,0.31549128284940003,0.660056858027714,1.0881229959499692,1.571923244426616,2.086105625371545,2.6077326348020877,3.1162812428390114,3.593642893706524,4.024123505732271,4.394443471347334,4.693737657086231,4.913555403586915,5.0478605255907825,5.093031311942676,5.04786052559087,4.9135554035870825,4.693737657086463,4.394443471347618,4.024123505732583,3.5936428937068436,3.1162812428393183,2.6077326348023697,2.0861056253717902,1.5719232444268143,1.0881229959501153,0.6600568580278074,0.31549128284944655,0.08460719670803138,-0.0,0.16123251157340335,0.6085390091986732,1.2896073770518366,2.155158085733501,3.1589441922688537,4.2577513401076645,5.411397759124284,6.582734265617635,7.737644262311216,8.845043738353105,9.876881269315954,10.808138017196978,11.616827730417965,12.283996743825297,12.793723978689934,13.133120942707425,13.292331729997859,13.264533021105937,13.045934083000942,12.63577676907673,12.03633551915175,11.252917359469027,10.293861902696156,9.170541347925298,7.897360480673178,6.491756672881108,4.974199882914976,3.3681926555652693,1.70027012204706,-0.0
152,4,7.645082205652067,9.16713197209087,-0.0,0.08688538175461759,0.32398639379605326,0.6778299520713976,1.1174224602353648,1.6142498096502946,2.14227737938615,2.677950036220519,3.2001921346386077,3.6904075168332477,4.132479512704892,4.512770939861612,4.820124103619098,5.045860797000664,5.183782300737244,5.230169383267407,5.183782300737334,5.045860797000836,4.820124103619337,4.512770939861903,4.132479512705213,3.6904075168335755,3.2001921346389226,2.677950036220808,2.142277379386402,1.6142498096504985,1.1174224602355152,0.6778299520714935,0.32398639379610106,0.08688538175463104,-0.0,0.15807118760309616,0.5966072409847238,1.2643217403426241,2.1129013916601784,3.0970060267064086,4.174268603035979,5.305295203989194,6.453665038691987,7.585930442055938,8.671616874778254,9.683222923341782,10.596220300014993,11.389053842851993,12.043141515692533,12.542874408162012,12.875616735671468,13.031705839417555,13.004452186382581,12.790139369334506,12.388024106826924,11.800336243199075,11.03227874857584,10.092027718867726,8.990732375770875,7.742515066767044,6.364471265123644,4.876669569893714,3.3021517059159575,1.6669325238147241,-0.0
153,4,7.418502973109337,9.035031118520363,-0.0,0.08431033774755785,0.3143843272013573,0.6577409345561551,1.0843051285108012,1.5664078802682395,2.0787861635355074,2.5985829545237342,3.10534723194814,3.5810339770280364,4.010004173486827,4.379024807552003,4.677268867955144,4.89631534593192,5.030149235222097,5.075161532069535,5.030149235222185,4.896315345932088,4.677268867955376,4.379024807552286,4.010004173487139,3.581033977028355,3.105347231948446,2.598582954524015,2.078786163535751,1.5664078802684374,1.0843051285109468,0.6577409345562483,0.31438432720140363,0.0843103377475709,-0.0,0.15579333899451875,0.5880099691203753,1.2461025217696298,2.082453910572486,3.0523773313972904,4.114116262350536,5.228844463776861,6.360665978259033,7.476615130617969,8.546656527912718,9.543685059440474,10.443525896736555,11.224934493574418,11.869596585965672,12.362128192160068,12.690075612645513,12.843915430148018,12.817054509631763,12.605829998299079,12.209509325590433,11.630290203184442,10.873300624997869,9.946598867185605,8.861173488140677,7.630943328494235,6.2727575111155796,4.806395441112153,3.254566805829556,1.6429115748515406,-0.0
154,4,7.47363522839995,9.099087787123498,-0.0,0.08493690877963601,0.3167207442722219,0.6626290826435094,1.0923633833062323,1.578048988920108,2.0942351253918363,2.6178949018750997,3.128425310770558,3.607647227725855,4.039805411635611,4.411568504641431,4.712029032131888,4.9327034027425425,5.067531908355934,5.112878724101592,5.067531908356022,4.93270340274271,4.712029032132121,4.411568504641715,4.039805411635926,3.6076472277261753,3.1284253107708664,2.617894901875383,2.094235125392083,1.5780489889203075,1.092363383306379,0.6626290826436032,0.31672074427226865,0.08493690877964917,-0.0,0.15689788441950253,0.5921788490315993,1.2549371539070782,2.0972181165039303,3.0740181116673484,4.1432845716297315,5.265915986010682,6.405761901816992,7.529622923442661,8.607250712668883,9.611347988664052,10.517568527983748,11.304517164570745,11.953749789755035,12.44977335225381,12.78004585817147,12.934976370999586,12.907925011616959,12.695202958289586,12.296072446670674,11.712746769800638,10.95039027810709,10.017118379404836,8.923997538895875,7.685045279169387,6.317230180201767,4.840471879356602,3.277641071384706,1.6545595084240987,-0.0
155,4,7.307115745435164,8.980660630167554,-0.0,0.08304443614719255,0.3096639140994007,0.6478650957927822,1.068024520057114,1.5428886026157929,2.0475736360858345,2.559565789977874,3.05872111069616,3.527265521538561,3.9497948226965613,4.3132746912552635,4.607040681193378,4.822798223383235,4.954622625590785,4.998959072475603,4.954622625590871,4.8227982233834,4.607040681193607,4.3132746912555415,3.9497948226968695,3.5272655215388746,3.058721110696461,2.5595657899781505,2.0475736360860752,1.542888602615988,1.0680245200572578,0.6478650957928739,0.3096639140994463,0.08304443614720541,-0.0,0.1548558148385827,0.5844714766948362,1.2386037979957398,2.0699222397232337,3.0340089114142175,4.089358571160552,5.197378625609057,6.322389129961506,7.431622787974629,8.495224951960113,9.486253622784597,10.380679449869668,11.15738573119186,11.798168413282687,12.287736091228615,12.613710008671077,12.766624057806435,12.739924779386033,12.529971362716177,12.136035645658135,11.560302114628131,10.80786790459736,9.886742799091959,8.80784923019301,7.585022278536546,6.235009673313561,4.777471792270004,3.234981661706801,1.63302495647985,-0.0
156,4,6.966408312506843,9.010900068658815,-0.0,0.0791723397353675,0.29522527634971774,0.617657218791612,1.0182259531245341,1.4709486425268912,1.9521018272920125,2.4402214248281497,2.916102729658473,3.3628004134210747,3.765628524868967,4.1121604898700825,4.392229111407266,4.59792656957829,4.723604421595841,4.76587360178754,4.7236044215959225,4.597926569578446,4.3922291114074845,4.112160489870347,3.7656285248692605,3.362800413421374,2.9161027296587605,2.440221424828414,1.9521018272922421,1.470948642527077,1.0182259531246711,0.6176572187916994,0.2952252763497612,0.07917233973537977,-0.0,0.155377241165739,0.5864394933026611,1.2427743913303457,2.076892026115066,3.0442249444697875,4.103128149154171,5.214879098874571,6.343677708284025,7.456646347982265,8.52382984451571,9.518195480377466,10.415632994007318,11.19495457979174,11.837894888063902,12.329111025103678,12.656182553137631,12.809611490338991,12.782822310827697,12.572161944670398,12.176899777880418,11.59922765241779,10.844259866189237,9.920033173048164,8.837506782794657,7.610562361175474,6.256004029884082,4.793558366560628,3.2458744047919734,1.6385236341116807,-0.0
157,4,6.9184609260642915,8.988285323899015,-0.0,0.07862742381907856,0.29319334256436436,0.6134060971188751,1.0112178549668869,1.4608246101939364,1.9386661834868193,2.4234262221335885,2.8960322000235545,3.339655417647284,3.7397110020966022,4.08385790706459,4.361998912845579,4.566280626335161,4.691093481030185,4.733071737028765,4.691093481030267,4.566280626335317,4.361998912845796,4.0838579070648535,3.7397110020968936,3.339655417647581,2.8960322000238397,2.4234262221338505,1.9386661834870471,1.4608246101941214,1.011217854967023,0.6134060971189619,0.2931933425644076,0.07862742381909073,-0.0,0.1549872893713931,0.5849677003233745,1.2396553881852879,2.0716796297166624,3.0365848231072112,4.092830487976836,5.201791265375623,6.327756917783834,7.437932329111916,8.502437504700495,9.494307571320379,10.389492777172546,11.166858491888144,11.808185206528533,12.298168533585242,12.624419206979999,12.777463082064685,12.750741135621384,12.540609465862373,12.14633929243011,11.570116956397245,10.817043920266611,9.895136767971216,8.81532720487424,7.591462057769031,6.240303274879131,4.781527925858259,3.2377282017903393,1.634411415189487,-0.0
158,4,6.822442833428963,9.010253251859297,-0.0,0.07753619047330719,0.2891242488992764,0.604892919970711,0.9971836339587264,1.4405505067127504,1.9117603396605232,2.3897926198080954,2.8558395197398276,3.2933058976183904,3.6878092971847645,4.027179947758239,4.301460764236411,4.502907347095183,4.625987982388772,4.6673836417497165,4.625987982388853,4.502907347095335,4.301460764236624,4.027179947758499,3.687809297185052,3.2933058976186835,2.855839519740109,2.3897926198083543,1.911760339660748,1.4405505067129325,0.9971836339588607,0.6048929199707966,0.28912424889931904,0.07753619047331921,-0.0,0.15536608793919304,0.586397397739146,1.2426851829995242,2.076742943488132,3.0440064251409087,4.1028336200619355,5.214504766523428,6.343222348965734,7.456111097997337,8.52321799039485,9.51751224910302,10.41488534323472,11.194150988070948,11.837045145060854,12.328226021821719,12.655274072138976,12.80869199596616,12.781904739424963,12.571259494805222,12.176025700564903,11.598395041330125,10.843481447895133,9.919321097222307,8.83687241244215,7.610016062853277,6.255554963922463,4.793214277284602,3.24564141074275,1.638406018268105,-0.0
159,4,6.680938499412516,9.178846882937538,-0.0,0.07592801181018408,0.2831275208522442,0.5923468317320063,0.9765010413067173,1.4106720386850469,1.8721085052270856,2.3402259145443445,2.7966065324997538,3.2249994172076626,3.6113204190338406,3.9436521805954765,4.2122441367611705,4.409512514650948,4.53004033363625,4.570577405339948,4.530040333636329,4.409512514651097,4.21224413676138,3.943652180595731,3.6113204190341226,3.2249994172079495,2.796606532500029,2.3402259145445976,1.8721085052273057,1.4106720386852254,0.9765010413068489,0.5923468317320902,0.28312752085228593,0.07592801181019584,-0.0,0.15827319078968005,0.5973696605353415,1.2659374492158804,2.1156015220288107,3.100963769390262,4.179603006934984,5.3120749755163414,6.461912341206308,7.595624695295476,8.682698554293044,9.695597359926825,10.609761479143238,11.403608204107304,12.058531752202674,12.55890326603162,12.89207081341503,13.04835938739238,13.02107090622179,12.806484213379994,12.40385507756234,11.815416192682802,11.046377177873971,10.10492457748704,9.00222186109181,7.752409423476679,6.37260458464867,4.882901589833418,3.30637160947519,1.6690627392368818,-0.0
160,4,6.936073896686832,9.605626286068992,-0.0,0.07882759297818072,0.29393975217547547,0.6149677021757946,1.0137922064827596,1.464543567519705,1.9436016266296758,2.4295957640754287,2.9034048990394266,3.348157489623846,3.74923153285057,4.094254564661191,4.373103659917008,4.5779054323990245,4.703036034807963,4.745121158764256,4.703036034808044,4.577905432399181,4.373103659917224,4.094254564661456,3.749231532850862,3.348157489624144,2.9034048990397126,2.429595764075691,1.9436016266299043,1.4645435675198901,1.0137922064828961,0.6149677021758816,0.2939397521755187,0.07882759297819293,-0.0,0.16563225655887745,0.6251449432504312,1.3247984407836144,2.213968470116139,3.2451460924544744,4.373937709253853,5.559065062218262,6.762365233300442,7.94879064470189,9.086409058872853,10.146403578512336,11.103072646568085,11.933830046236597,12.619204900963135,13.142841674441728,13.491500170615163,13.655055533674956,13.626498248061402,13.401934138463561,12.980584369819248,12.364785447315045,11.559989216386287,10.574762862717058,9.420788912240193,8.112865231137258,6.668905025838591,5.1099368430232825,3.4601045696191997,1.7466674328029759,-0.0
161,4,7.030460856457244,9.159904907217678,-0.0,0.0799002887075016,0.29793972103058874,0.6233362594648245,1.027588017432028,1.484473259280274,1.9700504002838948,2.4626580066434745,2.9429147954858523,3.3937196348641216,3.800251543757629,4.1499696920719735,4.432613400639003,4.640202141216819,4.76703553648978,4.809693360068506,4.767035536489862,4.640202141216977,4.432613400639222,4.149969692072242,3.800251543757925,3.3937196348644236,2.9429147954861423,2.4626580066437405,1.9700504002841264,1.484473259280462,1.0275880174321663,0.6233362594649128,0.29793972103063265,0.07990028870751396,-0.0,0.15794656948579752,0.5961368954887127,1.2633249907304378,2.1112356498038736,3.094564449173128,4.170977747173522,5.301112684011583,6.448577181765036,7.579949944382819,8.664780457685069,9.675588989363124,10.587866588979526,11.380075087968006,12.033647099633516,12.532986019152224,12.865466023571507,13.021432071809915,12.994199904657236,12.780056044774463,12.378257796693802,11.791033246818667,11.023581263423686,10.084071496654678,8.98364437852866,7.736411122933843,6.35945372562965,4.872824964246708,3.2995483982868725,1.6656183691232114,-0.0
162,4,7.0614791299998725,9.167867300860365,-0.0,0.08025280742026678,0.29925422600470475,0.6260864084237452,1.032121718261122,1.491022730013872,1.9787422290923349,2.4735232118201522,2.955898885434264,3.4086926680849126,3.81701818883564,4.168279287663289,4.4521700154579955,4.660674634023198,4.788067616075638,4.830913645245365,4.788067616075722,4.660674634023357,4.452170015458217,4.168279287663557,3.8170181888359376,3.408692668085216,2.9558988854345554,2.4735232118204196,1.9787422290925678,1.4910227300140606,1.0321217182612608,0.6260864084238339,0.2992542260047489,0.08025280742027918,-0.0,0.15808386706404717,0.5966550970066204,1.2644231561564687,2.1130708751131415,3.097254448746985,4.174603436199149,5.305720760881582,6.454182710477022,7.586538936939006,8.672312456491866,9.68399964963073,10.597070261121504,11.38996740000089,12.0441075395764,12.543880517426345,12.876649535399842,13.032751159616772,13.005495320467842,12.791165312614561,12.389017794989229,11.80128279079496,11.033163687505661,10.09283723686603,8.99145355489155,7.743136121868485,6.364981782353909,4.877060745175687,3.302416583432502,1.667066234493844,-0.0
163,4,7.23757016840528,9.046546058952584,-0.0,0.08225405955645826,0.3067166834352595,0.641699030618219,1.057859581644056,1.5282041386083933,2.028085825163758,2.535205086519582,3.0296096894421933,3.493694722254827,3.9122025948376167,4.272223038627599,4.563193106618703,4.776897173361767,4.907466934964523,4.951381409091623,4.907466934964608,4.776897173361928,4.56319310661893,4.272223038627874,3.912202594837922,3.4936947222551376,3.0296096894424918,2.535205086519856,2.0280858251639966,1.5282041386085863,1.057859581644198,0.6416990306183099,0.3067166834353047,0.082254059556471,-0.0,0.15599189404039807,0.5887593743719073,1.2476906509218586,2.0851079504333927,3.0562675164654585,4.119359609392817,5.235508506406035,6.368772501511485,7.486143905531343,8.557549046103588,9.555848267682011,10.45683593153619,11.239240415751503,11.884724115229153,12.377883441686148,12.706248823655317,12.86028470648526,12.833389552340407,12.621895840201004,12.225070065863108,11.645112741938581,10.887158397855101,9.959275579856142,8.872466851000974,7.640668791164656,6.280751997038069,4.812521082127894,3.25871467675664,1.6450054280626318,-0.0
164,4,7.09185598281642,8.98333723062377,-0.0,0.08059803646849313,0.3005415485911945,0.6287796875978394,1.0365616675900355,1.4974367655412646,1.9872543212968796,2.4841637375741064,2.9686144799620404,3.423356076921648,3.833438119785765,4.186210262759098,4.471322222918221,4.680723780211575,4.808664777459476,4.851695120354117,4.808664777459559,4.680723780211734,4.471322222918443,4.186210262759369,3.833438119786064,3.423356076921952,2.968614479962333,2.484163737574375,1.987254321297113,1.4974367655414536,1.036561667590175,0.6287796875979283,0.3005415485912388,0.08059803646850561,-0.0,0.1549019681408523,0.5846456728576341,1.2389729520732975,2.0705391603529444,3.034913168903825,4.090577365575344,5.198927654859055,6.324273457888649,7.433837712439974,8.497756872931014,9.489080910421903,10.38377331261491,11.160711083854444,11.801684745127076,12.291398334061528,12.617469404928674,12.770429028641505,12.743721792755194,12.53370580146706,12.139652675616563,11.563747552685335,10.81108908679714,9.889689448717894,8.810474325855642,7.587282922260566,6.236867958625004,4.778895672283439,3.2359458172125204,1.6335116640310565,-0.0
165,4,6.840004449673525,9.043740296787803,-0.0,0.07773577599646989,0.2898684821937333,0.6064499718345284,0.9997504794028735,1.4442586206240668,1.9166813924646868,2.3959441731325906,2.8631907220769115,3.301783179988063,3.6973020687977343,4.037546291678894,4.312533133045779,4.5144982585539095,4.637895715100083,4.6793979308223825,4.637895715100163,4.514498258554063,4.312533133045993,4.0375462916791545,3.697302068798023,3.3017831799883566,2.863190722077194,2.39594417313285,1.916681392464912,1.4442586206242494,0.999750479403008,0.6064499718346144,0.289868482193776,0.07773577599648192,-0.0,0.1559435135699446,0.5885767722201016,1.247303682989689,2.084461259756234,3.0553196232355706,4.118082000981844,5.233884727387508,6.366797243683315,7.483822097938326,8.554894945059901,9.552884546793715,10.453592771723722,11.235754595272184,11.881038099699682,12.374044474105103,12.702308014425652,12.856296123436808,12.829409310752377,12.617981192824484,12.221278492943556,11.641501041238332,10.883781774675866,9.9561867370615,8.86971507903888,7.638299058089936,6.278804038534921,4.811028491532384,3.2577039950792046,1.644495234010577,-0.0
166,4,6.733483156975287,9.157527523821143,-0.0,0.07652517512493977,0.28535427965732607,0.597005557663174,0.9841810869813876,1.42176677922376,1.8868323797749738,2.3586314677925997,2.8186014562070936,3.250363591721799,3.6397229548129473,3.974668459729656,4.2453728544939215,4.444192720900632,4.565668474517563,4.606524364685382,4.565668474517643,4.444192720900783,4.245372854494132,3.974668459729912,3.639722954813231,3.250363591722088,2.818601456207371,2.3586314677928546,1.8868323797751958,1.42176677922394,0.9841810869815198,0.5970055576632585,0.28535427965736815,0.07652517512495162,-0.0,0.1579055756593726,0.5959821727080996,1.2629971043726849,2.110687694707084,3.093761278592703,4.1698952017384014,5.299736820680491,6.446903502782722,7.577982626236302,8.662531580059877,9.673077764099544,10.585118589028838,11.377121476348725,12.030523858387651,12.529733178301502,12.862126890073622,13.018052458514777,12.990827359263205,12.7767390787846,12.3750451143721,11.787972974146308,11.02072017705527,10.08145425287448,8.981312742206862,7.734403196482779,6.357803177960053,4.871560259723948,3.2986920256871994,1.665186070590003,-0.0
167,4,7.064321142347481,9.12157346003068,-0.0,0.08028510652721303,0.2993746659564092,0.6263383875446423,1.0325371131965926,1.491622817464568,1.9795386075485035,2.47451872329596,2.9570885372021207,3.410064554409796,3.818554412709422,4.169956882539054,4.453961866984375,4.662550401778683,4.78999465530291,4.83285792858562,4.789994655302993,4.662550401778841,4.453961866984595,4.169956882539324,3.8185544127097195,3.4100645544100994,2.957088537202412,2.474518723296227,1.9795386075487365,1.4916228174647566,1.0325371131967316,0.626338387544731,0.29937466595645335,0.08028510652722545,-0.0,0.15728561059507348,0.5936422418698045,1.2580383555903674,2.102400763565481,3.0816146276464034,4.153523459726942,5.278929121743442,6.421591825674786,7.548230133542397,8.628520957410236,9.635099559384804,10.543559551615125,11.332452896292763,11.983289905651828,12.480539241968986,12.811627917563435,12.966941294796896,12.939823086073652,12.726575353840529,12.326458510586898,11.741691318844675,10.97745089118832,10.041872690234824,8.946050528643713,7.704036569117026,6.332841324399365,4.852433657277863,3.285740780582215,1.6586482571846657,-0.0
168,4,7.227812878062556,9.003230107954757,-0.0,0.08214316919929619,0.30630318502852916,0.6408339276059236,1.0564334340779857,1.526143898619502,2.025351672433541,2.531787263751451,3.0255253378328564,3.4889847169656636,3.906928380466055,4.266463464678495,4.557041262975714,4.77045722575873,4.900850960456837,4.944706231527615,4.900850960456921,4.770457225758892,4.5570412629759405,4.266463464678769,3.9069283804663604,3.4889847169659736,3.0255253378331544,2.531787263751724,2.025351672433779,1.526143898619695,1.0564334340781276,0.6408339276060144,0.30630318502857423,0.0821431691993089,-0.0,0.15524498608300968,0.5859403236487235,1.241716557964879,2.075124202689493,3.0416337398708584,4.09963561994755,5.210440261748421,6.338278052492593,7.450299347789464,8.516574471638709,9.51009371643027,10.40676734294436,11.185425580351453,11.827818626212323,12.318616646478015,12.64540977548986,12.798708115979432,12.77194173906861,12.561460684269555,12.166534959484702,11.589354541006767,10.835029373518749,9.911589370093909,8.82998441219578,7.604084349678152,6.250679000785098,4.789478152150971,3.243111558800411,1.6371289441483532,-0.0
169,4,7.15663283553819,9.233011836481905,-0.0,0.08133421711720253,0.30328668832288613,0.6345229470938947,1.0460295985013803,1.5111143192108059,2.005405857481943,2.5068540331688705,2.9957297377199743,3.4546249341779482,3.868452657179792,4.224447012956812,4.512163179334616,4.723477405733118,4.852587013166545,4.896010394243436,4.852587013166629,4.723477405733279,4.512163179334839,4.224447012957084,3.8684526571800935,3.4546249341782556,2.995729737720269,2.5068540331691413,2.0054058574821783,1.5111143192109968,1.0460295985015209,0.6345229470939844,0.3032866883229308,0.08133421711721513,-0.0,0.15920717085665095,0.6008947765247865,1.2734078258330472,2.1280858198518953,3.1192627518936105,4.2042671075122975,5.343421864503878,6.5000444929060865,7.640446954998479,8.73393570530242,9.752811690581098,10.672370349839499,11.470901614324422,12.1296899075245,12.633014145170186,12.968147735233758,13.12535857792928,13.097909065712658,12.88205608328163,12.477051007575742,11.885139707776368,11.111562545306706,10.164554373831757,9.05534453925834,7.798156879735056,6.410209725652357,4.911715899642495,3.3258827165795637,1.6789119835794857,-0.0
170,4,7.21495303534744,9.359411005542935,-0.0,0.08199701873111927,0.3057582053992748,0.6396937454160201,1.0545538104587207,1.5234285584705547,2.0217481336605125,2.5272826665033956,3.020142273739814,3.482777058376189,3.8999771096847504,4.25887250320354,4.548933300736399,4.761969550352987,4.892131286388767,4.935908529445025,4.892131286388852,4.761969550353148,4.548933300736626,4.258872503203814,3.899977109685054,3.4827770583764983,3.0201422737401113,2.5272826665036687,2.02174813366075,1.5234285584707474,1.0545538104588625,0.6396937454161108,0.3057582053993199,0.08199701873113195,-0.0,0.16138670386941328,0.6091209763597891,1.2908406737392013,2.1572191388688817,3.161965201203218,4.2618231767897585,5.416572868269208,6.58902956487542,7.7450440424354055,8.853502563369327,9.886326876690495,10.81847421800537,11.627937309513555,12.295744360007825,12.805959064874111,13.145680606091506,13.305043652232234,13.277218358461692,13.058410366538435,12.647860804814188,12.047846288233822,11.263678918335378,10.303706283250033,9.179311457702115,7.904913003009089,6.497964967081585,4.9789568844233845,3.371413776131446,1.7018961498958924,-0.0
171,4,7.268374149427735,9.480212746903128,-0.0,0.08260414286213148,0.3080221070340599,0.6444301799268062,1.0623619609950206,1.5347083617369826,2.0367176056946015,2.5459952284534166,3.0425040776425893,3.5085643129349133,3.928853406046807,4.290406140738313,4.582614612813103,4.797228230118467,4.928353712545332,4.9724550920282535,4.928353712545417,4.7972282301186295,4.58261461281333,4.290406140738591,3.928853406047112,3.508564312935225,3.042504077642889,2.5459952284536915,2.036717605694841,1.5347083617371764,1.0623619609951633,0.6444301799268974,0.3080221070341053,0.08260414286214426,-0.0,0.16346971901302232,0.616982889315605,1.3075015299740553,2.1850623256160566,3.202776626430667,4.316830448168324,5.486484472140838,6.674074045221389,7.845009179844531,8.967774554006187,10.013929511263653,10.958108060735583,11.778018877101996,12.454445300604306,12.971245337045294,13.31535165778913,13.476771599761323,13.448587165448776,13.226955022899784,12.811106505724002,12.203347613092475,11.409059009737623,10.436696025953225,9.297788657594424,8.006941566077726,6.581834078381014,5.043220187043545,3.4149285501659685,1.7238624914103182,-0.0
172,4,7.704908339253843,9.600667574310208,-0.0,0.08756529811353522,0.32652172994535855,0.6831342698250941,1.1261667828727646,1.6268820249987943,2.159041642904006,2.6989061740796205,3.2252350468072564,3.719286580158929,4.164817983997052,4.548085358974434,4.8578436965342755,5.085346878910175,5.224347679126132,5.2710977609965495,5.224347679126223,5.085346878910348,4.857843696534516,4.548085358974727,4.164817983997376,3.7192865801592596,3.225235046807574,2.698906174079912,2.159041642904259,1.6268820249989997,1.1261667828729163,0.6831342698251907,0.32652172994540674,0.08756529811354877,-0.0,0.16554675223112492,0.6248222247218606,1.3241145401809165,2.2128255533338916,3.243470850923273,4.371679751708437,5.556195306465653,6.758874297988062,7.944687241085703,9.081718382585487,10.14116570133122,11.09734090818357,11.927669446020094,12.612690489735243,13.13605694624036,13.484535454463684,13.648006385350305,13.619463841862224,13.395015658978345,12.97388340369444,12.358402375023198,11.554021603994178,10.569303853653823,9.415925619065455,8.108677127309253,6.66546233748231,5.107298940698591,3.458318360088971,1.7457657508012219,-0.0
173,4,8.038546224781168,9.393397516147678,-0.0,0.09135705002307178,0.3406607715485769,0.7127153450670313,1.174932048810395,1.697329258752074,2.2525324486069187,2.8157741898312225,3.3648941516227207,3.8803391009205908,4.345162902405454,4.745026518499372,5.068198009365841,5.305552532909801,5.450572344777641,5.499346798357195,5.450572344777736,5.305552532909982,5.0681980093660925,4.745026518499677,4.345162902405792,3.880339100920936,3.364894151623051,2.8157741898315263,2.252532448607183,1.6973292587522884,1.1749320488105528,0.7127153450671321,0.34066077154862706,0.0913570500230859,-0.0,0.16197274191382377,0.6113328566277209,1.2955280595395566,2.165052575299497,3.173447137810006,4.2772989902258525,5.436241884954101,6.61295608365411,7.773168357237538,8.885651985868334,9.922226758962745,10.857758975189302,11.670161442468826,12.34039347797445,12.852460908131608,13.193416068618038,13.353357804363748,13.325431469551063,13.10582892761462,12.693788551241346,12.091595222370476,11.304580332193549,10.341121781154383,9.21264397894909,7.933617844526064,6.521560806086002,4.9970368010819,3.3836562762190696,1.7080761874551311,-0.0
174,4,8.47303522861757,9.544351638523167,-0.0,0.09629496199720333,0.35907372273867977,0.7512381042373965,1.2384379416905458,1.7890710834795476,2.374283391170048,2.9679687395119174,3.5467690164392494,4.0900741230703614,4.580021973707794,5.001498495838312,5.342137630132896,5.592321330446752,5.745179563819311,5.796590310474236,5.745179563819409,5.592321330446941,5.342137630133161,5.001498495838635,4.580021973708151,4.090074123070725,3.546769016439598,2.9679687395122376,2.3742833911703265,1.7890710834797734,1.238437941690712,0.7512381042375025,0.3590737227387326,0.09629496199721821,-0.0,0.16457568223039418,0.6211571203930837,1.3163475022283633,2.1998454828539047,3.224445184764755,4.346036197833341,5.523603579309465,6.719227853820296,7.898085013370382,9.028446517341635,10.081679292493348,11.032245732962169,11.857703700262109,12.53870652328458,13.059002998298357,13.405437388949608,13.567949426261837,13.539574308635954,13.316442701850242,12.897780739060362,12.28591002079936,11.486247614977652,10.507306056883024,9.360693349180622,8.061112961912952,6.626363832499904,5.077340365738738,3.43803243380411,1.7355253762480596,-0.0
175,4,8.514591433493825,9.481476319910701,-0.0,0.09676724295217816,0.36083480843998905,0.7549225695710348,1.2445118903338368,1.7978456255978377,2.385928121113399,2.982525213511802,3.5641642303052428,4.110133989886838,4.602484801530617,5.026028465391531,5.3683382725054365,5.6197490047891145,5.77335693504026,5.825019826937496,5.77335693504036,5.619749004789306,5.368338272505704,5.026028465391855,4.6024848015309745,4.110133989887202,3.564164230305593,2.9825252135121234,2.385928121113679,1.7978456255980644,1.244511890334004,0.7549225695711415,0.3608348084400422,0.09676724295219312,-0.0,0.16349150712369187,0.617065124065593,1.307675800708768,2.1853535623053824,3.2032035094767006,4.31740581821309,5.487215739874016,6.674963601188037,7.846054804252808,8.968969826535082,10.015264220870703,10.959568615464605,11.779588713890803,12.456105295092433,12.97297421338173,13.317126398440033,13.478567855317744,13.450379664434395,13.228717981578615,12.812814037908137,12.204974139949796,11.410579669599526,10.438087084122351,9.299027916152383,8.00800877369281,6.582711340115935,5.043892374163152,3.4153837099449715,1.7240922569410153,-0.0
176,4,8.493759205484459,9.67730134896224,-0.0,0.09653048734449418,0.3599519718339285,0.7530755380109699,1.2414670048966077,1.793446925990154,2.380090589269243,2.9752280171898327,3.5554439666861954,4.100077929170928,4.591224130534946,5.013731531147484,5.355203825856087,5.605999443986626,5.75923154934329,5.810768040208601,5.75923154934339,5.605999443986817,5.3552038258563535,5.013731531147807,4.591224130535304,4.1000779291712925,3.5554439666865454,2.9752280171901537,2.3800905892695225,1.79344692599038,1.2414670048967744,0.7530755380110764,0.35995197183398153,0.09653048734450911,-0.0,0.16686816789380265,0.629809636815478,1.3346837942979142,2.230488614103979,3.26936065622652,4.406575066888367,5.600545578542327,6.812824509871182,8.00810276578769,9.154209837434584,10.222113802184568,11.185921323640317,12.022877651634474,12.713366622229671,13.240910657718523,13.592170766623626,13.75694654369753,13.728176169922783,13.501936412511917,13.07744262490744,12.457048746781853,11.646247304037626,10.653669408807206,9.491084759453,8.173401640567379,6.7186669229727025,5.148066063721302,3.48592310609551,1.7597006796076438,-0.0
177,4,8.518977989839621,9.661162408982829,-0.0,0.09681709560417591,0.3610207037035621,0.755311491390009,1.2451530393041195,1.7987718416352514,2.387157306121515,2.9840617540497734,3.566000420255638,4.112251453123474,4.6048559145863965,5.028617780126268,5.371103938773698,5.622644193108048,5.77633125925743,5.828020766898718,5.77633125925753,5.622644193108239,5.371103938773965,5.028617780126592,4.604855914586755,4.112251453123839,3.5660004202559894,2.9840617540500953,2.387157306121795,1.7987718416354783,1.245153039304287,0.7553114913901157,0.36102070370361533,0.09681709560419088,-0.0,0.1665898800479456,0.6287592964818984,1.332457927718904,2.2267688041518334,3.263908308149383,4.399226174056078,5.591205488192268,6.801462688854121,7.994747566313628,9.138943262818598,10.205066272592667,11.16726644183528,12.002826968721685,12.692164403402991,13.218828648006117,13.56950295663381,13.734003935364628,13.70528154225296,13.479419087329031,13.05563323259889,12.43627399204442,11.626824731623325,10.635902169269123,9.475256374891147,8.159770770374536,6.707462129580262,5.139480578345118,3.4801095944817417,1.7567660077786051,-0.0
178,4,8.381913609966352,9.491484872156803,-0.0,0.09525937645219026,0.3552121338336133,0.7431590593374789,1.2251194003649082,1.7698308645249354,2.3487496196345057,2.9360502937184765,3.508625975009612,4.046088211948587,4.530767013183985,4.947710847572299,5.284686644177924,5.5321797922731655,5.683394141338241,5.734252001061286,5.68339414133834,5.532179792273354,5.284686644178186,4.947710847572618,4.530767013184337,4.046088211948946,3.508625975009957,2.936050293718794,2.3487496196347815,1.7698308645251586,1.225119400365073,0.7431590593375839,0.35521213383366557,0.09525937645220499,-0.0,0.1636640871350352,0.6177164918827005,1.3090561702979293,2.187660399823777,3.2065847792914206,4.321963228920162,5.493007990317424,6.6820096264787425,7.854337021787776,8.978437382016299,10.025836234324201,10.97113742725948,11.792023130758247,12.469253836144746,12.986668356131348,13.331183824818543,13.492795697694916,13.464577751637197,13.24268208491024,12.826339117167018,12.217857589448634,11.422624564184314,10.44910542519139,9.308843877675308,8.016461948229612,6.589659984835978,5.0492166568642025,3.418988955072219,1.7259121916060907,-0.0
179,4,8.149627418313687,9.185840797076724,-0.0,0.09261947358454717,0.34536821541158147,0.722564050164344,1.191167926623615,1.7207839176677138,2.2836592202724995,2.8546841555113693,3.4113921685552557,3.9339598286726276,4.405206829229495,4.8105959876893944,5.138233245613402,5.378867668660127,5.525891446585719,5.575339893243875,5.525891446585817,5.37886766866031,5.138233245613657,4.810595987689704,4.405206829229836,3.9339598286729776,3.4113921685555915,2.854684155511678,2.2836592202727672,1.720783917667931,1.1911679266237751,0.7225640501644461,0.3453682154116323,0.09261947358456149,-0.0,0.15839378862958686,0.5978248323198173,1.2669020429103075,2.1172135257572204,3.1033265797332645,4.182787697227696,5.316122564146318,6.46683605991147,7.60141225746204,8.68931442325345,9.702985017257673,10.6178456929632,11.412297297375074,12.067719871014885,12.56847264792078,12.901894055647443,13.058301715266081,13.030992441364473,12.81624224204694,12.41330631893435,11.824419067164124,11.054794075390229,10.112624125783162,9.00908119402996,7.758316449334186,6.377460254415955,4.886622165511923,3.3088909323753133,1.6703344982758996,-0.0
180,4,7.776112959147522,9.095284819988148,-0.0,0.08837452951428862,0.32953926820072443,0.6894474294212214,1.136574210733108,1.6419167938891293,2.178994344837445,2.723848013721629,3.255040934880666,3.7536582268489562,4.2033069923563104,4.590116318327954,4.902737275884515,5.132342920342041,5.272628291211988,5.31981041220124,5.27262829121208,5.132342920342215,4.90273727588476,4.59011631832825,4.203306992356638,3.7536582268492897,3.255040934880986,2.723848013721923,2.178994344837701,1.6419167938893366,1.1365742107332608,0.6894474294213188,0.32953926820077295,0.0883745295143023,-0.0,0.15683230889017336,0.5919313476607142,1.254412652455406,2.0963415834097,3.072733324650711,4.141552884297227,5.263715094459701,6.403084611240241,7.526475914732629,8.603653309022299,9.607330922186353,10.513172706293544,11.299792437404282,11.948753715570657,12.444569964836429,12.774704433237021,12.929570192799499,12.902530139542616,12.689896993476795,12.290933298604125,11.707851422918363,10.945813558404943,10.012931721040939,8.920267750795094,7.681833311627792,6.314589891491095,4.838448802328725,3.276271180076087,1.6538679846602635,-0.0
181,4,7.529415927994792,9.094953909985108,-0.0,0.08557084929832062,0.31908464137875575,0.6675747232417136,1.1005164161838692,1.5898270157981662,2.1098657919738155,2.6374339888962934,3.1517748250473416,3.6345734932049667,4.06995716044344,4.444494968133301,4.747198031941341,4.969519441830624,5.1053542620604775,5.1510395311865045,5.105354262060566,4.969519441830792,4.747198031941577,4.444494968133587,4.069957160443758,3.63457349320529,3.151774825047652,2.637433988896578,2.1098657919740633,1.589827015798367,1.100516416184017,0.667574723241808,0.31908464137880277,0.08557084929833388,-0.0,0.1568266029248475,0.5919098116661928,1.2543670136763185,2.096265313076943,3.072621530659217,4.1414022038837315,5.263523586880512,6.402851650449007,7.526202082058103,8.603340285846116,9.606981382620786,10.512790209859288,11.299381321708202,11.948318988983575,12.444117199170877,12.774239656425024,12.929099781570331,12.902060712100573,12.689435302178962,12.290486122638148,11.707425460980215,10.945415321376682,10.012567424668498,8.919943208366028,7.681553826649057,6.314360150366815,4.838272767037958,3.276151980850596,1.653807812662282,-0.0
182,4,7.5473883057900215,9.147707419116543,-0.0,0.08577510307398602,0.3198462820927708,0.6691681941360544,1.1031432994628192,1.5936218615113311,2.1149019468991392,2.643729425423074,3.1592979700592454,3.643249056963045,4.079671965469144,4.455103778091495,4.758529380523321,4.981381461637133,5.11754051348472,5.16333483129716,5.117540513484808,4.981381461637302,4.758529380523556,4.455103778091781,4.079671965469461,3.643249056963368,3.1592979700595563,2.6437294254233596,2.1149019468993875,1.5936218615115323,1.1031432994629675,0.6691681941361489,0.3198462820928179,0.08577510307399928,-0.0,0.15773624509690568,0.5953430692685691,1.2616427252813545,2.1084242918282157,3.0904436735286955,4.165423600928929,5.294053630501643,6.439990144646141,7.569856351688319,8.653242285880657,9.662704807402216,10.573767602358636,11.36492118278214,12.017622886631548,12.516296877792271,12.848334146076313,13.004092507222243,12.976896602895234,12.763037900687058,12.36177469411607,11.775332102627223,11.00890207159206,10.0706433723087,8.971681602001844,7.726109183822759,6.350985366849313,4.8663362260859575,3.295154662463751,1.663400402840351,-0.0
183,4,8.285678330746482,9.438615433478143,-0.0,0.09416567480865541,0.35113383614737625,0.7346266259448129,1.211053434875642,1.7495109023605693,2.3217829165663266,2.9023406144056745,3.468342381537394,3.999633852366293,4.4787479100432055,4.890904686464989,5.224011562274518,5.4686631668606935,5.6181413783584455,5.668415323648734,5.618141378358542,5.46866316686088,5.224011562274777,4.890904686465304,4.4787479100435545,3.9996338523666486,3.4683423815377346,2.9023406144059876,2.3217829165665993,1.74951090236079,1.2110534348758049,0.7346266259449167,0.351133836147428,0.09416567480866998,-0.0,0.16275244596031577,0.6142756894552329,1.3017644698048365,2.1754747008613835,3.1887234710093004,4.297889043165188,5.46241085477782,6.644789517828128,7.8105868188292185,8.92842571882636,9.96999035339699,10.910026032650698,11.726339241229242,12.399797638306557,12.914330057588755,13.256926507314116,13.41763817025307,13.389577403708236,13.1689177395144,12.75489388403853,12.149801718179763,11.358998297369407,10.390901851570936,9.256991785279975,7.971808677524304,6.552954281863884,5.02109152639084,3.399944513729488,1.7162985210363206,-0.0
184,4,8.138433228643553,9.056007673652996,-0.0,0.09249225305025335,0.3448938235024906,0.7215715484693362,1.189531758610628,1.7184202781334204,2.2805224247919806,2.8507630098877907,3.4067063382695424,3.9285562083331405,4.399155912021702,4.803988234825555,5.131175455782233,5.371479347476484,5.518301176040266,5.567681701152763,5.518301176040363,5.371479347476667,5.131175455782488,4.803988234825866,4.399155912022045,3.928556208333489,3.4067063382698772,2.850763009888098,2.2805224247922484,1.7184202781336373,1.189531758610788,0.7215715484694382,0.34489382350254144,0.09249225305026765,-0.0,0.15615504306856634,0.5893751468794766,1.248995587427725,2.087288726157874,3.059464009964053,4.123667971189962,5.240984227628868,6.375433482523595,7.493973524566541,8.566499227899655,9.565842552114457,10.467772542252021,11.250995328802976,11.897154127707529,12.39082924035546,12.719538053586117,12.873735039688388,12.846811756400745,12.63509684691124,12.237856039857487,11.657292149326667,10.898545074855537,9.969691801430404,8.881746399487135,7.648660024911144,6.2873209190374215,4.817554408650523,3.262122905984582,1.6467259087233157,-0.0
185,4,8.004349330726242,9.147947426050807,-0.0,0.09096840669460791,0.33921156170545835,0.7096833725604305,1.1699337536371905,1.6901086261631943,2.242949918215686,2.803795564721696,3.3505795074580393,3.863831695051319,4.326678082977922,4.72484063356402,5.046637315985565,5.282982106268299,5.427384987287743,5.475951948769223,5.427384987287839,5.282982106268478,5.046637315985816,4.724840633564325,4.326678082978258,3.863831695051662,3.350579507458369,2.8037955647219985,2.2429499182159494,1.6901086261634077,1.1699337536373475,0.7096833725605306,0.33921156170550837,0.09096840669462197,-0.0,0.1577403835975019,0.5953586891893148,1.2616758267994461,2.1084796102186303,3.0905247570043266,4.165532888480724,5.294192529738739,6.440159109636001,7.5700549607968695,8.653469319612423,9.662958326240462,10.574045024605502,11.365219362398767,12.017938191078226,12.516625265868576,12.848671245761242,13.004433693514343,12.977237075652749,12.763372762468057,12.362099028018594,11.77564105012941,11.009190910392293,10.070907594165734,8.971916990574941,7.726311892511838,6.351151996635074,4.866463903370026,3.2952411169088087,1.6634440452102752,-0.0
186,4,8.091846067939459,9.025554824572122,-0.0,0.0919627959255613,0.3429195339150539,0.7174410274287837,1.1827224741151832,1.7085834558108124,2.267467938540358,2.8344442725166337,3.3872051921405752,3.9060678160012436,4.373973646875825,4.776488571729629,5.101802861716081,5.340731172176738,5.486712542641277,5.53581039682751,5.4867125426413725,5.34073117217692,5.101802861716335,4.776488571729937,4.373973646876165,3.90606781600159,3.3872051921409083,2.8344442725169396,2.2674679385406242,1.7085834558110278,1.182722474115342,0.7174410274288852,0.34291953391510444,0.09196279592557552,-0.0,0.15562993684834756,0.5873932412708764,1.2447955607164765,2.0802697514775823,3.049175878690174,4.109801216333777,5.2233602472314615,6.353994663049836,7.468773364299049,8.537692460332792,9.533675269348295,10.432572318386319,11.213161343331159,11.857147288910667,12.349162308696245,12.676765765102834,12.830444229388904,12.803611481656471,12.59260851085112,12.196703514761966,11.618091900021678,10.86189628210647,9.936166485336088,8.851879542873808,7.6229396967264424,6.266178397744347,4.801354305621419,3.2511532888951193,1.641188424946462,-0.0
187,4,7.87852208692419,9.064966057174216,-0.0,0.08953839615727317,0.33387920374460023,0.6985272499261223,1.1515425598538225,1.6635403566675284,2.2076910614949092,2.759720293451478,3.297908869640583,3.803092805153418,4.258663313069015,4.650566804454245,4.967304888363815,5.199934371840272,5.342067259914008,5.389870755603258,5.342067259914099,5.199934371840449,4.967304888364062,4.650566804454544,4.258663313069346,3.8030928051537556,3.2979088696409073,2.759720293451775,2.2076910614951686,1.6635403566677385,1.1515425598539775,0.698527249926221,0.33387920374464947,0.08953839615728702,-0.0,0.15630951475355076,0.5899581685369099,1.2502311187889716,2.0893535138217407,3.0624904928203307,4.127747185842967,5.246168713820985,6.381740188558822,7.50138671273402,8.574973379897232,9.57530527447221,10.478127471755805,11.262125037917965,11.908923030001763,12.403086495923382,12.732120474472119,12.886469995310346,12.85952007897357,12.647595736870413,12.249961971282598,11.668823775364972,10.909326133145482,9.979554019525185,8.890532400278223,7.656226232051838,6.293540462366387,4.822320029615332,3.2653498630652598,1.6483548828558785,-0.0
188,4,7.673560902830305,9.056233332549718,-0.0,0.08720903850671581,0.3251932755731996,0.6803549365547703,1.1215849708545023,1.6202630519232253,2.150257577259526,2.687925668409744,3.2121131709679713,3.7041546545760555,4.147873412923595,4.529581463747943,4.8380795488341946,5.064657134015207,5.203092409171587,5.2496522882317045,5.203092409171677,5.064657134015379,4.838079548834435,4.529581463748234,4.147873412923918,3.7041546545763846,3.2121131709682875,2.6879256684100343,2.150257577259778,1.6202630519234298,1.1215849708546528,0.6803549365548667,0.3251932755732475,0.08720903850672931,-0.0,0.1561589341623028,0.5893898330138299,1.2490267100787238,2.0873407375174113,3.0595402461266015,4.123770725339292,5.241114823224761,6.3755923464885615,7.494160260472534,8.566712689154791,9.56608091514973,10.468033379708013,11.25127568271658,11.897450582698662,12.39113799681378,12.719855000857743,12.874055829262605,12.847131875096734,12.635411690064782,12.238160984507681,11.657582627402657,10.898816646363215,9.969940227639132,8.88196771611646,7.6488506153175155,6.287477587400907,4.817674453161518,3.2622041920305382,1.6467669420754458,-0.0
189,4,7.7744869698607735,9.237437554617644,-0.0,0.08835605035394636,0.3294703613673911,0.6893032656031409,1.1363365524712032,1.641573468228787,2.178538715980302,2.7232784556773577,3.254360304118761,3.7528733349505186,4.202428078665834,4.589156522605111,4.901712110955945,5.131269744753127,5.271525781878655,5.318698037061731,5.271525781878746,5.131269744753301,4.901712110956188,4.589156522605407,4.202428078666162,3.7528733349508516,3.2543603041190816,2.7232784556776517,2.1785387159805576,1.6415734682289942,1.136336552471356,0.6893032656032384,0.3294703613674396,0.08835605035396003,-0.0,0.15928348463983227,0.6011828072299599,1.2740182164844176,2.1291058887280245,3.1207579278963795,4.206282365535869,5.345983160803661,6.503160200467697,7.644109298906701,8.738122198110174,9.757486567678397,10.677486004822413,11.476400034364044,12.13550410873591,12.639069607981403,12.974363839754709,13.131650039320773,13.104187369555326,12.888230920944908,12.483031711586818,11.890836687189159,11.116888721070811,10.169426614161422,9.059685095001418,7.801894819741979,6.413282372145089,4.914070263583495,3.327476933040756,1.6797167471112162,-0.0
190,4,7.898818663432882,9.198792267496396,-0.0,0.08976906415414126,0.3347393402941582,0.700326789435577,1.154509153259441,1.667825954112313,2.213378495006273,2.766829859618918,3.30640491229336,3.8128902980382273,4.269634442527663,4.662547552101326,4.980101613764383,5.213330395187518,5.355829444706935,5.403756091324361,5.355829444707029,5.213330395187696,4.98010161376463,4.662547552101626,4.269634442527995,3.8128902980385657,3.3064049122936856,2.766829859619217,2.2133784950065327,1.6678259541125233,1.1545091532595961,0.7003267894356761,0.33473934029420754,0.08976906415415514,-0.0,0.15861711412731908,0.5986677285557721,1.2686882968522,2.1201986665795722,3.107702079296983,4.188685170559658,5.323617969918951,6.47595390092233,7.612129781113395,8.701565822031862,9.716665629213576,10.632816202190492,11.428387934490678,12.084734613638348,12.586193421153842,12.92008493255363,13.076713117350282,13.049365339052512,12.834312355165169,12.430808317189227,11.841090770621788,11.070380654956091,10.12688230368148,9.021783444283422,7.769255198243484,6.38645208103938,4.893512002144938,3.313556265030133,1.672689567161076,-0.0
191,4,7.760213359566379,9.176394046969657,-0.0,0.08819383259799754,0.3288654685223786,0.6880377356426413,1.1342502893935074,1.6385596127749222,2.174539016352056,2.7182786382553012,3.24838544418027,3.7459832273877978,4.194712608703941,4.580731036519974,4.892712786792391,5.121848963042905,5.261847496358454,5.308933145391208,5.261847496358547,5.121848963043079,4.892712786792633,4.58073103652027,4.194712608704267,3.745983227388131,3.2483854441805904,2.7182786382555952,2.1745390163523117,1.6385596127751292,1.1342502893936595,0.6880377356427386,0.32886546852242704,0.08819383259801118,-0.0,0.15823089591538142,0.5972100272166718,1.2655991565143976,2.1150361761228256,3.1001351080599595,4.178486104047549,5.31065544551108,6.460185543579771,7.59359493908658,8.680378302568197,9.693006434265047,10.606926264121288,11.400560851784796,12.055309386607206,12.555547187643894,12.888625703653975,13.044872513100282,13.017591324149397,12.803061974671657,12.40054043224113,11.81225879413563,11.043425287336714,10.102224268529664,8.99981622410349,7.7503377701509235,6.370901652468445,4.88159674655627,3.3054880576183683,1.6686167205624598,-0.0
192,4,7.688837041454438,9.148615857287666,-0.0,0.0873826498689472,0.3258406539702955,0.6817093529015007,1.1238177657342818,1.623488590014623,2.1545382017627723,2.6932766554732397,3.218507684114796,3.711528699130476,4.156130790437574,4.538598726427645,4.8477109539665,5.0747395983942125,5.213450463525122,5.260103031647834,5.213450463525213,5.074739598394385,4.8477109539667405,4.538598726427937,4.156130790437897,3.7115286991308056,3.2185076841151132,2.6932766554735306,2.154538201763025,1.623488590014828,1.123817765734433,0.6817093529015971,0.3258406539703435,0.08738264986896073,-0.0,0.15775190952728702,0.5954021914446793,1.2617680161720064,2.108633674684473,3.090750578512656,4.165837259742511,5.294579371015367,6.4406296855279175,7.570608097032231,8.654101619835746,9.663664388801266,10.574817659346959,11.366049807446355,12.018816329628377,12.51753984297731,12.84961008513283,13.005383914289952,12.978185309199082,12.764305369166017,12.363002314051911,11.776501484273307,11.009995340802124,10.071643465165634,8.972572559446482,7.7268764462826605,6.351616068867552,4.866819490949901,3.2954818968338495,1.6635655913789182,-0.0
193,4,7.8165760211403805,9.115675706281088,-0.0,0.08883438704016469,0.3312540282496511,0.6930349742812365,1.1424883831467532,1.6504605202170886,2.1903327582221843,2.7380215772510383,3.271978564751697,3.7731904155312623,4.225178931755887,4.614001022950776,4.928248706000182,5.1590491051474086,5.3000644519948175,5.347492085503829,5.300064451994911,5.159049105147584,4.928248706000426,4.614001022951074,4.225178931756215,3.773190415531597,3.271978564752019,2.738021577251334,2.190332758222442,1.6504605202172966,1.1424883831469066,0.6930349742813345,0.3312540282496999,0.08883438704017843,-0.0,0.15718391412749486,0.5932584094341785,1.2572249432485907,2.10104141015559,3.079622141996352,4.150837907868376,5.275515914125478,6.417439804377783,7.543349659491736,8.622941997590095,9.628869774051928,10.536742381512616,11.325125649863839,11.975541846253615,12.472469675086277,12.803344278022484,12.958557233979183,12.93145655912966,12.718346706903521,12.318488567986691,11.734099470321421,10.970353179106281,10.035379896796142,8.940266263102188,7.699055354991898,6.328746686689084,4.8492962096738665,3.283616312682704,1.657575821708382,-0.0
194,4,7.804481371440197,9.216032998773738,-0.0,0.08869693289276365,0.33074147628026973,0.6919626358019283,1.1407206018646012,1.6479067496426039,2.186943639077704,2.733785014879121,3.2669158065235226,3.767352128255028,4.218641279085206,4.606861742793076,4.9206231879250995,5.151066467795191,5.291863620484716,5.339217868842498,5.291863620484809,5.151066467795366,4.920623187925345,4.606861742793374,4.218641279085535,3.767352128255362,3.2669158065238437,2.733785014879416,2.186943639077961,1.647906749642812,1.1407206018647547,0.6919626358020262,0.3307414762803185,0.08869693289277736,-0.0,0.15891440044068866,0.5997897747040384,1.2710661213931482,2.1241724246993456,3.113526654402186,4.196535765869456,5.3335957000571685,6.488091383509557,7.626396728359085,8.717874632326433,9.73487697872051,10.652744636438438,11.449807459965559,12.107384289375446,12.609782950329917,12.944300254079009,13.101221997460962,13.073822962902268,12.858366918417644,12.454106617610043,11.863283799670642,11.091129189378853,10.145862497102302,9.038692418796831,7.783816636006494,6.398421815863578,4.902683611088597,3.3197666599903064,1.675824586465701,-0.0
195,4,7.7884922430971875,9.636784105819313,-0.0,0.08851521849354124,0.33006388251574964,0.6905450042046654,1.1383835947992154,1.644530664639215,2.182463223165367,2.728184278919259,3.260222839543364,3.7596339117810404,4.20999850147653,4.597423613574962,4.91054225212234,5.140513420265558,5.281022120252393,5.328279353431518,5.2810221202524845,5.140513420265733,4.910542252122584,4.597423613575258,4.209998501476858,3.7596339117813744,3.2602228395436845,2.728184278919554,2.182463223165623,1.6445306646394227,1.1383835947993683,0.690545004204763,0.33006388251579827,0.08851521849355493,-0.0,0.16616951876760871,0.6271727291416928,1.329095696349689,2.2211499311130987,3.2556723896474846,4.3881254736624795,5.577097030361777,6.784300352443125,7.974574178098337,9.115882691013283,10.179315520367892,11.13908774083614,11.972539872586063,12.660137881279766,13.185473178073424,13.535262619617276,13.699348508055598,13.670698591026746,13.44540606166315,13.022689558591296,12.404893165931744,11.59748641329912,10.609064275802094,9.451347174043393,8.139180974119787,6.690536987622118,5.126511971635288,3.471328128738277,1.7523331070041428,-0.0
196,4,7.975098132395071,9.560448445044697,-0.0,0.09063597056567985,0.3379719425612034,0.7070898964107312,1.165658332507005,1.68393227121135,2.2347532528536735,2.7935493377324634,3.3383351061147857,3.849711658236289,4.310866614301199,4.707574114482322,5.028194818921037,5.263675907727303,5.407551080979662,5.455940558725246,5.407551080979757,5.263675907727483,5.028194818921286,4.707574114482625,4.310866614301535,3.849711658236631,3.3383351061151147,2.793549337732765,2.2347532528539356,1.6839322712115627,1.1656583325071614,0.7070898964108311,0.3379719425612532,0.09063597056569386,-0.0,0.16485324355832331,0.6222047186339198,1.3185675578026932,2.203555581607165,3.2298832985564707,4.353365905126367,5.532919285759225,6.730560012864025,7.911405346816362,9.04367323595844,10.098682316599078,11.050851913013696,11.877702037444317,12.559853390099597,13.081027359154808,13.42804602075184,13.590832138999174,13.562409165971921,13.338901241711822,12.919533194227228,12.306630539493108,11.505619481451054,10.525026912009263,9.376480411042525,8.074708246392243,6.637539373866433,5.085903437239726,3.4438307682533895,1.738452386615313,-0.0
197,4,8.01942605295507,9.544515165567494,-0.0,0.09113975171500438,0.3398504891536906,0.7110201082070667,1.1721374013668078,1.6932920577252573,2.2471746629754255,2.8090766994109906,3.3568905459262925,3.8711094780163395,4.334827667776802,4.733740183904018,5.056142991694981,5.292932953047352,5.437607826459461,5.486266267030308,5.437607826459555,5.292932953047532,5.056142991695231,4.733740183904322,4.334827667777139,3.871109478016683,3.356890545926623,2.809076699411294,2.2471746629756892,1.6932920577254709,1.1721374013669652,0.7110201082071673,0.33985048915374066,0.09113975171501848,-0.0,0.16457850196880097,0.6211677629167256,1.3163700557159652,2.199883173651919,3.2245004304231952,4.346110660141614,5.5236982173322,6.719342976933181,7.898220334295993,9.028601205185268,10.081852025778856,11.032434752667783,11.857906862856284,12.538921353761816,13.059226743215042,13.405667069459836,13.56818189115325,13.539806287365572,13.316670857580297,12.898001721694124,12.286120520016977,11.486444413271975,10.507486082595443,9.360853729536903,8.061251076059053,6.626477364537826,5.077427357762344,3.4380913389349654,1.7355551116712586,-0.0
198,4,8.025297086108289,9.655947918250813,-0.0,0.09120647525611086,0.3400992941773648,0.7115406470337013,1.1729955248158064,1.6945317192351133,2.248819822723801,2.811133228434797,3.359348130241768,3.8739435227391277,4.338001201242035,4.737205761786388,5.059844601128828,5.296807916746737,5.441588706838247,5.490282770322242,5.441588706838342,5.296807916746917,5.059844601129078,4.737205761786693,4.338001201242371,3.873943522739472,3.359348130242098,2.8111332284351005,2.248819822724066,1.694531719235327,1.1729955248159643,0.7115406470338019,0.34009929417741486,0.09120647525612498,-0.0,0.16649996525831842,0.6284199315705783,1.3317387503341587,2.225566933734999,3.262146654747597,4.396851747135015,5.588187705448872,6.797791685029343,7.990432502005157,9.134010633293595,10.199558216600506,11.16123905042027,11.99634859403582,12.685313967518669,13.21169395172888,13.56217898831509,13.726591179714456,13.697884289152721,13.472143740644198,13.048586618991745,12.429561669786798,11.620549299409346,10.630161575027925,9.470142224599625,8.15536663687007,6.703841861373455,5.1367066084325295,3.4782312491586214,1.7558178154516275,-0.0
199,4,8.404930858502755,9.739717642050309,-0.0,0.09552096453878373,0.35618756812559554,0.7451998196658258,1.228483653331133,1.7746909285594454,2.3551994300549604,2.944112867788143,3.518260876995723,4.0571990181806985,4.543208777112331,4.961297564826151,5.2991987176239475,5.547371497073775,5.6990010900099595,5.7499986085331,5.699001090010058,5.547371497073963,5.2991987176242095,4.961297564826471,4.543208777112685,4.057199018181058,3.5182608769960693,2.9441128677884607,2.3551994300552366,1.7746909285596695,1.228483653331298,0.7451998196659311,0.35618756812564806,0.0955209645387985,-0.0,0.16794442790666725,0.6338717592464779,1.343292187472911,2.244874735404464,3.2904472552246506,4.434996428482007,5.636667766090085,6.856765608327446,8.059753124837673,9.21325231462935,10.288044006076085,11.258067856916485,12.100422354254164,12.795364814557766,13.326311383660958,13.679837036762422,13.845675578425832,13.816719642579901,13.589020692518364,13.16178902089997,12.537393749748498,11.721362830452735,10.722383043766483,9.552299999808541,8.226118138062713,6.762000727377827,5.181269865967724,3.5084064814112796,1.7710503306523993,-0.0
200,4,8.671407365122858,9.556911160017462,-0.0,0.0985494359644026,0.3674804175795085,0.7688262180290664,1.2674324606313632,1.830957118839225,2.4298705162400176,3.037455326555643,3.6298065736425382,4.185831631491678,4.687250224228572,5.118594426113266,5.467208661540334,5.723249705038888,5.879686681272579,5.932301065039601,5.879686681272681,5.723249705039083,5.467208661540606,5.118594426113597,4.6872502242289364,4.185831631492049,3.629806573642895,3.0374553265559703,2.4298705162403023,1.830957118839456,1.2674324606315333,0.7688262180291751,0.3674804175795626,0.09854943596441783,-0.0,0.16479224925314173,0.6219745081529209,1.3180796989635997,2.2027402846877466,3.2286882690662355,4.351755196578248,5.5308721524412725,6.728069762611093,7.9084781937818,9.040327153385782,10.09494588959373,11.046763191314627,11.873307388195746,12.55520635062269,13.076187489719356,13.423077757347958,13.585803646108984,13.557391189341244,13.33396596112187,12.914753076266287,12.302077190328234,11.501362499599761,10.521132741111202,9.373011192631195,8.071720672666654,6.63508354046282,5.084021696003222,3.442556580009721,1.7378091739424888,-0.0
201,4,8.390962971701875,9.267285836201392,-0.0,0.0953622212912484,0.35559563135476224,0.7439613958286327,1.2264420754888712,1.7717416262494103,2.351285399162103,2.939220140416724,3.5124139913409613,4.0504564884004255,4.535658563198641,4.953052542477054,5.290392148115018,5.53815249712981,5.689530101676626,5.740442869048585,5.689530101676724,5.53815249713,5.290392148115281,4.953052542477373,4.535658563198994,4.050456488400784,3.512413991341307,2.939220140417041,2.3512853991623794,1.7717416262496335,1.226442075489036,0.7439613958287379,0.35559563135481465,0.09536222129126315,-0.0,0.15979816614896936,0.6031253669070791,1.2781348618466852,2.1359855186808785,3.1308418132634857,4.21987382958907,5.3632572597929284,6.524173404151088,7.668809171080307,8.766357077138073,9.789015247022606,10.711987413572846,11.513482917768457,12.174716708729855,12.679909343718185,13.016286988135336,13.174081415523899,13.146530007567225,12.9298757540894,12.523367253055246,11.929258710570327,11.152809940880934,10.202286366374093,9.088959017577544,7.827104533159749,6.434005159929908,4.929948752837957,3.3382287749745805,1.6851442975712083,-0.0
202,4,8.343750786111453,9.417264261586999,-0.0,0.09482566083863993,0.35359485420924486,0.7397754586947871,1.2195414359461683,1.7617728306822196,2.3380557706897025,2.9226824668233067,3.4926512130056464,4.027666386227264,4.510138446546631,4.925183937090143,5.260625484052115,5.506991796694791,5.657517667348344,5.708143971410885,5.657517667348443,5.506991796694979,5.260625484052376,4.925183937090461,4.510138446546983,4.027666386227622,3.4926512130059897,2.922682466823622,2.338055770689977,1.7617728306824418,1.2195414359463321,0.7397754586948918,0.35359485420929687,0.0948256608386546,-0.0,0.16238428227424404,0.6128861312168933,1.2988197373753316,2.1705535411202868,3.181510232645826,4.288166751969363,5.450054288931654,6.629758283196786,7.79291842425219,8.908228651408631,9.947437153800214,10.88534637038437,11.699812989941865,12.371747951076813,12.885116442216681,13.226937901612272,13.387286017337706,13.359288727290467,13.139128219191388,12.726040930584627,12.122317548837716,11.333303011141503,10.36739650451018,9.236051465781271,7.953775581615616,6.538130788497408,5.009733272734178,3.392253470456816,1.7124160676195637,-0.0
203,4,8.375932638656357,9.26632680245639,-0.0,0.09519140347798886,0.3549586698061512,0.7426287731499219,1.2242452081069268,1.7685679897069844,2.347073653412104,2.933955255116486,3.5061223711465175,4.043201098260777,4.52753405365003,4.944180374937232,5.280915720177519,5.528232267858217,5.679338716898848,5.730160286651125,5.679338716898947,5.528232267858407,5.280915720177781,4.944180374937551,4.527534053650382,4.043201098261136,3.5061223711468625,2.9339552551168024,2.3470736534123797,1.7685679897072075,1.2242452081070914,0.7426287731500268,0.3549586698062035,0.09519140347800359,-0.0,0.15978162928624226,0.6030629519142157,1.2780025928647158,2.135764474221103,3.130517815169302,4.219437131997806,5.362702238097668,6.523498243962504,7.66801555718849,8.765449882474359,9.78800222162141,10.710878873533483,11.512291434216985,12.17345679678089,12.678597151436742,13.014939985498655,13.172718083383272,13.145169526609825,12.928537693800118,12.522071260678512,11.928024200071944,11.15165578190991,10.201230573224462,9.088018438150208,7.82629453792429,6.4333393308864375,4.929438572478932,3.3378833152466387,1.684969908836995,-0.0
204,4,8.396735355509803,9.228961642411385,-0.0,0.09542782369515913,0.3558402557764794,0.7444731881854204,1.2272857801270383,1.7729604580699874,2.3529029157465184,2.9412421141524794,3.51483028154731,4.053242913454047,4.5387787726593185,4.956459889213351,5.294031560429953,5.541962350886535,5.693444092424099,5.744391884147255,5.6934440924241985,5.541962350886723,5.2940315604302155,4.9564598892136695,4.538778772659671,4.053242913454406,3.5148302815476558,2.941242114152797,2.3529029157467947,1.772960458070211,1.227285780127203,0.7444731881855255,0.3558402557765317,0.0954278236951739,-0.0,0.159137332330414,0.6006311853473906,1.2728492270879266,2.127152304253543,3.1178944422102854,4.202422844988724,5.341077895283954,6.497193154455585,7.637095362527754,8.730104438189109,9.748533478792824,10.667688760356581,11.465869737562574,12.124369043757534,12.627472490952718,12.962459069823913,13.119600949711394,13.092163478619987,12.876405183219045,12.471577768842439,11.879926119488575,11.106688297820376,10.160095545165287,9.051372281515258,7.794736105526742,6.407397794520736,4.909561304482742,3.3244237700628143,1.6781755045755324,-0.0
205,4,8.178485565204829,9.252963911566415,-0.0,0.0929474427341155,0.3465911776625283,0.7251226775012263,1.1953858984687171,1.7268772802860317,2.2917457461767197,2.8647927028668523,3.4234720405850165,3.9478901330623204,4.420805837532387,4.827630494731362,5.156427928897898,5.39791444777317,5.545458842600871,5.595082388127226,5.545458842600968,5.397914447773354,5.156427928898154,4.8276304947316735,4.420805837532733,3.9478901330626712,3.4234720405853536,2.864792702867162,2.291745746176989,1.7268772802862495,1.195385898468878,0.7251226775013286,0.34659117766257935,0.09294744273412986,-0.0,0.15955120956072508,0.6021932799721382,1.2761595962200225,2.132684506479394,3.1260033221144985,4.213352317678819,5.3549687309150675,6.514090762755182,7.656957577320331,8.752809301920909,9.773887027056537,10.695432806416054,11.495689656877525,12.155901558508255,12.660313454564784,12.996171251492887,13.153721818927542,13.126212989692979,12.909893559802665,12.504013288459296,11.910822898054805,11.135574074170362,10.186519465576355,9.074912684232388,7.815008305287278,6.424061867079093,4.922329871135115,3.3330697821718838,1.682540028095177,-0.0
206,4,8.279103105556853,9.453980578034447,-0.0,0.09409094821509426,0.35085518858803283,0.7340436518896942,1.2100923851301515,1.748122551558675,2.31994043066373,2.9000374181729764,3.4655900260532664,3.996459882510647,4.475193731990356,4.887023435176826,5.219865968993674,5.464323426603713,5.613683017408951,5.663917067050596,5.6136830174090475,5.464323426603898,5.219865968993933,4.887023435177141,4.4751937319907045,3.996459882511002,3.4655900260536074,2.9000374181732895,2.319940430664002,1.7481225515588954,1.2100923851303143,0.734043651889798,0.35085518858808457,0.0940909482151088,-0.0,0.16301739105493232,0.6152756703139112,1.303883615287326,2.1790161613110546,3.1939144015464587,4.304885586980393,5.471303126425195,6.65560658651868,7.823301691724157,8.942960324330402,9.98622052445169,10.927786490027755,11.745428576823812,12.419983298430575,12.935353326264249,13.278507489566525,13.439480775404549,13.411374328670986,13.190355452083981,12.775657606187165,12.169580409349667,11.377489637766098,10.407817225456544,9.272061264266569,7.984786003867202,6.563621851754968,5.029265373251873,3.405479291505429,1.7190924874886413,-0.0
207,4,8.64447017261733,9.326521032436862,-0.0,0.09824329821581042,0.3663388623124632,0.76643790677043,1.2634952598123703,1.825269363403134,2.422322273249759,3.0280196588014716,3.618530803249683,4.172828603527989,4.672689570312178,5.102693828020216,5.450225114812251,5.7054707825906235,5.861421796999854,5.913872737426664,5.861421796999956,5.705470782590817,5.450225114812522,5.102693828020545,4.672689570312541,4.17282860352836,3.6185308032500387,3.0280196588017985,2.4223222732500433,1.825269363403364,1.2634952598125402,0.7664379067705382,0.3663388623125172,0.09824329821582561,-0.0,0.16081957369991876,0.6069804599833897,1.286304521302006,2.149638439675387,3.150853716691177,4.24684667350505,5.397538450840702,6.565875008989849,7.7178271278122335,8.822390406735611,9.851585264755766,10.780456940436492,11.587075491909593,12.252535796874918,12.760957552600342,13.099485275921765,13.258288303243086,13.230560790536247,13.012521713341226,12.60341486676602,12.00550886548666,11.224097143747203,10.267497955359714,9.147054373704277,7.877134291728984,6.475130421949958,4.9614602964513415,3.359566266885326,1.6959155044721308,-0.0
208,4,8.976397844067003,9.634269824261962,-0.0,0.1020156137610252,0.3804054277700061,0.7958673506374384,1.3120105570026712,1.8953554875339078,2.5153338489282056,3.144288613911475,3.7574740212384747,4.333055575692817,4.852110048086964,5.298625475262229,5.659501160088768,5.924547671465589,6.086486844320556,6.140951779610391,6.086486844320662,5.924547671465791,5.659501160089048,5.298625475262571,4.852110048087342,4.333055575693202,3.757474021238844,3.1442886139118142,2.515333848928501,1.8953554875341467,1.3120105570028473,0.7958673506375508,0.3804054277700621,0.10201561376104097,-0.0,0.16612616437138653,0.6270090968750736,1.3287489291335104,2.220570422820022,3.2548229696588056,4.386980591424939,5.5756419399443695,6.782530297093915,7.972493574801266,9.113504315044981,10.176659689854487,11.136181501310075,11.969416181542895,12.656834792734989,13.182033027119273,13.531731206979543,13.695774284650433,13.667131842517481,13.441898093017102,13.01929187863658,12.40165667191408,11.594460575438648,10.606296321850184,9.44888127383946,8.13705742414809,6.6887913955685825,5.125174440944313,3.4704224431695474,1.7518759151894359,-0.0
209,4,8.732857277434741,9.49365679068656,-0.0,0.09924780636074164,0.3700845668814339,0.7742745036062131,1.2764141184277995,1.8439321930874977,2.4470897891751973,3.0589802481293695,3.655529191237066,4.215494519633921,4.720466414304151,5.154867336080551,5.505952025644491,5.763807503525923,5.921353070103387,5.974340305604009,5.921353070103491,5.76380750352612,5.505952025644763,5.154867336080883,4.720466414304518,4.215494519634296,3.6555291912374255,3.0589802481296995,2.4470897891754846,1.8439321930877304,1.276414118427971,0.7742745036063224,0.37008456688148833,0.09924780636075699,-0.0,0.16370153807851684,0.6178578427791016,1.309355719145244,2.1881609980150176,3.207318536021077,4.322952215590663,5.494264944945594,6.68353865810227,7.856134314871666,8.980491900859334,10.028130427465413,10.973647931884596,11.794721477106155,12.472107151913958,12.989640070886457,13.334234374396686,13.495883228612234,13.467658825495294,13.245712382802644,12.829274144085645,12.220653378690242,11.425238381756968,10.451496474220919,9.31097400281177,8.018296340053752,6.591167884265691,5.050372059560989,3.419771315847648,1.7263071288282608,-0.0
210,4,8.250544211835086,9.575860422530404,-0.0,0.09376638003953287,0.34964490820924515,0.7315115570028236,1.205918152803312,1.742092375883114,2.3119377604039903,2.890033694417059,3.453635419862792,3.9826740325710173,4.45975648226092,4.870165572541038,5.201859960909259,5.445474158752828,5.594318531348344,5.644379297861778,5.594318531348442,5.445474158753013,5.201859960909516,4.870165572541352,4.459756482261267,3.982674032571371,3.453635419863131,2.890033694417371,2.3119377604042617,1.7420923758833338,1.2059181528034741,0.7315115570029269,0.34964490820929667,0.09376638003954736,-0.0,0.16511899620505022,0.6232077474322244,1.3206931624363099,2.2071078364210943,3.235090051039364,4.3603837743929095,5.541838661032521,6.741410051957978,7.92415897461806,9.058252142910543,10.114961957182194,11.06866650422877,11.896849557295011,12.580100576074678,13.102114706710529,13.449692781794322,13.612741320366794,13.584272527917694,13.360404296385779,12.940360204158804,12.32646951607353,11.52416718341572,10.541993843920121,9.39159582177047,8.087725127599478,6.648239458488881,5.0941021979693915,3.4493824160207507,1.741254869071706,-0.0
211,4,8.349757321604558,9.666517795699802,-0.0,0.0948939243465137,0.353849401606025,0.7403080114595432,1.2204193647228183,1.7630411033463427,2.339738900415351,2.924786460149818,3.4951655179044545,4.030565840168714,4.513385224566787,4.928729499857604,5.264412525934825,5.510956193826852,5.6615904256968275,5.712253174842644,5.661590425696926,5.510956193827039,5.264412525935085,4.928729499857921,4.513385224567139,4.030565840169072,3.4951655179047982,2.9247864601501337,2.3397389004156257,1.7630411033465652,1.2204193647229822,0.7403080114596478,0.3538494016060771,0.09489392434652835,-0.0,0.16668222434286825,0.6291078310621081,1.333196537338011,2.2280031492099845,3.2657175615765515,4.401664758195352,5.594304811683145,6.8052328835157905,7.99917922402827,9.14400917241467,10.21072315672819,11.173456693881128,12.009480389644892,12.699199938650015,13.226156124386147,13.577024819202059,13.741616984305605,13.712878669763775,13.486891014502689,13.062870246307565,12.443167681822754,11.633269726551722,10.641797874857032,9.480508709960354,8.164293903942458,6.71118021774323,5.142329501161675,3.482038692855926,1.7577398203432442,-0.0
212,4,8.790792582336115,9.684409178936761,-0.0,0.09990623369324363,0.3725397727253414,0.7794111762917609,1.284882073277195,1.8561651622555644,2.463324211490015,3.0792740589329184,3.679780612225868,4.243460848699682,4.751782815374402,5.189065628959292,5.542479475852832,5.802045612142728,5.9606363636059125,6.013975125708547,5.9606363636060165,5.802045612142925,5.542479475853107,5.189065628959626,4.751782815374772,4.243460848700059,3.6797806122262293,3.0792740589332506,2.463324211490304,1.8561651622557984,1.2848820732773676,0.7794111762918708,0.3725397727253963,0.09990623369325909,-0.0,0.16699073001342457,0.6302722223704147,1.3356640991512538,2.2321268739098343,3.2717619516736582,4.409811628943837,5.604659093695093,6.817828425375746,8.013984594907727,9.16093346468657,10.229621788581408,11.194137211934974,12.031708271563597,12.72270439575723,13.25063590427943,13.602154008367377,13.767050810731817,13.738259305557134,13.511853378501325,13.087047806695994,12.466198258746358,11.654801294731241,10.661494366203069,9.498055816187863,8.179404879185226,6.72360168116839,5.151847239584185,3.4884834633530666,1.7609931528691116,-0.0
213,4,9.07673669006568,9.867986660678916,-0.0,0.10315595191631247,0.38465762807319376,0.804763615366142,1.3266763090687674,1.916541912832794,2.543450438688059,3.179435707042511,3.7994753466822075,4.381490794771316,4.906347296852116,5.357853906844994,5.722763487048442,5.99077270813906,6.154522049171565,6.20959579757879,6.154522049171672,5.990772708139264,5.722763487048725,5.35785390684534,4.9063472968524975,4.381490794771704,3.79947534668258,3.179435707042854,2.543450438688357,1.9165419128330357,1.3266763090689455,0.8047636153662556,0.38465762807325043,0.10315595191632841,-0.0,0.17015620321098665,0.6422196509906803,1.3609829231750146,2.2744390297543635,3.333781410873542,4.493403936831808,5.710900908082862,6.947067055234833,8.165897539050295,9.334587950446249,10.423534310494142,11.406333070419837,12.259781111603633,12.963875745580285,13.501814714038982,13.859996188823365,14.02801877193148,13.99868149551584,13.7679838218834,13.335125643495555,12.702507282968147,11.87572949307146,10.863593456730202,9.678100787023514,8.334453527184955,6.851054150602537,5.249505560818704,3.5546110915303606,1.7943745065888623,-0.0
214,4,9.11477053555655,9.917613662920502,-0.0,0.10358820170724702,0.3862694418001506,0.8081357805008882,1.3322354217188839,1.924572713050811,2.55410814578059,3.192758354879389,3.815396119005618,4.399850360504933,4.926906145410239,5.380304683441679,5.746743328006638,6.015875576199743,6.180311068802876,6.235615590285165,6.180311068802983,6.0158755761999485,5.7467433280069224,5.380304683442026,4.926906145410623,4.399850360505324,3.815396119005993,3.192758354879733,2.55410814578089,1.9245727130510535,1.3322354217190626,0.8081357805010023,0.3862694418002075,0.103588201707263,-0.0,0.17101193422973837,0.6454494320144329,1.3678274300538389,2.2858773904564242,3.3505473007393674,4.516001673828563,5.739621548058616,6.982004487172837,8.206964580323243,9.381532442070563,10.475955212384228,11.46369655664237,12.321436665631818,13.029072255548133,13.569716567995581,13.92969936998715,14.098566953944504,14.069082137698043,13.837224264486888,13.402189202958864,12.766389347170518,11.935453616587102,10.918227456082581,9.726772835939606,8.376368251849524,6.885508724912408,5.275905801637032,3.5724875539409013,1.8033985791502456,-0.0
215,4,8.828017680793742,9.98210112755974,-0.0,0.10032929217755307,0.3741173130425761,0.782711636120006,1.2903229776366372,1.864025196521123,2.473755294403975,3.0923134156175616,3.6953628471961046,4.261430018875684,4.771904503094233,5.211039014991541,5.5659494124092435,5.826614695890835,5.985877008681669,6.03944163672896,5.985877008681773,5.826614695891034,5.565949412409521,5.211039014991877,4.771904503094604,4.261430018876062,3.6953628471964683,3.092313415617895,2.473755294404265,1.8640251965213581,1.2903229776368106,0.7827116361201166,0.3741173130426312,0.10032929217756859,-0.0,0.17212390798031507,0.6496463486153556,1.376721477152887,2.30074088911617,3.372333620303957,4.545366146790499,5.776942384925541,7.027403691334311,8.260328862917534,9.442534136851416,10.544073190587662,11.538237141853445,12.401554548651431,13.113791409259786,13.657951162232177,14.020274686397764,14.190240300861173,14.160563765002546,13.927198278477523,13.48933448121723,12.84940045342831,12.013061715592876,10.989221228468544,9.7900193930884,8.430834050761007,6.930280483070429,5.310211411876222,3.5957169993134532,1.8151248477926925,-0.0
216,4,8.69088851029297,10.090623804649567,-0.0,0.09877083668837008,0.3683059974491423,0.7705534595866772,1.2702798687531613,1.835070538948609,2.4353294525208615,3.044279260165585,3.637961280926268,4.195235502194226,4.697780579708595,5.130093837556339,5.479491268172234,5.736107532338884,5.8928959591867205,5.945628546194007,5.8928959591868235,5.73610753233908,5.479491268172506,5.130093837556669,4.69778057970896,4.195235502194597,3.6379612809266253,3.0442792601659128,2.435329452521147,1.8350705389488404,1.2702798687533319,0.7705534595867859,0.3683059974491965,0.09877083668838535,-0.0,0.17399519209640305,0.656709126282346,1.391688817034387,2.3257539156710263,3.408996710352703,4.594782126081801,5.839747724702646,7.103803704901492,8.350132902206537,9.545190788987908,10.658705474457678,11.663677704669833,12.5363808625203,13.256360967746952,13.80643667692961,14.172699283490038,14.344512717691904,14.314513546640848,14.078610974284452,13.635986841412231,12.989095625655658,12.143664441488136,11.108693040225003,9.896453810023525,8.522491775882884,7.005624599644214,5.367942579990588,3.6348086524470347,1.8348583893805326,-0.0
217,4,8.823501288282108,10.138221923761924,-0.0,0.10027796395413162,0.3739259155293185,0.7823112027384744,1.2896628515194835,1.8630715657352013,2.472489727173455,3.0907313955470417,3.6934723084937233,4.259249881576234,4.769463208282273,5.208373060024511,5.563101886140574,5.823633813893062,5.982814648469547,6.036351872982573,5.982814648469651,5.823633813893261,5.56310188614085,5.2083730600248455,4.7694632082826445,4.259249881576611,3.693472308494086,3.0907313955473747,2.472489727173745,1.8630715657354362,1.2896628515196564,0.7823112027385849,0.37392591552937354,0.10027796395414712,-0.0,0.17481593856745528,0.6598068653141544,1.39825350236633,2.336724645929856,3.425077166290247,4.616456007812661,5.867294188941896,7.137312802202384,8.389521014198195,9.590216065613035,10.708983271210242,11.718696019832787,12.595515774403266,13.318892071923928,13.871562523476669,14.239552814223027,14.412176703404146,14.38203602434084,14.145020684433565,13.700308665162412,13.05036602208713,12.200946884847099,11.161093457161329,9.94313601682846,8.562692915726748,7.038670579814109,5.393263509128086,3.6519542777858836,1.8435135339843576,-0.0
218,4,9.045719423340024,10.17257377065231,-0.0,0.10280344464589346,0.38334316576637567,0.8020135556738481,1.3221427553983132,1.9099926546873756,2.534758892006242,3.168570854537718,3.786491678182208,4.366518247557716,4.889581195999844,5.339544905561792,5.70320750701435,5.970300879845913,6.1334906522624735,6.188376201187632,6.13349065226258,5.970300879846118,5.703207507014634,5.339544905562136,4.889581196000224,4.366518247558103,3.7864916781825797,3.1685708545380598,2.534758892006539,1.9099926546876163,1.3221427553984908,0.8020135556739615,0.3833431657664321,0.10280344464590933,-0.0,0.17540827619833643,0.662042522077731,1.4029912749844906,2.3446422874912267,3.436682527396852,4.632098177726588,5.887174636731956,7.161496517890773,8.417947649907159,9.62271107671153,10.7452690574606,11.758403066537374,12.638193793551144,13.36402114333752,13.918564235958424,14.287801406702076,14.46101020608297,14.430767399841924,14.192948968946073,13.74673010958884,13.094585233189967,12.242287966395496,11.19891115107776,9.976826844335383,8.591706318493266,7.0625200611026315,5.411537774940994,3.6643283780121925,1.8497600035463777,-0.0
219,4,9.101706803402536,10.222960962078266,-0.0,0.10343973406166664,0.38571582166157736,0.8069775210209204,1.330325997159315,1.921814321894814,2.550447473843902,3.1881823384214942,3.8099277078409353,4.393544281113998,4.919844664050887,5.372593369260232,5.738506816149088,6.00725333092294,6.171453146585704,6.226678402939735,6.171453146585812,6.007253330923144,5.738506816149373,5.372593369260579,4.919844664051269,4.393544281114388,3.8099277078413096,3.1881823384218384,2.550447473844201,1.921814321895056,1.3303259971594936,0.8069775210210345,0.3857158216616342,0.1034397340616826,-0.0,0.17627711535249438,0.6653217770670918,1.4099406264008978,2.3562558616395943,3.4537052380974385,4.655042068117266,5.916335221070488,7.196969123357083,8.459643758405605,9.670374666673172,10.798492945645483,11.81664524983679,12.70079379078991,13.430216337076255,13.987506214295806,14.358572305077127,14.53263904907733,14.502246442982122,14.263250040505788,13.814820952391193,13.159445846409776,12.30292694736156,11.254382037075125,10.026244454407617,8.634263095244737,7.097502412500769,5.438342416118569,3.682478673069588,1.858922307353863,-0.0
220,4,9.004098078170887,10.189691742354476,-0.0,0.10233042337981896,0.38157931952332025,0.7983233148573027,1.3160592857028772,1.9012043582754683,2.5230959086848137,3.1539915629349626,3.769069196924272,4.346426936445412,4.86708315718536,5.314976484725404,5.676965794541137,5.942830212002458,6.105269112373584,6.159902120813049,6.105269112373691,5.942830212002661,5.6769657945414185,5.314976484725747,4.867083157185739,4.3464269364457975,3.769069196924643,3.153991562935303,2.52309590868511,1.9012043582757079,1.3160592857030537,0.7983233148574154,0.3815793195233764,0.10233042337983478,-0.0,0.1757034457371361,0.6631565788950187,1.405352168646708,2.348587751169727,3.442465629646062,4.639892874262162,5.897081322208942,7.173547577681766,8.432113011880464,9.638903763009317,10.76335073627707,11.77818960389691,12.659460805086477,13.38650954606789,13.941985800067727,14.311844307317031,14.485344575051284,14.455050877510448,14.21683225593895,13.769862518585681,13.116620240703998,12.262888764551723,11.217756199391127,9.99361542148893,8.606164074116293,7.074404567548848,5.420644079066691,3.670494552954391,1.8528727005009928,-0.0
221,4,9.183112448920845,10.316416839900205,-0.0,0.10436489881432426,0.3891656631173852,0.8141951261840438,1.3422244299354684,1.9390030249391368,2.5732586704088347,3.2166974342046557,3.844003692832996,4.43284013144656,4.9638477438443545,5.420645832471695,5.78983200842019,6.060982191427761,6.226650609878632,6.282369800803345,6.226650609878741,6.060982191427968,5.789832008420478,5.420645832472045,4.963847743844741,4.4328401314469525,3.844003692833374,3.216697434205003,2.5732586704091367,1.9390030249393813,1.3422244299356487,0.8141951261841587,0.3891656631174425,0.10436489881434038,-0.0,0.17788859881763686,0.6714039905217363,1.4228299682858856,2.3777961923460764,3.4852781900007006,4.697597355610559,5.970420950598853,7.262762103451178,8.536979809715532,9.75877893200231,10.897210199984304,11.924670210396695,12.81690142703705,13.552992180765365,14.115376669504027,14.489834958237836,14.665492979013965,14.634822530942008,14.39364128019397,13.941112760004252,13.279746370669674,12.415397379549447,11.357266921065184,10.117901996700875,8.713195475002902,7.162386091580058,5.488058449103529,3.716143017306928,1.8759161329862775,-0.0
222,4,9.40372403037864,10.029180892705014,-0.0,0.10687212122983727,0.3985148301745181,0.8337550385124396,1.3744695163161922,1.9855848920525623,2.63507765258253,3.293974143161271,3.9363505674381467,4.539332987456717,5.083097323654728,5.550869354864119,5.928924718311013,6.206588909615727,6.37623728279277,6.433295050250856,6.376237282792881,6.206588909615937,5.928924718311307,5.550869354864476,5.083097323655123,4.5393329874571196,3.9363505674385335,3.2939741431616256,2.635077652582839,1.985584892052812,1.3744695163163765,0.8337550385125573,0.3985148301745768,0.10687212122985378,-0.0,0.17293571634210642,0.6527103525890131,1.3832146716203186,2.3115921457139073,3.3882389565459508,4.5668039951909085,5.804188862121526,7.060547867208828,8.299288029722122,9.487069078329,10.59380345109533,11.592656295485254,12.460045468361189,13.175641535983857,13.722367774012255,14.086400167503683,14.257167410913691,14.227350908096133,13.992884772303164,13.552955826185212,12.910003601791008,12.069720340567562,11.04105099336016,9.836193220412362,8.470597391365995,6.96296658526118,5.335256590536319,3.612675905028119,1.8236857359715843,-0.0
223,4,9.39728928191385,9.849276928358575,-0.0,0.1067989911362923,0.39824213579478324,0.8331845194354496,1.373528998965678,1.9842262027402673,2.6332745305614265,3.291720153678775,3.9336570147893375,4.536226828037549,5.079619079015252,5.547071024761695,5.924867693763528,6.2023418859548105,6.371874172717012,6.42889289687902,6.371874172717123,6.202341885955022,5.924867693763823,5.547071024762053,5.079619079015647,4.536226828037951,3.9336570147897234,3.2917201536791296,2.6332745305617347,1.984226202740517,1.3735289989658626,0.8331845194355672,0.39824213579484186,0.1067989911363088,-0.0,0.1698335865390967,0.6410020006052397,1.3584024954686593,2.270126686528849,3.3274605513145685,4.484884429483842,5.7000730228239584,6.933895395251463,8.150414972812165,9.316889543681125,10.403771258162672,11.384706628690383,12.236536529827083,12.939296198264875,13.476215232825139,13.833717594458506,14.001421606244847,13.972139953393327,13.741879683242367,13.30984220525966,12.678423291042163,11.8532130743161,10.842996050936947,9.65975107888943,8.318651378287521,6.838064531374463,5.239552482522761,3.5478715382342005,1.79097236713984,-0.0
224,4,9.498735706889947,9.787591644942239,-0.0,0.10795191678504112,0.402541273529,0.842178984573905,1.3883566372734868,2.005646491993181,2.661701482110125,3.32725521401316,3.976121967102826,4.585196693791363,5.134455019502712,5.606953242672516,5.988828334748104,6.269297940188514,6.440660376464486,6.498294634058466,6.4406603764645975,6.269297940188728,5.9888283347484,5.606953242672876,5.134455019503111,4.58519669379177,3.976121967103216,3.327255214013519,2.661701482110437,2.005646491993433,1.388356637273673,0.8421789845740238,0.4025412735290593,0.10795191678505779,-0.0,0.1687699315118821,0.6369874531044049,1.3498949224218317,2.255909053187022,3.3066209152014308,4.45679593434511,5.664373892576709,6.890468927933461,8.099369534531197,9.258538562564336,10.33861321830589,11.313405064107444,12.15990001839918,12.858258355689877,13.391814706566922,13.747078057696292,13.913731751822533,13.884633487768806,13.655815320436878,13.2264836608071,12.599019275938431,11.778977288968429,10.775087179113223,9.59925278166754,8.266552288004668,6.795238245576514,5.206737557913565,3.5256514846249245,1.7797556413983031,-0.0
225,4,9.638787557780867,9.734633978827166,-0.0,0.10954358816315948,0.40847644765715596,0.8545962924357772,1.4088269317154942,2.0352182699754633,2.700946306957524,3.3763131376662,4.034746952368694,4.652802036594891,5.210158771137357,5.6896236320513385,6.077129190654755,6.361734113528209,6.535623162514988,6.594107194721069,6.535623162515102,6.361734113528426,6.077129190655056,5.689623632051705,5.210158771137762,4.652802036595303,4.03474695236909,3.3763131376665636,2.70094630695784,2.0352182699757195,1.4088269317156832,0.8545962924358979,0.4084764476572161,0.1095435881631764,-0.0,0.16785676900904223,0.6335409087363196,1.3425910536883023,2.2437030189797835,3.2887298003338783,4.432681574082029,5.633725697163997,6.85318670712786,8.055546322130018,9.208443440935188,10.282674142916402,11.252191688055003,12.094106516940643,12.788686250771313,13.31935569135333,13.67269682110133,13.838448803038245,13.809507980795352,13.581927878612259,13.154919201336883,12.530849834425482,11.715244843942632,10.716786476561216,9.547314159562434,8.221824500835782,6.758471288879094,5.178565492798517,3.5065752623085427,1.7701259277319903,-0.0
226,4,9.577706946601614,9.675420860573407,-0.0,0.10884941482697334,0.405887948748381,0.8491807499164938,1.3998992518056375,2.0223211732121946,2.6838305182546036,3.354917576373357,4.009178922330999,4.623317416212125,5.17714220342339,5.653568714693493,6.038618666073184,6.321420058935262,6.494207179974586,6.552320601208076,6.4942071799746985,6.321420058935477,6.038618666073483,5.653568714693858,5.177142203423792,4.623317416212536,4.009178922331392,3.3549175763737185,2.683830518254918,2.0223211732124495,1.3998992518058255,0.8491807499166137,0.40588794874844075,0.10884941482699015,-0.0,0.16683574215434546,0.6296872525198465,1.3344244392062996,2.230055186664965,3.2687253556885656,4.40571878341129,5.59945728330879,6.811500645198171,8.006546635238003,9.15243099592831,10.220127446110578,11.18374768096774,12.020541372024178,12.710896167145759,13.238337690539804,13.589529542755113,13.754273300681904,13.725508517551889,13.49931272293825,13.074901422755623,12.454628099260118,11.643984211049304,10.651599193062207,9.489240456579298,8.171813389222493,6.717361354955185,5.147065694082218,3.4852457232499208,1.7593587354460953,-0.0
227,4,9.653299390825659,9.620191489843643,-0.0,0.10970851329020699,0.4090914360024842,0.8558829437539209,1.4109480139677486,2.0382824258733434,2.7050127605062246,3.3813964007080535,4.04082153112663,4.659807138215895,5.2180030102359325,5.69818973725296,6.086278711139333,6.371312125573547,6.54546297604024,6.604035059830203,6.545462976040355,6.3713121255737635,6.086278711139635,5.698189737253327,5.2180030102363375,4.659807138216308,4.040821531127027,3.381396400708418,2.705012760506542,2.0382824258736,1.4109480139679378,0.8558829437540417,0.40909143600254444,0.10970851329022395,-0.0,0.16588340807118793,0.6260928630649196,1.32680725922769,2.2173255549076494,3.2500667725546006,4.380569998720007,5.5674943840569835,6.7726191433202905,7.960843555366344,9.100186963153208,10.161788773740597,11.119908458289864,11.951925552064008,12.638339654427694,13.162770428847244,13.511957602890636,13.675760968227474,13.64716038062904,13.42225575996827,13.000267090219758,12.383534419459753,11.577517859866163,10.590797587718537,9.435073843398067,8.125166931387577,6.6790172202715565,5.117685142736148,3.4653511955691596,1.7493159396600686,-0.0
228,4,9.323092914715573,9.590040013648307,-0.0,0.10595575890995182,0.39509781205898803,0.8266061048848908,1.3626842905707925,1.9685597300451778,2.612483491981883,3.2657303528000927,3.9025987966643396,4.500411015484506,5.039512908915822,5.503274084358865,5.878087856959553,6.153371249609152,6.321564992944285,6.378133525346927,6.3215649929443956,6.153371249609362,5.878087856959844,5.50327408435922,5.0395129089162145,4.5004110154849055,3.902598796664723,3.265730352800445,2.612483491982189,1.968559730045426,1.3626842905709755,0.8266061048850075,0.3950978120590462,0.10595575890996818,-0.0,0.16536349850026721,0.6241305711420717,1.322648797565608,2.2103760426493237,3.2398804565099164,4.3668404745023395,5.5500448172197965,6.751392490493735,7.93589278539385,9.071665278228089,10.129939830542643,11.085056589121937,11.91446598598864,12.59872873840369,13.121515848866267,13.46960860511382,13.632898580122005,13.604387632104764,13.380187904514287,12.959521826041016,12.34472211061365,11.541231757399142,10.557604050802682,9.405502560467703,8.099701141275862,6.658083933347085,5.101645362039543,3.4544901379496737,1.7438332569121766,-0.0
229,4,9.089455858011044,9.570971847252498,-0.0,0.10330050363371808,0.38519664613001187,0.8058913250188153,1.3285353713463646,1.9192275496751994,2.5470145580841623,3.183891028168398,3.804799525039349,4.387630547324759,4.913222527168673,5.365361830231433,5.730782755689674,5.999167536236334,6.163146338080655,6.218297260948183,6.163146338080762,5.9991675362365395,5.730782755689959,5.3653618302317785,4.913222527169055,4.3876305473251485,3.804799525039723,3.1838910281687416,2.547014558084461,1.9192275496754414,1.3285353713465429,0.8058913250189291,0.3851966461300686,0.10330050363373404,-0.0,0.1650347012584717,0.6228895934645737,1.3200189349874223,2.205981085160245,3.2334385042803806,4.358157753609281,5.539009495372511,6.737968492759737,7.920113609924735,9.053627811985388,10.109798165023685,11.063015836085711,11.890776093181652,12.573678305285823,13.095425942336643,13.442826575236653,13.605791875852471,13.57733761701485,13.353583672518656,12.933754017122867,12.320176726550578,11.518283977488997,10.536612047589424,9.386801315467267,8.08359626070202,6.644845463837298,5.091501606380824,3.4476214708044517,1.7403659405441505,-0.0
230,4,8.927294005686392,9.641596814186553,-0.0,0.10145755491632602,0.37832448539547975,0.7915136953698149,1.3048334292211414,1.8849872717807274,2.501574148329297,3.1270883245970307,3.7369194067635614,4.309352341457978,4.8255674157588215,5.269640257194089,5.628541833741221,5.892138453827117,6.0531917663281325,6.107358760570084,6.053191766328238,5.892138453827318,5.6285418337415,5.269640257194428,4.825567415759197,4.309352341458361,3.736919406763929,3.127088324597368,2.50157414832959,1.8849872717809648,1.3048334292213166,0.7915136953699268,0.3783244853955355,0.10145755491634169,-0.0,0.16625250552175527,0.627485945605619,1.3297594603095788,2.222259196065076,3.257298305677002,4.390316948323704,5.5798822895569815,6.787688501302075,7.9785567618576785,9.12043525589593,10.184399174462422,11.144650714976175,11.978519081229651,12.666460483388787,13.192058137992971,13.542022267955033,13.70619010256124,13.677525877471329,13.45212083471849,13.029193222709365,12.411088296224053,11.603278316416109,10.61436255081252,9.456067273313725,8.14324576419358,6.693878310099418,5.129072204052006,3.4730617454455897,1.7532082400478703,-0.0
231,4,8.863499428162028,9.574630606466696,-0.0,0.10073253769963983,0.37562097292041685,0.7858575265723381,1.2955090698683738,1.8715171243244593,2.483697861759494,3.104742104295339,3.7102153243568177,4.278557644671714,4.791083838270774,5.231983328487703,5.588320188959162,5.850033143624773,6.009935566727123,6.06371548281177,6.009935566727227,5.850033143624972,5.58832018895944,5.231983328488041,4.791083838271147,4.278557644672094,3.7102153243571823,3.104742104295674,2.4836978617597847,1.871517124324695,1.2955090698685476,0.7858575265724491,0.3756209729204722,0.1007325376996554,-0.0,0.16509779017394743,0.6231277096220433,1.3205235474257806,2.206824380256134,3.234674572373557,4.359823775627989,5.541126929458847,6.740544260895022,7.9231412845548865,9.057088802646282,10.113662904966535,11.06724496890243,11.895321659430227,12.578484929115675,13.10043201811401,13.447965454169951,13.610993052617664,13.582527916380823,13.358688435972581,12.938698289495575,12.324886442641924,11.522687148693235,10.540639948520575,9.390389670584483,8.08668643093496,6.647385633211499,5.093447968643065,3.4489394160481206,1.741031241834622,-0.0
232,4,8.90271641884739,9.56892920640743,-0.0,0.10117823378443092,0.3772829264541919,0.7893345919853159,1.3012411136889448,1.8797977442113325,2.494687105533843,3.118479188972948,3.726631355180228,4.297488334142371,4.812282225181171,5.25513249695353,5.613045987451448,5.87591690400204,6.0365268232675255,6.090544691245243,6.03652682326763,5.87591690400224,5.613045987451727,5.255132496953868,4.812282225181544,4.297488334142752,3.726631355180595,3.118479188973285,2.494687105534135,1.8797977442115694,1.3012411136891193,0.7893345919854273,0.37728292645424744,0.10117823378444654,-0.0,0.1649994794829797,0.6227566561050366,1.3197372159900311,2.205510283747399,3.2327484224721514,4.357227633744879,5.537827357631744,6.7365304726844775,7.9184232959403875,9.051695582922347,10.107640527638805,11.060654762583766,11.888238358736801,12.570994825563073,13.092631111013317,13.439957601523853,13.602888122016534,13.574439935898825,13.35073374506376,12.930993689889952,12.317547349241595,11.515825740468452,10.534363319405859,9.384797980374707,8.081871056181448,6.643427318118116,5.090414975962316,3.4468856779772463,1.7399945109116897,-0.0
233,4,8.91112536312831,9.587658970379456,-0.0,0.10127380036100231,0.37763928410476016,0.7900801476439184,1.3024701839531494,1.881573282569154,2.4970434295906614,3.1214247076784267,3.730151296055229,4.3015474705058745,4.8168276033771935,5.260096163578042,5.61834771657929,5.88146692441384,6.042228545676617,6.096297435524586,6.042228545676723,5.88146692441404,5.618347716579569,5.260096163578381,4.816827603377568,4.301547470506256,3.7301512960555954,3.121424707678763,2.497043429590954,1.8815732825693912,1.3024701839533244,0.7900801476440301,0.3776392841048158,0.10127380036101795,-0.0,0.16532244156573334,0.623975610172859,1.322320406441899,2.209827244000883,3.2390760494853494,4.365756262538347,5.548666835810432,6.749716234959661,7.933922438651596,9.069412938559303,10.12742473936335,11.082304358751804,11.911507827420218,12.595600689071677,13.118258000416771,13.466264331173603,13.629513764067752,13.601009894832327,13.37686583220795,12.956304197942748,12.341657126792363,11.53836626651995,10.554982777896148,9.403167334699102,8.097690123714445,6.656430844735319,5.100378710562379,3.453632447003799,1.7434002928752736,-0.0
234,4,8.832731975721162,9.606069409707082,-0.0,0.1003828695366258,0.3743170973446594,0.783129615968848,1.291012029617292,1.8650206141614454,2.4750763171361174,3.0939647577394687,3.6973362268330088,4.263705686941601,4.7744527722534595,5.213821788620145,5.5689217135565645,5.82972619624098,5.9890735575150025,6.042666789883605,5.989073557515106,5.829726196241178,5.568921713556842,5.21382178862048,4.774452772253831,4.26370568694198,3.6973362268333725,3.0939647577398026,2.475076317136408,1.8650206141616805,1.2910120296174652,0.7831296159689586,0.3743170973447145,0.1003828695366413,-0.0,0.16563989745244606,0.6251737822343076,1.324859555955841,2.214070604191927,3.2452957964820723,4.37413948633041,5.559321511205698,6.762677192541311,7.949157335735249,9.086828230150127,10.146871649113185,11.10358484991627,11.934380573815845,12.619787046033014,13.1434479757535,13.49212255612766,13.655685464270443,13.627126861261445,13.402552392144896,12.98118318592964,12.365355855589158,11.560522498061555,10.575250694249549,9.421223509020471,8.113239491206253,6.669212673603465,5.110172572973299,3.4602641900415856,1.7467480094987902,-0.0
235,4,8.719244491133352,9.526397984653894,-0.0,0.0990930987849793,0.36950767870356144,0.7730675637672397,1.2744244428755458,1.8410578698160514,2.443275263264368,3.054211906784143,3.649830948827061,4.208923402732843,4.713108146729248,5.1468319239320675,5.497369342345124,5.754822874860277,5.912122859257429,5.965027498204522,5.912122859257532,5.754822874860474,5.497369342345396,5.146831923932399,4.713108146729614,4.208923402733217,3.64983094882742,3.0542119067844724,2.443275263264654,1.8410578698162836,1.274424442875717,0.7730675637673489,0.3695076787036158,0.09909309878499462,-0.0,0.16426610281149073,0.6199886764421128,1.3138713521113348,2.1957074056056154,3.2183797572784023,4.3378609720501355,5.513213259408243,6.706588473407135,7.883228112668209,9.011463320379848,10.062714884297419,11.011493236743261,11.835398454606697,12.515120259344048,13.034438016978628,13.380220738100746,13.542427077867663,13.514105336003658,13.291393456800002,12.87351902911495,12.262799286373758,11.464641106568665,10.487541012258893,9.343085170570639,8.045949393197068,6.613899136398349,5.067789501001626,3.43156523240106,1.7322607205578047,-0.0
236,4,8.814665902578982,9.703511558791517,-0.0,0.10017755092532235,0.3735514859712378,0.7815278378371455,1.2883714516150826,1.8612059847897258,2.470013907238391,3.0876365012310307,3.6897738614302322,4.254984894891221,4.764687321061856,5.203157671782635,5.557531291286679,5.817802336199753,5.976823775540256,6.030307390719233,5.9768237755403595,5.81780233619995,5.5575312912869546,5.20315767178297,4.764687321062226,4.2549848948915985,3.6897738614305946,3.087636501231364,2.4700139072386804,1.8612059847899605,1.2883714516152556,0.7815278378372559,0.3735514859712928,0.10017755092533784,-0.0,0.16732011720659248,0.6315154266982335,1.33829868041573,2.2365297171439034,3.2782154625115867,4.418509928991631,5.615714215900899,6.831276509400256,8.029792082494584,9.179003295032771,10.249799593707712,11.2162175120563,12.055440670459433,12.747799776142037,13.276772623173045,13.628984092465418,13.79420615177609,13.765357855706032,13.538505345700242,13.112861850047713,12.49078768388147,11.677790249178548,10.68252403475998,9.516790616290805,8.19553865628005,6.73686390408077,5.162009195890023,3.4953644547489007,1.764466690542519,-0.0
237,4,8.875974953490731,9.472034253229939,-0.0,0.10087432044985964,0.37614966579162884,0.7869636343299982,1.2973325207915336,1.8741513163246784,2.487193708499752,3.109112081308951,3.7154375151663404,4.284579786907864,4.797827369791336,5.2393474334964445,5.5961858441247445,5.858267164199666,6.018394652666516,6.072250264892482,6.01839465266662,5.858267164199866,5.596185844125022,5.239347433496782,4.797827369791709,4.284579786908243,3.7154375151667054,3.1091120813092865,2.4871937085000444,1.8741513163249146,1.2973325207917075,0.7869636343301093,0.37614966579168424,0.10087432044987522,-0.0,0.16332869516699708,0.6164506237650896,1.3063735602463642,2.183177292138152,3.200013620043025,4.313106357638804,5.481751331678552,6.668316381990565,7.838241361478385,8.96003813612079,10.005290584971794,10.948654600160648,11.767858086891824,12.443700963445064,12.960055161175344,13.30386462451289,13.465145310963145,13.43698519110681,13.21554424859984,12.800054480173433,12.192819895634026,11.399216517863309,10.427692382818195,9.289767539530843,8.00003405010862,6.576155989734153,5.0388694466653074,3.411982522235208,1.7223753308522336,-0.0
238,4,8.825553321269684,9.579917419900887,-0.0,0.10030128504665915,0.37401287741536643,0.782493140536421,1.2899627812897303,1.8635048500048121,2.4730647404607926,3.091450189886407,3.694331278959993,4.260240431809499,4.7705724160124765,5.209584342596087,5.5643956660370835,5.8249881842618345,5.984206038646314,6.037755714016113,5.984206038646418,5.8249881842620335,5.56439566603736,5.209584342596422,4.770572416012848,4.260240431809877,3.694331278960356,3.09145018988674,2.4730647404610826,1.863504850005047,1.2899627812899037,0.7824931405365316,0.37401287741542155,0.10030128504667465,-0.0,0.16518895204231834,0.6234717813760201,1.321252699485807,2.2080429200891545,3.2364606591363096,4.362231134810298,5.544186567526914,6.744266179934717,7.927516196915044,9.062089845581992,10.11924735528243,11.073355957595986,11.901889886335043,12.585430377544787,13.107665669503161,13.45539100272089,13.618508619941446,13.590027766141093,13.36606468852887,12.945842636546589,12.331691861868839,11.529049618402984,10.546460162289153,9.395574751900227,8.091151647841844,6.651056112952428,5.096260412303167,3.4508438131980386,1.7419925851738065,-0.0
239,4,9.002996946900165,9.522424928851448,-0.0,0.10231790916371963,0.38153265533582026,0.7982256861155337,1.31589834187252,1.9009718557468689,2.5227873536490995,3.1536058542601575,3.768608269031415,4.34589540218467,4.866487950712146,5.314326504376493,5.6762715457107795,5.942103450018501,6.104522485373584,6.159148812620387,6.10452248537369,5.9421034500187035,5.676271545711061,5.314326504376836,4.866487950712524,4.345895402185055,3.7686082690317853,3.1536058542604977,2.522787353649395,1.9009718557471087,1.3158983418726966,0.7982256861156464,0.3815326553358764,0.10231790916373544,-0.0,0.16419759440002485,0.619730105509809,1.313323392199563,2.1947916693470244,3.2170375078374565,4.336051834563651,5.510913932425925,6.703791440332115,7.879940353197579,9.0077050219452,10.058518153505378,11.006900810816031,11.830462412822584,12.509900734478007,13.029001906742797,13.37464041658498,13.536779106980072,13.508469176911147,13.285850181368806,12.868150031351167,12.257684993863888,11.459859691920151,10.48316710454065,9.339188566753595,8.042593769594705,6.611140760107227,5.065675941341936,3.430134072357146,1.7315382682187097,-0.0
240,4,9.065616182296214,9.503811226705164,-0.0,0.10302956876739866,0.3841863586855675,0.8037776464719405,1.325050910568587,1.9141938311422138,2.540334290084163,3.1755403710104124,3.7948203592615717,4.376122741902885,4.900336207724229,5.351289647240114,5.715752152689674,5.983433018036682,6.146981738969544,6.201988012901307,6.14698173896965,5.983433018036886,5.715752152689959,5.351289647240459,4.90033620772461,4.3761227419032735,3.7948203592619447,3.1755403710107553,2.540334290084461,1.914193831142455,1.325050910568765,0.8037776464720541,0.38418635868562406,0.10302956876741458,-0.0,0.16387663360084456,0.6185187048759122,1.3107562088794737,2.1905014597930914,3.210749090925617,4.327576054713197,5.500141622719267,6.690687385634547,7.864537253277043,8.990097454592048,10.038856537652144,10.985385369657186,11.807337136934308,12.485447344937949,13.003533818249844,13.348496700579018,13.510318454761755,13.482063862761654,13.259880025669611,12.842996363703806,12.233724616209717,11.437458841660115,10.462675417655051,9.320933040921847,8.026872727315103,6.598217811816718,5.055773948535874,3.423429110709065,1.728153590700081,-0.0
241,4,9.314091480752804,9.427165694490704,-0.0,0.1058534587639029,0.39471634564042757,0.8258080177764164,1.3613686206782063,1.9666590882116293,2.609961142602013,3.262577294434178,3.8988308426524356,4.49606587456059,5.034647265821938,5.497960680459266,5.872412570854846,6.147430177750443,6.315461530247316,6.371975445806229,6.315461530247426,6.1474301777506515,5.872412570855137,5.49796068045962,5.034647265822329,4.496065874560989,3.898830842652819,3.26257729443453,2.609961142602319,1.966659088211877,1.3613686206783888,0.825808017776533,0.3947163456404857,0.10585345876391924,-0.0,0.1625550151995282,0.6135305275869312,1.300185333171139,2.172835689062016,3.1848553134703588,4.292675385707902,5.455784546187313,6.63672889642218,7.801111999027033,8.917594877717324,9.957896017309432,10.896791363720663,11.712114323969235,12.384755766174326,12.89866401955604,13.24084487443542,13.40136158223441,13.373334855475916,13.152942867783777,12.73942125388276,12.135063109598583,11.345218991857887,10.378296918688239,9.245762369218125,7.962138283676949,6.545005063395057,5.01500057080372,3.3958201294351666,1.7142165239225604,-0.0
242,4,9.237350120139416,9.421784605955251,-0.0,0.10498130301280664,0.3914641691416905,0.8190039584625729,1.3501519303050113,1.9504552432522015,2.5884569551409764,3.235696023061805,3.866707303358788,4.459021551629664,4.993165422725801,5.452661470752207,5.824028149067511,6.096779810283981,6.26342670626752,6.319474988137678,6.263426706267629,6.096779810284188,5.8240281490678,5.452661470752558,4.99316542272619,4.459021551630058,3.866707303359168,3.2356960230621534,2.5884569551412797,1.9504552432524473,1.3501519303051925,0.8190039584626886,0.39146416914174814,0.10498130301282287,-0.0,0.16246222772161403,0.6131803203035185,1.2994431787827443,2.1715954200782357,3.1830373769908498,4.2902250982033605,5.452670348280454,6.63294060766872,7.796659072696665,8.912504655574697,9.952211984395142,10.89057140313221,11.705428971642029,12.377686465662649,12.89130137681403,13.23328691259805,13.393711996398473,13.365701267480999,13.14543508099324,12.732149507964724,12.128136335306898,11.338743065813121,10.372372918158652,9.240484826900651,7.957593442478176,6.541269131212206,5.012137975305626,3.393881772843254,1.7132380377918293,-0.0
243,4,9.0943155715131,9.435024890358612,-0.0,0.10335573365629808,0.3854025930394184,0.8063221980011547,1.3292456780339095,1.920253672270696,2.548376329485136,3.1855933080914616,3.8068337761445075,4.389976411339719,4.915849401013144,5.368230442141441,5.733846741341865,6.00237501487228,6.166441488631159,6.221621898157592,6.166441488631267,6.002375014872484,5.73384674134215,5.368230442141788,4.915849401013526,4.3899764113401085,3.806833776144882,3.1855933080918053,2.548376329485435,1.920253672270938,1.329245678034088,0.8063221980012686,0.3854025930394751,0.10335573365631406,-0.0,0.1626905333123063,0.6140420128777928,1.3012692656625287,2.174647128663539,3.1875104489088013,4.296254083457253,5.460332899398781,6.642261773854225,7.807615593975373,8.925029256944963,9.966197669976685,10.905875750315166,11.721878425235984,12.395080632045673,12.909417318081735,13.251883440712618,13.412533967337707,13.384483875387355,13.163908152322875,12.750041795636532,12.145179812851556,11.354677221522126,10.386949049233367,9.253470333601342,7.968776122273057,6.550461472926474,5.019181453270511,3.3986511410450517,1.715645624020948,-0.0
244,4,9.221587336139958,9.42221565365672,-0.0,0.10480216098810795,0.39079616748954416,0.817606395057046,1.3478480062394451,1.9471269505816697,2.584039964624743,3.2301745719057826,3.860109082957995,4.451412595310683,4.9846449934892405,5.443356949015151,5.814089920405985,6.086376153175407,6.252738679833177,6.308691319885154,6.252738679833286,6.086376153175616,5.814089920406273,5.443356949015501,4.984644993489627,4.451412595311078,3.860109082958374,3.2301745719061308,2.5840399646250463,1.9471269505819153,1.347848006239626,0.8176063950571614,0.39079616748960166,0.10480216098812414,-0.0,0.16246966038673682,0.6132083733718816,1.299502628453781,2.1716947708120395,3.183183001307518,4.290421376482339,5.452919808559879,6.633244065444766,7.7970157707228855,8.91291240366137,9.952667299208608,10.891069647994232,11.70596449632912,12.378252746205417,12.891891155296536,13.23389233695714,13.394324760223123,13.366312749811662,13.14603648612119,12.732732005231398,12.128691198903242,11.339261814578931,10.372847455381919,9.240907580116913,7.9579575032698475,6.541568395007933,5.012367281179625,3.394037043314659,1.7133164186240328,-0.0
245,4,9.269627759926857,9.342441116708377,-0.0,0.10534813426191951,0.39283204404920297,0.821865765627174,1.354869702945207,1.95727062763673,2.597501679019222,3.247002364094212,3.8802185575472783,4.474602501748047,5.010612806750195,5.471714450291445,5.844378777793564,6.118083502362367,6.285312704787721,6.341556833543553,6.28531270478783,6.118083502362575,5.844378777793854,5.471714450291798,5.010612806750584,4.4746025017484445,3.8802185575476593,3.247002364094562,2.597501679019526,1.9572706276369767,1.354869702945389,0.82186576562729,0.3928320440492608,0.10534813426193579,-0.0,0.1610940877611542,0.6080165569417829,1.288500203519066,2.153307806312089,3.1562321269818403,4.254095910031216,5.406751882805019,6.577082755489944,7.731001221114594,8.837449955549467,9.868401617506965,10.798858848541377,11.606854273048889,12.273450498267604,12.782740114277528,13.121845694000582,13.28091979320055,13.253144950483154,13.034733687296018,12.624928507928674,12.026001899512558,11.243256332021016,10.285024258269281,9.162668113914485,7.890580317455643,6.486183270233683,4.969929356431432,3.3653009430736436,1.6988103800269776,-0.0
246,4,9.258647477595108,9.392614592673445,-0.0,0.10522334475717592,0.3923667171920377,0.8208922294314275,1.3532648001113108,1.954952154376779,2.594424823882048,3.2431561467904557,3.8756222677744625,4.469302138015649,5.00467751520472,5.465232963541498,5.837455853734921,6.110836363003052,6.2778674750730765,6.33404498018131,6.277867475073186,6.110836363003261,5.837455853735211,5.46523296354185,5.004677515205109,4.4693021380160465,3.875622267774843,3.2431561467908057,2.5944248238823517,1.9549521543770254,1.3532648001114924,0.8208922294315434,0.3923667171920955,0.10522334475719217,-0.0,0.16195924176527665,0.6112819030890039,1.2954200795112871,2.164872121903243,3.173182636466998,4.2769424847356925,5.435788783573475,6.612404905175497,7.772520477067921,8.884911382107912,9.921399758483643,10.856853999714282,11.669188754649994,12.339364927471975,12.851389677692424,13.192316420154564,13.352244825032585,13.324320817831719,13.104736579388213,12.692730545869315,12.090587408773295,11.303638114929432,10.340259866498002,9.211876120970285,7.9329565911685425,6.521017245246067,4.996620306687146,3.383374254307101,1.7079338222522706,-0.0
247,4,9.30259578428046,9.41135049063448,-0.0,0.1057228116433531,0.3942291763538114,0.8247887838193093,1.3596883837508977,1.9642317858827463,2.6067398599721434,3.258550535799492,3.894018803168309,4.4905167119052285,5.0284333718599985,5.491174952905478,5.865164684937639,6.139842857875563,6.307666821661458,6.3641109862606475,6.3076668216615674,6.139842857875774,5.8651646849379295,5.4911749529058325,5.028433371860388,4.490516711905626,3.8940188031686915,3.258550535799843,2.606739859972449,1.964231785882994,1.35968838375108,0.8247887838194258,0.39422917635386945,0.10572281164336944,-0.0,0.1622823096179625,0.6125012563637178,1.2980041159568292,2.169190495959207,3.1795123357751063,4.285473906651133,5.446631811676237,6.625594985781705,7.788024695741174,8.902634540170617,9.941190449528348,10.878510686115016,11.692465844073606,12.36397884938946,12.877024959890266,13.218631765246068,13.378879186969218,13.35089947841444,13.130877224778812,12.71804934310175,12.114705082265022,11.326186022992749,10.36088607785138,9.230251491249698,7.948780839438816,6.534025030512203,5.0065873044056675,3.3901232328973796,1.7113407196078672,-0.0
248,4,9.32130455014804,9.425886740000578,-0.0,0.10593543437530499,0.39502202402016234,0.8264475445141206,1.3624228991715772,1.9681821190417814,2.6119823629088312,3.2651039172916736,3.9018501964441024,4.499547742354757,5.038546224747127,5.502218441079546,5.876960316545186,6.1521909040720715,6.320352384323074,6.376910065695922,6.320352384323184,6.152190904072282,5.876960316545478,5.5022184410799,5.038546224747519,4.499547742355156,3.9018501964444856,3.2651039172920258,2.611982362909137,1.9681821190420294,1.3624228991717604,0.8264475445142373,0.3950220240202205,0.10593543437532137,-0.0,0.1625329618620438,0.6134472917927896,1.3000089410376237,2.172540907146551,3.1844232339741914,4.292093011679787,5.455044376727197,6.6358285118848865,7.800053646225941,8.916385055128053,9.956545060273536,10.895313029649294,11.71052537754685,12.38307556456235,12.89691409759656,13.239048529854873,13.399543460847259,13.37152053638833,13.151158448597323,12.737692935898092,12.133416783019108,11.34367982099346,10.376888927158847,9.24450802515757,7.96105808493653,6.544117122747253,5.014320201145876,3.3953594289931726,1.7139839614545433,-0.0
249,4,9.263288358020139,9.392183313033087,-0.0,0.10527608776981588,0.39256339030456916,0.8213037001875878,1.353943121662695,1.9559320706342098,2.5957252746669495,3.2447817729862236,3.8775649164778345,4.471542367688079,5.007186100823744,5.467972401752112,5.840381868000951,6.113899408758521,6.281014244873579,6.3372199088553876,6.281014244873689,6.113899408758729,5.8403818680012405,5.467972401752465,5.007186100824132,4.471542367688475,3.8775649164782156,3.2447817729865736,2.595725274667254,1.9559320706344567,1.3539431216628763,0.8213037001877037,0.39256339030462695,0.10527608776983215,-0.0,0.16195180510077264,0.6112538349257975,1.295360597851469,2.164772717710625,3.1730369337925466,4.27674610084296,5.435539189064032,6.612101284114368,7.772163587109013,8.884503414619449,9.920944198673595,10.856355486755806,11.66865294180686,12.338798342223996,12.850799581860896,13.191710670027692,13.35163173149092,13.32370900647359,13.104134850655155,12.692147735171508,12.090032246614992,11.303119087034393,10.339785073934928,9.211453140278245,7.932592334482415,6.520717820421962,4.9963908774278485,3.3832189002874937,1.7078553992447736,-0.0
250,4,8.973518751228253,9.3894789573435,-0.0,0.1019828932390383,0.3802834164062118,0.7956120838779187,1.3115897422989726,1.8947475705826051,2.5145270799104646,3.1432801137326134,3.7562688477675277,4.3316657900020985,4.85055378069163,5.2969259923598395,5.65768592979885,5.9226474300692,6.0845346624998475,6.138982128688171,6.084534662499953,5.922647430069402,5.65768592979913,5.296925992360181,4.850553780692008,4.331665790002483,3.7562688477678967,3.143280113732952,2.5145270799107595,1.894747570582844,1.3115897422991487,0.7956120838780311,0.3802834164062678,0.10198289323905406,-0.0,0.16190517320795647,0.6110778324212499,1.2949876157996807,2.1641493998705994,3.1721232995289066,4.275514668037055,5.433974097025046,6.610197416490425,7.769925694798282,8.881945238681256,9.918087593239528,10.853229541940818,11.66529310662038,12.335245547481035,12.847099363093156,13.187912290394662,13.347787304691005,13.319872619655195,13.100361687327803,12.688493198116948,12.0865510807983,11.299864502515085,10.33680786877806,9.208800823465529,7.930308248823315,6.518840265464811,4.99495223237095,3.38224474689023,1.707363644738712,-0.0
251,4,8.869071945713603,9.473025678902317,-0.0,0.10079586864910235,0.3758571273288764,0.7863515983433531,1.296323561603673,1.8726937546280877,2.4852593725419605,3.106694068077762,3.7125479515750714,4.281247590980573,4.7940960118480636,5.235272697338443,5.591833588219712,5.853711082866983,6.013714037262476,6.067527764995528,6.01371403726258,5.853711082867183,5.59183358821999,5.235272697338781,4.794096011848437,4.2812475909809535,3.712547951575436,3.1066940680780974,2.485259372542252,1.8726937546283242,1.296323561603847,0.7863515983434641,0.37585712732893173,0.10079586864911792,-0.0,0.16334579057196452,0.6165151468609543,1.3065102966907984,2.183405802504237,3.20034856136292,4.313557804947411,5.482325099557185,6.6690143461106155,7.8390617801449896,8.960975971816497,10.006337825900232,10.94980058179019,11.76908981349926,12.44500342965926,12.961411673520919,13.305257122953876,13.466554690446653,13.438391623106705,13.216927502660399,12.801394245453015,12.194096102448743,11.400409659230691,10.42878383600086,9.290739887580152,8.00087140340836,6.5768443075441905,5.039396858665267,3.412339650068134,1.722555609668254,-0.0
252,4,8.758057931952417,9.49380298588731,-0.0,0.09953420857713843,0.37115253043746277,0.7765088495536322,1.280097502937369,1.84925328063946,2.4541514257497563,3.0678076343971714,3.666078055749679,4.227659292014314,4.734088398437174,5.169742883303416,5.5218407079372485,5.780440286701948,5.938440486999853,5.991580629272367,5.938440486999956,5.780440286702146,5.521840707937523,5.169742883303749,4.734088398437542,4.227659292014689,3.6660780557500394,3.0678076343975023,2.454151425750044,1.8492532806396929,1.2800975029375405,0.7765088495537418,0.3711525304375174,0.09953420857715381,-0.0,0.16370405895953774,0.6178673573269047,1.3093758822421873,2.1881946940547454,3.2073679263232107,4.323018785815489,5.494349552508762,6.683641579589468,7.856255293453324,8.980630193705311,10.028284853159677,10.973816917839928,11.794903106978833,12.472299213018447,12.989840101610097,13.334439711614388,13.496091055101163,13.467866217349563,13.245916356848008,12.829471705294178,12.220841567595043,11.425414321866839,10.451657419435064,9.311117384834477,8.018419815809086,6.591269383312188,5.050449831506341,3.4198239777633948,1.7263337126644813,-0.0
253,4,9.147454205494261,9.541301186292891,-0.0,0.10395964743710201,0.3876545236180166,0.8110335871995549,1.337012540641728,1.9314738302077483,2.5632666459640303,3.2042069217801874,3.829077335329029,4.415627308086564,4.944573005332,5.399597336147741,5.767349953419379,6.037447253835713,6.202472377888733,6.257975209873646,6.202472377888841,6.037447253835918,5.767349953419666,5.399597336148088,4.944573005332384,4.415627308086956,3.829077335329405,3.2042069217805333,2.5632666459643314,1.931473830207992,1.3370125406419073,0.8110335871996693,0.3876545236180737,0.10395964743711807,-0.0,0.16452308250692183,0.620958593537094,1.3159267868852924,2.1991423943871773,3.2234146259192937,4.3446471693990745,5.521838190784836,6.717080334075771,7.895560721311956,9.025560952574345,10.078457105984775,11.028719737705954,11.853913881941459,12.534699050935766,13.05482923497424,13.401152902383135,13.563612999529553,13.53524695082151,13.312186658707903,12.893658503678518,12.281983344264031,11.482576517035996,10.503947836606851,9.357701595629896,8.058536564799299,6.624245992850128,5.075717606558321,3.4369336107407253,1.7349706882550786,-0.0
254,4,9.31284480029758,9.437408775434534,-0.0,0.10583929039993185,0.3946635133105664,0.8256974843209895,1.3611864030507261,1.9663958531497419,2.6096118022984416,3.2621406022076695,3.8983089886187057,4.495464081303266,5.033973384063506,5.497224784732014,5.87162655517181,6.1466073512763515,6.314616212969538,6.371122564205712,6.314616212969648,6.146607351276562,5.871626555172101,5.497224784732368,5.033973384063897,4.495464081303664,3.8983089886190885,3.2621406022080213,2.609611802298748,1.9663958531499897,1.3611864030509087,0.8256974843211061,0.39466351331062455,0.1058392903999482,-0.0,0.16273163924884212,0.614197158795,1.301598048725448,2.1751965823105257,3.188315816003939,4.297339589442763,5.461712525447436,6.643940030021756,7.809588292352886,8.927284284811348,9.968715762951025,10.908631265509154,11.724840114406325,12.398212414746508,12.91267905481704,13.255231706088628,13.415922823215313,13.387865644034523,13.167234189567058,12.753263264017082,12.148248454772133,11.357546132403108,10.389573450664265,9.25580834649321,7.970789540010902,6.552116534521667,5.020449616513198,3.3995098556565715,1.716079104806235,-0.0
255,4,9.083824498629086,9.412104870760999,-0.0,0.10323650395437689,0.384957998098604,0.8053920362005542,1.3277122791564067,1.9180384949906495,2.5454365588560774,3.1819184530337923,3.802442266933198,4.384912197092005,4.910178547176225,5.362037727980181,5.727232257426484,5.995450760566056,6.159327969578129,6.214444723770241,6.159327969578236,5.995450760566261,5.727232257426768,5.362037727980526,4.910178547176607,4.384912197092393,3.802442266933572,3.1819184530341356,2.5454365588563763,1.9180384949908915,1.327712279156585,0.8053920362006679,0.3849579980986607,0.10323650395439282,-0.0,0.16229531758630705,0.6125503522693191,1.2981081593149202,2.169364370495323,3.1797671940890666,4.285817414881021,5.4470683941623825,6.626126069730668,7.7886489558897205,8.903348143449705,9.941987299727106,10.879382668544734,11.693403070231696,12.364969901623457,12.878057136061805,13.219691323394859,13.379951589977031,13.351969638669093,13.131929748838138,12.719068776357592,12.115676153607208,11.32709388947307,10.361716569347584,9.230991355129456,7.949417985223717,6.534548774541724,5.006988614501163,3.3903949730260567,1.7114778945467732,-0.0
256,4,9.213502929404003,9.353967749188906,-0.0,0.10471028273923919,0.39045356322265656,0.8168896136172982,1.3466663711148739,1.9454199379317596,2.5817745813089967,3.2273427335122897,3.8567249918320035,4.447510118583167,4.98027504110547,5.438584851763264,5.808992807945556,6.0810403320660145,6.247257011562976,6.303160598899445,6.247257011563085,6.081040332066222,5.8089928079458435,5.438584851763614,4.980275041105856,4.447510118583561,3.8567249918323823,3.2273427335126375,2.5817745813092996,1.945419937932005,1.3466663711150546,0.8168896136174134,0.390453563222714,0.10471028273925537,-0.0,0.16129284441599548,0.6087667231249457,1.2900899452269894,2.1559645410338546,3.160126262068856,4.2593445810669,5.413422691974481,6.585197509949672,7.740539671362136,8.848353533793114,9.880577176035434,10.8121823980935,11.621174721183287,12.28859338773238,12.798511361379946,13.138035326976746,13.297305690585102,13.26949657947894,13.050815842143784,12.64050504827674,12.040839488786512,11.257128175793389,10.297713842629236,9.173972943837496,7.900315655173184,6.4941858736029054,4.976061217304853,3.369453025668824,1.7009063592962133,-0.0
257,4,9.398714627906786,9.422231259909948,-0.0,0.10681519001125497,0.3983025396852505,0.833310893773892,1.373737330751167,1.984527162813147,2.6336739358779853,3.2922194295859177,3.934253657299259,4.536914866102403,5.080389536801824,5.547912383926077,5.925766355725786,6.20328263417366,6.372840634964488,6.42986800751515,6.372840634964599,6.2032826341738705,5.925766355726079,5.547912383926434,5.080389536802218,4.536914866102805,3.934253657299646,3.2922194295862726,2.6336739358782943,1.9845271628133967,1.3737373307513516,0.8333108937740097,0.39830253968530915,0.10681519001127147,-0.0,0.16246992948932956,0.6132093890443633,1.2995047808527322,2.1716983678448156,3.18318827369374,4.290428482815384,5.452928840368373,6.633255052254071,7.797028685116593,8.912927166342792,9.952683784062264,10.891087687147346,11.705983885213108,12.378273248617376,12.891912508460734,13.233914256586512,13.394346945580763,13.366334888772302,13.146058260232703,12.732753094776287,12.128711287960119,11.339280596084024,10.372864636190558,9.240922886065007,7.957970684235403,6.5415792299725135,5.012375583289866,3.394042664943744,1.713319256433193,-0.0
258,4,9.344279614461012,9.415873795946595,-0.0,0.10619654304359293,0.39599567061201835,0.8284845646956153,1.3657809863965502,1.9730332759288187,2.618420352618246,3.273151714902484,3.911467440331006,4.510638185565117,5.050965186377944,5.5157802576544395,5.891445793391371,6.16735476669734,6.335930729792771,6.392627814009925,6.3359307297928815,6.16735476669755,5.8914457933916635,5.515780257654794,5.0509651863783365,4.510638185565517,3.9114674403313914,3.2731517149028364,2.618420352618553,1.9730332759290676,1.3657809863967334,0.8284845646957322,0.3959956706120767,0.10619654304360931,-0.0,0.16236030612164049,0.6127956381518941,1.2986279657346798,2.1702330573751403,3.1810404804396435,4.287533601155783,5.4492495846123745,6.628779394759454,7.791767794408277,8.906913345231319,9.945968407762274,10.883739141396049,11.69808550438876,12.369921253857763,12.883213945781641,13.2249849350002,13.385309375214442,13.357316218986618,13.137188217740205,12.7241619217599,12.12052768019163,11.33162964104255,10.365865751181026,9.234687756336635,7.952601201100159,6.537165428923615,5.008993582120234,3.3917526018644955,1.7121632281921075,-0.0
259,4,9.11235637302784,9.386903395585504,-0.0,0.10356076505878696,0.3861671334415647,0.8079217354942931,1.331882562278047,1.9240629655690173,2.5534316578585123,3.1919127123529525,3.8143855629738717,4.398685004357916,4.925601191856848,5.378879641537537,5.745221230181962,6.014282195287214,6.178674135065502,6.233964008444154,6.178674135065609,6.014282195287418,5.7452212301822465,5.378879641537883,4.925601191857231,4.398685004358306,3.814385562974246,3.1919127123532967,2.553431657858811,1.9240629655692598,1.3318825622782258,0.8079217354944072,0.3861671334416216,0.10356076505880295,-0.0,0.16186076214165232,0.6109102119703714,1.2946323968790694,2.163555767310346,3.1712531767564904,4.27434188175948,5.432483541910986,6.6083842198523515,7.767794381274614,8.879508894918489,9.915367032574379,10.85025246908236,11.662093282332181,12.331861953263305,12.843575365864867,13.184294807175707,13.34412596728432,13.316218939328907,13.096768219497367,12.685012707027282,12.083235704205928,11.29676491637027,10.333972451906952,9.206274822252292,7.928132941892273,6.517052128362584,4.993582102248592,3.3813169871853685,1.7068953098576864,-0.0
260,4,8.998000683833006,9.421782121780833,-0.0,0.10226112727279167,0.3813209216735728,0.7977827063457615,1.3151680767925238,1.8999169008767745,2.5213873188211777,3.1518557432081438,3.7665168589798284,4.343483623438132,4.863787266244704,5.3113772894209355,5.673121467347955,5.938805846766643,6.101134746777626,6.1557307588412815,6.101134746777731,5.938805846766846,5.6731214673482375,5.311377289421277,4.863787266245082,4.343483623438519,3.7665168589801983,3.151855743208484,2.5213873188214735,1.899916900877014,1.3151680767927003,0.7977827063458743,0.38132092167362897,0.10226112727280748,-0.0,0.16246218488636288,0.6131801586306583,1.2994428361678747,2.171594847509236,3.1830365377421983,4.2902239670304585,5.452668910613944,6.63293885880881,7.796657017007448,8.912502305678474,9.952209360366737,10.890568531693305,11.705425885355469,12.377683202126772,12.89129797785699,13.233283423472136,13.393708464974427,13.365697743442341,13.14543161503059,12.73214615097012,12.128133137568117,11.338740076208005,10.372370183349425,9.240482390528246,7.957591344356547,6.541267406522658,5.0121366537911305,3.393880878002772,1.7132375860746352,-0.0
261,4,8.944502574949727,9.402723898611882,-0.0,0.10165312810568822,0.37905375712180545,0.7930394453048988,1.3073486725221424,1.8886208402513391,2.5063962715809196,3.133116211209941,3.744122825448085,4.317659202215657,4.834869351043588,5.279798203073436,5.639391611057373,5.9034963493582,6.064860113949344,6.119131522414866,6.0648601139494485,5.903496349358401,5.639391611057653,5.279798203073776,4.834869351043964,4.317659202216039,3.7441228254484527,3.1331162112102793,2.506396271581214,1.8886208402515772,1.3073486725223178,0.7930394453050107,0.3790537571218613,0.10165312810570394,-0.0,0.16213355909815644,0.6119398280695282,1.2968143449496654,2.1672021818010463,3.1765979447130754,4.281545773802084,5.441639343211334,6.619521861111002,7.780886069698193,8.894474245196928,9.932078197858157,10.86853927195974,11.681748345806449,12.35264583173,12.865221676089039,13.206515359269133,13.36661589568276,13.338661833769327,13.118841255995193,12.706391778853623,12.103600552864828,11.31580426257594,10.351389126561001,9.221790897420979,7.941494861783736,6.528035840304087,5.00199818766375,3.387015792571399,1.7097720777626393,-0.0
262,4,8.99602668062081,9.427917457775314,-0.0,0.10223869297868432,0.381237266564987,0.7976076868408408,1.3148795520302585,1.8995000924993344,2.5208341707562427,3.1511642814512397,3.7656905513766543,4.3425307394668975,4.862720236798457,5.310212066589897,5.671876884201852,5.937502977137039,6.099796265040252,6.154380299698373,6.099796265040359,5.937502977137242,5.671876884202135,5.310212066590238,4.862720236798835,4.342530739467282,3.7656905513770242,3.1511642814515795,2.5208341707565385,1.8995000924995737,1.314879552030435,0.7976076868409535,0.38123726656504314,0.10223869297870011,-0.0,0.16256797804500225,0.613579453185523,1.3002890156169922,2.1730089604510487,3.185109287715541,4.293017702354527,5.456219614228278,6.63725813811326,7.8017340937021515,8.918306005603833,9.958690103343386,10.897660321362096,11.713048299017435,12.385743380583111,12.899692615249027,13.241900757121307,13.402430265222257,13.374401303490403,13.153991740780498,12.740437150863489,12.136030812426545,11.346123709073042,10.379124529322558,9.246499666610859,7.962773219289903,6.5455269906278755,5.015400488809155,3.3960909269343493,1.714353223020287,-0.0
263,4,8.852225632690793,9.368807213226471,-0.0,0.10060441245559502,0.37514320744440677,0.7848579668503667,1.293861266491931,1.8691366761220811,2.480538759428325,3.100793074032693,3.7054961714917383,4.273115597296537,4.784989890872686,5.225328585580306,5.581212208714032,5.842592281503022,6.002291319110961,6.056002830636064,6.002291319111065,5.8425922815032205,5.581212208714308,5.225328585580643,4.7849898908730575,4.273115597296916,3.7054961714921024,3.1007930740330276,2.4805387594286157,1.8691366761223165,1.2938612664921045,0.7848579668504776,0.37514320744446206,0.10060441245561058,-0.0,0.16154872506775797,0.6097324921052656,1.2921365893742374,2.1593848391502037,3.16513959772251,4.266101755394321,5.4220107364826164,6.595644499318182,7.752819536245622,8.862390873623346,9.896252071823577,10.829335225232338,11.639610962249462,12.308088445288606,12.818815370777246,13.158877969156675,13.318401004881974,13.290547776422061,13.071520116259672,12.660558390891358,12.059941500827493,11.274986880592262,10.314050498723661,9.188526857773484,7.91284899430732,6.504488478904593,4.9839554161585236,3.374798444676177,1.7036047370784366,-0.0
264,4,8.94716786065136,9.463069732524573,-0.0,0.10168341873689954,0.379166707680044,0.7932757554492238,1.307738236692394,1.889183612085675,2.5071431283333547,3.1340498181678824,3.7452385003498696,4.318945779668093,4.836310046939489,5.281371479009157,5.641072038750353,5.905255475064492,6.066667322881162,6.120954903158116,6.066667322881267,5.905255475064693,5.6410720387506315,5.281371479009497,4.836310046939865,4.318945779668476,3.745238500350238,3.1340498181682204,2.5071431283336487,1.8891836120859133,1.3077382366925694,0.7932757554493358,0.37916670768009986,0.10168341873691523,-0.0,0.1631741176569859,0.6158672026928217,1.3051371824507734,2.181111089935369,3.196985063812398,4.309024348408916,5.47656329371324,6.662005355374936,7.83082309470484,8.951558178675034,9.995821379918869,10.938292576730932,11.75672075306707,12.431923998544399,12.947789508441303,13.291273583697434,13.452401630913664,13.42426816235216,13.203036795936349,12.787940255250925,12.18128036954184,11.388428073716318,10.417823408342826,9.280975519651083,7.992462659532053,6.569932185537966,5.034100560882313,3.4087533544398645,1.7207452407466608,-0.0
265,4,9.2538858793978,9.529029557083685,-0.0,0.10516922980248916,0.3921649282528015,0.8204700555697155,1.3525688341780266,1.9539467487085502,2.5930905459981184,3.241488235089582,3.8736290872318033,4.467003635879662,5.002103676694054,5.462422267541888,5.834453728496081,6.107693641835566,6.274638852045297,6.3307874658162495,6.274638852045406,6.107693641835775,5.834453728496371,5.46242226754224,5.002103676694443,4.467003635880059,3.8736290872321835,3.2414882350899314,2.593090545998423,1.9539467487087967,1.3525688341782085,0.8204700555698313,0.39216492825285926,0.10516922980250541,-0.0,0.164311479684051,0.6201599421303966,1.314234295968192,2.1963139478770795,3.219268802587185,4.3390592628791245,5.514736229584001,6.7084411015833885,7.885405775809354,9.013952647244441,10.065494608921671,11.014535051924543,11.838667865387027,12.51857743649359,13.038038650479198,13.38391689062929,13.54616803827977,13.517838472817049,13.295065071678025,12.877075210350082,12.266186762371094,11.467808099329423,10.490438090863906,9.345666104663847,8.048172006469025,6.61572616006971,5.0691894273066485,3.4325131680710967,1.7327392403048039,-0.0
266,4,9.443245419949275,9.501142475996726,-0.0,0.1073212767690385,0.4001896836476871,0.8372590926060178,1.380246051764469,1.9939297853938456,2.646152193915321,3.307817853900433,3.952894018071081,4.5584106152995325,5.1044602506084145,5.574198205170719,5.953842436309793,6.2326735774993525,6.403034938363476,6.460332504676617,6.403034938363588,6.232673577499565,5.953842436310088,5.5741982051710774,5.104460250608811,4.558410615299937,3.95289401807147,3.3078178539007896,2.6461521939156314,1.9939297853940972,1.3802460517646542,0.837259092606136,0.400189683647746,0.10732127676905509,-0.0,0.16383061565377194,0.6183450195835127,1.3103881374313364,2.1898863484253246,3.2098474853795236,4.326360834693951,5.498597136354588,6.688808583933374,7.862328824588219,8.987572959062986,10.036037541687508,10.98230058037756,11.804021536634881,12.481941325547188,12.999882315788165,13.344748329617467,13.50652464288068,13.478277985009385,13.25615653902113,12.839389941519432,12.23028928269377,11.434247106319601,10.459737409758327,9.318315643957316,8.02461871344987,6.596364976355274,5.054354244378774,3.4224677828115984,1.7276683105309514,-0.0
267,4,9.162843864583147,9.522995441951695,-0.0,0.10413454894490042,0.3883067128314004,0.8123980685225813,1.3392619279287046,1.9347233380072133,2.5675790807627314,3.209597673247063,3.835519367559187,4.423056150845264,4.95289174529863,5.4086816081597995,5.777052931716457,6.047604643303468,6.212907405302874,6.268503615143913,6.212907405302984,6.047604643303673,5.777052931716744,5.4086816081601485,4.9528917452990155,4.423056150845656,3.8355193675595642,3.209597673247409,2.567579080763033,1.9347233380074573,1.3392619279288844,0.812398068522696,0.38830671283145757,0.10413454894491649,-0.0,0.16420743190248185,0.6197672351429068,1.3134020767999361,2.194923164991152,3.217230248873056,4.336311618641073,5.511244105529549,6.704193081811739,7.8804124607998185,9.008244696844878,10.059120785336924,11.007560262704873,11.831171206416538,12.51065023497868,13.029782507936975,13.375441725876021,13.537590130419309,13.509278504229272,13.286646171007265,12.868920995493564,12.25841938346737,11.460546281746804,10.483795178188895,9.339748101689583,8.043075622183702,6.611536850645026,5.065979439086232,3.430339580558944,1.731642009153711,-0.0
268,4,9.154136332017892,9.52708432777991,-0.0,0.10403558895065552,0.3879377014854409,0.8116260393641501,1.337989215327334,1.9328847530963023,2.565139087373122,3.2065475638406165,3.8318744391623625,4.418852880982694,4.948184967926697,5.403541689600215,5.771562946589835,6.041857550462903,6.207003223767523,6.262546600032559,6.2070032237676305,6.041857550463108,5.771562946590121,5.403541689600564,4.948184967927082,4.418852880983086,3.831874439162739,3.2065475638409624,2.5651390873734226,1.9328847530965458,1.3379892153275135,0.8116260393642647,0.38793770148549805,0.1040355889506716,-0.0,0.16427793760053522,0.6200333444233339,1.3139660118738645,2.1958655985224986,3.218611630104509,4.338173499520075,5.513610466834277,6.707071659277089,7.883796071243388,9.012112564292947,10.063439867150437,11.012286575705415,11.836251153012332,12.516021929290558,13.035377101924361,13.381184735462913,13.543402761620266,13.515078979275392,13.292351054472169,12.874446520419376,12.263682777490702,11.465467093224735,10.488296602324958,9.34375830665974,8.046529075262335,6.61437564433091,5.068154617228527,3.4318124644831682,1.7323855237877284,-0.0
269,4,9.113931911086224,9.508887424930142,-0.0,0.10357867084736963,0.3862339022322845,0.8080614261945204,1.3321128464746108,1.9243956385138505,2.553873149454292,3.192464598138745,3.8150450751107767,4.399445542614709,4.92645283459562,5.379809656699345,5.746214586272465,6.015322072362323,6.179742435717017,6.235041868785412,6.179742435717125,6.015322072362528,5.7462145862727505,5.379809656699691,4.926452834596003,4.399445542615099,3.815045075111151,3.1924645981390896,2.5538731494545908,1.924395638514093,1.3321128464747896,0.8080614261946344,0.38623390223234133,0.10357867084738565,-0.0,0.16396416377760803,0.6188490695556088,1.311456313098947,2.1916714556354715,3.212464023855935,4.3298875099139975,5.503079371426221,6.694261031472062,7.868737878593882,8.99489926679694,10.044218515549396,10.991252909782295,11.813643699889578,12.492116101728104,13.010479296617635,13.355626431340843,13.517534618143268,13.48926493473338,13.266962424282559,12.84985609542508,12.240258922258135,11.443567844341816,10.468263766699106,9.32591155981588,8.0311600596409,6.601742067585841,5.058474350525272,3.4252576407966884,1.7290766362004957,-0.0
270,4,8.89509326382643,9.510928595597163,-0.0,0.10109159760232665,0.37695986929952024,0.7886587061460935,1.3001268961554853,1.8781881243000615,2.4925509725111157,3.115808919678865,3.723440341652451,4.293808511239939,4.808161598208317,5.250632669283499,5.608239688150312,5.870885515452511,6.031357908792778,6.085329522732724,6.0313579087928835,5.870885515452711,5.60823968815059,5.250632669283838,4.808161598208691,4.29380851124032,3.723440341652817,3.115808919679201,2.492550972511408,1.8781881243002985,1.3001268961556596,0.7886587061462049,0.37695986929957576,0.10109159760234229,-0.0,0.16399936020244613,0.6189819112343079,1.3117378293308415,2.192141918191928,3.213153608982074,4.330816960330412,5.5042606583307006,6.695698016541313,7.870426975985251,8.996830105150128,10.046374599988184,10.993612283916269,11.816179607815842,12.49479765003301,13.013272116378495,13.358493340127655,13.520436282020437,13.492160530261438,13.269810300519888,12.852614435929633,12.242886407089152,11.44602431206155,10.470510876374544,9.327913453020463,8.032884022456246,6.60315919260346,5.059560198848294,3.425992904041582,1.7294477984987882,-0.0
271,4,8.929377473783605,9.583825207855348,-0.0,0.10148123326485524,0.3784127794513509,0.7916984202743336,1.3051379536179217,1.885427193535506,2.5021579702497507,3.12781813015259,3.7377915358052274,4.310358065938136,4.826693615451055,5.2708700954130006,5.629855433062243,5.893513571806327,6.05460447122207,6.108784107055566,6.054604471222175,5.893513571806528,5.629855433062522,5.27087009541334,4.826693615451431,4.310358065938517,3.737791535805595,3.1278181301529275,2.5021579702500443,1.8854271935357436,1.305137953618097,0.7916984202744454,0.3784127794514066,0.10148123326487091,-0.0,0.16525633502368517,0.6237261046034986,1.3217916577207833,2.2089436129811553,3.2377808586145003,4.364010552474983,5.546448122041032,6.74701726441535,7.930749946324903,9.065786404120924,10.123375143778919,11.077872940898644,11.906744840704121,12.590564158043657,13.11301247738983,13.4608796528395,13.624063808113755,13.595571336557994,13.371516901141879,12.95112343445935,12.336722138728618,11.533752485792174,10.550762217116764,9.399407343793392,8.094452146537321,6.653769175688089,5.098339251209504,3.4522514626896643,1.7427031693409474,-0.0
272,4,8.934016182200452,9.489835249481605,-0.0,0.10153395159289992,0.37860936051763877,0.792109698455429,1.3058159577036899,1.8864066511760509,2.503457812402348,3.1294429955286263,3.7397332753171324,4.3125972471463205,4.82920102701085,5.273608251521585,5.632780077905588,5.896575184006125,6.057749768282677,6.111957549810932,6.0577497682827826,5.896575184006326,5.632780077905867,5.273608251521925,4.8292010270112256,4.3125972471467025,3.7397332753175,3.1294429955289638,2.5034578124026416,1.8864066511762887,1.3058159577038653,0.7921096984555407,0.3786093605176945,0.1015339515929156,-0.0,0.16363564227178248,0.6176091325869129,1.308828655976333,2.187280183846004,3.206027473976908,4.32121207052505,5.492053304021452,6.680848291372149,7.852971935858196,8.976876927135663,10.024093741235633,10.969230640564195,11.789973673902447,12.467086676406522,12.984411269607573,13.328866861411777,13.4904506461003,13.462237604329346,13.240380503130153,12.824109895908968,12.215734122447067,11.420639308900746,10.447289367801309,9.307225998055067,8.01506868494333,6.588514700122443,5.048339101623759,3.418394733853673,1.7256122275936074,-0.0
273,4,9.028721368061248,9.505668828604655,-0.0,0.1026102639210491,0.38262281528705117,0.8005064703757462,1.3196582812961533,1.9064035359885732,2.5299957582245858,3.162616707607051,3.7793763795701047,4.35831300537916,4.880393052130908,5.329511222753318,5.692490456005625,5.959081926478347,6.1219650445932805,6.176747456603509,6.121965044593387,5.95908192647855,5.692490456005907,5.329511222753661,4.8803930521312875,4.3583130053795465,3.779376379570476,3.162616707607392,2.5299957582248824,1.9064035359888134,1.3196582812963304,0.8005064703758592,0.3826228152871075,0.10261026392106495,-0.0,0.1639086647027465,0.6186395996931219,1.3110124074892002,2.190929612202213,3.211376659536548,4.328421916789754,5.501216672852538,6.691995138208749,7.866074444935402,8.991854646702656,10.040818718773824,10.987532558005368,11.809644982846889,12.487887733341159,13.006075471124117,13.351105779424847,13.512959163065574,13.4846990484617,13.262471783621779,12.84550663814753,12.236115803233833,11.439694391668718,10.464720437833375,9.322754897702124,8.028441648842431,6.5995074904149265,5.056762143173391,3.4240982494647842,1.7284913732292284,-0.0
