day,phase,tiltx_11m,tiltx_19m,pcnn_pred_11m,pcnn_pred_19m,q_AB,q_BC,fe_q_AB,fe_q_BC,pcnn_slope_0.0m,pcnn_defl_0.0m,pcnn_slope_0.5m,pcnn_defl_0.5m,pcnn_slope_1.0m,pcnn_defl_1.0m,pcnn_slope_1.5m,pcnn_defl_1.5m,pcnn_slope_2.0m,pcnn_defl_2.0m,pcnn_slope_2.5m,pcnn_defl_2.5m,pcnn_slope_3.0m,pcnn_defl_3.0m,pcnn_slope_3.5m,pcnn_defl_3.5m,pcnn_slope_4.0m,pcnn_defl_4.0m,pcnn_slope_4.5m,pcnn_defl_4.5m,pcnn_slope_5.0m,pcnn_defl_5.0m,pcnn_slope_5.5m,pcnn_defl_5.5m,pcnn_slope_6.0m,pcnn_defl_6.0m,pcnn_slope_6.5m,pcnn_defl_6.5m,pcnn_slope_7.0m,pcnn_defl_7.0m,pcnn_slope_7.5m,pcnn_defl_7.5m,pcnn_slope_8.0m,pcnn_defl_8.0m,pcnn_slope_8.5m,pcnn_defl_8.5m,pcnn_slope_9.0m,pcnn_defl_9.0m,pcnn_slope_9.5m,pcnn_defl_9.5m,pcnn_slope_10.0m,pcnn_defl_10.0m,pcnn_slope_10.5m,pcnn_defl_10.5m,pcnn_slope_11.0m,pcnn_defl_11.0m,pcnn_slope_11.5m,pcnn_defl_11.5m,pcnn_slope_12.0m,pcnn_defl_12.0m,pcnn_slope_12.5m,pcnn_defl_12.5m,pcnn_slope_13.0m,pcnn_defl_13.0m,pcnn_slope_13.5m,pcnn_defl_13.5m,pcnn_slope_14.0m,pcnn_defl_14.0m,pcnn_slope_14.5m,pcnn_defl_14.5m,pcnn_slope_15.0m,pcnn_defl_15.0m,pcnn_slope_15.5m,pcnn_defl_15.5m,pcnn_slope_16.0m,pcnn_defl_16.0m,pcnn_slope_16.5m,pcnn_defl_16.5m,pcnn_slope_17.0m,pcnn_defl_17.0m,pcnn_slope_17.5m,pcnn_defl_17.5m,pcnn_slope_18.0m,pcnn_defl_18.0m,pcnn_slope_18.5m,pcnn_defl_18.5m,pcnn_slope_19.0m,pcnn_defl_19.0m,pcnn_slope_19.5m,pcnn_defl_19.5m,pcnn_slope_20.0m,pcnn_defl_20.0m,pcnn_slope_20.5m,pcnn_defl_20.5m,pcnn_slope_21.0m,pcnn_defl_21.0m,pcnn_slope_21.5m,pcnn_defl_21.5m,pcnn_slope_22.0m,pcnn_defl_22.0m,pcnn_slope_22.5m,pcnn_defl_22.5m,pcnn_slope_23.0m,pcnn_defl_23.0m,pcnn_slope_23.5m,pcnn_defl_23.5m,pcnn_slope_24.0m,pcnn_defl_24.0m,pcnn_slope_24.5m,pcnn_defl_24.5m,pcnn_slope_25.0m,pcnn_defl_25.0m,pcnn_slope_25.5m,pcnn_defl_25.5m,pcnn_slope_26.0m,pcnn_defl_26.0m,pcnn_slope_26.5m,pcnn_defl_26.5m,pcnn_slope_27.0m,pcnn_defl_27.0m,pcnn_slope_27.5m,pcnn_defl_27.5m,pcnn_slope_28.0m,pcnn_defl_28.0m,pcnn_slope_28.5m,pcnn_defl_28.5m,pcnn_slope_29.0m,pcnn_defl_29.0m,pcnn_slope_29.5m,pcnn_defl_29.5m,pcnn_slope_30.0m,pcnn_defl_30.0m
21,1,-0.21107119355319148,1.5170824494184398,-0.25259105424224965,1.5224812050146599,4.9595363421811784,4.662207807413357,1.584746177618813,6.069638268167834,-0.0,0.0,0.09895122485473928,0.026065883810168167,0.16874490542081177,0.09409329654587786,0.21459675505064515,0.19082295703460025,0.24128045219331476,0.3054984988478847,0.2530088120860196,0.42961446252830104,0.25334991479617586,0.5566132829020233,0.24518446640297967,0.6815504592533133,0.2307070383763069,0.8007493460088706,0.21146996027866505,0.91146735686682,0.1884649955189036,1.011593832826642,0.16223492647694343,1.0993966044301087,0.13300511801117257,1.1733297835518244,0.1008241671889922,1.2319100676661643,0.06570287105666295,1.273663381403668,0.027741805190484727,1.2971385268185143,-0.012760437339153559,1.3009800761398602,-0.05522412596572872,1.2840492970318733,-0.09873386107032023,1.24557958766687,-0.14201388493247483,1.1853517260560464,-0.18343254012032748,1.1038741121206888,-0.22103360253222398,1.0025539397722596,-0.25259105424224965,0.8838466807244997,-0.2756831106752701,0.7513731833948452,-0.2877809395306102,0.6099958917322638,-0.28634744778690124,0.46584799719736825,-0.2689417025322185,0.3263116106534844,-0.23332492605472852,0.19994317080272545,-0.17756450587439984,0.09634621461115934,-0.10013303459847615,0.025993273400896674,-0.0,0.0,0.12328565140725119,0.029855670713023152,0.26952327987312585,0.12711494905520493,0.43779932332513316,0.3030562656060765,0.6264372849151683,0.5683123874738463,0.8329587525785987,0.9324787545175431,1.0540549431672033,1.4037049833893067,1.2855680139936534,1.9882746213046332,1.5224812050146599,2.690177805139629,1.758916759983947,3.5106809817858884,1.9881405175388895,4.447897303287804,2.2025720549881087,5.496360751855137,2.393799299593032,6.646606497746989,2.5525965853674855,7.884759465111739,2.6689452192133585,9.192132590559593,2.7320557206473683,10.544835815805369,2.7303910075035858,11.913396464689022,2.6516899099853575,13.262391318599585,2.4829905026285863,14.550090422510351,2.210652844619323,15.728112424155764,1.8203808110478101,16.741091067538598,1.2972427795938404,17.526352324171043,0.6256910081415384,18.0136015459114,-0.2104204011240409,18.12461995647063,-1.2278190060324812,17.772969759250657,-2.4437990122051483,16.863707122075564,-3.8762077282000345,15.293102299977232,-5.543433448370265,12.948366171426388,-7.464394706661436,9.707382487751817,-9.658530832784532,5.438445167025139,-12.145793734719394,-0.0
22,1,-0.2622841550555555,1.7076861817222222,-0.2880987748958598,1.6894194071331456,4.9561917923294905,4.672352889511149,1.9692588324210336,6.832217591453881,-0.0,0.0,0.07615303420156691,0.01983873823544111,0.1347603702909876,0.07323088254090579,0.1788954108874828,0.15218963072730454,0.21117189449300883,0.250152730125728,0.23369220611519542,0.3617384665923266,0.24802845414188227,0.48248380148576087,0.2552393639727661,0.6085819474623928,0.25592250411078443,0.7366373174023556,0.25029799220561466,0.8634546811222381,0.2383170029621951,0.9858767027400381,0.21978638441001314,1.1006801510321182,0.19449962055961384,1.2045364206874327,0.16236426652220376,1.2940370548349451,0.12351673119435376,1.36578017673149,0.07841672336142771,1.4165095116009045,0.02791559921485633,1.443294302661538,-0.02670496990789798,1.4437360833788633,-0.0837253636908707,1.4161870363440938,-0.14101067926712124,1.3599645232563042,-0.19606116310344376,1.2755472020339538,-0.2460864614736834,1.1647397852225507,-0.2880987748958598,1.0307957282863587,-0.31901948824940457,0.878489740669975,-0.3357937587972212,0.7141347656341549,-0.33550781823813464,0.5455407788499996,-0.31550430139551383,0.3819152484855584,-0.2734916635896436,0.23370726201213887,-0.20764460291867246,0.11239908301514344,-0.1166932837885987,0.03025022277247501,-0.0,0.0,0.14237732738895367,0.03453504949216968,0.30963478003483064,0.14652837704821345,0.5001846495225098,0.34805640558796697,0.7116292885643029,0.6502000810630617,0.940745413010316,1.062635570303154,1.1834775103231843,1.593219444371477,1.4349389503441694,2.247572550452997,1.6894194071331456,3.0286660738037074,1.9403972683166066,3.936412610673819,2.1805558142142774,4.967264436519152,2.4018020787325756,6.11382057665031,2.5952874457901207,7.364443777618119,2.75142917955082,8.702888040692569,2.8599322269950807,10.107937013288549,2.9098107624442267,11.553053236687932,2.8894090624126454,13.006038013464247,2.786421403874401,14.428701478986664,2.587910769092959,15.776542331049862,2.2803262158038713,16.998436582748553,1.8495188335755872,18.03633464916333,1.2807562567951722,18.824966051731682,0.5587357433373523,19.291551019482213,-0.3324041429368712,19.355518278477046,-1.4090731866677215,18.928228345445604,-2.688220438901474,17.912701675030778,-4.187326315837424,16.203351049303887,-5.924395791081412,13.685717640837831,-7.917952592577295,10.2362102247868,-10.187034316334376,5.721847059684613,-12.751188371772189,-0.0
23,1,-0.3068887537291667,1.751308311201389,-0.3273922776625349,1.7423094838204687,4.953154088606609,4.64988834869432,2.3041551584533826,7.006743733080014,-0.0,0.0,0.08116778637175363,0.02101093160840529,0.14631886676674682,0.07850059975332632,0.19767129326632588,0.16503232692829506,0.237029888732064,0.2741751939889554,0.2657922294436357,0.400298328008743,0.2849701278284005,0.5383719553526053,0.29522857762934673,0.683783502017719,0.2969428985070356,0.8321777169611958,0.2902731976732277,0.9793297712497222,0.2752534261880487,1.1210593891829363,0.2518904908114568,1.2531922455698161,0.2202673598140473,1.3715721953891569,0.18064311810918007,1.4721245987560143,0.13354265317529082,1.550967381601342,0.07982914912374543,1.6045629054294102,0.020753773736020442,1.6299005831023057,-0.042021299636220234,1.6246977908325722,-0.10642831820437951,1.58760520839145,-0.1700274704792577,1.5184023648999871,-0.2300661903020745,1.4181698456057075,-0.2835603419072528,1.2894261867644483,-0.3273922776625349,1.136219735057259,-0.3584201818256,0.9641684186746856,-0.37359303909542146,0.7804432089179885,-0.3700659212442577,0.593693808989588,-0.3453109632660326,0.41391760153522567,-0.29722028547762297,0.25227498572858115,-0.22419809776079513,0.12085586332472117,-0.12524020051102838,0.032403168640776775,-0.0,0.0,0.15115906595704381,0.03672715084444452,0.3271241699078083,0.1552977275941355,0.5260058156655071,0.36767515704696063,0.7451213361412846,0.6846803073687923,0.9809876887982135,1.1155927461404416,1.229322006053908,1.6677503991935427,1.485048383960425,2.346151105920175,1.7423094838204687,3.153058828992253,1.99448165624649,4.087616596069042,2.23419245695141,5.145467645070689,2.4533395933307847,6.318385721529439,2.6431105093240834,7.593915038413863,2.7940019751025718,8.955020052848305,2.8958391926401124,10.379744934232349,2.937794055310265,11.840882386325292,2.908402308231843,13.305651332851959,2.795579446369965,14.735382872863125,2.586635260489919,16.08521384954515,2.268286998601166,17.30378734621623,1.8266711544440801,18.33295941856999,1.247353926873326,19.107511386520933,0.5153404166389549,19.554867036958377,-0.38491735812037126,19.594814125959715,-1.469513537748484,19.139229612051224,-2.7550824945628123,18.09180809819417,-4.258793809989821,16.347793007231402,-5.998348063735842,13.793710062015997,-7.991973347547233,10.307102686267784,-10.258422421437869,5.756268984632465,-12.816970436257257,-0.0
24,1,-0.31041459513888886,1.7611046540972222,-0.33382914744166625,1.759575288037545,4.950114090346015,4.651722196368232,2.3306275709265667,7.045937553924383,-0.0,0.0,0.07281727189888149,0.018769514804177476,0.13313360228007923,0.07073676486521696,0.18274024402635494,0.1501210215579205,0.22291702089235158,0.25190799181092954,0.25447297064755675,0.37160354229900694,0.27780438336908597,0.5050120930443159,0.2929697897059761,0.6480483073528993,0.2997803393937568,0.7965902150127313,0.2979026740196905,0.9463807985520178,0.2869699839212005,1.0929832701674742,0.2666956504744823,1.2317927797946377,0.23698293634313558,1.3581042416647169,0.19802379442752882,1.4672325739518004,0.1503801447083072,1.5546782219042306,0.09504193616815415,1.6163277238163292,0.03345787635780059,1.6486766075187365,-0.032463312165822045,1.6490603281812946,-0.10038110489736111,1.6158784223559752,-0.16757879756818173,1.5487975778914194,-0.23104273189580593,1.4489208027261526,-0.28756004580636957,1.3189121186891348,-0.33382914744166625,1.163068949966894,-0.36657694336307617,0.9873373405663531,-0.3826771699704603,0.7992680585205506,-0.37926487351375077,0.6079143090748483,-0.35384302752091423,0.42367402804769394,-0.3043783366812923,0.25808146941338694,-0.22938433921847678,0.12355400894655592,-0.12799089746461392,0.033100780327699045,-0.0,0.0,0.15407154227251577,0.037451703052978,0.3329614463640334,0.15821219442210815,0.5346419875292555,0.37421590647583874,0.7563091857555405,0.6961896258847938,0.9943795874050739,1.1332632770256499,1.2444931349523882,1.6925806789685895,1.501520734721073,2.378912966724866,1.759575288037545,3.194276710107217,2.0120251253115025,4.137558189367475,2.251508959930556,5.204144800996878,2.4699516486142596,6.385564168449692,2.6585801999070613,7.6691312153497675,2.807939608793696,9.037603214485259,2.907908211366211,10.468842644732122,2.9477123491502217,11.935487559756574,2.9159402093553775,13.40462908707078,2.80055476689607,14.837495624708959,2.5889057988273096,16.189143277480046,2.267740974245787,17.40815206864393,1.8232160450262005,18.436327470337602,1.2409041771167932,19.208406812642057,0.5058044703740782,19.651770153325504,-0.397650281332602,19.686155215384325,-1.485586537453728,19.223376025617977,-2.774683614805105,18.16704491329852,-4.282167900477354,16.4122975526785,-6.025807629322004,13.84552075613345,-8.023908185524242,10.344082745931534,-10.29530789149563,5.77606565192948,-12.859374250770925,-0.0
25,1,-0.33575680108333333,1.7632573528541666,-0.31798097195684266,1.7457118656923447,4.951993421456582,4.663587485125863,2.5208996934593197,7.054550205636224,-0.0,0.0,0.07620232904106349,0.019778825874318093,0.13648891179573439,0.0735526310627091,0.183644030572295,0.15408225695804115,0.21989739188781451,0.25538283771709097,0.2469175043546419,0.3724437987616163,0.2658318512782764,0.5009521355220808,0.27727549854749073,0.6370328606674072,0.28146762991845214,0.7770208077103584,0.27831307176337583,0.917277123933616,0.2675234323372435,1.0540617011974502,0.24875035176080423,1.1834695540714502,0.22172183827046166,1.3014349918222121,0.18637198262909138,1.4038027094002379,0.1429546102321769,1.4864600951695848,0.09213262867783276,1.5455205958910392,0.03503680741612794,1.577544325140168,-0.026709764617332373,1.5797795810057669,-0.09100256348660977,1.55040774263326,-0.15530022960090858,1.4887741766872042,-0.2166989653698589,1.3955891904589874,-0.27203108144436955,1.2730854860420102,-0.31798097195684266,1.1251216909530166,-0.35121140795338557,0.9572250256559762,-0.3684932619193421,0.7765696913671362,-0.36683249424462305,0.5918908431520066,-0.3435892929355125,0.4133368437300122,-0.29658550304052217,0.252264740990712,-0.22419776846865713,0.12098552148701928,-0.1254350202311681,0.032466672901864904,-0.0,0.0,0.1516646407192467,0.03684257224928667,0.32834449395166027,0.15583824410093378,0.5280342101275949,0.36902648975035834,0.7479291528427555,0.6872444338212569,0.9844259969198188,1.1197270241263777,1.233130417706991,1.6737093512692522,1.4888701485390576,2.3540342232313716,1.7457118656923447,3.162767285506557,1.9969805703326997,4.098821258852632,2.235280355045178,5.157590256010616,2.452515654228273,6.330594635957468,2.6399122734363556,7.6051364536546435,2.788037667096538,8.963965255349096,2.886820084367808,10.384953742802946,2.9255663288955507,11.8407826722088,2.8929779809645,13.298634253042556,2.7771660120973864,14.719893257576894,2.565663784992458,16.059855033237213,2.2454384785155668,17.26743961874621,1.8029010108938601,18.28491119372366,1.2239145567552567,19.047602134013662,0.49380176742795134,19.483640996597188,-0.4026491891185092,19.513683814644324,-1.4811796505080317,19.05064814208594,-2.7580564281894464,17.9994493458091,-4.250068610182684,16.256738700587555,-5.974525093360647,13.710642896033493,-7.94925274790001,10.24050461547709,-10.19259512472211,5.716623893331492,-12.723411625108564,-0.0
26,1,-0.31424548188194446,1.7035439469861111,-0.3206341230339641,1.722908395937498,4.951194279806667,4.657651037806726,2.359390297951266,6.815645079867796,-0.0,0.0,0.07257367848547201,0.018716334869087033,0.13244607824905646,0.07045996950898402,0.1813632992978515,0.14933940007143304,0.22055972235760993,0.25020560475973713,0.2508263418149551,0.36841286180327226,0.2725877293326535,0.49961598282692166,0.2859855109243824,0.639607741542972,0.29096637084248955,0.784199253607853,0.2873726358576942,0.9291450857138904,0.2750333751412756,1.070113876617223,0.2538536562333636,1.2027041536292804,0.2238991715271902,1.3225037455307573,0.1854729960056736,1.425189685043759,0.13918089641873083,1.5066637813966333,0.08598152835199041,1.5632172193051164,0.027218139695896745,1.5917157626919094,-0.035370908883924135,1.589795606767264,-0.09966442825682373,1.5560588303995542,-0.16319377625993936,1.4902569155414862,-0.22320016561737735,1.3934510176557988,-0.2767113674841438,1.2681386013256102,-0.3206341230339641,1.1183376236949423,-0.351857770912577,0.9496215094931383,-0.36736420154457444,0.7691005241714288,-0.3643392628532314,0.585347609232273,-0.34028111821826024,0.4082691010753685,-0.29310171374571226,0.24892284985684143,-0.22121834812273886,0.11928797261682256,-0.1236332534449043,0.03199175081414181,-0.0,0.0,0.1493236379054213,0.0362776223297867,0.32323602164023124,0.15342605397584608,0.5198643164603548,0.3633040102751217,0.736548226313715,0.6766373901942774,0.9698332981641237,1.102623506038772,1.2154721945757976,1.6485340247716351,1.4684323358173363,2.3193202034027522,1.722908395937498,3.1172232195131326,1.9723382761049129,4.041391673085565,2.2094213507645746,5.087507689546929,2.4261379694068856,6.247422498220317,2.61376938464629,7.508801898975417,2.762917455517627,8.854781660337562,2.863523636611432,10.26363260798596,2.904886905029225,11.708434954117594,2.875680396608738,13.156761274930522,2.763966620618054,14.5703674545265,2.5572111994882367,15.904890868285344,2.242295139208584,17.10955506752586,1.805525679180106,18.126880241482095,1.2326458001511422,18.892398764982044,0.5088424878097761,19.334375184669625,-0.3812461400462613,19.373530048298946,-1.4535247310861288,18.922767036765734,-2.724435510201595,17.886902914271786,-4.210953899410443,16.162399866284993,-5.930584846674796,13.637099846346542,-7.901359772546785,10.189960600397296,-10.141834052344109,5.690793080656228,-12.671084960474163,-0.0
27,1,-0.317198505993007,1.6764221308321678,-0.31722857454651826,1.716514541930247,4.947474956573336,4.6381932280652185,2.381561933945939,6.707134422920118,-0.0,0.0,0.0720045775420204,0.018600818177506903,0.1308401629577388,0.06981319177418749,0.17856700201668008,0.14759274409266235,0.21666800052508675,0.24677877110236773,0.24610895520410092,0.3628198571170004,0.2674156921172239,0.49153397122154907,0.2807645449124246,0.6289106253419529,0.2860822638668548,0.7709607963651133,0.2831512922315311,0.9136183153996339,0.2717163021549775,1.0526943813827292,0.25158788557036044,1.1838848020800299,0.2227393191799924,1.3028275182377567,0.18539238711253905,1.4052059396132008,0.14008841069209202,1.486891649008412,0.08774098214779175,1.5441181827857384,0.02966749759495134,1.5736759828958937,-0.0324025353158072,1.573117371483752,-0.09634330466677307,1.5409596613284429,-0.15967220135286198,1.4768743921281904,-0.2196112656922985,1.3818512278409616,-0.27316757468433067,1.2583262475428052,-0.31722857454651826,1.1102661233369508,-0.34866770806378183,0.9432018559541598,-0.36445542081946686,0.7642081467994881,-0.3617707490166976,0.58182692873828,-0.3381091426846785,0.4059358760830173,-0.2913828783387135,0.24756472066771543,-0.22001126675189248,0.11866381519233614,-0.1229987676348442,0.03183055605025817,-0.0,0.0,0.14862857869665957,0.03610631369035712,0.3217899006815508,0.15272163967090438,0.5176195011407764,0.3616786194928609,0.7334694503394289,0.6736822611510797,0.965901536054918,1.097916148871545,1.2106881471479187,1.6416472342510127,1.4628193255122113,2.309832673757625,1.716514541930247,3.104731430808294,1.9652378880193944,4.025522671002549,2.201715541148616,5.067932365564654,2.417954535441218,6.22386899035479,2.605262047205785,7.481068768428016,2.7542645684704485,8.822750550177323,2.8549264920212742,10.22728015009908,2.8965677623292927,11.667843754483368,2.8678803578423526,13.112129870128678,2.7569434616057062,14.522019190587065,2.5512372503162775,15.85328170394212,2.2376552885575074,17.05528034597932,1.802515557247902,18.07068050710504,1.2315701754914965,18.835164723885477,0.510013895198659,19.277151921088418,-0.37750853995664313,19.317520613138257,-1.446896073688318,18.86933552140001,-2.714585955493026,17.837577112979154,-4.197549201504846,16.11887361575418,-5.913286805448081,13.601235111723573,-7.879826613249097,10.163789355496736,-10.115720781638954,5.67651900630903,-12.640043748206699,-0.0
28,1,-0.35556019303472225,1.6840630794375,-0.3278962470120371,1.6882743652123096,4.945904369294523,4.640758062279477,2.6695857797534304,6.737704807593547,-0.0,0.0,0.06981485897863932,0.01789431833263026,0.12968420161902197,0.0681605810381477,0.18050889053088404,0.14607376950511244,0.2227059837423288,0.2472335805374619,0.2563251288894908,0.36735148293642594,0.2811656918859728,0.5020963691707635,0.2968898656102848,0.6469979467954224,0.30312792097761,0.7974048586001482,0.2995727873162401,0.9484928565095381,0.2860621301751986,1.0953171977827574,0.26264690438485516,1.2329027277916642,0.22964592001568868,1.3563647537249568,0.18768625626078608,1.4610536670278436,0.1377294457577177,1.5427162186986367,0.08108332907135948,1.5976663092922645,0.019399462206991777,1.6229580985628707,-0.04534395156364655,1.616554197260026,-0.11087338462562718,1.5774817444860618,-0.17466493022665708,1.505969381336836,-0.23400171420206572,1.4035585755148328,-0.28604206533272764,1.273183468251178,-0.3278962470120371,1.1192143955793596,-0.3567092033173161,0.9474614291380263,-0.36974661002104464,0.7651356040748913,-0.3644815568862221,0.5807668554478129,-0.3386794006839397,0.40407897467510384,-0.29047867488001655,0.2458230456988671,-0.2184663673641095,0.11757177331966438,-0.12174632815585083,0.031477847856828785,-0.0,0.0,0.14646095498439438,0.0356007056306034,0.31665024655246227,0.15041963261385088,0.5088706378350848,0.35592691522543907,0.7206854136384925,0.6625602315642991,0.9488972109313777,1.0793494752810775,1.1895337071284378,1.6135325792553028,1.4378396106404518,2.2701657829201585,1.6882743652123096,3.051731348351932,1.9345149574510698,3.957745430131547,2.1694632014420656,4.984368494584797,2.3852568639281975,6.124020368142801,2.5732839885771623,7.365001674810588,2.724199779859635,8.691123102166527,2.827945417795512,10.081343617861327,2.873768195781171,11.509418449004142,2.8502424056684075,12.943557340456186,2.7452904371057056,14.346093330408987,2.546203610844149,15.673162027924604,2.2396623264427507,16.87439115186054,1.8117551712072169,17.892599897237695,1.2479967065839914,18.663507535806335,0.5333437178823195,19.11545053313315,-0.3477902194385246,19.169107374454047,-1.4115219408013515,18.737230234102594,-2.6744876880922983,17.72438259583413,-4.153833877810531,16.02668193038199,-5.867209578741586,13.531546558186115,-7.83276060341382,10.117445865278361,-10.069125093079329,5.65365309464049,-12.595430459101113,-0.0
29,1,-0.32000745111458334,1.7035169005208333,-0.31644577669410784,1.7192710722172293,4.947020673298795,4.654280530739134,2.402651808739476,6.815536870679342,-0.0,0.0,0.06648087568206479,0.01710308168601878,0.12231170639341704,0.06470925166436073,0.16899651927169423,0.13789344776688042,0.20750126489293755,0.23234497873573143,0.23833339477635926,0.3441180089412467,0.2616292406738159,0.469423873065872,0.2772471625883308,0.6044686020057481,0.2848646182180719,0.7453380790079862,0.28407726316504106,0.8879323214239427,0.27449788491876176,1.0279493721336452,0.2558524530634792,1.1609180628838427,0.22806995905494173,1.2822774010004825,0.19136219651270314,1.3874985294745241,0.14628937925137675,1.4722432078353027,0.0938076513676271,1.5325507299443433,0.035295176786619815,1.5650433603137048,-0.027445424441714054,1.5671389674554281,-0.0922091163655274,1.5372587584300048,-0.15643422653510924,1.4750179951503348,-0.2172697161672136,1.381388325589249,-0.27166041419579134,1.258821819814541,-0.31644577669410784,1.1113288093612512,-0.34846725658722477,0.9445039854845454,-0.36467932794688035,0.7654976969104592,-0.3622595491986711,0.5829317946836651,-0.33871367779602257,0.4067615322807317,-0.29197265672584133,0.24808682612043828,-0.22047917457060967,0.1189175521099663,-0.12326236579878502,0.03189848450341509,-0.0,0.0,0.14893183326756984,0.03618082545337814,0.32242102171622034,0.15302896927315904,0.5185928140682536,0.362386616382885,0.7347931512846151,0.6749642529117609,0.9675806730805127,1.099948679859703,1.2127260822301213,1.6446089243567035,1.4652175698700818,2.313903401244806,1.7192710722172293,3.1100910445442356,1.968344226619489,4.032348536977395,2.205153009944646,5.076395227943609,2.4216901654688217,6.234126852453304,2.6092446488370875,7.493258747773479,2.7584214446344584,8.836978910282712,2.859161219512483,10.243610939726416,2.900759383693358,11.68628667788965,2.871884228853198,13.132628159080904,2.760593896268421,14.544438345727352,2.554352004499059,15.877400018608473,2.240041830885247,17.080782122569957,1.8039789960847814,18.097152829844873,1.2319226462999213,18.862098569462475,0.5090851643936127,19.303948278041247,-0.37985953044875803,19.34350215029691,-1.4507690136495723,18.893764203009624,-2.7200266210531616,17.85967801058352,-4.204536844533283,16.137865020740193,-5.9217217475029855,13.61636491280672,-7.889518289380825,10.174377516406729,-10.126376449981729,5.682005863466666,-12.651258048983681,-0.0
30,1,-0.3012205112847222,1.725286326451389,-0.3167108152817013,1.7470852457735513,4.949829640346664,4.651338620114529,2.2615973588956404,6.9026333503431845,-0.0,0.0,0.06827249246229584,0.017584827406625456,0.12518678238989692,0.06638313837817572,0.17242190763447995,0.14116168014199235,0.21107117760533156,0.23737683199439066,0.24173204923419825,0.35090365742993324,0.2646067813879024,0.4778127957509319,0.27960899135321116,0.6141993538091775,0.28647162904119505,0.7560656053436685,0.28485251838277015,0.8992572146896727,0.27443433631005315,1.039450956297298,0.25501655579224214,1.1721905062051412,0.22659735666786684,1.2929657732001525,0.1894437581090739,1.3973303112470385,0.1441482778406986,1.4810505012335695,0.09167037121068157,1.5402793312966114,0.033360882050817386,1.5717467220195396,-0.029032119254881757,1.5729574853670567,-0.09337733182151602,1.5423872827354683,-0.15719458256944868,1.4796664983975605,-0.2177091344136019,1.3857419071550952,-0.27192444820294664,1.2630064889291805,-0.3167108152817013,1.1153887657971095,-0.34890633193451653,0.9483945736295973,-0.3654260032196488,0.7690961286800533,-0.36337441818620836,0.586065457102412,-0.3401574552749651,0.40925154508713596,-0.2935888303374807,0.24980276243670083,-0.22198792612364127,0.11983805924213753,-0.1242661538900625,0.03217201869356469,-0.0,0.0,0.150510186048227,0.03655030144514876,0.32619577437547437,0.15471053327120912,0.525189214135608,0.3666352635894258,0.7448060248919136,0.6833415589605156,0.9815378908820578,1.114298365938913,1.2310551047665657,1.6670148528906572,1.488216525072356,2.346631928671596,1.7470852457735513,3.155520241139264,2.0009482989191656,4.092887085231189,2.242338893832558,5.154393854501917,2.4630599137243343,6.331784975136913,2.6542076211894727,7.612528679369666,2.806194751285174,8.979469508197425,2.908772382670145,10.410492076420974,2.9510501658558432,11.878195376495384,2.9215146488128636,13.349576728688975,2.8080455726833926,14.785724389488166,2.5979301149683893,16.141517793840144,2.277875136501143,17.365334416256097,1.8340175448471607,18.39876227890724,1.2519329239344876,19.176317201182137,0.5166426012206684,19.625163966032478,-0.3873806671342054,19.664840666827192,-1.4762082127969263,19.206985588956993,-2.7664520001232464,18.155066069079194,-4.275262037476196,16.404108858854986,-6.020324507432742,13.8404315974783,-8.019860484060299,10.34137506717826,-10.292625121597528,5.775035967747089,-12.857907214680072,-0.0
31,1,-0.3152620701944444,1.8036754719305554,-0.3398832381534369,1.7749662516391973,4.948238903840692,4.677597424269588,2.3670229569386247,7.216257542219978,-0.0,0.0,0.05400444213049856,0.013609686914378633,0.10541893214688534,0.0535766909505347,0.15386100059936803,0.11853616794584303,0.19841729112104273,0.20679203320496262,0.23781915807791357,0.3160953996149994,0.2706145832127548,0.44351023215282875,0.29532881831618335,0.5853624342314316,0.31060749860658754,0.7372651002132087,0.3153376822123787,0.8942099567239835,0.3087441543542357,1.0507132113995992,0.2904601623182813,1.201003160938796,0.2605733041999763,1.3392368977663875,0.21964842176729005,1.4597341180691519,0.16872997493768657,1.5572171369147638,0.10932653139258372,1.6270475116957734,0.043379805390951647,1.6654509535877207,-0.026779707471139502,1.6697233309807338,-0.09848885358082471,1.6384114892863515,-0.16881833233301657,1.571463358284652,-0.23464830015925395,1.4703424755205954,-0.2927516454320966,1.338102725806177,-0.3398832381534369,1.179419872085154,-0.37287312938291206,1.000577383005201,-0.38872138925740707,0.8094051502499188,-0.38469210897280276,0.6151708914965226,-0.35840409808266743,0.4284252782247322,-0.3079159937174578,0.2608030228281462,-0.23180384048450395,0.12478322137642574,-0.12922965468009764,0.03341310887992001,-0.0,0.0,0.1553858789939232,0.037776544000893995,0.33569833943136845,0.15954452721948723,0.5389496035755442,0.377302337547189,0.7623752483605651,0.7018609040087694,1.002423941669503,1.1424524870453892,1.254754312512116,1.7063361684491898,1.5142377891182057,2.398403317126897,1.7749662516391973,3.2207857246326768,2.030263408790763,4.1724685416644505,2.272698904998905,5.248909624552022,2.4941042827160196,6.441666432959759,2.685590052126409,7.738031214059415,2.837563248534543,9.120674866688587,2.939744979810549,10.567299600032943,2.9811875779960437,12.05030028098666,2.950291067992726,13.536434196672918,2.834818751037975,14.986498836855786,2.621911771357633,16.355017218076096,2.29810259166995,17.589930220396536,1.8493273482751125,18.63229538222377,1.2609370907533437,19.41599159303142,0.5177079363720902,19.867429132939492,-0.39614981327719073,19.905264527798938,-1.4969835346650688,19.44011971522606,-2.801691058624384,18.374305048172957,-4.327714292800069,16.601545695970742,-6.0930336225455894,14.00671103674449,-8.11616302452743,10.465546668523261,-10.416145830510484,5.84440869847574,-13.012551082745045,-0.0
32,1,-0.3614348272569445,1.8178309342430556,-0.3505187226763482,1.8319188475027344,4.94383674630796,4.65762601666162,2.71369319191069,7.272891600433818,-0.0,0.0,0.06124930434017236,0.015531090970405476,0.11738199425362567,0.060399619208796,0.168335207013314,0.13205227187446628,0.21360890706938576,0.22778998811641787,0.2523887579312353,0.3445799222923906,0.283670835447037,0.4789294872874902,0.3063837797197188,0.6268222953794462,0.31950420626826065,0.7837136552359143,0.32216171496547286,0.9445813124891427,0.31373056599406424,1.1040254666764944,0.29390591782096087,1.2564108371314942,0.2627633156917568,1.3960427001172566,0.22080077428437267,1.5173683349541536,0.16896325656257657,1.6151951119284824,0.1086496158312194,1.6849164292010919,0.04170220065332741,1.7227367762425576,-0.0296205795158516,1.7258873249040922,-0.10268826396091608,1.6928236349974897,-0.17455815330069527,1.6233973634953216,-0.24204967965050106,1.5189943643313168,-0.3018314866001909,1.3826323351237921,-0.3505187226763482,1.2190122533946488,-0.3847774642862308,1.034519244762586,-0.4014327606327076,0.837170182162761,-0.397576609024034,0.6365071259319335,-0.3706722573547736,0.4434375497283166,-0.3186515794197631,0.27002402171553835,-0.24000282900344913,0.12922750495448654,-0.13384677782004745,0.03460961730602026,-0.0,0.0,0.16097519268221802,0.039135375252262114,0.34773399474230743,0.16527695060173492,0.5581248094937815,0.39081259960047987,0.7891762743149487,0.7268497785815207,1.037094195512911,1.1828044963748183,1.2972668298209924,1.7659909048372162,1.5642769087383672,2.4812152822869393,1.8319188475027344,3.330377388321687,2.093219689278587,4.31208141442671,2.3404624856265404,5.421258066365566,2.565210988013914,6.648798707673608,2.758334707175186,7.981201976378832,2.9100335763254708,9.4002328605845,3.009861622696102,10.882593879237405,3.046749204558623,12.399607755544565,3.009023505068086,13.91691078343014,2.884427088860153,15.394155962559141,2.660134422604395,16.784724905026938,2.322766337726236,18.035447487397686,1.8584024738712668,19.086328226626822,1.2525917872942989,19.87027838966491,0.49036124121369995,20.31285289733577,-0.4437771827380109,20.331991147532445,-1.5658209996362797,19.837760955974073,-2.8922731045980203,18.732104890704544,-4.440138865569824,16.908588355999026,-6.226924270715117,14.252148859901034,-8.270634982599065,10.63884597538752,-10.589776160620257,5.935611576820582,-13.203352923799287,-0.0
33,1,-0.3573329055208333,1.8380143245000002,-0.34124474710227803,1.8496858200860686,4.9458054530292666,4.66669902648106,2.682895503781089,7.353642569461162,-0.0,0.0,0.048859227342682075,0.012297494561104133,0.0958873001627078,0.04855785018746042,0.140979073291121,0.10786518454236542,0.18347111331504887,0.18910599157551003,0.22227616461379474,0.29072338714587304,0.25602126209321296,0.4105396472526778,0.28318607995885087,0.5456479985044291,0.3022383085304675,0.692372971347226,0.3117629006134277,0.8462970418300533,0.3105819252996545,1.0023496880439884,0.2978615752402392,1.1549533098768028,0.2732027121362891,1.298218689205104,0.23671134813665531,1.4261808530308815,0.18904577757742644,1.5330644653060408,0.1314377714202741,1.6135663883612592,0.06568632561062035,1.6631420160046801,-0.005876168603249454,1.6782815604678158,-0.0804439391165479,1.6567627882365412,-0.15482114930886387,1.597867774255084,-0.22552435973980478,1.5025530162048626,-0.28889906330691717,1.3735645748214043,-0.34124474710227803,1.215492580046217,-0.3789429146199998,1.0347622395169627,-0.39858289204253433,0.8395611870183194,-0.39708095272808497,0.6397054301568839,-0.3717892126424566,0.44644816604419274,-0.3205917615976068,0.27223725600182497,-0.24198649914467496,0.13042816469685045,-0.13515206102195176,0.03495970051371599,-0.0,0.0,0.16278700274929145,0.03956995707991502,0.3517296780362373,0.16715079228264998,0.5645379612773935,0.3952817716464031,0.7981063948593378,0.7351532941936317,1.0485174675089515,1.196199733935415,1.311051273347527,1.7856955968310446,1.5801999889135574,2.508357771352028,1.8496858200860686,3.3659559376786476,2.1124812443882894,4.356932569403826,2.360830553574374,5.476033419210134,2.586271876476021,6.71394892655439,2.779659025863092,8.056966616904846,2.9311826612745477,9.486634271712258,3.0303903901969256,10.979433427644123,3.066205541935797,12.506462603559124,3.026944442449186,14.033129545085325,2.900332095411668,15.518851710725036,2.6735162364033402,16.916764192055105,2.3330797751353023,18.173434256571408,1.865051676863026,19.228581718695292,1.2549163603910074,20.014804376978038,0.48762170801767546,20.457307799040958,-0.4524142060595762,20.473638786508072,-1.58129755660071,19.973421907087626,-2.9156542636297207,18.858098537634735,-4.472626432060423,17.020667918627773,-6.269869626550621,14.345429775629453,-8.325550879192186,10.707728115980444,-10.658347334430838,5.973695858508184,-13.287445443029037,-0.0
34,1,-0.37359308836111116,1.8445832572222223,-0.3444515738066726,1.8280642551824124,4.943282622202785,4.639623081791602,2.8049787789534526,7.379923965997721,-0.0,0.0,0.05144398745104002,0.012921723664948152,0.10139775831267483,0.051199689158489665,0.14936345471387058,0.11399123335723507,0.19428648598247616,0.2000581211398135,0.234736117382765,0.30753324484718814,0.2690837930315785,0.4337773994218231,0.29567128093378653,0.575322983116166,0.31296191893855696,0.7278977951102876,0.3196698481473816,0.8865191285524712,0.3148639712736357,1.0456462576655838,0.29804525403068105,1.1993782599060019,0.26919767820440804,1.3416838580298414,0.22881447140599784,1.466650468918994,0.17790206956839066,1.5687406875893004,0.11796459905005925,1.643045765369462,0.050971576632336035,1.6855270272301353,-0.020688829704067376,1.693237440897028,-0.09426907595191995,1.6645166116759418,-0.16673250779510085,1.5991533328376308,-0.23483323654603128,1.4985105434566126,-0.2952041809595586,1.365608242476024,-0.3444515738066726,1.205160687658929,-0.3792538711843703,1.0235651467926008,-0.3964626481363548,0.8288405906936349,-0.39320281853650796,0.6305159934953086,-0.3669694515801807,0.43946926156914423,-0.3157186008837003,0.2677191491048564,-0.23794990308201494,0.12817373264782805,-0.13277919701388272,0.03434002007574516,-0.0,0.0,0.15986671193820495,0.03885886645596861,0.3455343969995514,0.16417128381395704,0.5549239938715803,0.38835141715316895,0.7851472115955467,0.7225720911514966,1.0324988812493674,1.1763579127155652,1.2924570307016385,1.7571765578572722,1.5596892889382656,2.470031736362924,1.8280642551824124,3.317060655186929,2.0906665591419884,4.297138139732962,2.3398144715682307,5.405488967231676,2.56707908049155,6.633309434431701,2.7633042128787735,7.967398730524757,2.9186264424993738,9.389800316690446,3.0224946744484513,10.87745322205479,3.063688930064311,12.401852945153705,3.030338070412336,13.928721491279916,2.909936291504288,15.417685969729407,2.689358300749385,16.8219651113787,2.354873143423967,18.08806303726319,1.892156692312248,19.155469604886296,1.2863028454107184,19.95636667397804,0.5218334979813302,20.415339661601617,-0.4172926315931249,20.449093793242447,-1.5476722358651458,19.966174498177157,-2.8864506238862964,18.866691441259036,-4.451315811127613,17.04204572726098,-6.2604934101449965,14.374659856683646,-8.332742243354891,10.737710052543072,-10.687350605055657,5.994860615548966,-13.344133105919276,-0.0
35,1,-0.3476100688958333,1.8014455048333333,-0.3501207878976264,1.8490893321570256,4.942552394539415,4.6592411108240865,2.6098953566852328,7.207335750503751,-0.0,0.0,0.04414290963267205,0.010919740959422398,0.09059951824210188,0.04453251103461981,0.13801392425550718,0.10168171231705148,0.18452241222677662,0.18239711251722238,0.2279605852513073,0.2856929699018218,0.2660602785020843,0.40946751684737254,0.29662863139045015,0.5504967253834341,0.31770337174013735,0.704511870193235,0.32768032560140264,0.866347913492334,0.32541120418596037,1.0301482539133324,0.31027161190128194,1.1896108909405378,0.28220076731690047,1.3382614331993654,0.24171549635071957,1.4697394133879584,0.18990159966916603,1.5780858094246122,0.1283857678145303,1.6580212576030593,0.05929095148667161,1.7052059743326993,-0.014822333135518846,1.7164737527953176,-0.09102670020851245,1.6900335331489866,-0.16610880281412166,1.6256330002619035,-0.2366587399909801,1.5246795299514577,-0.2991661313049768,1.3903146841309615,-0.3501207878976264,1.2274394275031657,-0.38611564130569065,1.0426883418402106,-0.40394939218776,0.8443523376434213,-0.4007262829308989,0.6422506533781974,-0.3739505171197335,0.44755420835831,-0.321613143156706,0.2725635471007613,-0.24226965602634443,0.1304456000969054,-0.13510709824401407,0.03493422973701033,-0.0,0.0,0.16244496461303623,0.03949480238399906,0.3508552560319552,0.1667769106378765,0.5630689526770032,0.39432176292845633,0.7961204338843773,0.7333233318505096,1.0462340850140657,1.1932903927812997,1.3088247700173148,1.7816413894403424,1.5785038180207143,2.5033009655687297,1.8490893321570256,3.3603006182122663,2.1136197325908355,4.351385356750534,2.364369574775659,5.471627739317274,2.5928668244545916,6.712050213671201,2.7899109118884886,8.059256315740296,2.9455910214311607,9.495070974144582,3.049304193780049,10.996189927956161,3.0897729242061893,12.533838080781184,3.0550620297784428,14.073436479008482,2.9325946323037386,15.57427750765239,2.7091671625307057,16.989207835873263,2.3709633367436487,18.264318608941633,1.9035670910840103,19.338642367961274,1.29197448369709,20.143856177880014,0.5206045919428104,20.603990453932354,-0.4266905569122884,20.635142993288788,-1.566616976447523,20.145197739721088,-2.916430584864528,19.033547832582016,-4.4939298923464825,17.190822515942802,-6.317449463086634,14.498617508371115,-8.405854104555388,10.829228457947906,-10.778533738575867,6.045387130351075,-13.455398910988315,-0.0
36,1,-0.3766330716597222,1.8558315328333335,-0.3655418381979118,1.8581847078610996,4.942433787101465,4.650653212749923,2.827803314274445,7.424926769982614,-0.0,0.0,0.055319506121253186,0.013898608028629607,0.10891820867463296,0.05503683040543016,0.16021579680572906,0.12243642910252645,0.20806911554618088,0.21468068208049845,0.2509568450201502,0.32967902403458726,0.28716253561374533,0.4645239634048793,0.3149480519383225,0.6154374308965586,0.33271058041933094,0.7777999973527936,0.3391178535889277,0.9462533374136917,0.33321797180189905,1.1148640682977469,0.31452196179456726,1.2773357260184508,0.2830588063826098,1.4272551202518722,0.23940395733018563,1.558359511196232,0.1846832224774258,1.664811794740541,0.1205544014338176,1.7414719639679632,0.04916920937668103,1.7841543543554343,-0.026881999953896406,1.78986144791146,-0.10464029075209604,1.7569862446483195,-0.18086060672215745,1.685476405388076,-0.2521042146628724,1.576954564965422,-0.31483856698311774,1.4347904583808126,-0.3655418381979118,1.2641218291511682,-0.40080923917188593,1.0718225022506231,-0.41745816293319715,0.8664174701065116,-0.41262931662083413,0.6579462949222493,-0.3838812630403659,0.45777749301529563,-0.32927621745097735,0.2783777552842354,-0.2474554803436662,0.1330408049601156,-0.13770348072874491,0.035581356213901516,-0.0,0.0,0.16493930602788917,0.04012491871834923,0.3556335066246873,0.16923615270575584,0.5698171805834988,0.39967775766454633,0.8044302059205667,0.7424626583741016,1.0556152402827785,1.2068743761979814,1.3187215373109478,1.8000691369856017,1.5883137803930782,2.526681194868724,1.8581847078610996,3.3884335693868586,2.1213704335107564,4.383755811683295,2.370167516417829,5.507409904445734,2.596150990558695,6.750124966361041,2.790192717253786,8.098241075577434,2.9424795646756663,9.533362244065337,3.042531044134717,11.032018358973936,3.0792161403887754,12.565335749588403,3.0407691623677846,14.098715930159637,2.914804512238762,15.591522000663076,2.6883303262321876,16.996772151008233,2.347760982121943,18.260839701838382,1.8789284978854708,19.323159120361396,1.2670928660403433,20.115937467267862,0.49695138048520565,20.56387075640209,-0.44735298082443387,20.5838647390998,-1.5822240518094974,20.084759657477342,-2.9246057880162213,18.967058543645756,-4.4919763281027825,17.12265867360364,-6.302342748849828,14.434585814669791,-8.374236459891012,10.776730933333427,-10.726709188883822,6.013589056168503,-13.379329512187006,-0.0
37,1,-0.36550779675,1.8942847326319443,-0.3638295222490444,1.9092697724396266,4.932456774533241,4.618493011793603,2.7442735033545214,7.57877273472937,-0.0,0.0,0.04794946547283642,0.011987790039588317,0.09583194696968168,0.04794212935673462,0.14312209793247208,0.10772408917587462,0.18874193820391696,0.19078813070548062,0.23120197836947154,0.2959408772821008,0.2687459160696071,0.4211714286664788,0.2994967154961042,0.5635544667414633,0.3216014560826846,0.7192262152925107,0.3333716252237517,0.8834318409337841,0.333414694669979,1.0506410116692142,0.3207520848850544,1.2147260563689926,0.29491822138812696,1.369194602043533,0.25603551200889246,1.5074659242775148,0.20486082135402056,1.6231778210543144,0.14280036770822374,1.710508922550084,0.07189178177841336,1.7645002503851654,-0.00524587633754113,1.7813597190083976,-0.08549130791676021,1.758734185794605,-0.165324772218992,1.6959355312855506,-0.2409505842588799,1.594109900063888,-0.3084316840108355,1.45634239156495,-0.3638295222490444,1.2876928605943792,-0.4033429249458459,1.095161781029193,-0.4234404402203348,0.8875880994864773,-0.4209817921810547,0.6754834820463849,-0.39332531354173716,0.47080923537229147,-0.33841946948464724,0.2867034347655411,-0.25487771497569073,0.13716644670247558,-0.14203687820239552,0.036713166258048324,-0.0,0.0,0.17033492205975012,0.041434021408409585,0.3672585196650002,0.1747709145085651,0.5882440607889137,0.41270739634910003,0.8299499619338537,0.7664728478019364,1.08822898357084,1.2454239442454238,1.3581424475024892,1.8566452047154252,1.6339780140952809,2.6045575961913388,1.9092697724396266,3.4905366521637906,2.176819610815313,4.51254099504771,2.428719036952705,5.66475168690628,2.6563708004635926,6.937222464316,2.8505098298741083,8.315540630394137,3.001223132846233,9.780498168257706,3.097968421072333,11.307772493639755,3.129591312706915,12.867616168826954,3.0843410374000078,14.424554845310562,2.9498846246043673,15.93709267961375,2.7133195974369735,17.357424468027208,2.361185224430403,18.631153765072288,1.8794724022236697,19.69701628220385,1.2536322555523276,20.486607903389288,0.4685835484576537,20.924116699478926,-0.4912809961739068,20.92605837119725,-1.642089371674981,20.40101459924318,-3.000485862569055,19.249373828008558,-4.583627428726733,17.363074055832925,-6.409180812997891,14.62534724885375,-8.495320292238597,10.910465036977465,-10.860725997570349,6.0834853890635605,-13.524582735685428,-0.0
38,1,-0.3598941982222222,1.8976205868680556,-0.34844244503600097,1.921188883913739,4.938352407436887,4.6322006673631275,2.702125976447489,7.592119028819248,-0.0,0.0,0.05188690197025979,0.01313221456517983,0.10035051590299623,0.0513204172532147,0.145803645483848,0.11298445391993014,0.18803578267104518,0.19659004187141788,0.22633152341460608,0.3003662698279525,0.2595983736886912,0.4220847676655584,0.2865011182043132,0.5589045419254325,0.3055996597128785,0.7072849998890911,0.315486806079163,0.8629680380297297,0.31492192074925185,1.0210281726096395,0.30295576521347584,1.175987499308531,0.27904140761331164,1.3219898102478242,0.24312592472034478,1.4530255808590746,0.1957179318525499,1.5631969582978085,0.13792681388810304,1.6470095875048227,0.07147088208153392,1.6996763658264598,-0.0013465700057181868,1.7174172536135248,-0.07769238470432772,1.697739239378161,-0.15428697793942583,1.6396815093842831,-0.22751156377353973,1.5440127329761242,-0.2935333836965122,1.4133699743400947,-0.34844244503600097,1.2523318343239787,-0.3883931220890531,1.067421734426328,-0.4097443390342019,0.8670405066325847,-0.4091928339937776,0.661330412838438,-0.3838950665526319,0.46197521102668176,-0.33157453729592956,0.28194280581787834,-0.2506125104591991,0.13517832942981883,-0.14012126757505583,0.036256214038685605,-0.0,0.0,0.16902576853971865,0.04107836598192633,0.3653797644906567,0.17358526936449387,0.5866237146419087,0.41061125167479845,0.8294572324367253,0.7638119897518817,1.089726762772469,1.2429791405838462,1.362441575738935,1.8556175018967909,1.6417949494316104,2.606531540465915,1.921188883913739,3.497423459046794,2.1932609179443148,4.526504200543022,2.4499118577429537,5.6881181332490485,2.6823334583418683,6.972381623967814,2.8810353129936233,8.36483528064427,3.0358703984736057,9.846109323008209,3.1360588907899056,11.3916013064109,3.1702100059494667,12.97116526742955,3.126341734837939,14.548811266779104,2.9918984318594557,16.082414263189257,2.7537662863103325,17.523431249887214,2.398286756393947,18.81662561325218,1.9112680812448237,19.89979772261121,1.2779950091220829,20.70352082400038,0.48323689262905545,21.150881383340096,-0.48874569330154494,21.157223101404693,-1.6541956558871886,20.629893900801083,-3.029855261847797,19.46799526140657,-4.632963046082685,17.562133353596323,-6.481251619965119,14.794171486960694,-8.592946258357024,11.036983455389542,-10.986764155600477,6.154207417064679,-13.681914251787669,-0.0
39,1,-0.3495693117986111,1.924501913298611,-0.36525574768220576,1.937913221840515,4.942503362693556,4.6566767679059735,2.6246055719871686,7.699667519453066,-0.0,0.0,0.053294127892960834,0.013453828515932837,0.10378924262960162,0.05283184520692695,0.1516819126174933,0.11681288831349458,0.19652975805242037,0.20400911420181422,0.23738265573913547,0.3126788648463125,0.272923493045384,0.44050764980424767,0.30161530953659293,0.5844612421511186,0.3218511800600941,0.7407131954548088,0.3321025254064957,0.904647104098648,0.3310608244063203,1.0709315924364509,0.3177671319810537,1.2336633527375223,0.291723574184729,1.3865706781388574,0.25298124473335826,1.5232670632111889,0.20219973948812608,1.6375418364984182,0.14067490937414015,1.7236727233113855,0.07033316821496112,1.7767439526732272,-0.006307329198983929,1.7929531804977843,-0.0862063431258915,1.7698911584253472,-0.16589797532298672,1.7067796804447168,-0.2416084197975447,1.60465573577159,-0.3093887053621,1.4664927631607307,-0.36525574768220576,1.2972531778239937,-0.40533519017056513,1.1038696629060438,-0.4260001094295689,0.8951558447038456,-0.42400058193606555,0.6816497136961476,-0.39658023021858896,0.47539538046629504,-0.34157706763172846,0.28967039720733434,-0.2575071351986999,0.13866691933524855,-0.14363048937743872,0.03713546274159951,-0.0,0.0,0.1725058770781788,0.04195272445246933,0.3721646854133335,0.1770360948222203,0.596403933968293,0.4182188542002392,0.8418053255139755,0.776971686849026,1.1041171284581979,1.2628471118328246,1.378272679431311,1.8830671757897663,1.6584131854098012,2.642121543690822,1.937913221840515,3.541377726361548,2.209407572728465,4.578704443681865,2.464818310664327,5.7481085085930985,2.6953812550750142,7.039385126826649,2.891671166010414,8.437781132198607,3.0436252229209693,9.92367040519876,3.1405645006973595,11.472240539272276,3.171213288683405,13.053189709888509,3.1237162040525916,14.63043265187373,2.9856531315288066,16.161814647308077,2.7440520801694155,17.59883245780099,2.385400088243814,18.886361191093602,1.8956523324931016,19.962386164326492,1.2602396113640315,20.75773890821793,0.46407437594777734,21.195836542558116,-0.508444520292542,21.192423839866542,-1.673428189360121,20.655317377905416,-3.0474950410971577,19.484151261014347,-4.647768939573872,17.570123963675705,-6.49187805640901,14.795745916642046,-8.597954307562382,11.034587516088902,-10.984633273437845,6.151027289639428,-13.671054514751525,-0.0
40,1,-0.35505566158333335,1.9681505751180555,-0.366772259381242,1.9461629469851758,4.945424500204095,4.6724546650496315,2.665797701069564,7.874299813324224,-0.0,0.0,0.054445359104550464,0.013724946917678463,0.1062718085402346,0.054012232652314994,0.1553303794248319,0.11953823231087846,0.20097063459374886,0.208775080504442,0.2421491228646393,0.3197667885526703,0.2775442424815894,0.44996118489174824,0.3056772522359245,0.5961008550781156,0.3250380465238794,0.7541758644831698,0.33421287595449106,0.9194400038164421,0.33200972816156726,1.0864905166888952,0.3175758838485535,1.249408808810934,0.2905014873517264,1.4019567009189207,0.25090298144055545,1.5378196793712449,0.199480992744971,1.6508856779635575,0.13754863469106715,1.7355455391527443,0.06702803871958284,1.7869997326768314,-0.009585006050416296,1.8015553281800234,-0.08928637953163442,1.7768976757643091,-0.16865519929811965,1.712322674973505,-0.24396651752732332,1.6089177418292964,-0.311319147184788,1.469682383683496,-0.366772259381242,1.2995824024930893,-0.40648452375152166,1.1055349126217238,-0.4268501012689969,0.8963243538448032,-0.42462663760107466,0.6824523260176264,-0.39705143032061935,0.4759262469264242,-0.34194304609910703,0.2899934736209355,-0.2577867507748702,0.13882861541372102,-0.1438031129440912,0.0371823309138656,-0.0,0.0,0.1727911244979424,0.04201837233410007,0.37289318154809875,0.1773477042339401,0.5977739762835426,0.419046093828822,0.8440472752343731,0.7786917932378197,1.1074824715478528,1.2659582887747356,1.3830209063458483,1.888195955938911,1.6647970512534092,2.6500231615242464,1.9461629469851758,3.5529288334550957,2.2197145128315072,4.594887770563179,2.4773185729381013,5.769989329581939,2.7101396726093423,7.068079606824139,2.908665970760156,8.474416822621734,3.0627336860624723,9.969339308522278,3.161549740385134,11.527945278624953,3.193712382421118,13.119783424179301,3.1472296874217136,14.708553291338312,3.0095359175039067,16.251814373024153,2.7675057936628815,17.700702855615557,2.407466778413457,18.99965499940085,1.915209500016234,20.08613618980339,1.275996468520822,20.89037476715483,0.47456924313563986,21.33509982059057,-0.5048457878607661,21.33528221209222,-1.6785328572515885,20.79787817655115,-3.0632833492405807,19.621574920661867,-4.676393270253223,17.696537715931548,-6.535661531796903,14.90415804817247,-8.65938892896658,11.116802447053447,-11.06637771014007,6.197561674493514,-13.775931644948429,-0.0
41,1,-0.3853655117847222,1.9440109249999997,-0.34896332820596904,1.92971935538587,4.940507165357937,4.643349342365065,2.893367453446717,7.777720392612515,-0.0,0.0,0.049038789713936506,0.012391360685160502,0.09543513244326705,0.04860297542234813,0.13971811625982616,0.10747829781523009,0.18169390896952967,0.187939903409959,0.22056920617265885,0.2886580031995011,0.25509430674226946,0.4077857398295306,0.28372122762493124,0.5427700110887113,0.30477052852488984,0.6902438235679338,0.31659920626354443,0.8460026638009307,0.3177613542707806,1.005063357922207,0.30715337220301947,1.161799728940722,0.28413634157729384,1.3101454318214378,0.24862963694543108,1.443850995567962,0.20117172611113115,1.556779593928896,0.14294620173833364,1.6432245615285583,0.07577316095802171,1.6982312167525728,0.0020679259031988577,1.7179060915010507,-0.07522935340357724,1.6996980671023914,-0.152748523589713,1.6426379910130724,-0.22680326002962106,1.5475258937319245,-0.29351815493468,1.4170577339504493,-0.34896332820596904,1.2558864845189406,-0.38929113436175333,1.0706151724255175,-0.4108700677440645,0.8697220750122405,-0.410411655865898,0.6634205569919838,-0.38508691904952036,0.4634579438934523,-0.33262981177971895,0.2828593302194426,-0.2514259022638989,0.13562330192382585,-0.14058535259641416,0.03637722089555348,-0.0,0.0,0.1696150160798934,0.04122023156275272,0.36669410431196414,0.174197171841474,0.5888071636810182,0.4120914882146867,0.8326569489887081,0.7666319070840322,1.0940860292056176,1.2476830208750216,1.3680914563185917,1.862818580041325,1.6488453043731044,2.616903661779169,1.92971935538587,3.511688213549707,2.2033123804710284,4.545413648903637,2.4614786711469785,5.712433447864776,2.695356699456603,7.002848097158771,2.8953970110660654,8.40215420146935,3.051388670957473,9.890907203474349,3.1524837780822117,11.444396860325236,3.187219737916392,13.03233442664438,3.1435391275177915,14.618550376146784,3.008807105909221,16.160701441978468,2.7698264145659905,17.609985756318107,2.4128500807744526,18.910864910114068,1.9235919836513675,20.000791822774286,1.2872354719753087,20.80994339952745,0.4884402380058125,21.260957053035522,-0.48865234470758606,21.268670269287384,-1.6604152160722134,20.73986250096213,-3.0437327637834097,19.572998770759156,-4.655998918653136,17.6579744602072,-6.5151160490002376,14.875860844660378,-8.639494509813277,11.098651011765215,-11.048052720089798,6.189005868389616,-13.76021765881877,-0.0
42,1,-0.3641708671319444,1.900765518375,-0.37300338884300493,1.920716321105474,4.9402118083801865,4.649783288134304,2.734235685941862,7.604701467323255,-0.0,0.0,0.05358271129128114,0.013511304160573993,0.10471354095561747,0.05317843129698694,0.15355971516895317,0.11784784568662662,0.19961134218453377,0.20627545144152176,0.24180958237503258,0.31681919608098663,0.27869431757716456,0.4472007817258308,0.3085666498153737,0.5943451585700674,0.3296595048127647,0.7543036110398861,0.34030808889209063,0.9222624751893437,0.33911118931399,1.0926351751040686,0.32507443252035334,1.2592307548402124,0.29772760181194446,1.4154878525839323,0.2572098264959421,1.5547595161361552,0.2043186649553421,1.6706317019900683,0.14052154968176148,1.7572569187412843,0.06793047956326367,1.809684320209057,-0.010756994010248572,1.8241685513016554,-0.0923457042101003,1.7984416273722486,-0.17325373412276052,1.7319348452971195,-0.24963955990635886,1.6259409088617822,-0.31753869484619246,1.4837098287286552,-0.37300338884300493,1.3104754800118583,-0.4122396278552238,1.1134127633740438,-0.43173661475934627,0.9015279669981715,-0.428384986394929,0.6854870712218778,-0.3995811316242164,0.47738833239328826,-0.34331603993739346,0.29048653058300894,-0.2582480680244102,0.1388768061008214,-0.1437598225122513,0.03714610665916479,-0.0,0.0,0.17208850348480895,0.04187206142407095,0.3707525935541028,0.17652230614295372,0.5934233061105355,0.41663028004275704,0.8367186392853511,0.7733875161066565,1.0964531186808089,1.2560931617320672,1.36765245022923,1.8717557258592923,1.644571785560209,2.624703113155764,1.920716321105474,3.5162024233361335,2.1888631575019035,4.544090405568794,2.441083547306555,5.70241497194269,2.668764847431067,6.981087785763994,2.8626316621177446,8.365547641885671,3.0127658095162313,9.836434136953534,3.1086248689166602,11.369270975948723,3.1390591669706116,12.934158166173273,3.092327141382256,14.49547229986561,2.95610908183577,16.011574111928812,2.7175192929230967,17.43452251100986,2.3631167552055126,18.7097943129059,1.8789143808381679,19.77600894882493,1.2503869717492946,20.56465747245211,0.46247799325682337,20.999835245230525,-0.5003947240182086,20.99797773587303,-1.6543342445661604,20.467598925798228,-3.0159606471324722,19.309031865501765,-4.6024079061483,17.414170976926062,-6.4313214468513475,14.666215743168001,-8.520856293530086,10.939415469154609,-10.889675738185534,6.098814835221894,-13.556950464364649,-0.0
43,1,-0.35311747524305553,1.8800700282430556,-0.36356069112605066,1.8944891648670505,4.941238266358673,4.636440839025927,2.651245580798854,7.521901657114197,-0.0,0.0,0.0566655307257091,0.01435695253169308,0.10931257557416993,0.056000949841143684,0.15848649470346327,0.123095082123795,0.20394259173126808,0.21387129738955082,0.24481042139207312,0.326275421151987,0.2797782139921868,0.4576997501428464,0.30728734288838133,0.6048108123736045,0.3257259849177186,0.7634746144082917,0.3336113338924611,0.9287762832993478,0.3297508664587544,1.0951259396670063,0.3133750519301572,1.2564383346467811,0.284236286698267,1.4063705617691198,0.24267142818737225,1.538600191267133,0.18962782149012797,1.647125499879455,0.1266549183588903,1.7265699844439684,0.055865317702016054,1.7724748520608586,-0.020129776358207507,1.781565410074563,-0.09830508702120803,1.7519799491637376,-0.17532011599976283,1.6834525484337772,-0.2476269767393639,1.5774439983744988,-0.31158249980828606,1.4372175586105354,-0.36356069112605066,1.2678584289436796,-0.40006246257430483,1.0762375620213156,-0.4178203496285846,0.8709217840467646,-0.4138966186950035,0.6620331552359148,-0.38577371421449186,0.46106115734614966,-0.33143639533964264,0.2806317146434331,-0.24944517822352258,0.13423730815894586,-0.13900086102277423,0.03593259112910294,-0.0,0.0,0.1669187374977124,0.04058990612569824,0.36033736283817835,0.17133987718655067,0.5780304440218643,0.40497760976150937,0.8169459107979321,0.7529120420374295,1.0731944861125617,1.2248170415039898,1.3420472767034126,1.8282118713188307,1.6179408768079984,2.568042360898599,1.8944891648670505,3.4462663391802293,2.164500821343465,4.461446439724462,2.420001481448437,5.608352870490445,2.6522593703247836,6.877578179290829,2.8518132552295365,8.255165464210345,3.0085015889940543,9.722250903358008,3.111491806057786,11.254720935415532,3.14930885745526,12.82288393300502,3.1098622228110067,14.391155791154034,2.9804708034474587,15.917758513328259,2.747885269502518,17.354430621862676,2.3983075954380335,18.646148046927795,1.9174076646610998,19.730854052705183,1.2903369498098303,20.539196732198732,0.5017393776255081,20.99427263198556,-0.4642404345634947,21.01137514320084,-1.6239513289664018,20.49774640318744,-2.9942318687059752,19.35233158235037,-4.592408419723599,17.46553457296677,-6.4362947619931274,14.718974242735564,-8.544192949794569,10.985240559127494,-10.934895160035436,6.127650026192892,-13.627686292259854,-0.0
44,1,-0.35507301486805554,1.9221036202083335,-0.36940174963660316,1.9108798299959955,4.946486581365431,4.666692239284758,2.6659279914761784,7.690072278584904,-0.0,0.0,0.06036037335547783,0.015344096977860421,0.11525678737316083,0.059454343640025165,0.16544354739978337,0.1298200012057981,0.21094759500666285,0.22412077407729017,0.2511981773047018,0.339894507555621,0.28517827751683994,0.4742754328904472,0.31159044506503547,0.6238120651922812,0.3290284332032653,0.7843698423510734,0.3361455682541443,0.9511191435418804,0.3318110663365662,1.1186048294249105,0.31524650405126603,1.2808892754218077,0.2861361811598673,1.431757337053702,0.24470698377378425,1.5649690132786496,0.19177535672437815,1.6745438768067877,0.12876093745267134,1.7550606363450723,0.057668146969246215,1.80195541839719,-0.018961518198163912,1.8118033797134299,-0.09812264274324721,1.7825699247236286,-0.17643989159051385,1.7138199308345166,-0.2502778197461835,1.6068758070691438,-0.31586133162617946,1.4649177711366868,-0.36940174963660316,1.2930222899191635,-0.4072237779105072,1.0981370745310794,-0.42588913331817857,0.8889932623683154,-0.4223132197251002,0.6759573855925478,-0.3938719031472704,0.47082736953687176,-0.3384961675460174,0.2865780961062633,-0.25475315853987784,0.13706299502494002,-0.1419128231977101,0.03667869518897115,-0.0,0.0,0.17016761938619654,0.04139237794579811,0.36695476306838337,0.17460882665508262,0.587895827724497,0.41237742600723754,0.8296925887852734,0.7659851979780502,1.088220708753038,1.244863092177243,1.358543329386819,1.8561760678307861,1.6349300668146483,2.6044213909682394,1.9108798299959955,3.491037447974481,2.179146034757371,4.514024623094029,2.4317629704690042,5.667579118769824,2.660072278324688,6.941740026301423,2.8547487053832636,8.322049485201468,3.0058244960180525,9.78922540159286,3.102711964081029,11.31884592301837,3.134223949582151,12.88104467977028,3.0885920001432123,14.440215689894996,2.953482229092378,15.954726774088803,2.7160088895833114,17.37664032548479,2.362745769433518,18.651440316226132,1.879735557063887,19.717764487247774,1.252497357920406,20.507140750761923,0.4660325560810743,20.943726928971774,-0.4951707797154273,20.94405305141507,-1.6471347500051414,20.41676553234112,-3.006389552361012,19.26237264516341,-4.589972310237483,17.37299080087788,-6.4154266458854545,14.632091219845549,-8.500802857159021,10.914246660659717,-10.864658575034696,6.084877935648693,-13.526059795152966,-0.0
45,1,-0.3685951586527778,1.8413191172638887,-0.3507597412400814,1.8744182621830927,4.9413061089231896,4.63614175606265,2.767453762545694,7.366864590871898,-0.0,0.0,0.06018443766495272,0.015297179250734379,0.11476290551392752,0.0592538350973039,0.16416859629669642,0.12920110497304882,0.20826946228131565,0.22254078816226563,0.24648583550840264,0.3364915948485346,0.27791911081581006,0.46789712817250484,0.30148709628125997,0.6131000818594238,0.3160606377772957,0.7678846710497914,0.3205956160026877,0.9274864677357268,0.3142544595186415,1.0866658495929487,0.29651188455603517,1.2398384645782217,0.26724055487510245,1.3812537003051752,0.2267736022639692,1.5052102980323212,0.1759422999491945,1.6062970581520861,0.11608849489580189,1.6796460627512795,0.04905257406956652,1.7211859437664996,-0.02286130010245834,1.7278833623315792,-0.09694022331043542,1.6979619239635348,-0.17013489105546956,1.631089118942591,-0.2391459896139979,1.5285234398675227,-0.3005212455267577,1.393215496915732,-0.3507597412400814,1.2298586518529468,-0.3864202024858803,1.044886367140775,-0.4042301374633207,0.846415072891547,-0.40119294350956064,0.6441328577985092,-0.37469038438266916,0.44913566248748743,-0.32257817464699123,0.2737138706433984,-0.24327278178103784,0.13109323306417892,-0.13582796474656167,0.035134903692772765,-0.0,0.0,0.16369901112642798,0.03978451398652375,0.35395992253314335,0.1681305931953,0.5686471664311641,0.3978201908351946,0.8047806032515145,0.7403568668593501,1.0585276681873492,1.2055411325755094,1.3252046396227009,1.801044202047078,1.5992856865965457,2.53198438088762,1.8744182621830927,3.40050962585924,2.1434433932951507,4.405389085099573,2.3984194664521965,5.541615713814766,2.630648211690757,6.800021383748873,2.830701729322549,8.166905290095919,2.988449572464997,9.623675923148088,3.093085078716401,11.146506423299428,3.1331503252344812,12.706002780131163,3.096559253278926,14.266884066928423,2.9706186639994496,15.787673714720823,2.7420469223941804,17.22040071553605,2.396990318693358,18.510309592070985,1.9210371255894299,19.595577968855768,1.2992294568317475,20.407040616852683,0.5160730798315281,20.86791890875201,-0.44445463522023704,20.893554706672493,-1.5988984316712829,20.391147799646394,-2.9643203459136305,19.259496108757165,-4.55829615220579,17.388737978131083,-6.398912885433084,14.660095966504489,-8.504767268935787,10.945621644279395,-10.89496489134869,6.107940983277132,-13.58911999417598,-0.0
46,2,-0.4850443115070423,1.9766021841056338,-0.534969412220249,2.0100240288453324,4.98661267599716,4.739353267606882,3.641767053554961,7.908113538714206,-0.0,0.0,0.21302543646404626,0.05577138373938342,0.3698936433409654,0.20366947349792136,0.47858444254296056,0.4176395722443903,0.5463430826955251,0.6754362711694968,0.5796315424061738,0.9582420224692483,0.5841249292788271,1.2502728295046144,0.5647470289547882,1.538392221842057,0.5257370452734966,1.8117511620327729,0.4707386102371435,2.061467268688152,0.40290211200705,2.2803522372418716,0.3249920780605608,2.4626920112747546,0.23949250949684348,2.60408040117482,0.1487044530702528,2.7013036373669688,0.05483152484260371,2.75227084725119,-0.03994957349602211,2.7559836399499926,-0.13343535571151732,2.712536799060114,-0.2233595372719004,2.6231414228068655,-0.3073748307267577,2.4901616108298237,-0.38305209890850506,2.317155884892888,-0.4478959684433049,2.108914872549192,-0.49937564985849214,1.8714873236065217,-0.534969412220249,1.6121872325563,-0.552220898217784,1.3395756828896002,-0.5488052303355638,1.0634119961533468,-0.5226026518778184,0.7945698463468305,-0.4717772788534305,0.544915172259965,-0.39485842663119614,0.3271439630798093,-0.29082193730281264,0.15457927359071363,-0.15916898623064363,0.04092810323961378,-0.0,0.0,0.18591842478491352,0.04539037378447228,0.39709535930388423,0.19013247486171578,0.6312674627158388,0.44632276633514945,0.8853618259875164,0.8247249630841453,1.1554700742907038,1.3343583038292413,1.4368335680248707,1.9820756655713383,1.7238390906105265,2.7721369343123103,2.0100240288453324,3.7057826410873544,2.2880897579916697,4.780812297846458,2.549921749262446,5.991171170954706,2.7866148234277586,7.32654846132057,2.988501974249967,8.771989068335087,3.1451852663627355,10.307520343849388,3.2455674568000967,11.90779452861373,3.277883178426187,13.541746934019862,3.229728737853344,15.172269404026066,3.0880898026213615,16.75589817398626,2.8393664678559056,18.242514934892228,2.4693953902085055,19.575059706971427,1.9634688490886305,20.68925401470362,1.3063507378889894,21.513332822273316,0.48228959982717395,21.967783719081886,-0.5249710947967084,21.96509192399287,-1.7321851780517707,21.409489790211328,-3.156598237036926,20.19670962743488,-4.815943993939668,18.213738803458103,-6.728442320489614,15.338576235160309,-8.912798607766824,11.439989522205126,-11.38820423391506,6.377272111153603,-14.174337898534741,-0.0
47,2,-0.6169575535972222,2.1175313715694446,-0.603087184828435,2.1369075049743222,4.9825132699882815,4.745121909687982,4.632186459730519,8.47195183877499,-0.0,0.0,0.20688321044193173,0.05385931191488734,0.36557636478412975,0.19885514416959071,0.4819317010444195,0.4123830808074989,0.5611390519820035,0.6745990918843351,0.6077484940646316,0.9680924002555941,0.6257279331154512,1.2775786948874917,0.6185476827232287,1.5896292534422272,0.5892827000185168,1.8924471720939446,0.5407228144546166,2.1756971078731646,0.4754818956919447,2.43039022430084,0.3960982276165259,2.6488218103920027,0.30512010867917055,2.8245556028247636,0.20517261023174696,2.9524463276678397,0.09900326549044697,3.028690410993424,-0.01049392877920793,3.0508941084005996,-0.12027552545120944,3.018148331312396,-0.22716503432696986,2.9311000352169594,-0.3278864709591723,2.7920110155697744,-0.4191124253666098,2.6047961852514545,-0.49752385837711066,2.3750347678892036,-0.5598788005129574,2.109949250304713,-0.603087184828435,1.8183483386856532,-0.6242891581150032,1.510531521000791,-0.6209343666326982,1.1981541294499354,-0.5908598969185109,0.8940530039077847,-0.5323647702227868,0.6120339640131517,-0.4442791440205189,0.36662328615258544,-0.32602666752747694,0.17278623308737026,-0.17767876770385968,0.04561637950080273,-0.0,0.0,0.20551602882317088,0.05026012602256872,0.43662028668953273,0.20978503105730367,0.6902912596896758,0.49064587478294114,0.9627266666839394,0.9032080404175282,1.249343135720993,1.455740358224058,1.544782832734681,2.154025950640102,1.8429259008803132,3.000977893824984,2.1369075049743222,3.9962623008480422,2.4191382750367403,5.135930826369162,2.6813269972818903,6.41206400118398,2.9145044988619877,7.81242625210599,3.109047801816608,9.320132967060553,3.2547037696059853,10.913329539439639,3.340611624912117,12.564881976190641,3.355323870405401,14.242078381978022,3.2868252873373294,15.90634043393466,3.1225498147996857,17.512943831659726,2.8493952220711187,19.010746636743452,2.4537355762830235,20.3419243955935,1.9214315778011122,21.441710958794516,1.2378388874671846,22.238143960098363,0.38781460514531213,22.651813989677795,-0.6442779197519395,22.595616581839575,-1.8745657553910446,21.974506230582247,-3.3196643413084943,20.685251742050948,-4.996676544033788,18.616192327135803,-6.923192640645023,15.646993927303825,-9.117291070367967,11.648405350299154,-11.597539810042264,6.48201386840863,-14.382998245623064,-0.0
48,2,-0.5902701636597222,2.152376491173611,-0.588695695971728,2.127003886196985,4.9796143306436065,4.7436470377460305,4.431814545012474,8.611362370806,-0.0,0.0,0.18677315603085948,0.048487287776325494,0.33294879664174487,0.18001039606878827,0.4430475555349682,0.3754266695953223,0.5209825175054122,0.617700426719017,0.5701108163492778,0.8916107317550473,0.5933141375911228,1.1834925001769747,0.5930999343195971,1.4810234026540523,0.571714198430373,1.773064654393511,0.5312566246312765,2.04955915883735,0.4737897977535909,2.301486062916978,0.4014353986164426,2.5208669187842045,0.3164521187460909,2.700815559387624,0.2212917817328929,2.8356215915895397,0.11863191648184941,2.920856101672543,0.011384595558361008,2.9534876919877724,-0.0973173299895128,2.9319972149476086,-0.2041544303049627,2.856480407586578,-0.30567240763161246,2.7287289145894564,-0.3983479096791516,2.5522817814317427,-0.47866479516501026,2.3324412736127944,-0.5431971737340145,2.076248718227854,-0.588695695971728,1.7924178714756316,-0.6121738690114598,1.4912250082471366,-0.6109915834026434,1.1843564434932998,-0.5829335212777222,0.8847154834872533,-0.5262806391555093,0.6061918401665668,-0.43987344811084816,0.3633973123406464,-0.3231663207050515,0.1713720480369568,-0.1762725145918757,0.045265970103086244,-0.0,0.0,0.20412149807886396,0.049911587014790884,0.4338215862196181,0.20838877997739347,0.686077590769621,0.4874967046383788,0.9571093214301158,0.8975998688359178,1.2423792446277295,1.4469832422474755,1.5365971117258048,2.141474575558794,1.833728135808651,2.984069957234608,2.127003886196985,3.9745641709075232,2.4089351617983517,5.109187023472448,2.6713262041773373,6.380246469302889,2.9052897119088152,7.775779061700984,3.101262214178606,9.279208017838812,3.2490194501812852,10.869008984956675,3.337691479516003,12.518383438963447,3.3557773165380365,14.194939526584978,3.291158938413208,15.860380073331955,3.1311145630034987,17.470197416443373,2.8623311296532448,18.973374679630748,2.4709159446392337,20.312093080473723,1.9424074747707711,21.421444847893763,1.261785288632466,22.2291513230905,0.4134791564178739,22.6552858201023,-0.6186226727604395,22.612000829738385,-1.8511659918975212,22.003259161491194,-3.3013239278799684,20.72456863104565,-4.986790974384746,18.662719915352845,-6.925777735070209,15.69552721238067,-9.13700634560891,11.69157135823983,-11.639706542801814,6.509945070195987,-14.453612348865231,-0.0
49,2,-0.5673504128194444,2.1938434358541667,-0.5920937471000144,2.187441595830568,4.977391229133342,4.744246043683985,4.259730486905547,8.777265914409437,-0.0,0.0,0.17483140798120256,0.04527288454674029,0.314121886618091,0.16891139539695804,0.42151949166495883,0.35408259228233196,0.5000825311969186,0.585628052364115,0.5523460901562794,0.8497842663743481,0.580417572144607,1.133943868362794,0.5860926898690484,1.4264701395932438,0.570982098816464,1.7165725885241403,0.5366386905551416,1.9942464192155704,0.48467631429784985,2.250273862078157,0.4168721579397996,2.476281066550849,0.33524693214187096,2.6648408357665825,0.24211910688569088,2.8096090784026333,0.14013152905546367,2.9054815024432004,0.03225063481537068,2.9487567219632846,-0.0782599481654342,2.9372924644815552,-0.18788839397932028,2.870642784527178,-0.2929424098546534,2.7501659226410844,-0.38963136623175615,2.579094512607607,-0.47415832751141296,2.362562061574128,-0.5428176002147175,2.1075818582844934,-0.5920937471000144,1.822976581163411,-0.6187585066197364,1.5192587864374159,-0.6199626507713663,1.208464091532934,-0.5933204591691565,0.9039401924024326,-0.5369851378020184,0.6200958512595338,-0.4497141301879654,0.3721146701905709,-0.3309238280786898,0.17563884943096117,-0.1807336691896281,0.04642825185584166,-0.0,0.0,0.20965962041547517,0.05125356458954295,0.4458507908322546,0.2140859098297943,0.7053943001385493,0.5010007832514736,0.9843247507944969,0.9227157145094791,1.2778947013729627,1.4877697497616813,1.5805832979930843,2.202134421139776,1.8861084372589314,3.0688299528886938,2.187441595830568,4.087548249574576,2.476824564598775,5.254283804775774,2.745787431146217,6.560973314095563,2.98516725717527,7.995144474131915,3.1851269939921187,9.539574196817105,3.3351742665431483,11.171956262345043,3.424179733668258,12.864578268883891,3.4403947988325907,14.584007608190873,3.3714685019367296,16.290786097876325,3.204463469625975,17.939132828446294,2.925870839812461,19.476654731869367,2.521624106992571,20.844064344273473,1.9771118595017243,21.974904215049605,1.2771893991599936,22.795277405236018,0.4061892487886387,23.22358351719992,-0.652069435335884,23.170259703397697,-1.9142725201587238,22.537526112844294,-3.397603588983514,21.219135248650858,-5.119737633304044,19.100124727658358,-7.09883570173511,16.056572953081524,-9.353540461586556,11.95535723262511,-11.90297262651264,6.653913897318273,-14.766728202141051,-0.0
50,2,-0.5704325913472222,2.191261397451389,-0.6081214480799447,2.1835725970878874,4.977248429541055,4.7349319431239465,4.282871828736278,8.76693553381253,-0.0,0.0,0.18017957636937487,0.04666082080798416,0.3236737299623277,0.1740690311618994,0.43426071114784043,0.3648535081101877,0.5150957783879095,0.60337416074575,0.5687850803428623,0.8754274788889108,0.5974896676641038,1.1679969084047561,0.6030502561522988,1.4690608426786909,0.5871222381143382,1.7674660046811277,0.5513103588482428,2.0528686807871104,0.4972933161042246,2.315741151618758,0.42693009941284615,2.547436158827962,0.3423419211309867,2.7402986493202133,0.24596585470093785,2.887811525675513,0.14057856239531374,2.984760760058666,0.02929057887208293,3.0274049519137085,-0.08448661818940975,3.013635099581253,-0.1970971574493573,2.9431118299120107,-0.3047164269028193,2.8173693756655775,-0.40344082152525973,2.639877989143901,-0.48938647451403056,2.4160590256161276,-0.5587920868153321,2.1532494413350673,-0.6081214480799447,1.860614782875892,-0.6341618947485366,1.5490117904577996,-0.6341157025786722,1.2308034298186148,-0.6056821951432766,0.9196304726227074,-0.5471291119125143,0.6301446622054213,-0.4573524778511187,0.3777090517232713,-0.33592482255804124,0.17807132502018136,-0.18313209458512433,0.047015857391915716,-0.0,0.0,0.21168923365716222,0.05177963464470694,0.4493884969389382,0.21602849854713152,0.7097845892851093,0.5049551695660178,0.9888029005452044,0.9289209713767518,1.281616771123362,1.4960614379674144,1.5826604078451825,2.211913391666608,1.8856443483786798,3.079049155567094,2.1835725970878874,4.096718949764616,2.468760689673575,5.260502115879626,2.7328540753217663,6.561967476105219,2.966846327985584,7.988342858548776,3.1610968094340928,9.522193604744533,3.3053475039652214,11.141109711440565,3.3887388275945654,12.817401140037976,3.3998242834106653,14.517800746254764,3.326583890569968,16.203174232898036,3.1564363584147035,17.828236503827053,2.8762500109494673,19.341273791764223,2.472352491969253,20.68387094182335,1.9305392990009904,21.79064325250779,1.2360812062894437,22.58897230324403,0.3737306445575476,22.998745229673432,-0.6722728907413826,22.932096942913528,-1.918198329601336,22.293154825292227,-3.3808193435363734,20.977785471527806,-5.077411416885838,18.873343080172273,-7.025749605442453,15.858419134807393,-9.244106917788187,11.802593047630687,-11.75125325830819,6.566183469487788,-14.566454874549335,-0.0
51,2,-0.5886136334930555,2.1835395064791667,-0.5861853576537649,2.2096407445152604,4.974553818748537,4.737941374486456,4.419377130860677,8.73604130985945,-0.0,0.0,0.15697220156626174,0.04052121382349883,0.2849401364098174,0.15214268813657686,0.3867457956178618,0.3211050000005653,0.4645104116062345,0.5348849622692957,0.519760993868623,0.78186553238191,0.5535835601647975,1.0510761385002778,0.5667910965548231,1.3320138183478616,0.5600939233341479,1.614549445487844,0.5342608686691802,1.8889172961658296,0.4902612516954357,2.145780779423506,0.42937989176812563,2.37636268795512,0.3532999131216709,2.5726250652957767,0.2641507406014017,2.7274818281692643,0.1645211549654229,2.8350266093616128,0.057439419536679436,2.890758773188396,-0.05367581330549824,2.8917920059385254,-0.1650889146675291,2.8370320575365024,-0.2728394244739799,2.727312853099711,-0.37284712521574603,2.565483058871463,-0.46102441686561463,2.3564380596071905,-0.533390848675459,2.1070950081423536,-0.5861853576537649,1.8263110133464378,-0.6159725787109106,1.5247465572755843,-0.6197404493669069,1.2146778357088148,-0.59498716963831,0.9097628934438905,-0.5397963490354842,0.6247671990781852,-0.4528998471982401,0.3752547149166653,-0.3337283761689267,0.1772506191213828,-0.18245037552604854,0.0468816875006829,-0.0,0.0,0.21190471783753428,0.05179515726281638,0.450752336533573,0.21639962512327798,0.7132358596209494,0.506491211994614,0.9952567358451839,0.9328960605459615,1.2919338220590988,1.5041949278537692,1.597616212899569,2.2263349572103652,1.905898950154227,3.1022486233770112,2.2096407445152604,4.131481069193172,2.500982965232372,5.30982664851995,2.7713692729804387,6.6289751484297685,3.0115653837639904,8.076167879711253,3.2116785541178077,9.633863594738346,3.36117646870527,11.279414010093971,3.448905290119615,12.984748572071764,3.4631066974437403,14.716068000256351,3.391433795616959,16.433546071983283,3.2209658229089935,18.09103906321978,2.93822162000141,19.635802234458723,2.5291718525705464,21.008212739366314,1.9792500010744376,22.141498335573,1.2733621478087387,22.96147128814333,0.3958956032388608,23.38626687444345,-0.6692735779675627,23.326085922362466,-1.9387741351305643,22.682940840570367,-3.42973413437093,21.350404628491546,-5.15977643454223,19.213362384007056,-7.147015024079281,16.147764857868037,-9.410052166749162,12.020383634888681,-11.967976295120843,6.688567552808487,-14.840360591857376,-0.0
52,2,-0.6235377209027777,2.141751012861111,-0.6163011137805859,2.177578793782394,4.976241904780213,4.740025873211384,4.68159109335213,8.568851293172838,-0.0,0.0,0.17772741694075572,0.04592136245073174,0.3213570203834488,0.17204793892755035,0.43380495298470334,0.36208449056095604,0.5174414582400207,0.6010534337907711,0.5741988476123278,0.8750478231007448,0.6056997067296714,1.1710438146414526,0.6133945693035016,1.4767800540155653,0.5986983963192912,1.7807060316997314,0.5631162072874882,2.07199633734445,0.5083499014664913,2.3406233170236024,0.43638043172940577,2.5774771748564276,0.3495218036536438,2.7745202164720455,0.2504456418536609,2.924960741349038,0.14217710874300532,3.0234319855217477,0.028064642792524998,3.0661623463436523,-0.08827277524985794,3.0511246841445043,-0.20301634321492945,2.9781545631832596,-0.31223132521980623,2.849029637950279,-0.4119593314266573,2.66750480386873,-0.4983145575208112,2.43930004369334,-0.5675800985173345,2.172039986930908,-0.6163011137805859,1.8751459798214152,-0.6413723211336698,1.559682899967444,-0.6401179786752033,1.2381640387567174,-0.6103631334495793,0.9243181371813189,-0.5504954538918574,0.6328231329227453,-0.4595174094495691,0.37901140265562083,-0.3370889173197412,0.1785513090604588,-0.18356085015253995,0.04710973034542769,-0.0,0.0,0.21179376650277215,0.05181934958438685,0.44927733859941893,0.21607955587887295,0.7091603088269952,0.5048340691608856,0.9874061578981325,0.9283044610331137,1.2792378147609071,1.4945085937459515,1.5791467687400387,2.2088924908108263,1.88090496646219,3.0739674905162007,2.177578793782394,4.08895389679544,2.4615445177515625,5.249432010490606,2.724504641910335,6.547001131068499,2.957504706551602,7.9689468651334465,3.150950141372374,9.497916863002114,3.2946228490827676,11.111604926330207,3.3776972636218874,12.782443285610057,3.388755684781218,14.477302733020826,3.3158027418799016,16.1572002100309,3.1462788826959946,17.77701338666284,2.867072820458123,19.285201726863555,2.464532901877405,20.623533508622916,1.9244773836120654,21.726818255302636,1.2322036239275886,22.522644033370568,0.37249621137058286,22.931119079046177,-0.6703659362912607,22.864617230267324,-1.9126034611611313,22.2275266592394,-3.3709313946060506,20.916001423275976,-5.062554875125281,18.817715376601054,-7.005165700299455,15.811618012393659,-9.216939657045534,11.767691831941733,-11.716534573940054,6.546710865808685,-14.52308903961245,-0.0
53,2,-0.6183611960704225,2.1304079629929578,-0.5963129460485793,2.182026516322298,4.9718753873697725,4.731032204944124,4.642725164736643,8.523469310417799,-0.0,0.0,0.15727541257783484,0.040471015416460164,0.28790102530781747,0.15283742786032614,0.3934926249499215,0.3242025056634554,0.4751630101479157,0.5423450848897525,0.5336827701759188,0.795508080014567,0.5696412106374672,1.0722677825614035,0.5835993111663622,1.3614819436983836,0.5762278645646549,1.6523108881324777,0.5484253384712289,1.9343028257466597,0.5014114454464421,2.197532158135682,0.43679385473531557,2.432777932747315,0.35660688866849793,2.631728668768573,0.2633223788809575,2.7871995375346423,0.15983406880744647,2.8933482766376395,0.04941799364955137,2.945877179196873,-0.0643278950116468,2.94220993381144,-0.1775609974111002,2.881633883637253,-0.28628402486674814,2.7654002998486438,-0.38644336159370724,2.5967773974890025,-0.4740316834645355,2.3810529391230846,-0.545191022711978,2.1254852678962655,-0.5963129460485793,1.8392034024176263,-0.6241330846930688,1.533058352187232,-0.6258178690566509,1.2194290403224768,-0.5990419353005376,0.9119871395676299,-0.5420552512748386,0.6254257468772426,-0.453739530683872,0.37515716492617973,-0.33365395105521134,0.1769851594703189,-0.1820705555822607,0.046756959076005064,-0.0,0.0,0.21079149293572153,0.0515480348770847,0.44777297991885323,0.21516075752763617,0.7076463874208663,0.5031405816402301,0.9863497759371312,0.9259496773503715,1.2790652374418618,1.4918298405423152,1.5802304462548258,2.206427263461234,1.8835529665399369,3.072423805343487,2.182026516322298,4.089175937139903,2.4679484910862612,5.252362160003565,2.7329381539479725,6.553639374797792,2.967954999687491,7.98030840867567,3.163316893445801,9.514988682137174,3.30871766962021,11.13530182195,3.3932439513404766,12.813563887222971,3.4053910155333234,14.516485772693466,3.3330775832012773,16.204881279855357,3.163659459762953,17.833382298047326,2.8839419869855147,19.35016050955147,2.480191297179571,20.696655021095264,1.9381443829576939,21.80730532539239,1.2430180129935307,22.6092890075013,0.3795165368048661,23.022263629316168,-0.668161369526898,22.958112249376896,-1.916316958851013,22.320692062734,-3.3817466081847973,21.005585675519324,-5.081737890388984,18.899854560131814,-7.034066458494569,15.881794268769488,-9.256993679419747,11.82069101483602,-11.76926495507334,6.57657926309252,-14.59010867062073,-0.0
54,2,-0.6314199040902778,2.1244712968819446,-0.5807976703199698,2.1492956781203953,4.9750858014319315,4.757580267821746,4.740771408142619,8.499717525650562,-0.0,0.0,0.15472003231544618,0.03986496702890768,0.2822435255126069,0.1501913401441314,0.3846191767782482,0.3179204154580626,0.4633154652889683,0.5308662974329759,0.5193796793548549,0.7774653116380403,0.5535986174686162,1.046605675392138,0.5666535881801553,1.3275363818285861,0.559263279773254,1.609850798547785,0.5323090856049554,1.8835375186616543,0.4869385484215399,2.139088561623677,0.42464373200444966,2.367653136271455,0.34731253887783897,2.5612238828326443,0.2572522468113997,2.7128418324586514,0.15718578943381942,2.8168062736439228,0.05022249332370041,2.868876278539487,-0.060193967427356374,2.8664517677906414,-0.17035679662495065,2.8087235932965022,-0.27638229643498846,2.696784076733455,-0.37430660176979497,2.533691620305379,-0.46018843578642404,2.324485261120094,-0.5302136382332915,2.0761472356454225,-0.5807976703199698,1.7975136392758144,-0.6086828982422403,1.4991350193516109,-0.6110281384235277,1.1930901708106363,-0.5854886513126961,0.8927574860008244,-0.530285447361664,0.6125489455643142,-0.44426338134188886,0.367612249080343,-0.32693803533143506,0.17350671101280607,-0.17853181440050397,0.04585843711924582,-0.0,0.0,0.20695227056929388,0.05059940023403057,0.4398609944304717,0.21128257801354913,0.6955010979139992,0.4942531700105235,0.969889870336771,0.9099126212825411,1.2582949178770426,1.4664831892475623,1.5552455991895662,2.169635836282187,1.8545470073397436,3.022124513339487,2.1492956781203953,4.0234278978015094,2.4318963248040952,5.169399268767009,2.694079017595912,6.4519248827370275,2.926916337848863,7.858590950086494,3.1208401393190495,9.372359103742626,3.2656576394593335,10.971250090814058,3.3505666421027565,12.628035299524253,3.3641697588029116,14.309935651468349,3.2944875501110795,15.978327336827931,3.12897055112393,17.588453842014975,2.854510178927499,19.08914371008553,2.457448544410429,20.422533479612554,1.9235872086598438,21.52379526364738,1.2381949360710207,22.32086845370263,0.38601450357890604,22.73419506174456,-0.6487313708952024,22.676458243937848,-1.8823349166908077,22.052323581777138,-3.3315989521915825,20.758182728118125,-5.013833219235576,18.6818990566818,-6.946851352318075,15.702554983316865,-9.148968428280114,11.690200655353157,-11.638999045876904,6.5056037316096695,-14.436255888298016,-0.0
55,2,-0.582887319607639,2.1485804236180552,-0.5683096342975467,2.158930777454709,4.9778954108106,4.748778330101827,4.37638332441559,8.596174826508337,-0.0,0.0,0.1669147597033484,0.043269347705536206,0.29913634992111193,0.16113706068462458,0.40072593461369793,0.3373045611053516,0.4749937168787167,0.5573130454529266,0.5245903151708695,0.80818942019828,0.5516274816313472,1.0781456788288533,0.5578176904611634,1.3563438050752825,0.5446218263030792,1.6327329386463016,0.5133947390050387,1.897960257569242,0.4655196251567284,2.1433521895105048,0.4025238548941671,2.3609584438987086,0.32617079284465783,2.5436481410190472,0.23852418686533847,2.6852450943818233,0.14198366200596668,2.7806880858576575,0.03929163348366244,2.826201695886472,-0.06648655111628059,2.819463795179865,-0.17200626960731916,2.7597570142620866,-0.27370730706153157,2.6480932086399815,-0.3678933237457495,2.487301954526087,-0.4508227141092089,2.282076279976545,-0.5188065560165604,2.038971019485503,-0.5683096342975467,1.7663512659377087,-0.5960509392280895,1.4742903019886828,-0.5991005372212943,1.1744180708660725,-0.5749702467307347,0.8797226649348646,-0.5216960969854114,0.6043084575882326,-0.4379110798910534,0.36311538120902204,-0.3229072123000514,0.17160447075994334,-0.1766863971409335,0.04541516448620455,-0.0,0.0,0.20562256403585935,0.05024228895500246,0.43785561624265995,0.21006212310848144,0.6935684947187477,0.4920156881469016,0.9688252548796075,0.9068923707470422,1.2588915846862776,1.4633135716557308,1.5582476624701729,2.167336515626245,1.860605677506068,3.0220657087263616,2.158930777454709,4.0272740626326256,2.445464292991922,5.179035107591388,2.7117482077466093,6.4693671692477634,2.9486499802132924,7.885889902598469,3.1463869732801446,9.411493166667144,3.2945498973325242,11.024017889013667,3.382124817114047,12.695948308609537,3.3975134050613245,14.39411479441443,3.3285512409353912,16.0794063083215,3.162524057211009,17.706491506710055,2.8861819112536695,19.22354744571642,2.485751329344865,20.571994862563994,1.9469455154549484,21.686239040422368,1.2549727511740638,22.49341531964651,0.3945431345249593,22.9131383872429,-0.6501261833106196,22.857254553470607,-1.8953071009107878,22.229596305140404,-3.3577578493037725,20.92573850596622,-5.054721301420484,18.83275569269152,-7.003924165050311,15.828979989874133,-9.22357692753021,11.783759235022938,-11.732374432728346,6.557214968600987,-14.549496983382149,-0.0
56,2,-0.5745005421180556,2.1537741190833333,-0.5822148090143873,2.201108647255381,4.975612908251885,4.730682965901895,4.313414459051177,8.616954087886876,-0.0,0.0,0.1700498249953965,0.044089945055543055,0.30457401856918986,0.16413291672208247,0.4077806311741914,0.34344837207563356,0.48316223911235556,0.567279772616037,0.5335456605985172,0.8224474676608413,0.5611817487052306,1.097036750645546,0.5678667075705408,1.3801391039285136,0.555084165827957,1.6616597703612366,0.5241561980460021,1.9321990969079983,0.4763915818056189,2.1830091700332455,0.413220666351606,2.4060216414533597,0.33630808072312013,2.593937767398909,0.24763685775420063,2.740367870662738,0.1495601235448887,2.840004862293788,0.044819050805284005,2.8888151775050877,-0.06347190803689357,2.884230422199344,-0.1718695584605567,2.825324036257535,-0.2766718660836726,2.712959139673284,-0.3740078728503521,2.549896188167812,-0.45994182819268536,2.3408518720989555,-0.5305857284601655,2.0925036107003625,-0.5822148090143873,1.8134368222983008,-0.6113811491333925,1.51403473403751,-0.6150213356937566,1.2063127233237183,-0.5905550016380113,0.9037009945918569,-0.5359719379318229,0.620780765584587,-0.44990631814511756,0.37298007518247805,-0.33169733443686467,0.17623586138158473,-0.1814361986119519,0.04662914020578724,-0.0,0.0,0.21092666966792817,0.05154877012165708,0.44884111150811,0.2154291876145618,0.7104215262796236,0.504338725856772,0.9915341234733807,0.929110516036862,1.2872468038032063,1.4983105297087103,1.59184793258776,2.2178429353916673,1.8988688187146154,3.090565823422293,2.201108647255381,4.115918832738475,2.4906607698657184,5.289563625643052,2.7589394240020213,6.603037650156153,2.9967061198131852,8.043421207178165,3.194095094520682,9.593017499773852,3.3406373824829876,11.229045079506488,3.425283181215491,12.923341912600959,3.4364223073982445,14.642080158075522,3.3619026317777236,16.34549067149949,3.1890464583933937,17.987596212360074,2.904664873069391,19.515952331287817,2.4950701304496796,20.87139493753409,1.9460861801311076,21.987793590051186,1.2430574528444018,22.791809611309805,0.3708560392578066,23.2026581866937,-0.6861126012275164,23.13187368004399,-1.9439052646449353,22.483077464710163,-3.419037826530494,21.151747637117527,-5.128483139272069,19.024990044861553,-7.089669884064404,15.981310122709434,-9.320482267505342,11.890385087068035,-11.839260461799139,6.612836092227176,-14.664801696297985,-0.0
57,2,-0.5903885409791667,2.156626539076389,-0.5963228940419197,2.16706413149336,4.975215546333376,4.734223398201671,4.432703335194349,8.628366228046678,-0.0,0.0,0.1755325293459182,0.04543196357187014,0.31590099851018094,0.16967615716452364,0.42464678095774505,0.3560662902631232,0.5046351327355765,0.5895331146716124,0.5581788142103318,0.8562962624969381,0.5871802060215855,1.1436229953941084,0.5932805980386356,1.439660266632398,0.5780061073570115,1.7333409981723604,0.5429011405483936,2.0143605440830505,0.4896422281691394,2.273215233259447,0.42012720483433164,2.5012918294040154,0.33653688628707285,2.690994779839139,0.24136843651624942,2.835897219589932,0.13744139038184097,2.930901750257723,0.027878708860925423,2.9723978652122756,-0.08393375283369969,2.9584043494070884,-0.19440539385898226,2.888686836547995,-0.29981245114885635,2.76484275904692,-0.3963789381757531,2.59034800297664,-0.4803631928236932,2.370561544420036,-0.548146763137017,2.1126861020764736,-0.5963228940419197,1.8256843439575907,-0.6217824051452359,1.5201514212798866,-0.6217952239854794,1.208145586198346,-0.5940862376296542,0.9029794148506464,-0.5369044450772738,0.618974742703211,-0.4490846449841114,0.37118486250565375,-0.33010109742159094,0.1750878653170626,-0.18011277637875123,0.04625524054488113,-0.0,0.0,0.2086075997813855,0.05100865414131815,0.4433116231616134,0.21296134235780914,0.7009336297049135,0.49814429941332306,0.9775115261664994,0.9170586260993384,1.2683029218474993,1.478029027847441,1.5677946122643691,2.1868158006633096,1.8697172420749786,3.0462328949898705,2.16706413149336,4.055774395015511,2.4521132295021255,5.211251235921767,2.7164511805249267,6.504439467294904,2.9509985537600354,7.922740878403658,3.146035378408701,9.448856348025666,3.291226244409903,11.060471881484514,3.3756443575222415,12.729956959329991,3.387794070768631,14.424074549814597,3.3156315437426302,16.103701930989878,3.1465833010957582,17.72356132445381,2.8675625675193483,19.231959255577983,2.464983346278844,20.570533516842556,1.924772280955463,21.674006613300946,1.2323783958313808,22.4699446036494,0.3727808505539255,22.878520308759445,-0.6695051288479882,22.812279934488508,-1.9104239657152067,22.175912240761043,-3.3663769130054724,20.866019479046802,-5.054220517650531,18.77088941128857,-6.991266195857975,15.770267811904285,-9.195280757060509,11.73513093847472,-11.68448772732821,6.527457534666553,-14.477569337298496,-0.0
58,2,-0.5703733431111111,2.214697589479167,-0.5789936988240627,2.2099339908490485,4.977393217433085,4.747475415886029,4.282426986339136,8.860700515436609,-0.0,0.0,0.16216771563048257,0.041996226372944714,0.2916758889597364,0.15672948607853932,0.3924478835308519,0.3288874486158252,0.46756720859242135,0.5449060339756355,0.5193819508502349,0.7925738843267246,0.5496446020633512,1.0606983797049385,0.5596750588532495,1.3388478930712462,0.5505338980847025,1.617178650085191,0.5231934782808173,1.8863481795229362,0.4786957765313694,2.137511422400008,0.4182878838268121,2.36239050432117,0.3435284812983979,2.5534052262887648,0.2563611551438708,2.703848623383456,0.1591528662341446,2.8080904912085476,0.05469810687194266,2.86179150492664,-0.053808861123711534,2.8621113038446047,-0.16282984947887155,2.807895490582662,-0.26856182541604806,2.699828682013739,-0.3670338096680264,2.540543332431791,-0.4542159715304952,2.334676824810863,-0.5261354340892346,2.0888721148656635,-0.5789936988240627,1.8117198666434575,-0.6092811920012439,1.5136424223111618,-0.6138851609248693,1.2067220204093059,-0.5901879465239719,0.9044773650801042,-0.5361534770440304,0.6215939307949068,-0.4504006209106547,0.37361426453349283,-0.33226276893837636,0.17659504212210123,-0.18183365980426652,0.04673778528675551,-0.0,0.0,0.21153814904481844,0.05169311081109213,0.45025793968103367,0.21607299861411924,0.7128137930118125,0.5059282582028003,0.9950453787080132,0.9321705302959203,1.2919919525017602,1.5034304773284295,1.5979115476431418,2.225662202064373,1.9063036317830062,3.101758183228948,2.2099339908490485,4.131176144490421,2.5008607713672113,5.309578695840189,2.77046078949756,6.628486096294408,3.009455388569976,8.074942084669566,3.207935289544471,9.631192407314092,3.3553840254951464,11.274375431300145,3.440699679013166,12.976224059900424,3.4522147492166924,14.702778054408004,3.377714063093216,16.414105802513983,3.2044507154119954,18.064034548935396,2.919160074291613,19.599888109966567,2.5080719278907444,20.962231122320038,1.9569208739224302,22.08461892137362,1.2509550700328398,22.8933521992422,0.3749434716288085,23.307235654533773,-0.6868183136550692,23.23733990980453,-1.9505034273929576,22.586766037041325,-3.43275029499948,21.250412094142334,-5.150660177543169,19.114741135109433,-7.1217956325362035,16.057550212752215,-9.3641797837872,11.947739944742962,-11.89629630872475,6.645084261731522,-14.737090059635689,-0.0
59,2,-0.57649681409375,2.2519396759027774,-0.5920711139535081,2.2133441132113023,4.975671107013101,4.729549210425158,4.328402692782712,9.00970098210855,-0.0,0.0,0.17148052416608633,0.04445967513737396,0.30726187386775494,0.16553544019230773,0.4117032825588268,0.34650282710139496,0.48834141456168356,0.5726090019462658,0.5399691652624763,0.8306793376451307,0.5687542199467247,1.1087737150274042,0.5763867926198457,1.3959098846868614,0.5642442279981329,1.6818654471601897,0.5335596384552532,1.957063672298758,0.48558238142891974,2.2125420786456433,0.4217197679965874,2.4399969581587606,0.3436516664633364,2.63189227261083,0.2534123337134828,2.7816178367682345,0.15343658659316387,2.883679565667904,0.046570065077842976,2.933903789721273,-0.06395435885655175,2.929638110139696,-0.17457014165115195,2.8699327734469926,-0.28145542096970233,2.755688832374971,-0.3806302388543541,2.589762157403057,-0.468066472554045,2.3770154039949474,-0.5398044964752772,2.1243130912333132,-0.5920711139535081,1.8404578185738296,-0.6213940388109445,1.5360682000882324,-0.6247090769895876,1.2234012415225377,-0.5994570748709999,0.9161235816856184,-0.5436685979269358,0.6290372602011333,-0.4560351341240952,0.37776648062908424,-0.3359663506635897,0.17841225274641784,-0.18363355346240812,0.04718187335849533,-0.0,0.0,0.21316090101395746,0.052107646032824466,0.45325819883425905,0.2176548367245548,0.7168853456429364,0.5092919675248979,0.9998299253197989,0.937764146022335,1.2970896115299653,1.5115120195645124,1.6028928601581858,2.2362818258761594,1.910722948322368,3.1147466816320573,2.2133441132113023,4.146140464180497,2.5028287059695296,5.325905058105704,2.7705844474233916,6.645351238636393,3.007381044029831,8.09133305037467,3.2033755864318203,9.64593521045851,3.3481363038253136,11.28617281480846,3.430664381290265,12.983702446954917,3.439413662318542,14.704543672096694,3.362308154413651,16.408809834874234,3.186757332387274,18.050447058229782,2.8996692931909345,19.576980353537408,2.4874618596781772,20.92926579060236,1.9360717607548854,22.041247732858718,1.2309620341874092,22.839720211947608,0.35712780808099215,23.24409159176405,-0.7008993802717565,23.166151750992746,-1.9590485720550879,22.509841092043487,-3.4337075313157683,21.171020760901577,-5.141721905085441,19.037243535183073,-7.1003952685317095,15.987524905651162,-9.327489935395914,11.892113939077827,-11.841228425048634,6.612263567432177,-14.660295488262612,-0.0
60,2,-0.5991789445833333,2.2913631531875,-0.6298020385322187,2.2584729350674286,4.97735255140867,4.760648569450057,4.498702670664629,9.167428893655694,-0.0,0.0,0.16546526507562015,0.04265905220478458,0.3015054597192168,0.16056616416338337,0.41076558034784594,0.33970551832784124,0.49511140283348415,0.567182794769882,0.5557934353800061,0.8308753437931223,0.593633576030555,1.1191705359174455,0.6092215247666313,1.4208004276710222,0.6031079587949777,1.7247743529341928,0.5759824204854247,2.020404750981857,0.5288256327878307,2.2974159281271946,0.4630283385464112,2.5461208818074477,0.3804715203650313,2.757648043593784,0.28356574932341566,2.9241979484686493,0.1752501961481967,3.0393094172709345,0.058954307897927806,3.0981157403603423,-0.06147285736293924,3.0975733721256353,-0.1818592419617893,3.036648518839802,-0.2978251738794601,2.916450420537983,-0.40491018280886415,2.740303780425764,-0.49870426313192756,2.513756397005244,-0.5749773756273148,2.244521366778068,-0.6298020385322187,1.9423560737058319,-0.65966506532178,1.6188824580853596,-0.6615657392344724,1.287354719468818,-0.6330988746103449,0.9623816685237288,-0.5725222324775411,0.6596114563370049,-0.4788085913397884,0.3953864594086286,-0.35168340828959155,0.18637578122438553,-0.1916494452969337,0.04919224601562589,-0.0,0.0,0.22117750280644244,0.054117981004374094,0.46900580240987605,0.2256236349807638,0.7398283048479175,0.5269603980011072,1.0292242686143105,0.9685516605245179,1.3320273217532361,1.5584232097439066,1.6423461502540435,2.301835517599486,1.953586389745421,3.200926710241833,2.2584729350674286,4.2543666169264,2.5490720489448067,5.457021946028826,2.816812798151193,6.799632364127829,3.0525074718802,8.268497050752737,3.246370742726228,9.845171156012775,3.3880374169667093,11.5061714908716,3.4665786895967057,13.222690721052647,3.4705168729780747,14.960319307231241,3.387838608297559,16.678774429181818,3.2060065984819563,18.331635143918472,2.9119699218299435,19.866083052672792,2.4921729992052644,21.22264778483717,1.932563295767722,22.33495664565467,1.21859784222536,23.129487816073873,0.3352486615689253,23.52532653602963,-0.7329928139172617,23.433923745172596,-2.0021122531878772,22.75885669686253,-3.4885697858556943,21.395591101477518,-5.209298135869632,19.231244393427165,-7.1817014590659145,16.144349752514767,-9.423654818456304,12.004620544421293,-11.953504235239482,6.672714877113783,-14.790067257434504,-0.0
61,2,-0.6430413209583333,2.2627058161458335,-0.6351666637934037,2.2494859576643873,4.978349470891976,4.738295086380293,4.82802630849227,9.052774828783637,-0.0,0.0,0.1811482174958229,0.046812426517133014,0.32749015721760993,0.17535119395190873,0.4421873945927188,0.3690320046959757,0.5277684229631713,0.6126887652989662,0.5862463307943687,0.8922853345954856,0.6192587461943608,1.1946920910532055,0.6282194938208817,1.5075358601852027,0.6144708595898547,1.819126281962192,0.5794258851351951,2.11845623467986,0.524691571535263,2.3952689729468193,0.4521660074121572,2.640180589074417,0.364104942077914,2.8448435323014203,0.2631558909878827,3.0021353257234957,0.15236022335708374,3.106356268204714,0.03512564836712821,3.1534206445143007,-0.08482702088701845,3.141027562968508,-0.20353801587711448,3.0687997339387088,-0.3168984293980019,2.938381035375081,-0.42075044036936066,2.7534863530392326,-0.5109929898435888,2.5198997485720604,-0.583688473240916,2.2454193635811674,-0.6351666637934037,1.9397495266039946,-0.6621227874291338,1.614342247044427,-0.6617073764187774,1.2821916424997803,-0.6316062021717542,0.9575858620021731,-0.5701092046427739,0.6558217605897719,-0.47616788469966614,0.3928879816687116,-0.3494411005076782,0.18512224861400334,-0.19032960713652725,0.048848593785404626,-0.0,0.0,0.2196010312158218,0.05373153459558307,0.46574105787073894,0.22402855655273016,0.7349036909109976,0.5233140078628301,1.0227965523662967,0.9620581938479728,1.3243642188572278,1.5483938422881744,1.6338049698233015,2.287738632509365,1.9445902612095605,3.1824268227270474,2.2494859576643873,4.231351091582074,2.5405744833034114,5.429615257658377,2.809277184182059,6.76819815398054,3.046376327551193,8.233628614222214,3.2420362880639444,9.807671271549035,3.3858235852726684,11.467022675166248,3.466725537424619,13.183017087576063,3.4731673824762996,14.92134123015776,3.393027788223626,16.641757188502027,3.213652730134235,18.297832664625126,2.921867759086547,19.83667776390035,2.503988713330796,21.19868752411812,1.9458309513133674,22.317289427196666,1.2327171962853354,23.118695176255436,0.34948409149777326,23.521656068428495,-0.7195124322380538,23.43722134411618,-1.990392875481358,22.768498944229894,-3.4797508775940074,21.41041815685372,-5.204650819478119,19.24949368259479,-7.182626234162995,16.16359069308561,-9.431678943949402,12.021690499296337,-11.970278849030667,6.683656485404979,-14.817364298509776,-0.0
62,2,-0.6380900843958334,2.2453505446875,-0.6441035098552483,2.2472456147883517,4.981836810162304,4.757932168161611,4.7908518694567,8.983338774178746,-0.0,0.0,0.1910164848574872,0.049419817265399534,0.34399904960553573,0.18468096467001763,0.46244823717518546,0.3876664324133376,0.5493049146609069,0.641866413894153,0.6070391546429794,0.9321196153291532,0.6377613067678559,1.2444048606081308,0.6433470824055663,1.5656921050194388,0.6255674086899532,1.8838575788963963,0.5862136693570584,2.187663086536844,0.5272097102631547,2.4667949494690338,0.45070349327694653,2.7119541220098857,0.35913329291125695,2.914985936225424,0.2552655690083452,3.069035936572232,0.14220385218742104,3.168717388427859,0.023369932960645993,3.2102762155582742,-0.0975397921137755,3.1917401759204944,-0.21661886047521867,3.11304080733468,-0.3298315701050842,2.97609883217392,-0.43310526323526155,2.7848660832625196,-0.522429345682095,2.5453194131723667,-0.5939566790873938,2.2654043288305457,-0.6441035098552483,1.9549281484649867,-0.6696447208310092,1.6254042431391027,-0.6678018527012641,1.2898503674933284,-0.636321999376988,0.9625451956442069,-0.5735463055164848,0.6587479682152547,-0.47846736480563756,0.39438664723771555,-0.35077532161000424,0.1857201973825335,-0.1908929081304181,0.04898060008105884,-0.0,0.0,0.2199514557083302,0.05382802080210924,0.46623109300764226,0.22434380869484466,0.7353311933130645,0.5238668058893496,1.0229739455366706,0.9627696568098713,1.3241236841282953,1.549096038746696,1.633002940510613,2.288185611813926,1.9431112307406915,3.1823077213701607,2.2472456147883517,4.230304974787233,2.5375221903456606,5.4272473636027865,2.8053978175888687,6.764097216844559,3.041691503375086,8.227384952732926,3.236604998243605,9.798895341826833,3.3797422732688522,11.455363800312464,3.460127643794817,13.16818209125693,3.466222392220467,14.903112717076372,3.3859398122242306,16.620011230718973,3.20665865283537,18.272555668830943,2.9152349838460285,19.80798231065631,2.498012535795883,21.166826985540407,1.9408315898742305,22.28267118441562,1.2290365072944205,23.081892272167554,0.34748199562462784,23.48341714476925,-0.71946178733233,23.39847872476312,-1.9879051919642126,22.730374738979737,-3.474436000377085,21.374228271803958,-5.196117222405242,19.21674963480793,-7.170485677032046,16.135999138521704,-9.415551278157686,12.001150394156408,-11.949796949746805,6.672253812100638,-14.792179101321208,-0.0
63,2,-0.6315149230069445,2.2286126663055557,-0.6290607911769914,2.233946051956636,4.978186099250086,4.735401648621228,4.741484820818474,8.9163728243756,-0.0,0.0,0.1772567144208385,0.045858617405919844,0.3196489390106859,0.1714512917581456,0.43098921819016406,0.36033703675907897,0.5142305971021506,0.5977613954852851,0.5716035454982333,0.8702593169610886,0.604784805713783,1.1653350336436614,0.6150842268942277,1.4712314557369133,0.6036353606623166,1.7767945055678254,0.5715764719111734,2.071430877868773,0.5202104471585458,2.34515146154493,0.45113459480826346,2.5886875051722757,0.3663342397568711,2.793662822142387,0.2682370385232169,2.9528030392553997,0.15972782762639723,3.0601620877399314,0.04412635886574237,3.1113466953064717,-0.07486768154816041,3.1037213485742443,-0.19325651651629008,3.036578783280639,-0.30684628695701777,2.911264222659974,-0.411362266905313,2.7312450214408517,-0.5025705692452702,2.5021208106108523,-0.5764002689825498,2.23157244940609,-0.6290607911769914,1.9292509064806216,-0.6571504878724562,1.606609503495299,-0.6577534538605149,1.2766847108093125,-0.6285227159198243,0.9538318855922473,-0.5677489087380247,0.6534230252378931,-0.474414381157384,0.3915138379987999,-0.34823333814202423,0.18448728829220448,-0.1896791139066849,0.04868034189007243,-0.0,0.0,0.21877476248934485,0.05353394751264186,0.46383715150173277,0.2231603151699486,0.731609046519337,0.5211602215246995,1.0177558760458947,0.9578359591988395,1.3172038260878793,1.5411369501762047,1.624159378523823,2.2762949352919066,1.9321301331546537,3.1654692935297195,2.233946051956636,4.207402910034486,2.521780439702306,5.397088625441986,2.787170135695908,6.725445997074581,3.0210345333637747,8.179007876242867,3.2136931662786687,9.73961614557469,3.3548817007923137,11.384125855811089,3.4337662577665173,13.08411694294772,3.438956050582675,14.805612684711903,3.358514375715706,16.50880406183555,3.179968027888281,18.147779217170786,2.8903152363754647,19.670257248262498,2.4760322344893066,21.017325621480087,1.9230785825255712,22.123180554152317,1.2169013671582531,22.914869772166202,0.34243839883597077,23.31203711177171,-0.7158794756564862,23.22666849411519,-1.9741268347045569,22.562838858073697,-3.4488828143182597,21.21645969047224,-5.157230816729641,19.075026842265792,-7.116758708874544,16.017368364535045,-9.34555943296051,11.913392139151181,-11.862231959476777,6.623833115808607,-14.685882520706413,-0.0
64,2,-0.6234256471874999,2.2205390813958332,-0.6179234577841533,2.253267743803235,4.975587192584283,4.72060290841415,4.680749631336835,8.88407152133954,-0.0,0.0,0.16686995311680478,0.0430801563741114,0.30282341069436797,0.16172221522431612,0.410882892288859,0.3412589706993895,0.4932837030902647,0.5683322305687505,0.5516220977686114,0.8305348576808769,0.5870303179604066,1.1161341642449452,0.600364822614914,1.4138867035214762,0.5923939783562319,1.7129475992962693,0.5639725567068725,2.0028709140016523,0.5161923714930718,2.2736916941282073,0.450501005025427,2.51607563201686,0.36878351816905675,2.7215189864192664,0.2734050292723546,2.8825796030601762,0.1672148262549613,2.993119527172993,0.053515044056632766,3.0485406446036167,-0.06400123956770894,3.0459967840758346,-0.18133642909961775,2.9845684676639412,-0.2942927008060154,2.8653897005110847,-0.3985874603489443,2.6917195503848723,-0.48997368985473605,2.468954528097566,-0.5643596610904362,2.2045807417180745,-0.6179234577841533,1.908067323815997,-0.6472188099802463,1.5907046461578613,-0.6492697976876451,1.265392319256605,-0.621652955195289,0.9463829474548721,-0.562566151959368,0.6489881272982224,-0.470884315011217,0.3892533099968099,-0.34620258487171585,0.18360797786402913,-0.18886786988174703,0.0484971892823852,-0.0,0.0,0.21849619713305987,0.05343963333055675,0.4639265437390947,0.22298959932577803,0.7328095649375089,0.5212792925759988,1.0208837118683851,0.9590019583569991,1.3231186315271783,1.544527326240824,1.6337294873834205,2.2835206800643086,1.946193467167404,3.1785696682393474,2.253267743803235,4.228819759215821,2.547008277260741,5.429618910748476,2.818788956008724,6.772171743728667,3.0593206752230655,8.24320328583547,3.2586700344965296,9.824632170770002,3.40627741084631,11.493253038980928,3.4909742241523625,13.220427779487457,3.5009992629046454,14.971785174074725,3.4240139795448266,16.706928449789704,3.247116698036483,18.379150208955195,2.9568557028180975,19.93515418412647,2.5392411991220283,21.31478325541472,1.9797561507980608,22.450753166806678,1.2633660141516285,23.268391384413352,0.3745273956537935,23.685380551283938,-0.7028043316600157,23.6115060091776,-1.9851684131884328,22.948406876436437,-3.48959305558693,21.589330192027017,-5.233590681284294,19.418887658283637,-7.235154046841512,16.312814538412066,-9.512753176216526,12.137730289032715,-12.085333059396298,6.750900532678047,-14.97231206662798,-0.0
65,2,-0.60043614525,2.2444873485416665,-0.6635669168095996,2.2407851064026088,4.98021853977985,4.7311181837636465,4.508141874174405,8.979885245096199,-0.0,0.0,0.1982965194317177,0.05135078791384748,0.35624071584672223,0.1915753151189238,0.47793812754446113,0.4015542847405009,0.5667953669304527,0.6640434797244129,0.6256113508831004,0.9633454693334411,0.656702921363865,1.2850359541964216,0.6620534816344321,1.6157591905886803,0.6434717855250024,1.9431008204987377,0.6027478486340162,2.2555399064206774,0.5417940084644295,2.5424756714935817,0.4627612212582729,2.7943189385216476,0.3681234359624306,3.00263397178658,0.2607259815591551,3.160313612759419,0.1437970017612026,3.2617693499240743,0.02092377519663784,3.30311819846773,-0.10400195333823338,3.2823497815713956,-0.2268638701798389,3.199459505357255,-0.3434195232360391,3.05653686252981,-0.4494103224625684,2.857801340611485,-0.540676452735398,2.609581837166274,-0.6132707863815662,2.320238642223239,-0.6635669168095996,2.0000297548432484,-0.6883576117886796,1.660925448888379,-0.6849411777343708,1.3163765539330603,-0.6511943360224914,0.9810428890560613,-0.5856311718506878,0.6704887396300616,-0.48744848898447535,0.400852285587027,-0.35655847928609596,0.1884955709248615,-0.19361000334438286,0.049641045464424084,-0.0,0.0,0.22212337263104162,0.05439743084728778,0.4698642823970689,0.22639706984985875,0.7395879677113474,0.5279295460846968,1.026933338229753,0.968925936446221,1.3268282581691222,1.5569583324092755,1.633506517787786,2.296888508206326,1.9405256741726236,3.1905253226622414,2.2407851064026088,4.236291119098095,2.526543777371693,5.428897097817535,2.7894373226264455,6.7590274146695455,3.0204941949670947,8.213031597269584,3.2101506830241733,9.77262475796222,3.3482646941111955,11.414595010421232,3.424128248355044,13.110517456705415,3.426478674572969,14.826474096462057,3.3435085307317305,16.522779013716125,3.16287429508601,18.153708214256287,2.8717038900428036,19.667233513935326,2.456603110994516,21.004759911985524,1.9036610381272545,22.10086592117167,1.1984545116359084,22.8830463663335,0.3260517507520234,23.271457203164367,-0.7289848047790678,23.178661948894153,-1.9825963550968921,22.509379355161794,-3.451226230555188,21.1602319902928,-5.1518189442175375,19.019495433137696,-7.101819743152493,15.966847813415292,-9.319174599609457,11.873119464075364,-11.822330587539305,6.6000424795545785,-14.63023659416491,-0.0
66,2,-0.6089767826388889,2.3107940554444446,-0.6379699813477347,2.2824169213651513,4.979375893854489,4.741428588653198,4.572265936907102,9.245169261668646,-0.0,0.0,0.18185110340931226,0.047028607055586806,0.32810625222673345,0.17592252147347703,0.44227809459298,0.3697913940921453,0.5272082087123134,0.6133302184332734,0.5851614967186445,0.8925059926853003,0.6179503871838989,1.1942993644905329,0.6270796773363769,1.5065139620159882,0.6139011610156171,1.8176610658016468,0.5797665941157969,2.116921653537467,0.5261680556597141,2.394182208232741,0.4548562426250662,2.6401355429260716,0.3679294582195216,2.8464336944672914,0.2678887223010304,3.0058769738783266,0.1576572378911823,3.112621677090994,0.040565101815998345,3.16238875200734,-0.07969758174679525,3.152656749401112,-0.19915429613536526,3.082824421784378,-0.31363641390632074,2.954331083172913,-0.4188917076225009,2.7707259923147096,-0.5107006297347988,2.5376812775021618,-0.5849944271829365,2.262946030757359,-0.6379699813477347,1.9562419706390974,-0.6661972766940499,1.629103379614994,-0.6667164820612066,1.2946658007145695,-0.6371226791461742,0.9674092206052777,-0.5756372219068917,0.6628622063143687,-0.4811655138512637,0.3972737634692686,-0.35334162685203885,0.18725962418117287,-0.19256065376767076,0.049429336886153294,-0.0,0.0,0.22236900305714843,0.054401829096880974,0.4717777120711918,0.22688003487885516,0.744663579670162,0.5300967651301974,1.0366790001478492,0.9747361643612449,1.3427043542917645,1.569114954898307,1.656864154495953,2.3188003581681333,1.9725453401713615,3.226236662576747,2.2824169213651513,4.290381306568052,2.578450308564755,5.506350979853581,2.851939794551402,6.865077947334227,3.0935227675395462,8.352976562142315,3.293199332850044,9.951619748995274,3.4403511032382537,11.6374250990103,3.5237589866624215,13.381350114921924,3.5316198560869765,15.148596074493556,3.45156203043467,16.89831993377769,3.270659530652866,18.583353665518715,2.975445101615277,20.14993041696973,2.551922010696723,21.53741687203288,1.9855746486357029,22.67805121194337,1.2613779688661624,23.496686084320565,0.36380580881067603,23.910536010446087,-0.7231618585287162,23.828928683674203,-2.01603269133042,23.15305963686662,-3.5317967110216246,21.775749782888514,-5.287921945857088,19.581205358944842,-7.302350932096755,16.444779832485146,-9.593498019185022,12.232737353296612,-12.18024742592547,6.802017363064964,-15.081951995411497,-0.0
67,2,-0.627510927212766,2.3454583214964537,-0.6613366487943909,2.3187817356422027,4.979434218642006,4.743683537152641,4.711422371636242,9.383856223506402,-0.0,0.0,0.1827472840394036,0.047147994233340894,0.3319672662888541,0.1771631641654895,0.45032775113120976,0.3739752798925396,0.5399119774422261,0.6226974674154265,0.6023387529914785,0.9093628109871686,0.6389051124190102,1.220727081140953,0.6507407380453346,1.5441461961022334,0.6389629967383972,1.867531507767315,0.6048219640471137,2.1793805241913553,0.5498260984770861,2.4688756601587123,0.475841121111241,2.726039390910651,0.3851569491644573,2.9419310227194315,0.28052001433028506,3.1088683354450626,0.16513075743163336,3.2206566379240607,0.04260833665104739,3.272808246837801,-0.08307354262150612,3.262736904420434,-0.20767438558293563,3.1899139720326386,-0.32679212514014694,3.0559761145201865,-0.4359793768602373,2.8647773496730182,-0.5308645087310984,2.622381517037036,-0.6072719005145538,2.336994196728041,-0.6613366487943909,2.018835710430006,-0.6896100164286209,1.679958952293443,-0.689153015241045,1.3340173753976852,-0.6576165539941166,0.9959895006213834,-0.5933075108614624,0.6818668610321832,-0.4952408583392969,0.40831241596783374,-0.3631785607665486,0.19229624950588978,-0.19765638208591133,0.050714896530786875,-0.0,0.0,0.227668053407759,0.05572126891797097,0.4824290871968235,0.2321879383147026,0.7605751071253165,0.5420521764322562,1.0576204695119569,0.9959171731326766,1.368317117587317,1.601951998233333,1.6866723448046865,2.3655147503381997,2.0059681914669207,3.28878502958601,2.3187817356422027,4.370406360010412,2.6170056810859563,5.605138853746383,2.891868770723307,6.983522142833542,3.1339556630483,8.491548396558468,3.3332260007642183,10.110345084632568,3.479032477185071,11.815867030840504,3.5601377678979866,13.578597220605255,3.564730244734084,15.36325577253243,3.4804384280374743,17.128516452660218,3.2943441633053347,18.826730095991746,2.992994531092006,20.403654298899696,2.562412516035498,21.798188754898142,1.9881064731851195,22.942115622456814,1.2550784384994986,23.75984433492756,0.34783133628035473,24.168160287662573,-0.7496248599163533,24.075976864806886,-2.053767954158402,23.384090297123095,-3.581559283045548,21.98493687187035,-5.350440338710445,19.7623520457138,-7.378330200401219,16.59133104152347,-9.683623715989343,12.337790539478771,-12.285190375901246,6.858331101944368,-15.202373823336664,-0.0
68,2,-0.6589908222708334,2.3732507592916665,-0.6758224915666047,2.340511084078822,4.979216852023586,4.737557994443819,4.947776951933537,9.495049945424524,-0.0,0.0,0.18501146987431275,0.04772537978562192,0.3363109908249246,0.17939717211483888,0.4566758151592495,0.3788843734381883,0.5482062048729781,0.6312702534838147,0.6124646437526534,0.9225473303265503,0.6506413950172916,1.2393890206777844,0.6637339150278179,1.569008083741574,0.6527266733961505,1.8991054360357347,0.6187583103878445,2.21790623030262,0.5632646624992648,2.514273910838407,0.4880887435127125,2.7778878291641957,0.39555192693029473,2.9994663202191636,0.2884839484505383,3.1710151044695265,0.17021256721498135,3.28608050895273,0.044516490601972325,3.3399881351727703,-0.08445272756705635,3.330049960885179,-0.2122727627720507,3.255726085934021,-0.33436893742842366,3.118731034130151,-0.446141451153376,2.923078339375813,-0.543094542109185,2.6750607663120407,-0.62096172513425,2.3831667119797917,-0.6758224915666047,2.057935957842043,-0.7042071567661878,1.7117599236079368,-0.7031877845600502,1.3586329160491595,-0.6704542190065585,1.0138616188973042,-0.604375163898728,0.6937403186444153,-0.5040449505609659,0.4151992070275526,-0.3693171294378074,0.19543264875173247,-0.20082633137160913,0.05151365054048082,-0.0,0.0,0.23093836954455477,0.05653672924750116,0.48897290610825933,0.23545875148945797,0.7703044886730973,0.5493967560116177,1.0703640118142603,1.008888752259775,1.3838286481049669,1.6219990398827868,1.7046401368779014,2.39394585349482,2.026024293424019,3.326738487235686,2.340511084078822,4.418824339734363,2.639954747321359,5.664746027210771,2.915553557684127,7.054808482437812,3.1578689280862804,8.574755781115337,3.356843628240001,10.205457306191368,3.5018189636665515,11.92260276680562,3.5815508134744456,13.696405524715086,3.5842244673304764,15.491313641140112,3.4974682348499626,17.265728035741844,3.3083658256431883,18.971727142599498,3.0034675169821576,20.554797452089204,2.568800139786092,21.953569339665965,1.989875923450797,23.099557600498873,1.2517002468594718,23.916906130984646,0.3387783474331624,24.322136223046147,-0.764878957118052,24.22389796381356,-2.0757504781484317,23.5227242610449,-3.610800739731408,22.110787042924752,-5.38747687986996,19.871655209290097,-7.423706313047708,16.68005393958969,-9.737895098772103,12.401624990784931,-12.348926961864803,6.892687645807673,-15.276162911528226,-0.0
69,2,-0.6733145472097902,2.310762652104895,-0.6924521880192468,2.290019286527574,4.983244409219581,4.74041298561423,5.055321084148598,9.24504362122534,-0.0,0.0,0.20883273209914494,0.054038131283117345,0.37586271434184415,0.20186946834322145,0.504893843681622,0.4235711596803405,0.5991122449840949,0.7009640396933106,0.661194349743979,1.0173294514277855,0.6934409672079485,1.3571870727565027,0.6979254803886423,1.706143825129333,0.6766437475985475,2.050817818967458,0.631653963706507,2.378835200517355,0.5651964405281942,2.6788922809320574,0.47978571033283185,2.940870895289822,0.37827020168088726,3.1559918430530454,0.26385764716218435,3.3169896174942743,0.14010706627557942,3.4182913969745914,0.01089040331892486,3.456184273853926,-0.11967144564780925,3.4289566762347463,-0.2472924611849536,3.3370025865170194,-0.36761901554766124,3.1828801658232813,-0.4763350204216459,2.9713194687805045,-0.5692691795928434,2.709176843057403,-0.6424996264357576,2.405336179008429,-0.6924521880192468,2.070559298315251,-0.7159895230751016,1.7172893980579782,-0.7104893430346725,1.3594125992583825,-0.6739107831508309,1.0119833246213614,-0.6048487088571686,0.6909195108988085,-0.5025763068362586,0.4126736211773325,-0.3670767230494584,0.1938851383606652,-0.19906478472107592,0.051019765938132886,-0.0,0.0,0.22790790950298714,0.05583112074278409,0.4816996991974536,0.23222602431082037,0.7576723337836294,0.5412317077257661,1.0513886768603697,0.992859652151424,1.3576901695546917,1.5947218360022561,1.670711654079753,2.351673656158251,1.983897622172417,3.265464644657312,2.290019286527574,4.334397538087654,2.581191982025807,5.55299598357846,2.84889250076285,6.911680943489884,3.0839760498633297,8.3964556846648,3.2766925938829967,9.988599101297364,3.41670240492769,11.664367017166777,3.493090694442312,13.39470103766887,3.4943812421247555,15.144944469792952,3.408548970829144,16.87456479458289,3.223031442844376,18.53688215794683,2.9247392736922695,20.07880333878052,2.5000654755992824,21.44056065562213,1.93489375494689,22.555455282315304,1.2146057970618627,23.34960445768814,0.32408757831053425,23.74169209267775,-0.752265249859778,23.642722299552346,-2.0305428571040514,22.955775391054875,-3.527317560725484,21.57576592175706,-5.2596409315695745,19.38920236916326,-7.245041627772479,16.273948077755467,-9.501523904904223,12.098983114927636,-12.047566751476712,6.724166713394183,-14.902123599522005,-0.0
70,2,-0.6959319131249999,2.2491445309583336,-0.6719442960059054,2.278035422038328,4.984797555417152,4.741906740455942,5.225134802347439,8.99851799154243,-0.0,0.0,0.20611480324223222,0.05343600950578395,0.3690405688000731,0.19892126454843348,0.4934309647684312,0.41605832383214303,0.5831696525455303,0.686580679055645,0.6414720790243643,0.9939915757053337,0.6710204226249624,1.323262514733774,0.6741190139333955,1.6606048985249888,0.6528568776206156,1.9933217205211655,0.6092646368403779,2.3097396207626937,0.5454546640750163,2.599215623074033,0.4637357517570307,2.85220788471026,0.36669638011108713,3.060396116566899,0.2572535604434935,3.216835098057368,0.13866695781824492,3.316123893432749,0.01452034229256242,3.354573833754684,-0.11132574844706182,3.330359834801665,-0.2348049889272668,3.2436419025440233,-0.35173404523153873,3.0966464479130105,-0.45791312773201104,2.89370001967431,-0.5492325361424498,2.6412110317859883,-0.6217799861789096,2.347597820880704,-0.6719442960059054,2.0231637845812864,-0.6965119178496458,1.6799223384709407,-0.6927537391039421,1.331375951855153,-0.6585004789729669,0.9922545821214742,-0.5922058211121333,0.6782194564420296,-0.4929971179109549,0.405538400125616,-0.36071406210172546,0.19073884731724153,-0.19593614349535984,0.05024436071038209,-0.0,0.0,0.2249920533528984,0.05509127607217471,0.4761709578741645,0.22936076340809763,0.7499059510289301,0.5350257613848558,1.0418144194296481,0.982299730734467,1.346775376396885,1.5790196095939573,1.6589455058276588,2.33028055107964,1.9717768571940324,3.2380791306640937,2.278035422038328,4.300965650506888,2.569819962736514,5.513705818514229,2.838580594355329,6.866951798313635,3.075136736938284,8.346922406478019,3.269694156950445,9.935092067994438,3.4118609025580464,11.607888022462072,3.4906620084694415,13.336395194205029,3.4945529033574987,15.086068092216202,3.411431497902805,16.816449084091484,3.228648965878129,18.48089238613681,2.9330192560906645,20.026293124730596,2.510827390984281,21.392820847706506,1.947836619716504,22.5136568956466,1.2292945008318448,23.314735078881338,0.33993799334101144,23.71448514460596,-0.7360023640074523,23.623578558268267,-2.014799106468758,22.944676163096602,-3.513225253631979,21.572177320488496,-5.248552403198152,19.39197017140171,-7.238549438912388,16.281182694515397,-9.501481787501897,12.107934270547588,-12.056111163728131,6.731087493626848,-14.92169574689491,-0.0
71,2,-0.6692375006805555,2.260200791923611,-0.6823019540697302,2.284932763913091,4.984098725476388,4.748134215310285,5.024710161860188,9.042752571333017,-0.0,0.0,0.20008002693646942,0.051727556791136206,0.3611887546469725,0.19358948206652676,0.4868355141253858,0.40700994790936706,0.5798198109136256,0.6749843332956682,0.6423886942721697,0.9817626223482304,0.6764118059032741,1.312616495964224,0.683560221800464,1.6536954582957704,0.6654763438077734,1.9919706416638983,0.623924076182932,2.315259027401372,0.5609110556550717,2.61231605390513,0.4787775105984718,2.872981163411871,0.3802491479090427,3.088358836819791,0.26845408558533257,3.251017032450332,0.14690609555993717,3.355185533612417,0.01945818213618599,3.3969383041294328,-0.10976825878339445,3.3743462915826434,-0.2364727772939969,3.287589931926346,-0.356277603611216,3.1390236342123856,-0.4648359231745543,2.9331875288224896,-0.5579414079444885,2.676764559118278,-0.6316345119645346,2.3784834477005634,-0.6823019540697302,2.0489700888597118,-0.7067667591965691,1.7005514699967434,-0.7023671409549597,1.347017308478211,-0.6670233300324419,1.0033452390329167,-0.5992921526117224,0.6853956540609999,-0.4984097241981146,0.4095822509254975,-0.36432304482957767,0.19252404669784692,-0.19771156971383314,0.0506841505771938,-0.0,0.0,0.2266363893435846,0.055509122359641935,0.47927257327967143,0.23097382437286856,0.754239504528176,0.538507569404908,1.0471336014303563,0.9882052038569806,1.352828979449392,1.5877786528943951,1.6654915488530853,2.3421992320863065,1.9785942414676834,3.2533473179985894,2.284932763913091,4.319669786216402,2.5766413985770504,5.535845355458219,2.8452084838764873,6.892457765247376,3.0814913007639295,8.375676554864492,3.2757301728112567,9.96694509549431,3.4175616532126845,11.642675448225488,3.49603072489938,13.373949570963957,3.499601981157479,15.126226371168267,3.4161697853222353,16.859054093189627,3.2330674309127327,18.52578753430012,2.937075339512067,20.073309598415147,2.5144283441810122,21.441756717989872,1.950822112439705,22.564247700178726,1.231418765901531,23.366615581240513,0.3408517543581316,23.767142101973864,-0.7367699588084061,23.67629444569268,-2.017858345020598,22.996463908221667,-3.5193433405180126,21.62170619617694,-5.258670408823089,19.437483075143717,-7.253798589645571,16.320405113160017,-9.523198991327444,12.137975287138904,-12.085853686913469,6.748333240558549,-14.961254976723874,-0.0
72,2,-0.6658112464652778,2.2876734071597222,-0.6967667085577656,2.288767218094656,4.9876570803065965,4.725485890932486,4.998985461204419,9.15266672717054,-0.0,0.0,0.2300852173713455,0.0597074273145788,0.41032107535724993,0.2217800114742826,0.5456024443654834,0.4625389524242954,0.6403122968329854,0.7606230714538036,0.6983800903254849,1.0967463148820893,0.7233634022133538,1.4534906180171774,0.7185438239535914,1.815143538850844,0.6870278807195366,2.1675854720642125,0.6318444225617526,2.498226772888318,0.556031298033668,2.795991161851412,0.462705890951466,3.0513386183203512,0.35511600683306876,3.2563187369513935,0.2366694162159518,3.4046442269158246,0.11094194315664538,3.491773794891146,-0.0183347552121908,3.5149939257182012,-0.14730366064440983,3.4734898896655095,-0.27202847127671614,3.3683974936423127,-0.3885523226613595,3.202828505805048,-0.49296608565064953,2.9818641976893447,-0.5814832217817207,2.712512974717993,-0.6505183267184432,2.403629541548481,-0.6967667085577656,2.0657944315699432,-0.7172826070711414,1.7111539930944084,-0.7095539491056694,1.3532220505353296,-0.6715718476997837,1.006645434044893,-0.6018933838666151,0.6869363851670669,-0.4996965559348099,0.4101754905883005,-0.36482663502570606,0.19268926534457378,-0.19783351708551256,0.05070679928289571,-0.0,0.0,0.22663877418405406,0.05551192196762409,0.4792841992934727,0.2309774815357417,0.7543706710693138,0.5385405430715344,1.0475687351295078,0.9883709489944424,1.35379390350995,1.5882845846663136,1.6672200745013948,2.3433690471271196,1.9812964910215616,3.2556169521117733,2.288767218094656,4.323568391056285,2.5816922007236665,5.541963559001754,2.8514690693641,6.90140613059026,3.0888549813654933,8.388037574803581,3.283987914094574,9.983222275028616,3.4264069513783078,11.663243060567599,3.5050712234835983,13.399006556581172,3.508377267903567,15.155757616869074,3.4241746712002885,16.89280201139303,3.2397799299256556,18.563236490655527,2.9419885312070684,20.11368533432148,2.517085301786583,21.484042504386313,1.9508531095499868,22.60721855690534,1.2285800256072918,23.40889151475308,0.33506506964518223,23.807260961928407,-0.7453773316010803,23.71280468333975,-2.0289140416059865,23.028037239464258,-3.5321909388951154,21.647269930249223,-5.272331547334204,19.456371665296306,-7.2669364576832,16.33253031651033,-9.534083435276719,12.144014184254925,-12.09232811817871,6.749933258262543,-14.960705219611523,-0.0
73,2,-0.6778965944375,2.315659075944444,-0.7148877755284301,2.3422763169905587,4.9859661551136005,4.743846702728014,5.08972360828059,9.264633539706756,-0.0,0.0,0.22013471262224457,0.05699465682433663,0.3954431633097111,0.2126671707521586,0.5300086137825506,0.44565053733301524,0.627339848393522,0.7364727993729344,0.6904599297871444,1.067290585123374,0.7220234261532472,1.4216746044456776,0.7244503001572157,1.7844584382050508,0.7000640845027293,2.14165585372939,0.6512226697334784,2.480445818312831,0.580431750275564,2.789218939630852,0.4904333846979746,3.057674666104254,0.3842648717460586,3.276955487828479,0.2652858980596452,3.439802673762868,0.13717441266247135,3.540717698714374,0.0038937448421153247,3.5761142774788865,-0.13036499199690985,3.5444475866077316,-0.26126019991396704,3.446309540422998,-0.38439134212695003,3.284481625242538,-0.4953992758457229,3.0639395414669455,-0.5900702597915771,2.7918065584103076,-0.6644391167895288,2.4772549029655426,-0.7148877755284301,2.1313565815311577,-0.7382362280482658,1.7668867208291972,-0.7318237550770579,1.3980837900597374,-0.6935790411262349,1.0403719456146678,-0.6220784917657839,0.7100512521726736,-0.5165926563717473,0.4239617256427943,-0.37712114115792594,0.19912706675721914,-0.20441676807227543,0.052383664461755575,-0.0,0.0,0.2338351790164631,0.05729102651282173,0.4940226558805259,0.23823148040123607,0.7767315666265211,0.5550714383454947,1.0773784166993186,1.017956799291282,1.3906427832113437,1.6345567682386999,1.7104855513520147,2.409699865756117,2.030168766176012,3.345019495012415,2.3422763169905587,4.438609672622088,2.638734806660133,5.68469117215669,2.9108340864693285,7.073288037796047,3.1492470546664753,8.589914195797848,3.344048420979361,10.215269717155392,3.4847322290983676,11.924946158996972,3.560228004245939,13.689140327657663,3.5589154541403114,15.472375755770651,3.4686377000749653,17.233231162485932,3.2767130519369387,18.92407516399894,2.96994536837542,20.490806515701028,2.534633062614837,21.87259919299561,1.9565768271097472,23.001651651489976,1.2210861577501875,23.802939645939677,0.3129847618620527,24.193972028702756,-0.78338506515768,24.084548990835906,-2.0841590112228343,23.376522251082964,-3.605948186502158,21.963556739003064,-5.365837353230899,19.730893357799985,-7.381383873918337,16.555112449718173,-9.670617309872213,12.303897622010824,-12.25203960631828,6.835799624430812,-15.14462580458191,-0.0
74,2,-0.6922169447777777,2.2967449790694445,-0.7222927305323854,2.275997587908322,4.985415011994252,4.738125153515018,5.19724240363055,9.18896083896176,-0.0,0.0,0.22566710387132605,0.05830557707346097,0.40751036882920416,0.21836565795829999,0.5482851855727724,0.45897286096996354,0.6504481802406715,0.7602163533625339,0.7163077965477774,1.103370529940477,0.7481605607443665,1.470855751899336,0.7484059522046298,1.8462621101645085,0.7196354045020418,2.214424289702024,0.6646934381783974,2.561534002640647,0.5867110798858286,2.8752760136850366,0.48911342493195226,3.1449743047563725,0.37560439349399694,3.3617361741573593,0.250132421001754,3.5185837833404037,0.11684106819040006,3.6105646126751436,-0.019991571218355188,3.6348342659467496,-0.15602113810757529,3.5907069223933683,-0.2869099094167085,3.4796703807263833,-0.40840181865630676,3.3053640286671473,-0.5163975778729926,3.073519202300261,-0.6070283079946464,2.79186229864323,-0.676726419092665,2.469981713910281,-0.7222927305323854,2.1191602437742576,-0.7409590011447028,1.752175039548809,-0.7304451760713438,1.3830675937351247,-0.6890107745884064,1.0268865453197746,-0.6154999620366182,0.6994063537248402,-0.5093799814971464,0.41682508634030313,-0.3707727712977655,0.19544468987024896,-0.20047975972129703,0.05133716183465115,-0.0,0.0,0.22845802441660376,0.056004183796491094,0.48197044383478943,0.2326377382513504,0.7568972909157367,0.5415476584221336,1.0488863385253548,0.992382645826452,1.3528807374965033,1.5924387456295122,1.6631296876936463,2.346309592879774,1.9732013920663607,3.255542595551171,2.275997587908322,4.318302017081446,2.563769015667709,5.529039583983848,2.82813126631288,6.878172943987385,3.0600805366567227,8.351772042572408,3.250008912202151,9.931253273047062,3.3877188841272825,11.593081087069583,3.4624368873669216,13.308476626254024,3.4628257179775535,15.043132847196938,3.376995748807681,16.756935557012046,3.19251491255834,18.40368974893309,2.8964174609362807,19.93085062241308,2.475211538593545,21.27925868437664,1.914885632035782,22.382878353329392,1.2009139679407534,23.168539521958436,0.31826094365856483,23.555681573381445,-0.7486153236916946,23.456099388669482,-2.015760243031626,22.773690926623235,-3.4997207060402284,21.404205999495662,-5.217543675035927,19.234995909347806,-7.186775327634689,16.144763648290734,-9.42546068972375,12.00331440159426,-11.952143694405304,6.671306125345561,-14.785867610585385,-0.0
75,2,-0.7213255532857143,2.2470266069714286,-0.7104262816446221,2.274081485311625,4.9868151376775245,4.754193044167125,5.415793098740587,8.990044468903687,-0.0,0.0,0.22097850242714911,0.057180615017367584,0.397538061034047,0.21357898111768242,0.5333742281031358,0.4479344344402194,0.6316467651748664,0.7406948338676308,0.6951151428779707,1.0737819264525044,0.726282923462,1.4304271679353806,0.7275398765800775,1.7950796079967146,0.701292099413687,2.153382202007043,0.6500723843145646,2.4922085219495416,0.5766253487558973,2.7997485212601205,0.4839641816051454,3.0656298521106518,0.3753980712605006,3.2810602223487604,0.25453131624686465,3.438976309798721,0.1252366791251921,3.534185658990176,-0.008393319007218087,3.5634895679881975,-0.14211275871939202,3.525777015971913,-0.27160162374717034,3.4220819773456097,-0.39255336484328895,3.2555988291597973,-0.500766354150416,3.031652831101178,-0.5922353621122208,2.75762472388294,-0.6632398158108348,2.4428302728188562,-0.7104262816446221,2.09835703406228,-0.730883301749175,1.736861727040403,-0.7222073604908743,1.3723323678265935,-0.6825593353382683,1.019819782208272,-0.610711277622006,0.6951433134046312,-0.5060837651760165,0.41457551351192684,-0.36877437053100137,0.19451040747090553,-0.1995780009649807,0.051119589825508835,-0.0,0.0,0.22773703416285396,0.05581675800956175,0.48069174638665685,0.23194395992357197,0.7552069020459292,0.5401058550746226,1.0469157681217345,0.9900203728517951,1.3507512019307928,1.5890465482763805,1.6609567424248983,2.3418370199929206,1.9710990938796726,3.249996445456103,2.274081485311625,4.311746396529777,2.56215747734859,5.521597062754638,2.826944869073673,6.870025895954752,3.0594394291896636,8.343163174460207,3.2500282381781433,9.922484343376267,3.3885024810515363,11.584508894280974,3.4640695743498777,13.300505478899876,3.4653645470256325,15.036202902447094,3.3804606237458663,16.751506609640305,3.196878981928249,18.400220256591787,2.9015976715026643,19.929771952047837,2.4810596998742875,21.280944749472745,1.9211802946815022,22.387610975364858,1.20735336441001,23.176469987453267,0.32445718234637433,23.56678896788378,-0.7431406767734509,23.47014637026808,-2.0115791153456057,22.790177654868646,-3.4974999727590057,21.4223229627283,-5.218045131317784,19.25357639686641,-7.190854232178631,16.162236596495504,-9.434062964741985,12.017658308374935,-11.96630189265442,6.6800046777777125,-14.806695779477923,-0.0
76,2,-0.7429997097569445,2.219652415986111,-0.7179688509224603,2.273117832146624,4.984138272859279,4.739421477426186,5.578525094721072,8.880524094959402,-0.0,0.0,0.21237272530999074,0.05478733590348102,0.38544780875124357,0.20582657266117038,0.5215889229754916,0.43408191859456263,0.6227216776005094,0.7215821703634662,0.6905183655289021,1.0512480021997876,0.7265739416309511,1.4068098883580118,0.732563399163498,1.7728097296182344,0.7103729589650161,2.1346748868497056,0.6621999440427642,2.478850142084899,0.5906186833453236,2.79297116486436,0.4986121024447317,3.0660623217061236,0.3895706772018361,3.288742014697357,0.26726205068753306,3.4534199971983948,0.13577578876675492,3.5544730778425246,-0.0005515359307368571,3.588388059210835,-0.13722546193069826,3.5538634395359328,-0.2696915869866588,3.451864130430743,-0.3934373747133603,3.2856260403261213,-0.5040934658317203,3.0606097119600735,-0.5975308911088573,2.784404195365434,-0.6699513912701164,2.4665839381604,-0.7179688509224603,2.118522670468206,-0.7386806002416215,1.753169068491685,-0.7297279964847807,1.3847894351292485,-0.689346248005377,1.0286827876119655,-0.6164038790097174,0.700873647099005,-0.5104325558156264,0.4177875408491762,-0.3716482136008383,0.1959138085515019,-0.20096454962700566,0.05145979966190927,-0.0,0.0,0.22892069192330858,0.056123067392763286,0.4827692610768777,0.23307921395986295,0.7578200904103221,0.5424298655672136,1.0496588987138251,0.9937010694397664,1.3531931934310968,1.5940417159133924,1.662663849985809,2.3478872924713956,1.9716572898175266,3.256629596900077,2.273117832146624,4.318292598588832,2.5593598870580987,5.527214448113304,2.8220797385893213,6.873735489799394,3.0523667358113826,8.343892024123008,3.240713767749941,9.919115490722469,3.377026945186274,11.575936692945996,3.450634449969773,13.285694656150474,3.450294541651239,15.014249699902875,3.3642027332360827,16.721700304912158,3.1799981638434742,18.36210336564205,2.884769207140257,19.883197436401918,2.4650583615824546,21.226128600082518,1.906866472600843,22.32517861285731,1.1956563386401295,23.107495003764914,0.3163557530106199,23.49282283411611,-0.7466399676703009,23.393237847395525,-2.0094659196891844,22.712880765239284,-3.4887859668948504,21.34769250882811,-5.201791470452633,19.1851501474327,-7.166200353326756,16.104003396780463,-9.400256462115015,11.974011509347385,-11.922729191776611,6.655680416632605,-14.752913341582191,-0.0
77,2,-0.7321197969577464,2.196827419992958,-0.6878706416522105,2.200450830513801,4.991203043592755,4.746634173598923,5.496837490026639,8.789204424625119,-0.0,0.0,0.23652281068219094,0.06135844190663549,0.42186508002876383,0.22799460944636746,0.5603933288333,0.4754227185488763,0.6561986131287157,0.7812685964318652,0.7131643167524867,1.125148851583918,0.7350319415465956,1.4885836884892183,0.7254598050662463,1.854941018460788,0.6880713847623329,2.2094074292710264,0.626491761300182,2.538980384164305,0.5443720005588245,2.8324756105429207,0.44540226621224693,3.080543815489221,0.3333149613336695,3.2756914055957065,0.21187932131691817,3.412300582673647,0.08488873012139257,3.4866448693292975,-0.04385826782111514,3.4968966831388295,-0.1705826202154612,3.4431239804201605,-0.291554718208039,3.3272732381006582,-0.40312943859467815,3.1531361800275746,-0.5017860889474147,2.9262977472231917,-0.5841729578726376,2.654062928145809,-0.6471559646917182,2.345360262673186,-0.6878706416522105,2.0106201504764996,-0.7037764161648111,1.661626545107795,-0.6927119353164711,1.3113411901890824,-0.6529500249220419,0.9737002241571434,-0.5832508221946238,0.6633837014742616,-0.48291167190921486,0.39555930027409714,-0.35181252452067235,0.1856021581191223,-0.19045580410656848,0.048793353866706926,-0.0,0.0,0.21771344910516818,0.053340204736738187,0.46014009340787615,0.22183629926325504,0.7240190538380937,0.5170597080650158,1.0053658168268866,0.9487706859174965,1.2994706137385705,1.5245558779366182,1.600901619294041,2.2494663080523467,1.9035121261017394,3.1256579966922913,2.200450830513801,4.152036979393429,2.484174390132999,5.323910070191654,2.74646147513801,6.632642307958531,2.978427623264825,8.06532165600452,3.1705403113259214,9.604431205511093,3.312633765336425,11.227528867007022,3.393923139106755,12.906934322277058,3.403017791887,14.609422849590002,3.3279334854829394,16.295925523395262,3.1561033980332907,17.921235219609574,2.874387914543254,19.43371782251609,2.469083203570386,20.77502802222089,1.9259286261641586,21.879829105983443,1.2301130487460867,22.675516176612817,0.36628014779590057,23.081942271364856,-0.6814671972532554,23.011146901124715,-1.9295633239192271,22.367086578722176,-3.3949769222124617,21.04536695442052,-5.095208793573041,18.932976224074796,-7.048290147871794,15.908019519911582,-9.272781361164428,11.83945403457361,-11.787771125342225,6.586824665620991,-14.612875929216548,-0.0
78,2,-0.7373830225347222,2.2091299295069446,-0.7163455419202575,2.2074582032104866,4.988064155031996,4.739472259614688,5.536354377549976,8.838425073489137,-0.0,0.0,0.23172864026195006,0.05997692207735795,0.4163040706478431,0.22387236825738618,0.5572914046462542,0.4690183150783396,0.6578963065703644,0.7744347129764109,0.7210824392592059,1.1206788375235586,0.7496905503345691,1.4897542034432059,0.7465496110739495,1.8650774003929875,0.7145722585706679,2.2314968520554377,0.6568290345440638,2.5753541757721212,0.5765982599303827,2.8845766544988773,0.4773905831575542,3.148788312538102,0.36294911385200007,3.359427090143296,0.23722750091462913,3.509856448703936,0.10434930147550515,3.5954611836370165,-0.03144746350561994,3.6137190499457943,-0.16587650207582094,3.564241809878516,-0.29467626035326555,3.448781322225075,-0.4136861660458594,3.271198178633389,-0.5189230132057303,3.0373920653005033,-0.6066549530831248,2.7551944371309474,-0.6734711290629158,2.434225215429672,-0.7163455419202575,2.0857160624580766,-0.7326942284729305,1.7223033663150926,-0.7204252667991297,1.3577944175677865,-0.677981477941319,1.0069104101831299,-0.6043759772215563,0.6850098905464282,-0.49922094207632023,0.407796145577689,-0.36275011449244776,0.19101179726598386,-0.1958356529450029,0.05012358561338852,-0.0,0.0,0.2225765538328393,0.05458408093582093,0.4690519436057073,0.22656337639088703,0.7359214097441142,0.5270387117969968,1.0190190030291453,0.9651931292841572,1.3135209925187472,1.5479620756022536,1.6139507174556185,2.279705672783313,1.9141844882058712,3.16188369215705,2.2074582032104866,4.192733670471715,2.4863744068271694,5.366952455037402,2.742909565497507,6.675381340628527,2.968421386171844,8.104694861485047,3.1536560411026144,9.637093224026357,3.2887551970710183,11.24999830668937,3.363262775193181,12.915753109589934,3.366131390182184,14.601324505672753,3.2857284359424273,16.268009124136846,3.1098417983040663,17.871142184000075,2.8256851862265377,19.359809088829273,2.419903080534835,20.676559591364537,1.8785753047678386,21.757124337758384,1.18722122651413,22.53013360445137,0.3308036001132208,22.916838045565257,-0.706267936837812,22.830831274556804,-1.9401336998270549,22.17777411034413,-3.3874811128051037,20.85512032492174,-5.0655421685823745,18.751843736446087,-6.9920911801819035,15.748166498797755,-9.185442809102222,11.715288445655201,-11.664450356481764,6.515117354128744,-14.448504303183604,-0.0
79,2,-0.7588323582708333,2.189245043513889,-0.7165270927006996,2.1907701885227167,4.990064049716488,4.745764475243957,5.697398394253746,8.758868378974697,-0.0,0.0,0.23882112221461838,0.06186368725612424,0.42786187445227963,0.23052629760643975,0.570960136018744,0.4820699989173316,0.6716819866855893,0.7944247573259043,0.7334034827906594,1.1472524985518087,0.7593972857087533,1.5218737295153257,0.752915895470043,1.9012369489872665,0.717264460891201,2.2699273283774395,0.6558578952701996,2.61420805272047,0.5722590227957768,2.9220855715809617,0.4701964433943307,3.183388869135676,0.3535625240241441,3.3898526500486117,0.22639327228366282,3.5351948958976807,0.09283277074598803,3.6151803733904724,-0.042914641151239864,3.627663158269481,-0.17664110061678687,3.572602883139347,-0.30419766101697693,3.452051063816292,-0.4215595463806786,3.2701053900792942,-0.5248917581707996,3.032831208196752,-0.6106130429833505,2.7481505367493275,-0.6754566949035475,2.4256998356115975,-0.7165270927006996,2.076658402402234,-0.7313512423168318,1.7135497255096568,-0.7179249029328304,1.3500184079978008,-0.6747531217200988,1.0005854234072107,-0.6008851941634116,0.6803845018332848,-0.49594421155479984,0.4048823982562862,-0.36015146318821606,0.18958568636469986,-0.1943460354759813,0.049736567516288445,-0.0,0.0,0.2207703875450956,0.05414424953168984,0.465197041547217,0.22471674684003734,0.7298555167221136,0.5227169194515884,1.0106631666652368,0.9572674481847812,1.3028795807265359,1.5352851891197241,1.6011089135732313,2.261152802667382,1.8993037510521797,3.1363919456857348,2.1907701885227167,4.159338712429657,2.468173832234032,5.32482185675949,2.7235464692467493,6.623844192055133,2.9482931857079278,8.04326744665646,3.1331997460537244,9.56550075082743,3.2684400762312937,11.16819284526305,3.343583721820525,12.823928029772283,3.3476031767246814,14.499925812535526,3.268880999795134,16.15774417372262,3.0952166554160754,17.75298632072874,2.8138330298689422,19.235010784361595,2.4113825884695013,20.546644684620205,1.8739531493145514,21.623899980003237,1.1870732583006744,22.39569250448772,0.3357171571920219,22.78356359049351,-0.6956906577912849,22.701404073514723,-1.9232712848560791,22.0551804740125,-3.363687667374696,20.74266315410352,-5.034141237991738,18.653156250131932,-6.952368945317358,15.66722918705056,-9.13664065058321,11.656449586405484,-11.605756880149594,6.483117386414795,-14.3790469185472,-0.0
80,2,-0.7623285986666667,2.1476156976458336,-0.6950097379295588,2.188262214336531,4.986168037136199,4.754789736278474,5.7236485589970325,8.592315090551642,-0.0,0.0,0.218289743958771,0.05643085905622733,0.3935872682263442,0.2111268476831613,0.5288505592820822,0.443347602487381,0.6267064692941984,0.7337439993641061,0.6895739141401316,1.0642231192470377,0.7197882637910814,1.4178755402596275,0.7197171954215061,1.7789630674980577,0.69185991423103,2.132960526040462,0.638923834265771,2.466641725617795,0.5638752387033761,2.7681973546632395,0.4699628177951339,3.0273714232404214,0.36071508134166536,3.235602863661219,0.23991430447520734,3.386159831924046,0.11155081316796707,3.4742558914414117,-0.020237955952132656,3.4971393417062897,-0.15123902633926417,3.4541492298030643,-0.27724170502659407,3.3467338394693726,-0.3941177685835134,3.1784295283826753,-0.4979007703622982,2.954799571808832,-0.5848619422405781,2.6833341136965236,-0.651580867247971,2.373313412144245,-0.6950097379295588,2.0356373148458737,-0.7125305575883056,1.6826243527225138,-0.7020050748726504,1.327784048443414,-0.6618175677675733,0.9855660555834708,-0.5909108213434922,0.671089625304588,-0.48881578998785796,0.39985668561652554,-0.35567551626435945,0.18745155020025808,-0.1922639113044356,0.04922997780286423,-0.0,0.0,0.21904179011361788,0.05369663884169205,0.4621247555424299,0.2230523555694797,0.7258459636985489,0.5192648123686192,1.0061347725684127,0.9516632933898186,1.2982534234889478,1.5273749195662967,1.5967993528527804,2.2509916033999366,1.895708910890833,3.1242385235289003,2.188262214336531,4.145644752785022,2.4670888946271927,5.310216545722324,2.7241745344255577,6.609113680359224,2.950867612852664,8.029329152311838,3.1378868041839767,9.553372435910752,3.2753284961761566,11.158956454739643,3.3526744129729837,12.8186883419165,3.358799243991284,14.499764017116298,3.2819781946024005,16.16366656171719,3.109894387072591,17.7658683345903,2.8296460513538797,19.255536738125457,2.4277534551452162,20.57524351638793,1.8901655313651964,21.66067744423409,1.2022661689567438,22.440360247265367,0.3488801399190848,22.835365577234988,-0.6857213582542573,22.75904085556705,-1.9178155598705007,22.116731788680976,-3.3642233980540373,20.80550935255346,-5.04230518679991,18.71389904014304,-6.969956719146216,15.721612163720485,-9.165605778723858,11.699279004580042,-11.648209058508428,6.50818360485139,-14.437249477540304,-0.0
81,3,-0.7586769622638889,2.1515452497777776,-0.7760592924131772,2.1623943578205918,4.997076929560142,4.861692131772216,5.696231663617145,8.608036688284152,-0.0,0.0,0.2910151615715877,0.07556125242590384,0.5171496931236351,0.2802017320247151,0.6834047933575975,0.5827308887809425,0.7948085829414544,0.9544643448096961,0.8564413486129057,1.369243908827082,0.8734525155511524,1.8034683392671955,0.8510656241254123,2.236129709088821,0.7945695716600587,2.6488488562171195,0.7092962891846055,3.0259030203395167,0.6005866033214434,3.354239264549869,0.47374712909805966,3.6234684513832733,0.33400159596955475,3.825836127179493,0.18644005860990162,3.9561684017176186,0.03596908020991538,4.011792559578976,-0.11273467220446697,3.9924335304733978,-0.25526577613235624,3.9000883700719444,-0.3875255179538468,3.7388815194612106,-0.505751383565673,3.514903835736873,-0.6065410770902947,3.236038276163325,-0.68687197968398,2.9117747570006616,-0.7441171838528753,2.553016188668907,-0.7760592924131772,2.171877101301567,-0.7809030876025311,1.7814756961564246,-0.7572879947456089,1.3957196476793416,-0.7043010272698559,1.029085576680722,-0.6214906428986736,0.6963918358113105,-0.5088816946530842,0.4125640961260409,-0.3669914464823809,0.19239318684523893,-0.19684645488619246,0.050284699679157545,-0.0,0.0,0.22145031872117568,0.05438846447189306,0.46484523132411226,0.22511096492366678,0.7269470880471098,0.5223548211758398,1.0039241507622798,0.9545406355142771,1.291336187973444,1.5280215874779457,1.584121610679694,2.246775902895832,1.8765863182590201,3.1120933127159685,2.1623943578205918,4.1222563851333796,2.4345604407230086,5.2722176510088845,2.6854443082348767,6.553273451127787,2.9067468955310085,7.952735418761263,3.0895082093998574,9.453600476770351,3.224106809610084,11.034220179491237,3.300260765908863,12.667970169832646,3.307029950995224,14.322920454854412,3.2328195233960706,15.961507131469824,3.0653844519072155,17.540206120159553,2.791834934209105,19.009209390536594,2.3986425656393284,20.31210408966308,1.8716471192663096,21.385554913238014,1.1960638048666055,22.15898999191647,0.3564908817877193,22.554290500634732,-0.6630824912971967,22.48548413829094,-1.8792682782700638,21.858442568735462,-3.3092715588528128,20.57058286194172,-4.97088258412836,18.510572926572465,-6.882468976105881,15.55804088199493,-9.062968144106868,11.583288279152777,-11.531879981781378,6.447007045560964,-14.309259899730467,-0.0
82,3,-0.7704247917222222,2.1277828051111114,-0.762111038291034,2.1595508081394867,4.99751798899155,4.865312634374748,5.784435683862664,8.512966414714441,-0.0,0.0,0.28932433279392555,0.07520092858479793,0.5126034890584588,0.2783170320012083,0.6754718544518529,0.5777362265872268,0.7835152482688812,0.9446516748407394,0.8422687024802396,1.3530367654337845,0.8572165937417934,1.7796197349543281,0.833791559869674,2.2038581827237906,0.7773695978146707,2.607912174171786,0.6932598916822804,2.976613611991092,0.5866890293842355,3.2974291118430292,0.4627801674011023,3.5604136851391845,0.3265283016786033,3.758152974349076,0.182773077723874,3.885692447141819,0.03617056096160147,3.9404526798300097,-0.10883483719755296,3.922130521799286,-0.2480374323062251,3.8325864461007044,-0.37749588206138196,3.6757187168674514,-0.4935572432073641,3.4573251410171815,-0.592879645983614,3.1849531488730043,-0.6724539348910048,2.867738812693722,-0.7296246922873649,2.5162352165992736,-0.762111038291034,2.1422303855542104,-0.7680275110029992,1.7585548045089436,-0.745905203199569,1.3788784377408478,-0.6947131921002565,1.01749710526319,-0.6138801694532148,0.6891080880038624,-0.5033160752254501,0.4085749071053121,-0.3634334678455441,0.19068134012249216,-0.1951683291515104,0.049874880571175916,-0.0,0.0,0.22003003324709217,0.054021718664481175,0.4623007381341168,0.22374012063472185,0.7235957043412456,0.5194965543874575,1.0000890060438077,0.9498723370167852,1.2873328280301704,1.52138082875628,1.5802468754560888,2.2381537665735802,1.8731095456514024,3.101622744797604,2.1595508081394867,4.110196711496058,2.432546715774532,5.258936316228115,2.6844154546641605,6.539225902133739,2.9068148318969147,7.938443886751198,3.0907410964409237,9.439632224375913,3.226528988372927,11.02116559029175,3.303852913476803,12.656420875193412,3.3117291431289595,14.313447527334855,3.2385189424744207,15.954639230672852,3.071932532690334,17.53640735949407,2.7990337953841395,19.008856603500078,2.406245628834451,20.315463111786723,1.8793558669542776,21.39275545931826,1.203523672731201,22.16999869516274,0.3632863187165826,22.568881687833937,-0.6574337318587876,22.50320793960988,-1.8753215283488933,21.878589998819336,-3.307662203334582,20.592147557059135,-4.972333490914014,18.532209277455735,-6.8877982693951525,15.57801836079531,-9.073097200824034,11.599441819016278,-11.547841534696037,6.456683390582665,-14.332206137423416,-0.0
83,3,-0.7263510802777778,2.172666238423611,-0.7572594804218631,2.197208180410187,4.997830542966992,4.863297968985727,5.453525318647638,8.692538859537555,-0.0,0.0,0.28732141413549084,0.0747054680536991,0.5085748163615751,0.27631023852833275,0.6696036423666278,0.5732432371241237,0.776184270872686,0.9368397059408916,0.8340000276094409,1.3413006323059489,0.8486266465673288,1.7636421814624894,0.8255255823007588,2.1836399814079113,0.7700414129799964,2.5837712377792608,0.6874000208289419,2.9491558673642415,0.5827050688963418,3.267496379096205,0.46093127677970225,3.529015235109757,0.32691392850976697,3.7263879141390834,0.18533477920237937,3.854669809767884,0.04070499108820881,3.9112153071413993,-0.10265408115002635,3.8955877551938802,-0.24063147569316243,3.8094594595662774,-0.3693479935898473,3.6565011675646866,-0.4851780321261829,3.4422607445880993,-0.5847718201895019,3.174030835592955,-0.665078193696424,2.860705282617993,-0.7233681565670237,2.5126239693399937,-0.7572594804218631,2.1414056349314503,-0.764742516002689,1.7597680897323271,-0.744207246237237,1.3813352125240472,-0.6944714360258906,1.0204301372897042,-0.6148095582957878,0.6918541542577706,-0.5049820258970308,0.4106510492633044,-0.36526415302367443,0.19185686925272613,-0.1964742177218558,0.050235405274211185,-0.0,0.0,0.22217677749463824,0.05452258833167773,0.467458587670999,0.22603114463185142,0.7326131796228549,0.525296922189157,1.0137578344465699,0.9613130198736465,1.306346897474449,1.5409658942372926,1.6051625658836801,2.2687014548026103,1.9043088048469201,3.146187342515728,2.197208180410187,4.171972905756574,2.4766013348401,5.341148265836293,2.7345487898497467,6.645003715810527,2.9624347428855455,8.07069053330447,3.150972518528584,9.600884119212974,3.290211347538567,11.213450207292693,3.369544166583408,12.881114730709639,3.3777161589250624,14.571137784718493,3.3028337873751337,16.24499199244063,3.132374103323636,17.858045464468628,2.8531941477657985,19.3592494430034,2.4515402907115313,20.690830636897076,1.913057383326144,21.7879881842743,1.2227976221628607,22.57859512296001,0.3652290467446063,22.982904204226628,-0.675756389415633,22.913257850834537,-1.9168352183077424,22.27380203448877,-3.37524535801976,20.96020382930101,-5.06877953394231,18.859372385410744,-7.0157792309641485,15.849183059521721,-9.23512917956716,11.79820443585037,-11.746252372628595,6.565427971105547,-14.569105604769947,-0.0
84,3,-0.7382191886736111,2.1636256095000004,-0.7416304201645582,2.158633730609746,4.996440270875435,4.86472927959119,5.54263240663652,8.656368546378841,-0.0,0.0,0.2743723177075283,0.07126286234157704,0.4872470437854076,0.26412326501012745,0.643719465207302,0.5491099677301688,0.7488050183367057,0.8992785799953714,0.8074599521907772,1.29017676760871,0.824600638029307,1.6998196279734816,0.8051178532533362,2.1086735923083855,0.7538836174196405,2.4996456807128844,0.6757494901087979,2.8580740594920053,0.5755364361594112,3.171715613302495,0.45801727636329315,3.4307265393927993,0.32789330321119464,3.6276326356777475,0.18976685480623562,3.7572868112199416,0.04811156147807496,3.8168122351225127,-0.09275830480223604,3.8055303325828054,-0.2287183430677445,3.7248734558386993,-0.35586378107533756,3.5782824701412532,-0.4705382342764542,3.3710897071084625,-0.5693615065485759,3.1103877843602774,-0.6492566493047963,2.8048847214348682,-0.7074765649699333,2.4647456521434052,-0.7416304201645582,2.1014212924269713,-0.7497100488827474,1.7274632092820232,-0.7301164050746426,1.3563258754911336,-0.6816859941588533,1.002155497787205,-0.6037170958638518,0.6795656714978043,-0.4959955014616305,0.4034000322269191,-0.35881943485543044,0.18848222856585065,-0.19302331067097803,0.04935371068574189,-0.0,0.0,0.2182786810950955,0.05356625959749696,0.4592434823516976,0.22206311245886415,0.7197113789787868,0.5160637476053794,0.9958714559032023,0.9443934105705798,1.283273023240952,1.5138123948496613,1.5768159101418795,2.2286936389649026,1.8707428368453929,3.090695994992106,2.158633730609746,4.098434175221044,2.433401829685361,5.247146310576821,2.687291409240212,6.528359973520526,2.911876962051495,7.929557434493665,3.0980636725359747,9.433840838580686,3.2360890330111887,11.019597910785473,3.315525463899514,12.660168725902954,3.3252838132006057,14.323514013223631,3.253617623670456,15.971885407291918,3.0881280678794605,17.56149800316244,2.815769461180151,19.042205527233104,2.4228552704222834,20.357178391786476,1.8950645420834837,21.442584861825683,1.217448677588802,22.22727552571625,0.37443848633226995,22.632471225765737,-0.6501485513040584,22.571454570606022,-1.8731008774023128,21.949265117714813,-3.311805371835871,20.662398281444226,-4.98423985366076,18.598507989514733,-6.908965631148762,15.636113079219552,-9.105120160855732,11.644307393816094,-11.59240987326198,6.482473510068645,-14.391103218957998,-0.0
85,3,-0.8044122366527778,2.1471276895763887,-0.7667806333831891,2.158002413063718,4.996380288482716,4.863758751551871,6.039617229643588,8.590362637371122,-0.0,0.0,0.2806276161203561,0.07282396861226961,0.4996061456655145,0.27035300262261264,0.6616334504662749,0.5629383592045512,0.7713872484488289,0.9232741672621618,0.8335515171090204,1.3263938335645507,0.8528430688300411,1.7496799233035911,0.8340330627642945,2.17288626492326,0.7819591945242161,2.5781686300993125,0.7015257576271317,2.950118559511094,0.5976904190174541,3.2757939117230794,0.47543813405518015,3.5447395369213806,0.3397439409664437,3.748992033027738,0.19552729497372257,3.8830636597531005,0.04760108132642127,3.9439019544119933,-0.09938149463409904,3.93082319398968,-0.24097923288211376,3.8454193870009235,-0.3730121132073111,3.6914398053314548,-0.4916056357067868,3.4746490823248815,-0.5932293675863983,3.202664563814175,-0.6747294150848864,2.884775905660171,-0.733355110767236,2.531749903666206,-0.7667806333831891,2.1556232833963693,-0.7731225458390949,1.7694857451135346,-0.750954352131303,1.3872550314072023,-0.6993191565993601,1.0234452340623605,-0.61774138815228,0.6929290416060505,-0.5062383618988382,0.4106941930131653,-0.36533222422727313,0.19159407258274042,-0.1960625944238199,0.05009216648188455,-0.0,0.0,0.22073997941628898,0.05420817319993174,0.46348208398481716,0.22441019193470058,0.7249765786534954,0.5208189285350926,1.001384657134974,0.9518757190240589,1.2882644204634774,1.523952290555526,1.5805577842451017,2.241045896330723,1.8725786244742906,3.104468202012573,2.158002413063718,4.112528608355119,2.4298575283719503,5.26021280403375,2.6805183590294868,6.538857418499143,2.901700255786449,7.9358216877172225,3.0844563290104725,9.434157058428882,3.2191760406436276,11.012275642805323,3.29558549962849,12.643618399449487,3.3027493389957234,14.296323863129293,3.2290740303898713,15.932898178787687,3.062312476893639,17.50988711924259,2.789569716536765,18.97755068405579,2.3973095657588126,20.279540792262765,1.871362033305485,21.35258249643214,1.1969313396497847,22.126159061792617,0.358604384242307,22.52220117342041,-0.6596404879610762,22.454780457850188,-1.8744245587208546,21.82980743378061,-3.302959774049833,20.5447339403663,-4.963039861586532,18.488260031298605,-6.8730316299931555,15.540045268692708,-9.051866540165985,11.570424302806478,-11.519032625771512,6.44012658179984,-14.294566828627131,-0.0
86,3,-0.8283107015902778,2.177318299784722,-0.7588782499380446,2.196671945599675,4.994677115319879,4.85362204946737,6.219049582884704,8.711151117344695,-0.0,0.0,0.2696828006755431,0.06997771826555618,0.4804831194906188,0.2598704351367812,0.6372221372869338,0.5414517801114628,0.7445140372605145,0.8888522458579291,0.8068189362133548,1.2784685120398607,0.8285016430986836,1.688901024161142,0.8138886094125513,2.1009207989756575,0.7673165808365862,2.497462869052804,0.6931681254192986,2.8636409343763183,0.595891122506971,3.1867758492352594,0.48000119200236296,3.4564295939557526,0.3500677178390829,3.6644363020983217,0.21068543044231888,3.804922585590715,0.06643438804705129,3.87431062019386,-0.07816837102707233,3.871298999531456,-0.2187221976002069,3.7968180258453135,-0.3509981934879048,3.6539577007958792,-0.4709940287934448,3.447868077831956,-0.5749862793734647,3.1856327583360335,-0.6595789704673197,2.8761171252298277,-0.7217475827008336,2.529793418900333,-0.7588782499380446,2.158545009215036,-0.7688022327880187,1.7754522589483954,-0.7498259852816991,1.3945622687679107,-0.7007572584036108,1.0306445995582962,-0.6209277246672004,0.6989348328425014,-0.5102125879464362,0.41486759096295894,-0.3690475865326413,0.1938004195916511,-0.19844372528598614,0.05072974887634749,-0.0,0.0,0.2240856865402459,0.05500678879616944,0.4710072669312314,0.22789509135699532,0.7373427945227728,0.5292531708600998,1.0190481770779491,0.9678030128238099,1.3114522738862138,1.5500879714962152,1.6092532738957903,2.280158288507847,1.9065162705616636,3.1592551033510916,2.196671945599675,4.1854935322440285,2.472516270587038,5.353545347179116,2.7262111334973844,6.65432174089139,2.9492857972995914,8.074656616952984,3.1326390996892965,9.596990798176062,3.266542306545217,11.199057501864722,3.340642536329378,12.853569387874227,3.343966677861537,14.52790744533428,3.2649257292224645,16.18381194644331,3.0913194906088095,17.77707566090169,2.8103415485294203,19.257239492129358,2.4085844926785343,20.567290666121544,1.8720453101333923,21.643363575317302,1.1861309042749129,22.414443352888377,0.3356636881487905,22.802072227149516,-0.6951127959706328,22.72005868116939,-1.9225282771154588,22.074189419027583,-3.363480220580234,20.761944117502484,-5.035428399469522,18.672212920342258,-6.9563896125900735,15.685016611777865,-9.144932585697674,11.671229386731596,-11.620173090017369,6.492304117428162,-14.401769308525102,-0.0
87,3,-0.8277589177708333,2.2182450989861113,-0.7841703719585028,2.2610771737956172,4.994572338232972,4.866291370004064,6.21490672812553,8.87489361316066,-0.0,0.0,0.2630729685276476,0.06806126210979249,0.4727975535213664,0.25418275570858023,0.6324299287091364,0.5325106070297073,0.7451362779579253,0.878791539386451,0.8141059730519739,1.2703567675780556,0.8426471362586794,1.686158342673663,0.8342593976474475,2.1068477436042405,0.7926810140208661,2.5148845078661406,0.7219097360734869,2.894661841526313,0.6261987279192864,3.232636336792806,0.5100303439587395,3.5174499717279724,0.3780715919720725,3.740034245553079,0.2351156515212323,3.893688372120957,0.08601391396636442,3.974125680051483,-0.06439725764736558,3.9794845474051206,-0.21137138325819982,3.9103021734982106,-0.3503253584634144,3.769451155290706,-0.47690935228909415,3.5620401384974025,-0.587071591234577,3.2952807488275817,-0.6771171353663139,2.978323607387826,-0.7437602534529639,2.6220665505755547,-0.7841703719585028,2.2389382738433965,-0.7960118158974744,1.8426605656862978,-0.7774776991361816,1.4479921505265714,-0.7273183844823249,1.0704569620687456,-0.6448649468786537,0.726059453732997,-0.5300480595776238,0.4309893387919904,-0.3834127008761194,0.20131794838305384,-0.206129058966008,0.05268820202941177,-0.0,0.0,0.23253453967886306,0.05709266564137789,0.48839587429069514,0.2364258850455557,0.7638672352660398,0.5487604089443346,1.0545964140953314,1.0028395973807538,1.3556000140580464,1.6050727031916123,1.6612689530786728,2.3592206087364307,1.9653748776923083,3.266084555521578,2.2610771737956172,4.323198242469181,2.54093029236695,5.52452351929459,2.796891145897329,6.860149769769139,3.020326371807211,8.315996967569722,3.202019300524518,9.873522295910366,3.3321765062380098,11.50943015115394,3.40043385600874,13.195385299166055,3.3958620067095353,14.897728919642816,3.3069713283729314,16.577197255862718,3.121716256559705,18.1886425828264,2.8274990952532977,19.680756212988793,2.4111733057556908,20.995793273231005,1.8590463265273558,22.069299007000716,1.156881974431819,22.829836379552642,0.2899024800407648,23.1987147901243,-0.7572097908233381,23.089719721189024,-2.000310879654691,22.40884318045794,-3.4557939962781563,21.05401481518127,-5.140588457584882,18.91483359992659,-7.072158768715426,15.872300018024415,-9.268503817021111,11.798548673107353,-11.748156154613952,6.556581280624123,-14.530181350461929,-0.0
88,3,-0.7339909407708334,2.268942500145833,-0.7605408315921899,2.334515915697215,4.994771986955032,4.85634429431886,5.510886247489212,9.077726943869656,-0.0,0.0,0.2553151833046767,0.06622704384568252,0.4556746299970249,0.2461582692017645,0.6060152595376038,0.5135674499370532,0.710873136786997,0.8445950296768477,0.7744340595388237,1.2175593195843208,0.8006047278587161,1.61279846997436,0.7930960881760412,2.0125514309566195,0.7555102727560987,2.4008818337574507,0.6914231833570122,2.763644562306648,0.6044559929983155,3.08849109514367,0.4983304374060836,3.3649067231680365,0.3769045253419018,3.5842706213284137,0.24418703545454368,3.7399285055319806,0.10433075099761666,3.827267194463709,-0.038394277416209335,3.843780717896796,-0.17964510587650198,3.789118532190778,-0.3150648368876221,3.6651077680713193,-0.44035261605715104,3.475743092704078,-0.5513410099200863,3.2271395747140277,-0.6440771530699373,2.9274457714425766,-0.7149043030689537,2.586716007865558,-0.7605408315921899,2.2167424047191884,-0.7781541645219283,1.8308485811079922,-0.7654277201713388,1.4436480677523436,-0.7206194462288037,1.0707713045117817,-0.6426110909726115,0.7285656605287432,-0.5309478378459277,0.43377322201933455,-0.3858683662837456,0.20319116695849562,-0.20832576390721186,0.05331942075763387,-0.0,0.0,0.23669712304764398,0.05805204144593093,0.49862349119487936,0.2409060190931974,0.7819135588697866,0.5602401086084156,1.081989466534927,1.025621097372396,1.3935753151428458,1.6441516861804417,1.7107135943435465,2.420125506408726,2.026782864891978,3.3546906999063926,2.334515915697215,4.445522488600413,2.6260177437880134,5.686504802813243,2.892782833974616,7.067420743658718,3.125711338476144,8.573651424452025,3.3151238710199555,10.185882565218966,3.450774732014281,11.879818097716417,3.5218634696483893,13.625899969337906,3.517044755489763,15.389033305743002,3.424436612437136,17.128316096746286,3.2316270784784695,18.7967726008778,2.9256794227573693,20.341089714508982,2.4931360524114345,21.70135561560954,1.920021261098746,22.810800064908307,1.1918429746978265,23.595535824125722,0.2935936479303478,23.97430072848628,-0.7902495409135432,23.85820002612311,-2.075725060043434,23.150448668179255,-3.5793878343524037,21.746113298931274,-5.318310384834165,19.531853754190106,-7.310084200714703,16.38566392809357,-9.572821262074461,12.17661191307643,-12.125155644481255,6.76457935544891,-14.986245149999107,-0.0
89,3,-0.7174643944444444,2.359388690847222,-0.7982379158384478,2.3562069322702857,4.995317529362212,4.857812021027866,5.38680308540966,9.439589715732582,-0.0,0.0,0.26224441689281414,0.06789271973914149,0.47062927348883027,0.2532698309555627,0.6291364513158281,0.5302106581420096,0.7414600412415351,0.8747101278002541,0.8110953490577504,1.2645565457795975,0.8414367225223255,1.6792565042511807,0.8358743519107357,2.1000088392396754,0.7978813088025023,2.509724878386889,0.73108389582513,2.8930882806534024,0.6393105634056122,3.236644842788363,0.5266169082646733,3.5289108425572224,0.39728635896417325,3.760487779845384,0.25580790807820336,3.924171634444338,0.10683357824549312,4.015045789727721,-0.04488081122265347,4.030548353279116,-0.19454754901743393,3.9705065205155146,-0.3374274726320016,3.837132681364703,-0.4689149787248382,3.634979005261656,-0.584624000328976,3.3708491385890365,-0.6804718348487904,3.053667332149049,-0.7527582566681525,2.6943067383931267,-0.7982379158384478,2.3053797592856187,-0.8141845772866342,1.900994185564385,-0.7984462715135757,1.4964794599521238,-0.7494908940735898,1.1080877425101838,-0.6664421991007928,0.7526745831430411,-0.5491064774862354,0.4473639446335625,-0.3979904914058539,0.20920210133134443,-0.2143114541762317,0.054804595820112184,-0.0,0.0,0.242302814285561,0.05947372802877241,0.5092533887822283,0.24641461428266648,0.7968172569585356,0.5721664249060001,1.100283516310264,1.0458859382518624,1.4142810444349059,1.6742087254887315,1.7327956295878528,2.4609233018695216,2.0491872590682005,3.406653911735059,2.3562069322702857,4.508551862626776,2.646012491511207,5.759995038875752,2.9101830873268955,7.150295002698656,3.139732011387467,8.664410928666904,3.3251177361578796,10.282669510977374,3.456253093603306,11.980489926378064,3.5225126042496946,13.728112922111256,3.5127380322413413,15.49033312058754,3.4152422918800696,17.22623368337728,3.217811867240571,18.888922549426177,2.907707930011674,20.425269549582023,2.4716663531797076,21.775643795640164,1.8958968211806269,22.87365084203455,1.1660812323980918,23.645869217715187,0.26737157904801,24.011586021202312,-0.8156125258509568,23.882531360648564,-2.098786523122979,23.16261150108975,-3.598603652588371,21.74764065171663,-5.332057658510553,19.525071386340223,-7.316685365832918,16.3737237401289,-9.570569057529097,12.163513065441702,-12.112338601814365,6.75517675974729,-14.961173294626688,-0.0
90,3,-0.7375151009027777,2.4117580834305556,-0.7450382522166644,2.358469328966436,4.994967125715759,4.865548191156264,5.537346036740407,9.649112454214167,-0.0,0.0,0.2495192512538888,0.0648036531272863,0.4438914349429366,0.2403312178329841,0.5888053523202064,0.5004552334966262,0.6893806684242197,0.8217498043701043,0.7502010609082341,1.1832126977333288,0.7753823339261554,1.566013100231522,0.7686662072532008,1.95328027479654,0.7335291269090242,2.3299433238686444,0.6732952538679676,2.6826268440526966,0.5912436053346203,2.9996020028992727,0.49070089890688423,3.2707879239160227,0.3751137026474415,3.4877945402296735,0.248095753117193,3.643995440187199,0.11344853741083116,3.7346177228877493,-0.02484473312572917,3.756835448923597,-0.16264992009144125,3.709853778048728,-0.2957343669582036,3.5949721515494395,-0.4198368478445063,3.4156167018462864,-0.5307504671083404,3.177334252925043,-0.6244137610837774,2.8877426234842773,-0.6970053973273701,2.556434294411681,-0.7450382522166644,2.194832716857281,-0.7654492096772164,1.816002512273885,-0.7556816989298545,1.4344164790815186,-0.713758719199578,1.0656836303205794,-0.638344833503525,0.7262434283720239,-0.5287963101573632,0.4330319653227795,-0.3851992175795138,0.20312608806809382,-0.2083958133711562,0.053371426459415436,-0.0,0.0,0.23759705736773173,0.05824260713027034,0.5012298373208188,0.24194059462327897,0.7869684581862846,0.5631609137256608,1.090134292288908,1.031817639936181,1.405319761061975,1.6553024035294626,1.7264109625083457,2.4381254794730505,2.0466119115424877,3.3815686420229123,2.358469328966436,4.48335031753209,2.6538970839592313,5.737303078816998,2.9241995676511015,7.133063120078236,3.160093443335045,8.655771032495323,3.351727375889485,10.285782963207662,3.4886994846741453,11.998391077810114,3.5600723878049783,13.763552150322417,3.5543858100067025,15.545623065435112,3.4596668110169566,17.303102025932056,3.2634377574901454,18.988374303929035,2.9527222098810957,20.54746144886724,2.5140489286697636,21.919772959771397,1.9334542235622203,23.037859536804167,1.1964828771169624,23.827167141351836,0.28818787273336766,24.205791209568236,-0.8068708518669875,24.084230477334003,-2.1046284187672004,23.365139981785745,-3.6215176026853646,21.943082903645337,-5.374471833922892,19.704281004022327,-7.38092846428571,16.526363488319852,-9.658832170418108,12.27811419803899,-12.226638389956468,6.8192170887761625,-15.103316705692679,-0.0
91,3,-0.7628843154930556,2.4348747283125,-0.7656188854735909,2.430521371410777,4.99439688795276,4.853676607606978,5.727820943213149,9.741598971648262,-0.0,0.0,0.2470623321482395,0.06409337757526416,0.4411115155076615,0.2382302751062148,0.5874597764680868,0.49725816943852397,0.6908073129158251,0.818526405953353,0.7552932829149294,1.1815911994556634,0.7845839935326604,1.5679558102123867,0.7819878868738487,1.9608619924080155,0.7505852527839957,2.3451431368126285,0.6933602849054822,2.7071433612060485,0.6133240013061515,3.0347007906411507,0.5136184070421547,3.31718796128173,0.39759475080373846,3.5455980704113323,0.2688614787637357,3.7126629043162174,0.1313002095124457,3.8129867643504727,-0.010949496624225365,3.8431805011023985,-0.15353378563774406,3.8019806774210245,-0.2919522924186466,3.690340671366645,-0.4216448196656369,3.511482932525758,-0.5380912260125061,3.270904356354138,-0.636918826117337,2.976329603865602,-0.7140119470759113,2.6376099699250015,-0.7656188854735909,2.266567940064913,-0.7884522773914512,1.8767897668166267,-0.779779748922982,1.4833701786930524,-0.7375025894554262,1.1026146820960878,-0.6602210307629572,0.751705832762743,-0.5472854827598614,0.4483403662140016,-0.3988337456112968,0.21034422952801968,-0.21581477324371814,0.05527240317388835,-0.0,0.0,0.24601643751195468,0.06031053779814747,0.5188270397434072,0.2504865586287474,0.8142281868327256,0.5829069639314963,1.127243596226898,1.0676545947086267,1.452152345828567,1.7121367490419237,1.782519906816223,2.520720525887502,2.1112307648657276,3.4943841383779706,2.430521371410777,4.630384669017467,2.7320123466373953,5.921942154485898,3.006739043518755,7.357939395382952,3.245179769375654,8.92263648785383,3.4372811417617912,10.595398767760257,3.572480223938834,12.350436639155983,3.6397232381613547,14.156555620403493,3.627480789951911,15.976914874906448,3.523759652060954,17.76879248972892,3.3161112523148506,19.48335581443207,2.991637085250476,21.065435264297086,2.536991324127932,22.45330011699358,1.9383809489072852,23.578434980502085,1.1815637287443672,24.365315774263472,0.2518444064343755,24.731184237568804,-0.865930570908969,24.585820152588507,-2.1873794436707827,23.83131063869581,-3.728592343571635,22.361816035456638,-5.506139025597605,20.063332040459006,-7.537076874554063,16.81344790263015,-9.838958965473012,12.481100590311407,-12.429841990607146,6.926324955376778,-15.328293898846864,-0.0
92,3,-0.80893472959375,2.5047208360833335,-0.8360769107214643,2.4848378990460795,4.995648880827867,4.859243172744385,6.073572613516033,10.021043644395574,-0.0,0.0,0.26232789723353045,0.06782609148708571,0.47275288539350224,0.2536799309219891,0.6349141793186425,0.5325370756422684,0.7520854979519566,0.881097213354985,0.8272844509956733,1.2776279164399096,0.8633962430506992,1.7018671664161056,0.8632998202744601,2.134988826683381,0.8299854127000333,2.5596294674344238,0.766654159464029,2.959969825296104,0.6767928308621362,3.32186008762214,0.5642192622395463,3.632975343451669,0.4330967061224269,3.882986004114754,0.28791766496860843,4.063727702276728,0.13345973078527934,4.169355969043062,-0.025282558272545982,4.196472643822852,-0.1831848573722514,4.1442132419102435,-0.33509367215927427,4.014287140338616,-0.4759349927340828,3.8109652137404075,-0.6008256522127892,3.541012263061843,-0.7051827099149927,3.213564077161641,-0.7848268875804002,2.8399511407929103,-0.8360769107214643,2.433472784769344,-0.85583245696044,2.0091269354465164,-0.8416442335189194,1.5833015624563258,-0.79177045601232,1.1734344714576148,-0.7052196533320364,0.7976482849830538,-0.5817802639762706,0.4743673520947693,-0.4220379132217724,0.22192298403592595,-0.2273815713814818,0.05815288609237207,-0.0,0.0,0.2571299923797403,0.06311523557370874,0.5402619261206622,0.26146779720500063,0.8449031252775466,0.6069660356583072,1.1658418335498364,1.109091006201368,1.4971766250764624,1.7745442118287564,1.8323469002037753,2.606910370457382,2.1641634082886716,3.606335477554208,2.4848378990460795,4.7692199463813685,2.7860111644645293,6.087926198998526,3.0587788897908643,7.550499751552027,3.293714880585394,9.140402584156789,3.4808913704261824,10.836257404076521,3.6098962383942212,12.611601294912333,3.669847075614109,14.434647187231946,3.649402135083001,16.268051580090464,3.536768278540924,18.068686980532362,3.3197060984113715,19.78741760173579,2.985532442442471,21.368876962470296,2.5211206044881505,22.751246153859334,1.9128984680165304,23.86603167744685,1.1468449007361536,24.637841905254948,0.20848470063183455,24.984161362571985,-0.9171176127907095,24.815122183050818,-2.245364881618116,24.033272229510242,-3.7921350053219895,22.53333950955516,-5.573789010289877,20.201992640423747,-7.607179279578272,16.917597230671053,-9.909657756322787,12.54996814636009,-12.499083961709527,6.960117715849327,-15.393832695547115,-0.0
93,3,-0.7744451487708334,2.3421412441666667,-0.7809204104771077,2.3409041555348113,4.997259691887121,4.87153579736033,5.814620975176913,9.37058505323674,-0.0,0.0,0.27286681058382534,0.07085952077904639,0.4851914217162107,0.26277809893669574,0.6425515318818114,0.5468919566393756,0.7502105051676836,0.8970478309984365,0.8131243865516266,1.2896464969981112,0.8359722733456769,1.7034958300129304,0.823204495127472,2.119683770912719,0.779101762790055,2.5214784236989707,0.7078380248454196,2.8942589549089095,0.6135401348716588,3.225477394750571,0.500338416247968,3.5046482160825896,0.37240359393953093,3.7233599442344283,0.23396713241420522,3.875301174315537,0.08932358829403012,3.9562922878588176,-0.05718498315640422,3.964313830598175,-0.20120132674997432,3.8995228439717606,-0.33839982259935025,3.7642493072301932,-0.4645450465012499,3.562966103795748,-0.5755588736395699,3.3022274346549736,-0.6675928173710844,2.9905722335438094,-0.7371023761679358,2.638390780305947,-0.7809204104771077,2.2577542662080337,-0.7963269459211652,1.8622084648408763,-0.7811132593501504,1.4665338517419277,-0.73363861150863,1.0864754620168664,-0.6528785098301507,0.7384464632755197,-0.5384638871512589,0.4392098525905713,-0.39071104261177303,0.20554287600443696,-0.2106425915452576,0.05388874305129649,-0.0,0.0,0.23875146900034885,0.058577571569529495,0.502424396471811,0.24290902067090514,0.787116334220454,0.564509047181424,1.0882212808809681,1.0327646847187621,1.4004443916088167,1.6545870892667436,1.7178188712056262,2.434071270420633,2.0337240990955405,3.3721646144179096,2.3409041555348113,4.466344601855379,2.6314860518516086,5.710305740708166,2.8969971048706893,7.093655420996903,3.1283810300183656,8.601618151361576,3.3160124535554596,10.214747456977205,3.449709658100696,11.908644597470198,3.518745474621609,13.653683195976251,3.511856317124235,15.41473884851011,3.4172494231049235,17.150922798311353,3.222608413964223,18.81531880478055,2.9150973261389255,20.3547224034376,2.4813632872028824,21.709381835094614,1.9075380233827435,22.81274001304183,1.1792383877015649,23.591176991313546,0.2815660931701912,23.96375249078641,-0.8008931751234988,23.84194812963458,-2.0840711098868443,23.129409088055468,-3.5844184517141082,21.72168501248427,-5.318906856500372,19.505970030713016,-7.305030856543903,16.36084180596119,-9.560809830569172,12.155999605014594,-12.104789915751645,6.752001393417901,-14.95604581121822,-0.0
94,3,-0.7658102855972222,2.3622154908055553,-0.8026021628582184,2.3601411521945685,4.998026622734447,4.864930782446223,5.749789454691891,9.450899353656435,-0.0,0.0,0.2884029019397398,0.07495597429381218,0.5114124436727752,0.27750502749941525,0.6751669605574934,0.576493904482226,0.7855691000773265,0.9437814318947533,0.8482530910948647,1.3541115394109495,0.8685750971013576,1.7849756808085382,0.851625576726875,2.2164760283903613,0.802260273797793,2.6311996892239975,0.7251445814031683,3.0141120099174645,0.6248048128332913,3.352474074565908,0.5056794952464382,3.635786128622296,0.3721641781556614,3.855755282052296,0.22864430040293654,4.006282829637517,0.07951218622280964,4.083464164888043,-0.07083399414677528,4.085592735644702,-0.21800969270115503,4.013158854111145,-0.3576806891909929,3.868834384635697,-0.48561457769968713,3.6574352598030138,-0.5977437041708543,3.385855238928042,-0.6902357544367229,3.062966122109808,-0.7595680930639739,2.699481572369374,-0.8026021628582184,2.307783607170131,-0.8166546955441863,1.9017125634634529,-0.7995630752678643,1.4963228219995162,-0.7497428632073254,1.1076077408794314,-0.6662361700742614,0.7521980739050002,-0.5487502039568563,0.44703864330623894,-0.3976858886154817,0.20904822719608304,-0.2141569203544024,0.05476755206098832,-0.0,0.0,0.24222276023556805,0.05944920205589419,0.5092280906701228,0.24635714404706827,0.7970212374075891,0.5721458064993301,1.100909809808319,1.046064735889542,1.4155206115816246,1.6748463333767973,1.7348183625803923,2.462370074824763,2.052125345135422,3.4093363602091276,2.3601411521945685,4.512950242818614,2.650961864182536,5.766614914634104,2.916098129014472,7.159634524843138,3.1464917587695718,8.676925680889566,3.332530582738357,10.298736820368347,3.464061407138736,12.000374540266787,3.530401025387491,13.751935919319482,3.520345299172156,15.518045860987918,3.42217639030681,17.25759851030368,3.2236682676996815,18.92350184950181,2.912090644338242,20.462424647715437,2.4742115178587207,21.814545022577512,1.8962984969419308,22.913299960903515,1.1641190963665207,23.685135237195666,0.2629401778442267,24.049255258925434,-0.8224732966135848,23.917372453682475,-2.1078600456621417,23.193455893357374,-3.6094646464164954,21.7734789232474,-5.344039988202565,19.545165628591892,-7.32884989823066,16.387736027263742,-9.581671851563387,12.171649925230861,-12.120799693271367,6.758349411290822,-14.965046314989163,-0.0
95,3,-0.7837388552361111,2.3239235629930555,-0.7635011902385048,2.361602061541435,4.998474058699709,4.8595076421807315,5.884399164937556,9.297698615949816,-0.0,0.0,0.27769000486765727,0.07227488266581615,0.49045929577919284,0.2668716484340703,0.6451646085566805,0.5530590414328145,0.7482719506302892,0.9034390341317986,0.8058123541494088,1.293738999969413,0.8233709997911449,1.702590144918897,0.8061072333130536,2.1113083885426205,0.758800279457268,2.5036919421091377,0.6859134635358506,2.86584670016842,0.5916686580574344,3.1860466545210824,0.4801225155329379,3.4546323212049876,0.3552367335781816,3.663946091316084,0.22093593271745635,3.8082998509010983,0.08114846870058276,3.883967429016218,-0.060172597247068686,3.88919256751832,-0.19904930070928004,3.824202185548709,-0.331498651357034,3.691214665112975,-0.4535705797270577,3.494433574594737,-0.5614010051942647,3.2400185009859643,-0.6512764982004692,2.936026295101749,-0.7197067620410346,2.5923178722504825,-0.7635011902385048,2.2204276008681045,-0.779846004266057,1.8333941292248734,-0.7663788824558936,1.4455531517555407,-0.7212584984490814,1.0722940374201073,-0.6432269479925147,0.7297833945149766,-0.5316636160472763,0.43465951346390913,-0.3866295900646173,0.20370221329818966,-0.20890223561820648,0.05348293479767194,-0.0,0.0,0.23780211329482676,0.058303827489172136,0.5014656568184888,0.2421165932493857,0.7871894752791556,0.5634503972998396,1.0904169582078453,1.0322274757165526,1.405848627495653,1.6559054226427745,1.7274588653289815,2.4391097904821506,2.04851562686028,3.3832758470073396,2.361602061541435,4.486300708712848,2.65863907650659,5.742206558047339,2.930908004320916,7.140815200480384,3.169072676397593,8.667433833024047,3.3632003443301044,10.302551581784591,3.5027810277008733,12.021546121631156,3.576744993584505,13.794399512499906,3.5734781864528458,15.58542226843629,3.4808355253779895,17.352984610044427,3.2861520673774645,19.049253830630356,2.9762521014844854,20.619936722846436,2.5374562884336767,22.004026058131974,1.9555869970371222,23.133550178291877,1.2159720120329331,23.93332484050301,0.30344680123516826,24.320706548095018,-0.7976444659430891,24.205346694757434,-2.1034489592874905,23.48894594542424,-3.6306061067060647,22.065008369903502,-5.396249222054019,19.818594933056744,-7.418007687179042,16.626076026392024,-9.714009549546278,12.354882799308053,-12.302884413462685,6.8632571133919305,-15.203766519514172,-0.0
96,3,-0.8141798402083333,2.2931390090416666,-0.8069444844992317,2.3284342404457523,5.000552925369092,4.8575419348397375,6.11295349187144,9.17453384873268,-0.0,0.0,0.3114781860462566,0.08110415593031749,0.5489747693315655,0.29914800406110204,0.7197574319289476,0.6189606315984063,0.8309716090076468,1.008978539281704,0.8895525100586469,1.4411615668933568,0.9021613749543781,1.8908707954951822,0.8751469089170502,2.3367208857938087,0.8145304042220431,2.76041916442229,0.7260110106567116,3.1466024909269796,0.6149861723746923,3.482680780149344,0.4865815041973135,3.758693347710584,0.34568432038588703,3.9671813409523446,0.19697554650612253,4.103076732650153,0.0449556770392239,4.163605939642722,-0.10603839341505891,4.148204245122894,-0.2518276065553078,4.0584359253367905,-0.38839682173354434,3.897914306803455,-0.5119125123352825,3.672215851136584,-0.6187510445277198,3.388782689221745,-0.7055359212230802,3.056808697981152,-0.7691819978343447,2.6871051238525876,-0.8069444844992317,2.291942808878021,-0.8164705121083481,1.8848691830901423,-0.7958511261768779,1.4804992810952844,-0.7436717549111042,1.0942810665845912,-0.6590594503731738,0.742236264630767,-0.5417255020568833,0.44067867863636573,-0.39200235055625277,0.20591258782928767,-0.21087406745427595,0.053914272820011246,-0.0,0.0,0.23826850861162982,0.05848391710563081,0.5008781324717227,0.24232928528975028,0.784069880286321,0.562796316079959,1.0833810967996371,1.0290896171588106,1.3936523889123866,1.6480079038917148,1.709038629032919,2.423598229709899,2.023023148788386,3.356816552933773,2.3284342404457523,4.445196013553014,2.617463124513432,5.682523861054005,2.8816826122461667,7.058527570138834,3.1120657830251326,8.558570317647371,3.29900410092169,10.163355679675872,3.4323245049586624,11.848641147484388,3.5013051174613543,13.584959855639095,3.494689319455391,15.337349764481194,3.4006980376042137,17.065089437813917,3.2070401711973804,18.72143950046645,2.9009211588208728,20.253388842982346,2.469049742122119,21.601404655495266,1.8976430288344635,22.699185413277718,1.172429989814608,23.47341599616103,0.27865354651473995,23.843524197244353,-0.7989285824792149,23.72143795793597,-2.0760441029103314,23.011342752058024,-3.5689072634499177,21.60943862792969,-5.294220707555471,19.40369650120562,-7.269177905297531,16.2736133706629,-9.511466024902061,12.089966202596196,-12.039269118261851,6.714564296023765,-14.871271509844458,-0.0
97,3,-0.8035373215486111,2.2609538369652777,-0.7677310430062815,2.285203817862739,5.00028400450739,4.854416935697151,6.033048268982834,9.04576540099452,-0.0,0.0,0.30311607799652174,0.07906179640209722,0.5316698669271313,0.29069034750050354,0.6939371044583605,0.5996858822475385,0.7978415112172543,0.9749027680080701,0.8508692016962516,1.3890506766616155,0.8600179080876318,1.8184616331055106,0.8317800275013487,2.2428402382927306,0.7721555549297261,2.645013104765875,0.6866887047343497,3.010690974677956,0.5805206646668006,3.328253512060751,0.4584505255289023,3.588562843817809,0.3249968972720449,3.7848080296930533,0.18445385997790248,3.9123791584688523,0.040936449713036005,3.968766968089006,-0.1015874158663754,3.953481912287253,-0.23928003191370598,3.867985464344517,-0.36843207440259035,3.715626082193871,-0.4854748072222237,3.501572518523112,-0.5870045480823421,3.23273787728201,-0.6698171849362281,2.9176888273961916,-0.7309503693538657,2.5665355395281972,-0.7677310430062815,2.1907990977637635,-0.7778261114562638,1.8032542745771265,-0.7592943090480929,1.4177465949125145,-0.710637557339058,1.0489835291847371,-0.6308503795112834,0.7123004384415074,-0.5194661797357616,0.4234025513496665,-0.37659942441760624,0.1980847904059488,-0.2029829726548212,0.05193169304663212,-0.0,0.0,0.23028985304327013,0.056486714027389286,0.48513029558669196,0.2343855710472067,0.7610541769971649,0.5451349155688106,1.0538750996254709,0.9982599367288083,1.3586845442168842,1.6010121047939734,1.669854059740752,2.358008457775859,1.98104195236941,3.2708731334033794,2.285203817862739,4.33788323525846,2.574606201027934,5.553620777568789,2.840842636771264,6.908632086382625,3.074851329083747,8.389095661310346,3.2669337547243456,9.976499136674798,3.4067735333763793,11.647325637123716,3.483454980477847,13.372749511561052,3.485480846940327,15.118341158916548,3.400788845627922,16.84378043509709,3.216766662160112,18.502577954845815,2.920265242421501,20.041803474932145,2.49761023713448,21.40182046363503,1.934611562055304,22.51602592166431,1.2165710989257579,23.310594516098845,0.32828861636349294,23.704226115526986,-0.7459339686439925,23.607895865052626,-2.0222898384470613,22.924606008022586,-3.517465862769207,21.549138741523084,-5.248642348955646,19.3678094798014,-7.23349377495247,16.25821998946238,-9.49019033044036,12.08901094903314,-12.037400101198665,6.719613570531759,-14.894291744777503,-0.0
98,3,-0.7866882776736112,2.2910118765486107,-0.792296162873502,2.299568083408192,5.0000501053451005,4.866647600465281,5.906543759163455,9.166023484127074,-0.0,0.0,0.30623201137222766,0.07976297947670097,0.5393074545074995,0.2940399110268871,0.7066576635921389,0.6081174430728902,0.8154984209006548,0.9909476234752248,0.8727564693205075,1.4150206255458462,0.8850233703250987,1.8562075561227913,0.8585356077196814,2.293586853624625,0.7991774809255769,2.7092666198760686,0.7125016699828844,3.0882130540079267,0.6037614814059179,3.4180923465605537,0.477948663760172,3.689130337236639,0.33983118179316923,3.8939912869672137,0.19398627240144706,4.02767452903597,0.04482527818517332,4.087425712746536,-0.10339200968398159,4.072657910476613,-0.2465546015735199,3.9848770213964126,-0.3807092453097403,3.8276056140738093,-0.5020803312709702,3.6062995148932724,-0.6070994504837604,3.3282519660348684,-0.6924428875784907,3.002480943118488,-0.7550751015811782,2.6395961455318364,-0.792296162873502,2.2516431725357418,-0.8017911458598779,1.8519234105417168,-0.7816795984112332,1.454789130082427,-0.7305633989467851,1.0754141854407575,-0.6475715510697698,0.7295414963990731,-0.5324007372935975,0.4332091497394664,-0.3853507424905008,0.20245747551408258,-0.2073541503861116,0.05301982449125806,-0.0,0.0,0.2344486479022565,0.05753938709045004,0.4930430510026441,0.2384767871612006,0.7721426527739348,0.5540038238299663,1.0674139431247887,1.013318555684478,1.373833667936311,1.6232796351551138,1.6856956756928771,2.3880630119445967,1.9966206622820015,3.30882281517918,2.299568083408192,4.3833576797149485,2.586849541890456,5.605783425121515,2.850143017655574,6.966212663833382,3.080507384626665,8.450441617442245,3.268396744405368,10.039644163367957,3.403674195825644,11.710072921354515,3.4756247472304858,13.432767020866512,3.472967160865025,15.173266064805725,3.383864593345724,16.891329718681806,3.195933961023296,18.54066230299346,2.8962540133645307,20.068641745009167,2.4713721411274436,21.416052249049496,1.9073099795530002,22.516820066532258,1.1895678909049798,23.297751783547632,0.3031284265707758,23.678274590184042,-0.7675411221688857,23.570178048420587,-2.038486972416194,22.87735693096171,-3.5262677860144023,21.495554759366016,-5.2479541877228435,19.31210772424686,-7.221128766031801,16.205688721764165,-9.463886466074687,12.046051288105138,-11.994835293581925,6.69377325657477,-14.833097258608605,-0.0
99,3,-0.7791210971736111,2.3063230630069445,-0.7909649947965355,2.2902387108424365,5.00196744061474,4.871095815932844,5.849728519855564,9.22728143572633,-0.0,0.0,0.31840036854203513,0.0830732320694005,0.5578537535629347,0.30524338595902495,0.7270535969450275,0.6292196885367756,0.8344044011969454,1.021991036518842,0.8879140632795887,1.4546531968976033,0.895121128712538,1.90219083970668,0.8630568871396613,2.34323197746922,0.7982392549196029,2.7597915807213385,0.7066930704501799,3.137018999579105,0.5939899465545218,3.4629607270166107,0.46530022006650734,3.728346425055429,0.3254497258621651,3.9264024220326337,0.17897492968542536,4.052693432941983,0.03017117046829991,4.104990313553412,-0.11686982044150263,4.083159384215759,-0.2582355163174379,3.98906730497838,-0.39018237069157874,3.8264946263903594,-0.5091396940083607,3.6010509032170988,-0.6117266442465761,3.3200845344281658,-0.6947806727106721,2.992581164009619,-0.7553953183535808,2.629045427373161,-0.7909649947965355,2.2413619514225407,-0.7992343338116201,1.8426327207503947,-0.7783497071677747,1.4469891311806742,-0.7269107167059676,1.0693782029363703,-0.6440196937287112,0.7253234709175662,-0.5293275587181012,0.430661973509307,-0.3830747382939505,0.20125950040497292,-0.20612619720418476,0.05270682146672425,-0.0,0.0,0.23311084668912943,0.057208101260564616,0.49032321832337084,0.23713165437851166,0.7680550524914195,0.5509551329857185,1.062022367581694,1.007896510671259,1.3672414499540722,1.614856648294087,1.6780354397567698,2.3760709080236784,1.9880444954476526,3.292764989568213,2.2902387108424365,4.3628165708367215,2.576932988824403,5.580423928412937,2.839803134646766,6.935782328969749,3.0699025108817426,8.414768633318209,3.257678687818033,9.99863424837328,3.3929896206390393,11.663706303489594,3.465118982297898,13.38109671778364,3.4627903741398516,15.116418663063287,3.3741802217306835,16.82950980973761,3.186929238894495,18.474161666137125,2.888152407501351,19.99785427978147,2.464447473750799,21.34149555667316,1.9019020038795431,22.43916446606073,1.1860990741464683,23.217857427966813,0.3021216926783201,23.597237224244555,-0.7654439344791991,23.48938382671263,-2.032506172685591,22.798546594362666,-3.515466640341444,21.42089735270437,-5.2312196813832905,19.244283929596804,-7.197152511993293,16.14798378155186,-9.431145931965395,12.002457401123912,-11.951575499754513,6.669101248680689,-14.777313079682312,-0.0
100,3,-0.8002374461874999,2.3615420659305553,-0.7927305443631096,2.301003311171904,5.001696047966697,4.8656496709169055,6.008272434928427,9.448205073333304,-0.0,0.0,0.31509691039495497,0.08220802696310543,0.5522662458242247,0.30211054847408975,0.7202726226921309,0.6229493695070484,0.8274791011695259,1.01225258608415,0.8817617830343114,1.4416108263990761,0.8904631734117677,1.8864205312517353,0.8603815042424202,2.325613085919277,0.79779048350318,2.7413864961804957,0.7084821193186293,3.118953038719879,0.5978244338583139,3.446312392010332,0.4708259480919056,3.7140556434243956,0.33219960528188325,3.915201680119452,0.18642007963362073,4.0450641092909105,0.03776995466732696,4.101144204848214,-0.10962814836580821,4.083043519996696,-0.25179491201948345,3.992388726789856,-0.3848932513942642,3.8327608690474166,-0.5052418947262801,3.6096214305531897,-0.6093418937857406,3.330228295822472,-0.6939138113144873,3.003535684648354,-0.7559430324713986,2.6400733520346584,-0.7927305443631096,2.2518016548490762,-0.8019465866636551,1.85194040576114,-0.781684762049069,1.4547706916738898,-0.7305144746625251,1.0754099728746658,-0.6475299076624357,0.7295617613564698,-0.5323941295547832,0.4332419775314748,-0.38537730904795303,0.20248469220765541,-0.20738839856550229,0.05303037493918467,-0.0,0.0,0.23453356052431068,0.05755842424167607,0.4932646583688634,0.23857036958023928,0.7725467968706602,0.5542521429742279,1.0680343815725466,1.013821936261441,1.374687089749985,1.6241511946846807,1.6867780327033501,2.3894191522613375,1.9979049010426164,3.3107722274432674,2.301003311171904,4.385989573321576,2.588361626314755,5.60915569855478,2.851636599781272,6.970340729816875,3.0818692744428704,8.45528858162376,3.2695006641488558,10.045113039211412,3.404386834793985,11.716001546086273,3.4758130907983045,13.438926318970331,3.472507053895966,15.179362286364016,3.382650493392715,16.897011258862367,3.193889829380383,18.54553168494756,2.8933452824614254,20.07227332016774,2.4676186855720075,21.418016135304438,1.9028000061408215,22.51671280546122,1.1844726509930197,23.295234152499475,0.2977176431655127,23.67311695392691,-0.7728832297403496,23.562313578781737,-2.0432451907754516,22.866942962379216,-3.5297790664197946,21.48304248466499,-5.2493905930007525,19.29832036951764,-7.219480337299088,16.191908273268623,-9.45794413801866,12.034113778958627,-11.983173981998222,6.686172557744679,-14.814059236840343,-0.0
101,3,-0.7839789233402779,2.298088691298611,-0.8176070136665966,2.3446516005029694,4.999956237676746,4.8666269821800645,5.886201623169976,9.194336846818604,-0.0,0.0,0.3041992386742595,0.07908811033508913,0.5386796489848301,0.2925799450994722,0.709775238439463,0.6072043800605041,0.8236851639001503,0.9928251734450648,0.8864421460439149,1.4223650862415198,0.9038946020815438,1.8717176222348089,0.8817020271645513,2.3196532014990567,0.8253415801641467,2.74772593876072,0.7401226678347375,3.1401858654247405,0.6312056728650702,3.4838996467442995,0.50362084315604,3.7682808655717777,0.3622836848686745,3.9852290173307225,0.212003866805903,4.129074686924818,0.057485516489773826,4.196527094387096,-0.09668225877211209,4.186619373588971,-0.24604486756974495,4.100646599290867,-0.3863111725743193,3.942091666790275,-0.513390642336719,3.716534586658791,-0.6234370205880573,3.431541496352291,-0.7128965412277664,3.0965306152843173,-0.7785586202944154,2.722613387094394,-0.8176070136665966,2.322410078643359,-0.8276696094598223,1.90984007024245,-0.806865292425024,1.4998879229974278,-0.7538466397419,1.108347011527346,-0.6678375519309355,0.7515430448654355,-0.5486652623727682,0.4460401608713741,-0.39678648308615955,0.20833247777537758,-0.21330771809630258,0.05452403731252506,-0.0,0.0,0.24069152340905584,0.059091780269879705,0.5056426065892076,0.24473856387431142,0.7910489110939006,0.5681473574536282,1.0924283522173637,1.0384534029947,1.4046261473319435,1.6623824672125773,1.7218219577805263,2.443916202885805,2.037538567021295,3.383961487180997,2.3446516005029694,4.480024378679827,2.6353998615663907,5.725889104621926,2.9013959277434167,7.111302294575891,3.1336367195180315,8.621662516020043,3.322513816355104,10.237715039279221,3.4578233509545537,11.93525166100237,3.528775361398828,13.684815343341098,3.5240025218916347,15.451409376399377,3.431568206356471,17.194210740567527,3.2389738658120923,18.866287329424402,2.9331657209024544,20.414318689706196,2.500540786064655,21.77831993951076,1.926952252428095,22.89136853697024,1.1977142634816136,23.679333587043413,0.2976061215875384,24.0606073922142,-0.7891240347583587,23.945838972456947,-2.078756042841281,23.237669299881187,-3.5880949777096225,21.83046801330445,-5.334468826853248,19.610071397145894,-7.33572654239537,16.453521427185777,-9.61023643802672,12.228805702729366,-12.176884900374443,6.794598100483071,-15.055075386898038,-0.0
102,3,-0.7872482774444445,2.3079903605694443,-0.8237061785679434,2.3385262755428897,5.000090768847506,4.869877449014465,5.910748300206484,9.23395206400606,-0.0,0.0,0.3048128980091176,0.07931405953281434,0.5387889084827499,0.29300994791009327,0.7092142155822225,0.6075142172554048,0.8228321987101924,0.9927589972559773,0.8858984512623211,1.4219234426759473,0.9042527513068093,1.8712073229526072,0.8833988412342046,2.3196429128106084,0.8285839154562733,2.748947009007054,0.7448711825927298,3.1434112019812135,0.6372005337692366,3.4898256266885155,0.5104340263591459,3.7774293548152973,0.36938444813465227,3.9978793413608495,0.21882657535778124,4.145229318000151,0.06349183723647714,4.215910117953053,-0.0919520619023838,4.208703493749798,-0.24293442080319697,4.1247024225072995,-0.3850252112090588,3.9672520646835276,-0.5139864574972719,3.741866847325889,-0.62582863177231,3.456120492952729,-0.7168694879538167,3.119507137678019,-0.7837929770586476,2.7432729193814986,-0.8237061785679434,2.3402185250092353,-0.8341925248680254,1.9244741346933507,-0.8133599647740428,1.5112489703122318,-0.7598830878253241,1.116558239074776,-0.6730385955964885,0.7569306599309333,-0.5527338447517917,0.4490999815111624,-0.39952848722814005,0.2096839609930403,-0.21464948744680523,0.0548541949223129,-0.0,0.0,0.2418372576563759,0.05938926017677207,0.5076014028737937,0.2458288120462567,0.793358768189162,0.5703265581038948,1.0945114650695411,1.0417570991031482,1.405808354456409,1.666532281481031,1.7213576973543177,2.448277679023941,2.034640828157205,3.387515681260755,2.3385262755428897,4.481355552557868,2.6252838444158626,5.7231905603136,2.886598262330492,7.1024020499179406,3.113582080924524,8.604070167825565,3.296787604030767,10.208690799939236,3.426217687188005,11.891898196967059,3.4913353169817594,13.624192697110464,3.481071932477751,15.370672924527653,3.3838344950093724,17.09077183455077,3.1875113472203647,18.737995988801487,2.8794769283201997,20.25966747065284,2.446595430942889,21.59666788986851,1.8752234968618289,22.68318397116278,1.1512120551732166,23.446454271848204,0.2599074084508469,23.80651662618219,-0.8138483292463624,23.675955966497714,-2.0857173429067473,22.95965222216917,-3.571866682207614,21.55452804578938,-5.288969196279844,19.349296160828903,-7.2542047597947565,16.22420616601693,-9.485261721077899,12.050790668462787,-12.000338511449652,6.691610650054953,-14.818145363229732,-0.0
103,3,-0.7897109397291666,2.3538988497222224,-0.8164223965395343,2.3561958734972537,5.001350635743395,4.861006453191464,5.929238244650257,9.417625616292083,-0.0,0.0,0.3089380645613591,0.08047010041190017,0.5443285954166708,0.29668279732007663,0.7140747534025306,0.6138608045316147,0.8255728546243338,1.0010523793036403,0.8857116234429538,1.430876457319194,0.9008985811579892,1.8792744562968695,0.8771068293289024,2.3252806716518415,0.8199348929972535,2.7508196370836915,0.7346723892207437,3.1405351546814018,0.6263649274333065,3.481652223061044,0.4998726633632249,3.763870036923908,0.35991816173742397,3.9792817445211273,0.21112054319584547,4.122314805930945,0.05801419423641374,4.189684611111873,-0.09494847170414328,4.180353463650678,-0.24340965399224423,4.095487052282559,-0.38313278385339367,3.938401032981268,-0.5100410360164414,3.7144912304211095,-0.6202651973203802,3.431142132210985,-0.7101981194771202,3.0976096849773564,-0.7765529416262391,2.7248758058442597,-0.8164223965395343,2.3254734044139376,-0.8273367792161783,1.9132819921378301,-0.8073185207951367,1.5032950788847592,-0.7549317358372221,1.1113614805244028,-0.6693255607571827,0.7539033652056272,-0.5502705436776102,0.4476143456085077,-0.3981877555877289,0.20914119009747256,-0.21417065081974504,0.05475279879148297,-0.0,0.0,0.24184755419703774,0.05936950124302859,0.5081966084647662,0.2459350112447607,0.7951749704629244,0.5710081675645412,1.0982196417415357,1.0437914884582045,1.4120859670234092,1.6710351424064336,1.7308591445694146,2.456698914901807,2.047967358089471,3.401620364992078,2.3561958734972537,4.503189814476995,2.647701535966648,5.755032507100669,2.91402719783007,7.146698016573924,3.146115700868932,8.663356770955998,3.334323123830099,10.285503394819116,3.468431085105293,11.98866644619009,3.5376579599991866,13.743124038022463,3.5306689312800823,15.513624778912101,3.4355848407846548,17.25911343980267,3.239989849227951,18.9324607475474,2.9309379418545123,20.48019671774115,2.4949583401445117,21.8422469640069,1.918059895532364,22.951671455225544,1.1857345510872812,23.734405232891934,0.28295996238290355,24.109000645250603,-0.8057986296959644,23.986370700995476,-2.096587182841602,23.26953319145224,-3.6059622060756302,21.85335527503671,-5.3509905985963835,19.624298260485176,-7.34924989801665,16.4601623652528,-9.6188288679302,12.22983126218438,-12.178328361633893,6.793016260874997,-15.046862405710725,-0.0
104,3,-0.8155307566805555,2.4070487568402776,-0.8372706749245822,2.373998255072921,5.001274802432563,4.872958413507547,6.123096324152799,9.630271086099595,-0.0,0.0,0.3079122103506758,0.08011012240834667,0.5445210430924542,0.29603177141272213,0.717171030573116,0.6139745994748091,0.8326265175304535,1.003673257722463,0.8971368502654067,1.4381126656892766,0.916518848202996,1.8932906213110252,0.8962467029690819,2.3480238955715884,0.8415405693602128,2.7837992829921854,0.7574467108766452,3.184667096455703,0.6489038889003715,3.5371714779933687,0.5207925326091527,3.8303097063946985,0.3779649446732632,4.055511388377485,0.2252562882793731,4.206627931054429,0.06747731335979518,4.279922881416697,-0.09060930060188753,4.274054439504123,-0.24432647076375155,4.190042561195265,-0.38913121109336396,4.031214428924913,-0.5206710530713801,3.8031235642386396,-0.634845359734524,3.513439383155073,-0.727868679127041,3.1718054709477914,-0.7963335675443807,2.789666212754913,-0.8372706749245822,2.3800626133187457,-0.8482042940363274,1.9573991420397843,-0.8272020047507239,1.537184231627824,-0.7729174713075676,1.1357476357713314,-0.6846258546076643,0.769938219970289,-0.5622516677733872,0.4568059352638777,-0.4063892203069586,0.21327172896643853,-0.21831605708168855,0.05578900619917374,-0.0,0.0,0.24589945715579087,0.06039006579947508,0.5160345630034961,0.24994251678896595,0.8063766570268919,0.5797961866149535,1.1122265826568682,1.0589074680926542,1.4282273352992398,1.6937181505581702,1.7483781817144664,2.487829979243999,2.066049571338857,3.4416864987167566,2.373998255072921,4.552262426137977,2.664382126371096,5.812760532634856,2.928774397902608,7.212315793223949,3.1581768205478844,8.735706396014598,3.343031737119408,10.363071076582017,3.4732328390550005,12.069632158993217,3.5381345594231886,13.82542363582503,3.526560089633553,15.59502360015415,3.4268080505556195,17.337290347458687,3.226657882025081,19.005101489440655,2.913374038935863,20.545095460177556,2.4737090984157777,21.897414843490562,1.893905892157929,22.995451005314465,1.159698782013503,23.765589573106116,0.2563141965638083,24.126956363445615,-0.8315294573978671,23.991163417018917,-2.119622400827997,23.262054855651538,-3.6242645061959227,21.835452327942235,-5.362266648481504,19.598899857631146,-7.3509523024583165,16.43140795172787,-9.608159315055804,12.203196863462969,-12.152241791140865,6.775438938328202,-15.002072040176735,-0.0
105,3,-0.861907965625,2.4466085235,-0.8887585396594013,2.4067475323766865,5.001801555359334,4.861043845245329,6.471301606769046,9.788544272695148,-0.0,0.0,0.3398776728812216,0.08840748789564112,0.6008928129966855,0.3267346389041886,0.7902597967673665,0.6773598186337448,0.9150367890121373,1.1062303918795995,0.9821112672720369,1.5827804995124986,0.998195462787867,2.0798442457496327,0.969827847739323,2.5735682691403747,0.903377342882054,3.0433258620206587,0.8050476038748121,3.4716333089228875,0.6808794230296243,3.844067965702335,0.5367498683719728,4.14918677073683,0.3783672415814535,4.378443310701094,0.2112612801562655,4.526101194394946,0.04076829004717123,4.589141268627351,-0.1279888877789867,4.567160108641474,-0.2901259674475999,4.462257218744467,-0.4410270423947692,4.278908486319327,-0.5763785978623722,4.0238236492041155,-0.692206942798114,3.705785865457877,-0.784918088279947,3.3354719112143822,-0.8513389362972253,2.9252520617236413,-0.8887585396594013,2.4889693073778196,-0.8949681644574183,2.041698186718039,-0.8682989361621981,1.5994841435765625,-0.8076559756639832,1.1790648966288675,-0.7125481210501223,0.797575811460703,-0.5831125674911617,0.47224165976165705,-0.42013402065940086,0.22005741896277187,-0.22505822728257177,0.0574609006608952,-0.0,0.0,0.25225392363280147,0.061997242358664044,0.5282466680007536,0.2562140867856081,0.8238570011259038,0.5935171507551518,1.1343083799691485,1.0825481731563293,1.4541804962136344,1.7293991569246403,1.777422570146156,2.537293752223091,2.097367685829978,3.5062755750095747,2.4067475323766865,4.632903819430429,2.6977070049047898,5.909956226542004,2.961818216505052,7.326139222873278,3.1900935721538253,8.865804842958164,3.3729976513819375,10.508673899657602,3.5004577344704515,12.229564761882454,3.5618728842858363,13.998127036531283,3.5461215611248327,15.77857942434682,3.4415678006903594,17.529451021786567,3.2360660259364677,19.203325366707368,2.9169645929372057,20.746586568828537,2.471108190440876,22.099166921275835,1.8848392238374578,23.194295452425255,1.1439983184091722,23.95824694392294,0.23392407541480237,24.31009100806086,-0.8605477908790057,24.161440883249337,-2.155085815476598,23.416201668391732,-3.665864534794067,21.970317774325522,-5.409566530601562,19.71151942240189,-7.403384679526427,16.51906806635739,-9.665024533619965,12.263500653804094,-12.2127067687839,6.806372678064419,-15.065169648435992,-0.0
106,3,-0.9009476026736112,2.469780565972222,-0.9165477388038212,2.4694287806619406,5.00191704649053,4.8644437927058055,6.764415577211542,9.881252428270294,-0.0,0.0,0.33931604648587455,0.08815391364365728,0.6020917071820753,0.32655943687845135,0.7948179310779817,0.6785711107144228,0.9239168127587907,1.1107733686274759,0.9957121644202995,1.5929379565832442,1.016417542781668,2.0979711479404233,0.992137634350951,2.6018585039268345,0.9288780946433962,3.083612652902604,0.8325587526122267,3.525227038973274,0.7090254356182004,3.9116361126829475,0.5640564131175367,4.230680236196098,0.4033604584887511,4.4730718169041825,0.232564653731568,4.632357961869943,0.05719119334794209,4.704874292697935,-0.11737651415432392,4.689684454508986,-0.2859372671982104,4.58850023013574,-0.44352315993865166,4.405577938543681,-0.5854560388023872,4.147587844867237,-0.7074068106086827,3.823454522834961,-0.8054550815755827,3.4441673778032267,-0.8761467813224303,3.0225617619261476,-0.9165477388038212,2.5730722125448633,-0.9242915825354828,2.1114602629591075,-0.8976207906695431,1.6545199763670932,-0.8354201770322998,1.2197648253930153,-0.737242533843298,0.8250997862484138,-0.6033265357424045,0.4884825577274429,-0.4346073270867553,0.2275776805973487,-0.23272045762523683,0.059407058026360024,-0.0,0.0,0.2605282191528458,0.06404547060891051,0.5451573059342353,0.26454873965300096,0.849512949281489,0.6124941573638505,1.1685691335695902,1.1165153058070871,1.4966650947742552,1.7825733496162104,1.8275228013260638,2.613644023695268,2.154264350226953,3.6094133632241228,2.4694287806619406,4.765982004535772,2.7649879157046984,6.075577663874435,3.03236094380223,7.526275231981812,3.262427542897451,9.10172380154701,3.445539429804809,10.780879866418461,3.5715302851907165,12.537745890221402,3.6297240603106027,14.34111343163886,3.6089417160944204,16.15431002825634,3.4975064791590076,17.934949075076723,3.283247723963564,19.63468198262535,2.9535036068128915,21.198951958609577,2.495122586969168,22.566748822602538,1.8944639739363123,23.67036433201756,1.137397639136225,24.435147567132944,0.20930302571074744,24.779259991046832,-0.9049324170463621,24.613429865598786,-2.220915257313601,23.840705765316024,-3.7547484555906525,22.35620898752006,-5.52303399515361,20.046884707361894,-7.542875683980581,16.791251771495425,-9.83188205539522,12.459151063310264,-12.408169305672233,6.911492406250912,-15.29036421724372,-0.0
107,3,-0.9339003632847223,2.4709949013194445,-0.9121743901431649,2.4584972934364067,5.00008702279399,4.8630559365340975,7.011828597156805,9.88611081701292,-0.0,0.0,0.32360160371937874,0.08385896247620829,0.5784804933824457,0.31214782929207974,0.7692130153493854,0.6516480454234868,0.9004372412065734,1.0714421377620622,0.9769079335370007,1.5429588091034714,1.003537818113842,2.040042242670081,0.9854224347221113,2.539038014530112,0.9278475058658255,3.018887073792421,0.8362791441448,3.4612190791523454,0.7163382561920814,3.8504368146961694,0.5737611976987331,4.17378427446488,0.4143491340583012,4.421392143676189,0.24390872647684542,4.5862956815194185,0.06818675731723434,4.664421324756326,-0.10719881458728106,4.654539611393994,-0.27682907654011096,4.558183221872264,-0.43555361607394705,4.37953002135655,-0.5785574343359288,4.125251942288107,-0.7014238373759908,3.80433136023283,-0.8001921225848329,3.4278472822698314,-0.8714091763324149,3.008734183685515,-0.9121743901431649,2.5615166974153056,-0.9201775786362082,2.1020235872292887,-0.8937298353272536,1.6470845297179948,-0.8317874855179358,1.2142132049432812,-0.7339694837267174,0.8212800674127833,-0.6005687532695629,0.4861779561466168,-0.43255807665596085,0.22648342441423244,-0.2315912184561741,0.05911634559886827,-0.0,0.0,0.25921194820611226,0.0637234848720006,0.5423780501441859,0.26320793099374834,0.845179598369213,0.6093776653428221,1.162657908864702,1.1108371400840635,1.4892272734475687,1.7735541595301936,1.8186882387986707,2.6005496830374084,2.1442408154829393,3.591594264897527,2.4584972934364067,4.742911012353829,2.753494409890431,6.046884798672308,3.020704679804522,7.491777357463743,3.2510467564204992,9.061447804163581,3.434894739881143,10.735078077273563,3.5620863947498465,12.486902761973896,3.621930272831972,14.285942748323489,3.6032117662923335,16.09574218189502,3.494198138220984,17.874108182983594,3.282642594168483,19.57285283842268,2.955787469459851,21.137537004820377,2.500366614029054,22.507215501333242,1.9026070598066642,23.614183311925547,1.148230056017967,24.383722459769928,0.22245155573137762,24.733849258704602,-0.8900177668013151,24.57506168744645,-2.204972893557291,23.810086670802505,-3.7387151664006866,22.333627087891266,-5.508053254933712,20.032108360039437,-7.53030433315535,16.78342450038286,-9.823295416186896,12.456683533226919,-12.405364814765207,6.91195221396983,-15.295363671307749,-0.0
108,3,-0.9465840413263888,2.494270455465278,-0.9175303296274765,2.4234355589572325,5.004501103641998,4.871207366023237,7.107059073453957,9.979233108560436,-0.0,0.0,0.3528448015486944,0.09175689878262258,0.6241153333497809,0.3392484742538487,0.8209104744151684,0.703459527393101,0.9503564049394054,1.1489343157434997,1.0195389831209656,1.6437725546501338,1.0354532874185454,2.1595959622730634,1.004968210919881,2.6714934483362787,0.9348031242469867,3.157951753872416,0.8315131771305353,3.6007767291700032,0.7014797321320398,3.985008688997595,0.5509026483267376,4.298833575977503,0.3857915848314128,4.533490126947186,0.2119541012968436,4.683171968906313,0.034979025753215404,4.744922630816442,-0.1397857242642908,4.718520871910583,-0.30726099995020073,4.606353492968648,-0.46266949086187953,4.413272885037917,-0.6015730531378917,4.146436930649976,-0.7199129960178939,3.8151294418527546,-0.8140518242429173,3.4305600260988185,-0.8808148722791991,3.0056430432526726,-0.9175303296274765,2.5547560879456577,-0.9220663213969141,2.0934791443211638,-0.8928639469734422,1.638316170923995,-0.8289654628599147,1.206401352522927,-0.7300370960072395,0.8151925877313719,-0.5963862672481478,0.482154964082621,-0.42897327184921086,0.2244370141590952,-0.2294176923579844,0.05854246398787266,-0.0,0.0,0.25634106801614964,0.06303331786290567,0.536014685615515,0.26023340027406594,0.8347869619717472,0.6022346247926945,1.1477921057485783,1.0973959477641748,1.469545054118494,1.7514880637055679,1.7939549460702113,2.567387114745536,2.1143388903876685,3.5447752316628645,2.4234355589572325,4.679847933061296,2.713418220100089,5.965028195503192,2.9759069098781143,7.388686835699147,3.2019795183127386,8.9348687148087,3.382181639728571,10.583024181763966,3.5065351004195726,12.307745113497909,3.5645451317176393,14.07850488066623,3.545206202102391,15.859401563268017,3.437006558464559,17.608903756877,3.227931554588015,19.2795983425795,2.905465865128966,20.817939638105425,2.4565946967522883,22.163999400388043,1.8678041155961047,23.251217207720433,1.1250806128375817,24.006150810097406,0.21391002874764609,24.348226097019722,-0.880724048894347,24.189486391215578,-2.1743423030297233,23.43434083303483,-3.682972021747724,21.979311672688297,-5.423149658103424,19.71278033535248,-7.411923534748827,16.51473216702159,-9.66685662321258,12.25649980667436,-12.206029337932709,6.800505162826699,-15.048042295017382,-0.0
109,3,-0.887527032048611,2.3778528471666665,-0.8840724301421167,2.3689329789584472,5.005083287119001,4.860745022910275,6.663652428809329,9.513462266185522,-0.0,0.0,0.3515765256639603,0.09156848249918682,0.619056994628461,0.3375608307761261,0.8105685071542382,0.6979647005982947,0.9341110897589329,1.1368022147876198,0.9975006736797102,1.6220515616831193,1.0083258149083725,2.125543591929837,0.9739163804505685,2.6228398406535733,0.9013224442076782,3.0930975177922617,0.7973016514955309,3.518926136247718,0.6683132852901406,3.8862395724802052,0.5205172035463207,4.184106455834519,0.3597757478888729,4.404600849613358,0.19165669471682065,4.542654227133929,0.021435372915571023,4.595908790638964,-0.14590576310282594,4.564571279168661,-0.30568153134157394,4.45126562217902,-0.4535134240840047,4.260882176872531,-0.5853445750981858,4.0004208861815735,-0.6974603465807175,3.6788255398981358,-0.786514095601145,3.306806419415533,-0.8495572433805888,2.8966489390656966,-0.8840724301421167,2.462006425141102,-0.88800831861647,2.0176758426079324,-0.859814521115569,1.5793560255208647,-0.7984751645381499,1.1633887248936459,-0.7035397585381188,0.7864834970520822,-0.5751502691690592,0.46542806659590286,-0.41406359342854004,0.21678627533953432,-0.22166894806437493,0.056586051810657886,-0.0,0.0,0.2482581480167265,0.0610212192452759,0.5197667617815978,0.2521368478928246,0.8105355296056581,0.5840015971472448,1.115928199184398,1.0651132372638048,1.430671062034377,1.7014916454228095,1.7488635333167102,2.4963626507546763,2.0639901011530584,3.449847540871219,2.3689329789584472,4.558658745000562,2.655984876657974,5.815801895422205,2.916861402391338,7.210284200391861,3.1427127071767127,8.726828842702703,3.32413408432393,10.345594949276563,3.4511753281534694,12.041902556620641,3.5133487393931384,13.785961920433431,3.4996357355091035,15.542606479572191,3.398492082380033,17.271028778795284,3.1978518092531627,18.924518674793063,2.885129902599447,20.45020318988173,2.4472238975131355,21.78878743171484,1.8705144991224274,22.874296060497162,1.1408653726266307,23.63381485324351,0.2436222405659905,23.98723198415697,-0.8363885788198264,23.84697870848615,-2.114862066507273,23.117769202214483,-3.6080167158257956,21.696339370185118,-5.332596960789431,19.47118448982831,-7.3058757293120244,16.322295606007064,-9.545657043809227,12.120894634443276,-12.070278604155599,6.7291681667962635,-14.898614299757574,-0.0
110,3,-0.8580984270416666,2.3767471280069445,-0.9093567352052045,2.3822078447373918,5.003129744673623,4.866480640508468,6.442699164120199,9.50903843587342,-0.0,0.0,0.35204610980712103,0.09152032739826965,0.623185539483398,0.3385607820527988,0.8201177942588668,0.7023374189908257,0.9496484676298097,1.147444656334134,1.0186418375441144,1.6418962505063461,1.033977941759742,2.1571437512597718,1.0025127530128357,2.6680743212828526,0.9310403842342998,3.1529891877943217,0.8262566232903441,3.593563550864192,0.6947234262396771,3.9747885084704446,0.5428342325295293,4.2848954359404,0.3767800910051851,4.515263224871418,0.20251661906828602,4.6603087926287285,0.02573179279245167,4.717361280166404,-0.148185478820136,4.686520343764543,-0.3141760751112757,4.570498913641819,-0.4675407611318717,4.374450750768938,-0.6039697036732151,4.105783100825449,-0.7195713764340339,3.773954739783526,-0.8109007315279544,3.3902597431400814,-0.8749864170124592,2.9675973967851275,-0.9093567352052045,2.5202287997271413,-0.9120639779880445,2.06352087747711,-0.8817067518120112,1.613678714233084,-0.8174499197575794,1.1874673035689407,-0.7190418385127795,0.8019239924133413,-0.5868286480332142,0.47406303524599375,-0.4217654717459539,0.22057377216076446,-0.22542449510432158,0.057513988221245795,-0.0,0.0,0.25168946675244996,0.061894950730764446,0.5262015276206045,0.2554966843773932,0.819472683002651,0.5912264201598091,1.126822923060962,1.0773192732722812,1.4429618503655548,1.7195174757344376,1.7619959199929196,2.5207669540978364,2.0774364199613813,3.480917727466865,2.3822078447373918,4.596428407708818,2.6686563541817763,5.860074919675854,2.9285580559970397,7.2606634166902015,3.153126898128959,8.78274724762342,3.3330220058362356,10.406347737249028,3.458354344040033,12.106678470515913,3.518692627479398,13.853872722366452,3.5030684380759554,15.612713645430597,3.399980540195764,17.342366815688784,3.1973984100402335,18.996114738164266,2.8827650153697086,20.52109292803976,2.442998896557592,21.858027204598784,1.8644956101330292,22.94097186361177,1.1331286021200084,23.69704842605667,0.23424958127272935,24.046184695542514,-0.847311537618838,23.900853891972872,-2.127247052223057,23.165813663638616,-3.6217721884502874,21.737844813145045,-5.347626053739084,19.50548960368941,-7.322072773482096,16.34878954076424,-9.56290276202361,12.139022550104245,-12.088434085561104,6.738439495502771,-14.917513880085085,-0.0
111,3,-0.8494213028421296,2.307997223921142,-0.885864087304642,2.3719919107672296,5.002901796260968,4.867311431587551,6.377550343115997,9.233979523332431,-0.0,0.0,0.3401763800448348,0.08847176492540391,0.6015807619188107,0.32704755748949005,0.7912017442785994,0.6780888562064507,0.9159889600732736,1.1074441815152285,0.9828026933614005,1.5844162616678623,0.9983801638981712,2.0817083014957847,0.9693150276591609,2.575356854294477,0.9020462139592867,3.0446569419089555,0.8028522660092702,3.472083123004351,0.6778477358791509,3.8432083777387573,0.5329787753218934,4.146621094055013,0.37401575113651203,4.373839181222036,0.20654141654639327,4.51921942696514,0.03593383407856786,4.579859648709864,-0.1326561626394029,4.5554909386717215,-0.2943326796934682,4.448357325537516,-0.4444869572893643,4.26308042415974,-0.5788330624961394,4.006507067620088,-0.6934459026518076,3.687538461014407,-0.7848002887470495,3.316940012399803,-0.8498097761769596,2.9071316357384958,-0.885864087304642,2.471958940707819,-0.8908640610258427,2.026446289139871,-0.8632532615407866,1.5865331800547287,-0.8020455936333811,1.1687958061687693,-0.7068484973852693,0.7901558947972147,-0.5778815157863364,0.4675791039699505,-0.41599023137597285,0.21776529621416324,-0.2226557434856844,0.056832969247757915,-0.0,0.0,0.2492125957419014,0.061262673242375165,0.5215768109359328,0.25307473652935025,0.8130509117454332,0.5860279662501356,1.1189631540674612,1.0685354608508568,1.434019910731298,1.7065186098992982,1.7523149419912034,2.503098432242118,2.0673393622743452,3.4582917410088934,2.3719919107672296,4.568712383090929,2.658589192375749,5.8272776191499815,2.918875615405649,7.222919558459033,3.1440328102641817,8.740301440663478,3.324688367582653,10.359538462419428,3.4509237830569073,12.055922778527206,3.5122815392088778,13.799652261812694,3.4977712908547858,15.555562580521817,3.395875151347286,17.28286214321481,3.194552100926046,18.934869465989543,2.881241557230746,20.45875253242966,2.4428661617818066,21.795269740332458,1.8658338456528671,22.87851205869562,1.1360392432948525,23.635646051627806,0.23886452615584142,23.986657461113722,-0.8408202720343804,23.844095076533403,-2.1186573681438055,23.11281465441505,-3.6108017136542845,21.689722686251738,-5.333921786965389,19.463519844716785,-7.305200636002925,16.31444396884265,-9.542337118414345,12.114012476414924,-12.063547292066731,6.724764116836449,-14.887565913982376,-0.0
112,3,-0.8636571885222222,2.307152019387037,-0.8912374573504483,2.3013286546781697,5.002218851069959,4.864383124850855,6.484434968330663,9.23059797621441,-0.0,0.0,0.3384732636523141,0.087826540697569,0.6023621763376668,0.32604115132782063,0.7966592549640099,0.6785884613970469,0.9266451143075958,1.1119801581849735,0.9979053472940255,1.5954443090747679,1.0163217702475773,2.101076729488837,0.9880389914905586,2.6039817129780434,0.9194095087304387,3.0823905057422754,0.8169221267662375,3.5177479367903857,0.6871193476384176,3.894760256092459,0.5365095519234301,4.201400127976927,0.3714793672871448,4.428867552375373,0.1982107598435842,4.571507984180151,0.022606255790123125,4.626690914307652,-0.14977552870457403,4.594653573429767,-0.3137730587291809,4.478315207161446,-0.464663798081828,4.283067599787079,-0.5981957319085632,4.016547287404099,-0.7106099137484517,3.6883943210583934,-0.7986557647066171,3.3100016436329285,-0.8596009368311689,2.8942582507935994,-0.8912374573504483,2.4552884176833043,-0.8918856475256877,2.008188466259089,-0.8603970120692239,1.5687618736602449,-0.7961569694509582,1.153253005136812,-0.6990879778679011,0.7780793998623121,-0.5696533332358312,0.4595623321356805,-0.4088616904950691,0.21365529099189987,-0.21827219442272328,0.05567003939717146,-0.0,0.0,0.2432780911923196,0.05984083978652589,0.5083181626616413,0.24690826696626425,0.7913041453626347,0.5711531911978226,1.0878434304184823,1.0404745195131553,1.3929632972142916,1.660429956786591,1.7011082632862915,2.4339452474771526,2.006138405887817,3.361022334265232,2.3013286546781697,4.43844692122045,2.57936901304504,5.659495917992058,2.832365633159293,7.0136452117623485,3.051842646962121,8.486278170142754,3.228744641173152,10.058395225420025,3.3534396579223213,11.706324832692758,3.4157226023756646,13.40143603495105,3.404818943331556,15.109852809815514,3.3093886008718028,16.79217031754783,3.1175299255715543,18.40317311951776,2.8167836855000763,19.89155539145961,2.39413698947347,21.199643117017626,1.8360270871329971,22.263118214353995,1.1283449979713063,23.01074452179787,0.25643893211304747,23.364095547286517,-0.7948825247047168,23.237283870208838,-2.0413474809998946,22.536692072658806,-3.4992180759484124,21.1607050694698,-5.1852880877634595,18.999443702163973,-7.116880814287575,15.93449946057331,-9.31184722178378,11.83867019687058,-11.788564354515614,6.575696699638436,-14.565933995059948,-0.0
113,3,-0.8717778723324009,2.3425786287141417,-0.882463273485256,2.317895034246079,5.004114610779997,4.863198920837496,6.545405972526878,9.372334968667031,-0.0,0.0,0.3454465928489265,0.0898018792518892,0.6114333252133732,0.3322018092552413,0.8043292187218372,0.6890522379824114,0.9307119933800387,1.1254446663986668,0.9973107466253496,1.6097997107393733,1.0109475323205837,2.1139282312712147,0.9784780760775857,2.613063012856242,0.9067324126708372,3.0858607407522953,0.8024566520254601,3.514374520948361,0.6722572792536604,3.883997857621141,0.5225493441324114,4.183381700650059,0.3595096260120829,4.404326794398732,0.18903543994134653,4.541654001462135,0.016709264530552145,4.593055487546483,-0.15223109486780573,4.558929624853944,-0.3129174760685613,4.442202228018575,-0.4608723864970494,4.248136332866703,-0.5920271221212084,3.984132232490432,-0.7027379926130686,3.659518967503614,-0.7898015346481569,3.2853379895533625,-0.8504693889057348,2.8741193254821282,-0.882463273485256,2.439650291716714,-0.8839902421992177,1.99673665375864,-0.8537581987015355,1.5609560873817876,-0.7909914658113009,1.1484038577494058,-0.6954460934760651,0.7754307643687643,-0.5674245299764968,0.4583735751023871,-0.40778927401592124,0.21327836388055102,-0.2179751606741307,0.05561735062917296,-0.0,0.0,0.2435266289513051,0.0598792556093127,0.5093965347698693,0.24725386240567965,0.7937980383565327,0.5723677603951681,1.0923130032875945,1.0434075212114717,1.399915643577709,1.6661987507326497,1.710972930474725,2.4439023035947005,2.0192463862033234,3.3767110571698478,2.317895034246079,4.461547881346529,2.5994792709195873,5.69176532352,2.8559654292554177,7.05684741173634,3.078730820930545,8.542113867821888,3.2585690626750727,10.128426920175611,3.3856955179200865,11.791900815090894,3.4497527104772523,13.50361404732733,3.439815593187355,15.22932426560784,3.3443965795432646,16.92918575651744,3.1514502694426314,18.55746937016304,2.8483778209249975,20.06228472181591,2.422030937719798,21.385304484295375,1.8587154575992808,22.461490574673558,1.1441945389666905,23.218822034597906,0.2636914529919984,23.578024404815693,-0.7981080038219459,23.452300400124106,-2.057053456222253,22.747061699873992,-3.5295282317217174,21.359661680381134,-5.23244795049262,19.179128928346728,-7.18325939593302,16.085901387997712,-9.399939637992382,11.951561008597073,-11.900995381862856,6.6385687728271785,-14.705462515701665,-0.0
114,3,-0.863449207201389,2.3233846442569446,-0.8641517690529174,2.309460291338674,5.001569136933069,4.8718641500643285,6.482873421263733,9.295542476192624,-0.0,0.0,0.3294481242198736,0.08555167079136379,0.5850072122644961,0.31713197955700984,0.7721483642153818,0.6591546669220174,0.8965624514043579,1.0788247334639751,0.9641370832048575,1.5462429580694759,0.9809239159509231,2.034496500482731,0.9530965891054932,2.5197307770043387,0.8869007386059182,2.9811982427451205,0.7885983745261533,3.4012806642028726,0.6644093362963128,3.7654827336986596,0.5204525564186361,4.062396254240952,0.36268954192158487,4.283635420510549,0.19687192977544235,4.423744795160728,0.02849430805963943,4.48008234384223,-0.13724717155257146,4.452680319781984,-0.29549044754486775,4.344086900919662,-0.44173797241515383,4.159191335853448,-0.5718826973184709,3.9050350244597363,-0.68223053887796,3.590610524881188,-0.7695202463363932,3.226650013744118,-0.8309414831578034,2.825404289955572,-0.8641517690529174,2.400413045498672,-0.8672927311011679,1.9662668524313476,-0.8390059154723795,1.5383611407693747,-0.7784482359459193,1.1326423612663796,-0.6853069956961962,0.7653465256030954,-0.5598143209889976,0.4527303745116519,-0.40276078977676655,0.2107955206500698,-0.21550802052451407,0.05500602741602595,-0.0,0.0,0.24122703501166137,0.05929586732879432,0.5050362963939857,0.2449941138290502,0.7876838004934481,0.5674752728436429,1.08481339952035,1.0350950172481905,1.3914534530453828,1.653877178307484,1.7020150575282256,2.4272054940587786,2.0102917145714714,3.3555148377562793,2.309460291338674,4.4359826100268505,2.592083109081404,5.662220900340351,2.850110987121554,7.023969938874223,3.0748870686730507,8.506793272995777,3.2571512601138206,10.091775016857508,3.3870451252560088,11.755219440724368,3.4541170894130215,13.468353090627726,3.4473278233837883,15.197029560107506,3.3550556938178175,16.901436974926817,3.1651021829448456,18.53580819901255,2.864697196705471,20.04813372541095,2.4405041954413216,21.379877179392203,1.8786250951890453,22.465693331444882,1.1646049000960748,23.23314849510244,0.28343603746434,23.60244316761271,-0.7804376235646532,23.486136759651583,-2.043117080583832,22.788874252868247,-3.5212448378923145,21.407114620341826,-5.2320018764468905,19.228860844397047,-7.193104947894381,16.1333913680979,-9.422804183249083,11.990992820608055,-11.939881004059414,6.662693862036932,-14.763646321884277,-0.0
115,3,-0.8487293641736111,2.3394219941666665,-0.8623388354652812,2.3094631511039787,5.002816322199216,4.8571411813419925,6.37235519004171,9.35970570790713,-0.0,0.0,0.3350481376996979,0.08714279394493123,0.5923157966839414,0.3220841417874347,0.7785712007325218,0.6676230319415326,0.9006173249470859,1.0899539275616867,0.9652350134750874,1.5586693239714122,0.9791391811018479,2.046737245204447,0.9489452092904151,2.5304595179928415,0.8811424803953397,2.9894151524215995,0.78207228182283,3.4063916872981683,0.6579078648514315,3.7673061052929513,0.5146350840393968,4.061115975073122,0.35803263915134914,4.2797208435603675,0.1936514141626265,4.4178535366065335,0.02679273132315707,4.4729608606869675,-0.13751447380932386,4.445073159179675,-0.2945374616586587,4.3366622051842665,-0.4398643548672544,4.1524869698353335,-0.5694295199878171,3.8994268724190544,-0.6795395022187831,3.5863021939547393,-0.766899311795879,3.22368142604014,-0.8286388045845511,2.8236754409044837,-0.8623388354652812,2.3997185132573606,-0.8660568041203532,1.9663364004540835,-0.8383511712639571,1.5389018890351875,-0.7783045083908043,1.1333784316584168,-0.6855446602183726,0.7660527142000996,-0.560263645737979,0.4532571927391511,-0.40323399661509435,0.21108380992211645,-0.2158223232107303,0.05509022855692938,-0.0,0.0,0.24164903510032593,0.05939811320898683,0.5059232767197371,0.24542334860244513,0.7890012687663781,0.5684587939125808,1.086441599993955,1.0368217743553085,1.3931849875994495,1.6564543154779998,1.7035581278192626,2.430615103324099,2.0112789797415926,3.3595737421612606,2.3094631511039787,4.440307943183375,2.5906310699321446,5.666204115292655,2.846715650501535,7.026761676817643,3.0690701933158797,8.507301268851226,3.2484762938963603,10.088676929404421,3.37515157183419,11.746992184111166,3.438757067888682,13.453319924075165,3.4284041914701,15.173425874078358,3.3326611326119,16.86749540361405,3.1395586808651186,18.489863397494197,2.8365954181076307,19.98874688029716,2.41074227297212,21.305980077755805,1.8484464415668862,22.376751596431742,1.1356346926346603,23.129343408866067,0.25771608559275994,23.48487134316854,-0.8004158626024548,23.357026792212352,-2.0543815207331253,22.651819376937915,-3.5203139526385736,21.267320319629487,-5.214858147067835,19.09340630549214,-7.155170622480373,16.011503633679183,-9.358919362163807,11.89433248151123,-11.844284036767766,6.605651127539115,-14.629956473641036,-0.0
116,3,-0.840465200451389,2.3099278907152776,-0.8545282802906429,2.3001619832804465,5.001148461723777,4.873806939097617,6.3103069225849415,9.24170385569239,-0.0,0.0,0.32434089712753916,0.0842808992755433,0.5750394700741345,0.3120672098921391,0.7581972705954332,0.6480636691031981,0.8798997118112682,1.060022031294701,0.946212668963895,1.5187319083116122,0.9631824140918406,1.998010943832392,0.9368344540869579,2.4746948472312518,0.8731678546070532,2.9286258350605365,0.7781428925117905,3.3426366291651,0.6576611642310124,3.7025264060600556,0.5175384092029875,3.997024948147023,0.3634711690527544,4.217741605146891,0.2009989406475169,4.359096382665054,0.03546369724180022,4.418231370596091,-0.1280314073696979,4.394901656451184,-0.28466259838142643,4.291345717457105,-0.4299241301453185,4.112135970066361,-0.5596642728351248,3.864010637412906,-0.670118273063297,3.555688372160858,-0.7579382443897191,3.197667170133829,-0.8202201650319818,2.802009072530818,-0.8545282802906429,2.382112031755156,-0.8589172377835308,1.9524701561419149,-0.831952246112744,1.5284233918818155,-0.7727274680084774,1.1258975738178378,-0.6808827627402588,0.7611356951238035,-0.5566188010274981,0.4504212119331698,-0.40071050407098674,0.20979420633242632,-0.2145187151743142,0.0547612673876006,-0.0,0.0,0.24028551289778444,0.05905912052603998,0.5031683020652191,0.2440551336461579,0.784865632712826,0.5653665978515647,1.0809796869712942,1.0313269720570526,1.386497529057759,1.6479169920081267,1.6957927393868077,2.4184574543390713,2.0026285120672433,3.343303192759925,2.3001619832804465,4.419538920786978,2.5809495441944916,5.640677495181575,2.836952890524484,6.9963610302204815,3.059545569923947,8.472065170845523,3.23951980590304,10.048806717407603,3.367093400554338,11.702854689760528,3.4319165457304646,13.405444826328855,3.423078401403806,15.122497435834578,3.32911332903048,16.814338456036065,3.1380066955043144,18.43542352476256,2.837200188766621,19.934064832800996,2.4135966087252982,21.25216050450052,1.8535641165188246,22.324926238769287,1.1429399412612553,23.080628938816833,0.2670335563253992,23.440322061921766,-0.7893706528093406,23.317582429143165,-2.0420111997959807,22.61824824784032,-3.507147753376596,21.2401581158841,-5.201559800611871,19.07289079446974,-7.142545678461822,15.997505555592602,-9.347921934595538,11.886282929806184,-11.836022979094253,6.602465699281401,-14.625700990233867,-0.0
117,3,-0.8852297055138889,2.339183054041667,-0.9023759053226481,2.3354826383948852,4.998570989817985,4.863359812247938,6.646403843707044,9.35874974132334,-0.0,0.0,0.3143631291445998,0.08127320677337163,0.5656559642631758,0.3038505448176613,0.7566192312798187,0.6368726107572247,0.8902841817680521,1.0509178132779213,0.9700816154023959,1.518176216726943,0.9999156910311883,2.0126693553688946,0.9841981907955304,2.5104971656798214,0.9278427163036462,2.9900919803899972,0.8362216749880644,3.432460137419001,0.7150915699345967,3.821393884128899,0.570493882127121,4.143639496027943,0.40863970153155454,4.389011427343942,0.23578629882050087,4.550446429930659,0.058113182228974575,4.623995535729216,-0.11839595705100342,4.608755301398492,-0.28806044461341956,4.506742564499733,-0.44559555171172344,4.322719057476079,-0.5861892486073514,4.063973551529946,-0.7055622361140463,3.7400698070117717,-0.8000118397813715,3.362568586846237,-0.8664412155589254,2.9447314697215514,-0.9023759053226481,2.501213316665291,-0.9059701100607059,2.047749132795813,-0.876005148975606,1.6008398482908872,-0.8118824856378756,1.1774403233956225,-0.7136134738535689,0.794651743936418,-0.5818076527444134,0.469419575264962,-0.41766104629685213,0.2182374200815439,-0.22294553531202538,0.056856494944743124,-0.0,0.0,0.24827639796335602,0.06108139173465155,0.5184286997479834,0.2519254553023876,0.8064485187309615,0.5824910817203641,1.1077745639827077,1.0605947547262446,1.417291679181176,1.691633911960292,1.729328800027195,2.4783095381425575,2.037656234201997,3.4203475511795562,2.3354826383948852,4.514218737833529,2.6154520169041766,5.752857171004142,2.869641004677289,7.125377187831945,3.0895566318038226,8.616789122846331,3.266134702125933,10.207714072640956,3.3897388598365628,11.874098019897932,3.450160367243078,13.586925668471713,3.436618575554229,15.311934342099146,3.337762038876352,17.009328281916574,3.1416701991254135,18.633493647071166,2.8358555553407134,20.13271448269179,2.407266223716103,21.448889874168128,1.8422887932312346,22.517252459275305,1.126751384767496,23.266088422713874,0.2459268278251158,23.61645905302447,-0.8154641226408265,23.48192390092427,-2.07324959707063,22.768265541753767,-3.5438035074085183,21.3732159133678,-5.2440425758094555,19.186184174586142,-7.19142353346235,16.08798600812858,-9.40394051791844,11.950574275515784,-11.900122689055069,6.636770919326328,-14.699032076510838,-0.0
118,3,-0.88427121843007,2.251576977167832,-0.8773794297059843,2.278199466739428,5.000957709873776,4.872165134942866,6.639207415256488,9.008249874344246,-0.0,0.0,0.3285705543410488,0.08527494597555374,0.5845890985554233,0.31647827005424145,0.7733415166398286,0.6586525318532316,0.9002016243831021,1.079503727077416,0.9706633445592343,1.5494536284396523,0.9903621498704629,2.041705752126916,0.965081500460242,2.5323184282469064,0.9007421460921738,3.00027685030486,0.8033742282887671,3.4275554388293434,0.6790738722208876,3.7991622772190086,0.5339472552177439,4.103158567997365,0.37404591779848756,4.330647767658705,0.20529735777978445,4.4757310298207775,0.03343478739690521,4.53542758268823,-0.13607055933064804,4.5095604950573955,-0.2980718895537655,4.400609808268694,-0.4478022142468288,4.213536151022724,-0.5809215506887861,3.9555786848913175,-0.6935556406968253,3.636031569944147,-0.7823264695016496,3.2660031436730415,-0.8443753248018594,2.8581617435843354,-0.8773794297059843,2.4264716539439655,-0.879563327614635,1.9859220983731591,-0.8497062139670956,1.5522516020090649,-0.7871463282063832,1.1416694664225107,-0.6917833705422151,0.770575578845537,-0.5640797219633986,0.45527934052432806,-0.4050610483622651,0.21171815917767622,-0.21631668098243073,0.055175707990065014,-0.0,0.0,0.24117108569762846,0.059321248197749955,0.503913568328002,0.24476946129123828,0.7843787512521605,0.5661917455604502,1.0781517444421584,1.0313693283342886,1.3802511604100585,1.6457343745874642,1.685129116925576,2.4120867241358974,1.986671631760339,3.330310725195082,2.278199466739428,4.397092375878633,2.5524694481111156,5.605637006302909,2.8016762611232013,6.945387740083146,3.0174546910941924,8.401744966367898,3.190882262592114,9.955787034310731,3.3124822131801808,11.583992353662481,3.372226728538637,13.257963050761942,3.3595403611779315,14.944150291261563,3.263303554706855,16.60358134180583,3.071856198867638,18.19158840454585,2.7730011464297224,19.65753922235811,2.354007630722327,20.944569420043628,1.8016145313532077,21.989316518334636,1.1020334448932807,22.721655533609386,0.2409515265142676,23.064436056916836,-0.7964659226202594,22.933220691132934,-2.025573139252122,22.236024714540658,-3.462241862920009,20.873056832476486,-5.122859585127705,18.736460875477174,-7.024328080590111,15.710058302129623,-9.1840622138026,11.669091367102327,-11.619989010501762,6.4799668191689825,-14.350546980716993,-0.0
119,3,-0.8624605697569444,2.310872389239583,-0.8870477467660778,2.289544846768941,5.001407891469636,4.865662750546157,6.475450620526409,9.24548266441142,-0.0,0.0,0.3367660608963586,0.08746352390493575,0.5979149342001377,0.3241628479343619,0.7893088898998618,0.6737522681419128,0.9168772617080518,1.1028337294720882,0.986623058782204,1.580991996702398,1.004627133056535,2.080832744947867,0.9770451928235874,2.5780211105672857,0.9100945496975794,3.0513162756752337,0.8100292251751273,3.482596537752788,0.6831036640551019,3.8568690436923423,0.5355266160922887,4.162258835403358,0.3734076486552758,4.389972878458138,0.20269921483140524,4.534236110030382,0.029137260036586274,4.592198034632319,-0.14181691448532852,4.563809832960906,-0.3050312993700382,4.451673193762608,-0.4557527080591762,4.260863046425059,-0.5896501912716248,3.998727028242598,-0.70285191526634,3.6746648719399997,-0.7919755669507785,3.299890983474097,-0.8541527095806108,2.8871833531105673,-0.8870477467660778,2.4506216672560437,-0.8888722705307606,2.005317125705048,-0.8583955918754607,1.567136071948406,-0.794952204915723,1.1524191544327513,-0.6984468437425922,0.77769738275555,-0.5693576775038807,0.45940614113171063,-0.4087380720381418,0.2135979781744044,-0.2182172386423625,0.05565480539601942,-0.0,0.0,0.24313416669635246,0.05981081089698226,0.5078326988485653,0.24673140004618524,0.7901720504346241,0.5705868044320358,1.0856602641129782,1.039098068986791,1.3892399566787466,1.657598771246772,1.6952916603448902,2.428753130161863,1.9976374581475234,3.3522758617535424,2.289544846768941,4.424653912206052,2.563730756041726,5.638870164546165,2.812365652429039,6.984129179106523,3.027077654354347,8.445584991650078,3.198956590404413,10.00407095765432,3.318557936863239,11.635831598038225,3.3759065782768394,13.31225637159013,3.3605003432417733,14.999615273287798,3.2613132767941466,16.658796136076674,3.06679862013894,18.245043496703712,2.764891477572244,19.70769887387038,2.343011158976024,20.989942299056633,1.7880631939679865,22.02853493652121,1.0864410205185346,22.753562628750053,0.2240273565306079,23.088180206495363,-0.8138047324928416,22.948356407996947,-2.042191052956499,22.242619259483675,-3.476775770449175,20.87180177812617,-5.133711143562871,18.72878786880364,-7.029657481950291,15.698258296958395,-9.181783305870956,11.656436631099677,-11.607765684553435,6.470835059893177,-14.325790731200176,-0.0
120,3,-0.8727019408680555,2.261330068125,-0.8699372341659652,2.3067101973990405,4.999420266494651,4.868874755339356,6.552343982660258,9.047270650129532,-0.0,0.0,0.3204107390995333,0.0831132707511014,0.5709837353319677,0.30877080282690406,0.7565976232367603,0.6432698714774701,0.8822404060884329,1.055372395947786,0.9530502279902319,1.5163704742671238,0.9743386429615423,2.0001680585980495,0.9515944411899889,2.483369436998598,0.8904682856708253,2.9453647796646836,0.7967401788146252,3.3684035970535797,0.6762729940977448,3.7376482951846537,0.5349559441070468,4.0412018136071755,0.37864196495540103,4.270105314428812,0.21308268540188832,4.418303817668288,0.04386405319363896,4.4825793722826175,-0.12365504943180008,4.462452706620604,-0.2843996318415776,4.360055276074965,-0.43362998521258106,4.179974232948152,-0.5669873218899286,3.929073135517778,-0.6805337573877308,3.6162912621080445,-0.7707869854348554,3.25242427902522,-0.8347501234036279,2.8498887994798157,-0.8699372341659652,2.4224731213996464,-0.8743949951788645,1.9850761858511878,-0.8467209175572253,1.5534365786007385,-0.786078441669931,1.1438532150931726,-0.6922091681701833,0.7728992033682536,-0.5654424335395858,0.4571302632804499,-0.40670241009021685,0.21278898398815493,-0.217512900300015,0.05550611494132977,-0.0,0.0,0.24310718121781386,0.059775173860086704,0.508477536408293,0.24682104143090633,0.792180491837472,0.5713114535340752,1.08968981666987,1.041305877636568,1.3958884707939163,1.662452743031542,1.705074251153834,2.4376954194177745,2.0109660055026843,3.3669811698625214,2.3067101973990405,4.446973307076041,2.5848876262599485,5.670766678653258,2.8375201298686177,7.027606514622786,3.0560771224116503,8.502610590704984,3.2314818475001634,10.076494593810109,3.354117251527269,11.725300522550965,3.413831407191485,13.420127914415342,3.399942439386782,15.126867661849815,3.3012429254806666,16.8059381606747,3.1060037590390395,18.412023524638304,2.8019774802532473,19.893813598114715,2.376401087760167,21.1937455035479,1.8159983553991323,22.247746469906595,1.1069816839651152,22.98497770190673,0.2350535224788582,23.32757906598259,-0.814592603800659,23.190414386991737,-2.0572714201521918,22.480817168616785,-3.5088055454243783,21.098336569721425,-5.185525413652263,18.93448348800259,-7.10426943814195,15.872476620752026,-9.282384383960009,11.78698839010285,-11.737725917146586,6.543890636582981,-14.488659301546019,-0.0
121,3,-0.8823074541111111,2.282832690402778,-0.8939467843783351,2.299399988491187,5.00296143355028,4.872633583831153,6.624463252655114,9.13329968506642,-0.0,0.0,0.3480642441617563,0.09049530724302939,0.6159187628905209,0.3346951010135109,0.8102349894248865,0.6941571408487568,0.937783875759774,1.1338019143764346,1.0053886455699574,1.6219502690878387,1.0198840921557522,2.130339145337641,0.9880801915100567,2.634118131576197,0.9167278870016073,3.111828451162271,0.8124853452441765,3.5453650178864766,0.681883605180454,3.9199214989435633,0.5312911789950526,4.223917946612668,0.36687769245573865,4.4489104777369155,0.19457700889456828,4.589482620824599,0.020050454495878403,4.6431182233238575,-0.1513492179667363,4.610056130778758,-0.3146125737390683,4.493127150307273,-0.46510652872484437,4.2975740552093855,-0.59860538615793,4.030855562981152,-0.7113197032680703,3.702435332029907,-0.799922884648606,3.323557090021098,-0.8615754318746219,2.907007048813091,-0.8939467843783351,2.466864793946744,-0.8952346791201737,2.0182438707897767,-0.8641819501242533,1.5770233275772987,-0.8000906938958933,1.15957151444865,-0.7028337486510488,0.7824634698493598,-0.5728634748301505,0.4621932425079379,-0.41121787827209544,0.21488249047630548,-0.2195241798994335,0.05598666263364695,-0.0,0.0,0.24454761536784653,0.06016049497967661,0.5107250490364019,0.24815582005656103,0.7945565361888668,0.5738310895660873,1.0914898245385607,1.0448991564156531,1.3964027350882096,1.6666539779316019,1.7036102977458478,2.441687418983463,2.0068721587023135,3.369609702878727,2.299399988491187,4.446773576649406,2.573864658038175,5.6660021312056,2.8224029918515225,7.016320110858861,3.0366239502129817,8.482688461983594,3.207614133647587,10.045741806961118,3.3259425414264054,11.68152848595962,3.3816645502323848,13.361252783762902,3.364325108695447,15.051018949529139,3.2629611679714112,16.711576621545618,3.0661033879097066,18.298067284184306,2.7617771728762666,19.75977140786008,2.337503101387741,21.039855952523546,1.7802968198922604,22.075121948994685,1.0766684738737071,22.795751908447826,0.212621749544792,23.125056847072525,-0.8263474027074551,22.97922274912155,-2.055252295728796,22.267056326256295,-3.489617221430198,20.889729963596594,-5.145479298378235,18.74052577268072,-7.039390400684657,15.704578698335455,-9.1884191241121,11.65861865009339,-11.610152751631881,6.470711649249993,-14.322699186760458,-0.0
122,3,-0.9018575536805555,2.282241963701389,-0.8973463679736544,2.2970607645553835,5.0030375885068175,4.865810443188969,6.771247591357101,9.130936268764192,-0.0,0.0,0.3527818237678662,0.09175648473583495,0.6235362671641129,0.3391095759741841,0.8192398365600607,0.7027836739234119,0.9469780607341765,1.1470216187359907,1.0138801540765414,1.6396224520906564,1.0270632634908858,2.1519489438681814,0.993585002239472,2.6589093818660596,0.9204024778752852,3.1389173311652976,0.8143359397739227,3.5738321376688997,0.6820353924458428,3.9488820584427495,0.529948908970503,4.25257116739935,0.3642918116762155,4.476570660535084,0.1910162756452317,4.615594868758979,0.015781207283901283,4.667262142593022,-0.15607755529568934,4.631940751852542,-0.3195765656955913,4.512579996789319,-0.470113413820218,4.314526818293046,-0.603494472033276,4.045328301094867,-0.7159615163360615,3.7145205755559987,-0.8042169877350827,3.3334047388085435,-0.8654476473132928,2.9148105362617156,-0.8973463679736544,2.472848670557476,-0.8981318037657938,2.0226527346027208,-0.8665656911484028,1.5801118922524644,-0.8019675698600872,1.1615955455843077,-0.7042267649687699,0.7836713212156912,-0.5738115432163534,0.46281777007680713,-0.411775440246713,0.21513319797774313,-0.2197608434098554,0.05604202402102641,-0.0,0.0,0.24468630375354325,0.06019951960269547,0.5108920870637162,0.24827610773733805,0.7946311940388561,0.5740170159558837,1.0913436168996882,1.0450726692416525,1.3959027474836918,1.66667152197589,1.7026231943015462,2.4413386956958014,2.005268829145883,3.3686185960588184,2.2970607645553835,4.444801547387705,2.570685007757599,5.662654344682794,2.818299584688908,7.011154507706133,3.031540976360762,8.47522793073523,3.2015297567793604,10.035489554568242,3.318875364984245,11.667986642985609,3.373679982274838,13.343944222003477,3.3555415185889896,15.029512234255671,3.2535557389754284,16.685513969815393,3.056317582211559,18.267195355755852,2.7519217391771553,19.72397471688633,2.327962569107094,20.99919265673165,1.771533437930554,22.029861748576348,1.0692255652324005,22.746415769223134,0.2071264656247308,23.07245825130984,-0.8291819328543119,22.92451017221896,-2.05462541568904,22.21175663773815,-3.4846397828325846,20.835792455917282,-5.13517325939763,18.690366530493858,-7.022688959364693,15.661125033514429,-9.164167353221218,11.625353343232002,-11.577108697948258,6.451716756017064,-14.279535394949145,-0.0
123,3,-0.91166385071875,2.2432636576666667,-0.8604770636461646,2.3106883577798167,5.000845061547491,4.8648246450874115,6.844874368589291,8.974989426173401,-0.0,0.0,0.3248544309412076,0.08439672074432393,0.5762981821076573,0.3126192152719075,0.7603087906732475,0.6494560011787832,0.882872585260496,1.0626868475975522,0.9499801656297309,1.5230858743261615,0.9676236009706146,2.0044230052822023,0.9417914319307835,2.4834636115380344,0.8784587705393875,2.9399645154199976,0.7835710815638445,3.356663498175985,0.6630213861145833,3.719259043783144,0.5226215164729495,4.016377156909911,0.36806861268819946,4.2395225617620165,0.2049082973135765,4.383012257480375,0.03849595344727094,4.443890130218153,-0.12604265380622598,4.421821993742338,-0.28385044484082994,4.318970984301872,-0.43037710053455464,4.139853647074167,-0.561415710701118,3.891177327997166,-0.6731377425588603,3.581659653586019,-0.762126182718165,3.2218309783491152,-0.8254067487961152,2.823820739676598,-0.8604770636461646,2.4011287113451205,-0.8653336580750155,1.9683822065125969,-0.8384966368352917,1.5410803561083126,-0.7790318229122062,1.135326676783485,-0.6865701958991277,0.7675512358512371,-0.5613244648616216,0.4542238075871696,-0.40410266287558994,0.21155948420390194,-0.2163187143125446,0.05521824582475169,-0.0,0.0,0.2422079777797558,0.05953656950324665,0.5070396556405474,0.24598203766002885,0.7906099565674182,0.569702756716217,1.0884170360979006,1.0389681924860779,1.395346903887857,1.6596436249264097,1.7056795782310477,2.4348855571945793,2.0130964270113547,3.3648405129144123,2.3106883577798167,4.446347729907232,2.590964539853826,5.67264609463769,2.845861369936236,7.033085509928354,3.0667514271223615,8.512842752651137,3.2444522008420287,10.092641760367284,3.3692344141058586,11.748478187359645,3.4308298025925956,13.45134799128676,3.418438246227186,15.166979751094638,3.3207341829458352,16.855570373552546,3.1258722636694123,18.471523818122847,2.8214922327646144,19.9631924558733,2.394723039371508,21.27262067572709,1.8321862020228732,22.33529035846149,1.1199984622266388,23.079867853541597,0.24377377247623302,23.42795211429587,-0.811375329099536,23.293823671476705,-2.0608369011056156,22.5841941524882,-3.520499279985767,21.19795608230137,-5.2067512014183315,19.025932731325387,-7.136482304797734,15.950627804467173,-9.32708396590244,11.845974793675262,-11.796450405927434,6.577085842971245,-14.562980028658739,-0.0
124,3,-0.880395739423611,2.211846065145833,-0.8614962275077521,2.2589527092876125,5.004425585919524,4.855113108614338,6.610109884520348,8.849291958688195,-0.0,0.0,0.342097070236648,0.08907509809556977,0.6028038859448998,0.3285318014137365,0.7897874927636198,0.6795920885537594,0.9106620714365312,1.1073018583243315,0.9729117761623866,1.5804844027669782,0.9838330978896681,2.071660173794989,0.9504958961280155,2.5569424745629106,0.8797204947817554,3.015917820555379,0.7780670650408712,3.4315180936257232,0.6518329926085344,3.789889565440022,0.5070540052090438,4.0802617120553695,0.34950539173210265,4.294816751741231,0.18470050354223622,4.428559209777467,0.01788471329651183,4.479183653652729,-0.14597603497075667,4.4469380730871935,-0.30221212686740856,4.334480159362032,-0.44647204254818745,4.146723883386821,-0.574747979880941,3.890674178832142,-0.6834041083276385,3.575248102531532,-0.7692061669544766,3.211081478838989,-0.8293511825693257,2.8103206664668257,-0.8614962275077521,2.3863996650345425,-0.8637853258817738,1.9538032727477141,-0.8348738246370293,1.5278174006275325,-0.773949751778312,1.1242679386551524,-0.6807518756431663,0.7592497593368638,-0.5555843484784768,0.4488475438866159,-0.39932796102669404,0.2088501376120524,-0.21344815122050415,0.054460097513226884,-0.0,0.0,0.23836948763551294,0.05861694286297153,0.49842147563316325,0.24198651504426205,0.7763274004515114,0.5600173309370868,1.067672715807248,1.020557042081115,1.3674619172980589,1.6291005559299288,1.6701245047049547,2.3885010150907324,1.9695215671433233,3.298683925890926,2.2589527092876125,4.356364675787693,2.531163073345281,5.5547695472642395,2.7783502493211065,6.883360222638334,2.992170903750468,8.327561679928005,3.163746993187386,9.868493304121792,3.283671462335918,11.482702979865055,3.3420133571396,13.14190388926747,3.3283223099872026,14.812713710559501,3.2316323772742326,16.456395897833215,3.040465228881116,18.028602717207235,2.7428327048353567,19.479119718609034,2.3262387667624047,20.751611333219817,1.7776808810133946,21.78336730287075,1.0836508769406346,22.505049667873667,0.23013532804259115,22.840440062657333,-0.7973844940156619,22.706187093086434,-2.013933041834389,22.011553594570795,-3.435041241121078,20.658163595298436,-5.076747517535341,18.539748833574862,-6.955599055516039,15.541894701884274,-9.088653245987249,11.541785512587532,-11.493479283103584,6.4079490009183795,-14.18815987365361,-0.0
125,3,-0.8822253780868056,2.2725540184722224,-0.8375828053344248,2.2553152918992594,5.002945803869778,4.865010096581827,6.623847016665717,9.09217613207854,-0.0,0.0,0.32788350571796343,0.08538489121855741,0.5777561506610495,0.31488277820500543,0.7573335049288092,0.6514265783273342,0.8740791148096749,1.0617459280326427,0.9351708526663584,1.5162317066026485,0.9474900542454748,1.9887896444923714,0.9176277766318347,2.4566930348224023,0.8519019545369664,2.900441558172608,0.7563794670831101,3.3036301490960787,0.6368979506302622,3.652829025001059,0.49908336990275665,3.9374737001800098,0.34836066565323526,4.149762139185445,0.18995605125061055,4.284555181599881,0.028890609613751138,4.339275935269556,-0.13003431905323154,4.313803881194804,-0.2822588849954093,4.2103598347809905,-0.4234921916317748,4.033378540840418,-0.5497439030902331,3.789366434646777,-0.6573584265821573,3.486742891637463,-0.7430502039467558,3.13566405072602,-0.803938815830889,2.7478289887335197,-0.8375828053344248,2.3362686217789763,-0.8420113434824376,1.915118202319965,-0.8157530717276978,1.4993746658005236,-0.7578616574151602,1.1046403624335934,-0.667937781073427,0.7468548951222909,-0.5461474362706596,0.4420168837006315,-0.3932365618363566,0.20589749956729728,-0.21054214175683464,0.05374757502197056,-0.0,0.0,0.23585041343959368,0.05796898708141022,0.49386390161204446,0.2395476247926306,0.7702896936251189,0.5549049597264046,1.0607735305041286,1.0121836592573987,1.3603612878588789,1.6171991167810964,1.6635037765349956,2.3731406772409405,1.9640623889507718,3.280275487599149,2.2553152918992594,4.335655318808491,2.5299639037003745,5.532826565389521,2.7801394325028417,6.861543507354922,2.9974092914095065,8.307484817376215,3.17278324346549,9.851973213354663,3.296719164318002,11.471698091896357,3.359128341789589,13.138440930104318,3.349380259269151,14.818803209799636,3.256306833539582,16.473936597829624,3.0682060974525003,18.059275106539218,2.7728453339074757,19.52426895784938,2.357463680179984,20.81211988089899,1.8087742311208586,21.8595175852202,1.1129656765060054,22.596377167472472,0.25570351224349536,22.945577228596267,-0.7778691323702894,22.822698498794914,-2.0031310082527196,22.135762789133505,-3.435982558257142,20.78497211004706,-5.092845985597136,18.662447818124154,-6.990665539587992,15.651969672757716,-9.146907981853971,11.628714703330822,-11.579563199005761,6.458995805327192,-14.307144930827185,-0.0
126,3,-0.8649958802708333,2.2404229582604165,-0.8809461350680845,2.2706579792057897,5.003728667212999,4.868308476503453,6.49448601601703,8.963624178469727,-0.0,0.0,0.35390263872577216,0.09213645411957011,0.6237279764066395,0.3398889408340166,0.8171138481395838,0.7031242527112787,0.9417479445408004,1.145544355611641,1.0052845655923568,1.6346898565537988,1.0152767848694522,2.141905722574652,0.9791228049274411,2.6422767064261143,0.9040242475111051,3.1145390414966396,0.7969536607900657,3.540973701998638,0.6646285523906258,3.907285154698091,0.513489621818731,4.202468263458539,0.3496814029023375,4.418664975043554,0.179034091288544,4.551011662386657,0.007045822665495416,4.597477516225626,-0.1611349667906307,4.558694105931566,-0.32072723251639484,4.437776109745373,-0.46733507672918567,4.240133182156414,-0.5969655255959628,3.9732729360049013,-0.706046270963225,3.646595042290526,-0.7914433089689569,3.2711764817577182,-0.8504783870582909,2.8595480207488175,-0.8809461350680845,2.4254620364355297,-0.8811307098807615,1.9836518900010112,-0.8498217365337192,1.549583143462824,-0.7863292925377433,1.1391970340636888,-0.6904976654001195,0.7686467519154101,-0.5627176210098057,0.4540272007322574,-0.40393695327877666,0.21109904548042369,-0.21566913998072135,0.05500795273485411,-0.0,0.0,0.2404076743534958,0.05913426321030061,0.502311457414882,0.24399358494136852,0.7818884775716337,0.5643944810734656,1.0747362661287576,1.0280970653452908,1.375875035976817,1.6405157661804617,1.6797511291710507,2.404431486335673,1.9802413596409536,3.3197057215931296,2.2706579792057897,4.382997017744712,2.543754009479503,5.587480012343873,2.7917287062357365,6.922567184653367,3.0062329533747563,8.373633327931925,3.1783744179471074,9.921742665251406,3.2987223332465834,11.543378454647359,3.3573118117432132,13.210174871670977,3.34364762203563,14.888650916521792,3.2467073929933306,16.539946067436496,3.054944233199875,18.119557390006605,2.7562887744314146,19.577077811490177,2.3381506642342247,20.855935277807944,1.787419544936925,21.893132526675675,1.0904655650283024,22.618987231285434,0.233139474215031,22.95687229338336,-0.7992276438539617,22.822956091018643,-2.0218249467475644,22.125942513430033,-3.450362663121866,20.76681064250459,-5.101073126702746,18.63855396623252,-6.9907119672913245,15.625919034035107,-9.136559415812988,11.605143486379145,-11.556421684881395,6.4436934114779385,-14.26863239092652,-0.0
127,3,-0.8512517549166667,2.2384581632291667,-0.8603338925169224,2.2582901067544436,5.005617242773368,4.868770777114046,6.391293582444892,8.955763303726004,-0.0,0.0,0.35858881273847504,0.09352151433518596,0.6285802129273075,0.3438213908336243,0.8188492960953604,0.7088144540195427,0.9383128191796641,1.150870413487865,0.9957728409703109,1.6367947490618302,0.9997842040744428,2.1377371151885747,0.9585507819355226,2.6290405307014053,0.8798525488981227,3.0900463732377528,0.7710026637758925,3.5038705021531027,0.6388312390121504,3.8571647782844924,0.489690577465142,4.139876081878394,0.3294755597692224,4.345012011656621,0.163652586814997,4.468419186750309,-0.002709066803844619,4.5085768611252215,-0.16490862904245165,4.466405720339559,-0.3185917410677276,4.345089484991672,-0.45973725754696804,4.149905404713439,-0.5846539139301159,3.8880588996087626,-0.6899866645268381,3.5685174212512996,-0.7727316009392841,3.2018389394924736,-0.8302577685748884,2.799991167008355,-0.8603338925169224,2.376158562402974,-0.8611579598829255,1.9445351720655868,-0.8313877278856984,1.520102373418787,-0.770170476530781,1.1183914892958422,-0.6771706483046415,0.7552320049172082,-0.5525943691920224,0.4464867101490481,-0.3972101912443305,0.20777550525062846,-0.2123657124597677,0.054189857681043924,-0.0,0.0,0.237348039490387,0.05835693919478973,0.496535034824535,0.24099123270357223,0.7738118499834835,0.5579103023477752,1.0648251207012775,1.017095828536185,1.3646211110123025,1.6242025144595078,1.6676513745999448,2.382259250852678,1.967779730825177,3.291373459760654,2.2582901067544436,4.348439160492178,2.5318948483347574,5.546849089242244,2.7807431610708693,6.87621101960632,2.996429399162926,8.322068276049258,3.170000979056325,9.865624306237073,3.291965746606196,11.48347107961833,3.3522986751834325,13.147321006507966,3.3404478142771654,14.823742021401795,3.2453394441907664,16.473895443296463,3.0553824223561485,18.053276211319677,2.7584717309291547,19.51145509300443,2.3419912541680086,20.79182247229115,1.7928158282223128,21.831333342307698,1.0973126159967355,22.56025315195706,0.24134186632530766,22.90190418344962,-0.7897428796055143,22.77241216856774,-2.0110950702662236,22.080452883350926,-3.4383758503573745,20.72699849300364,-5.087755129929754,18.605063450349178,-6.975912956921757,15.59944978147626,-9.120041137598143,11.586491620910774,-11.537845053462148,6.433798885396409,-14.24754562757036,-0.0
128,3,-0.8423054213888889,2.2591231398680556,-0.8959132275101951,2.2873008831896082,5.004883670527415,4.877422163886975,6.324123507631836,9.038441033645215,-0.0,0.0,0.3652836129867514,0.09505880533686968,0.6442519559147404,0.35089466057932517,0.8440177484829764,0.726108071467924,0.9721010543016914,1.1829638870050727,1.0362819671690482,1.6875580791829252,1.0444586304833945,2.2099118905832693,1.004517157690139,2.7239977306728047,0.9242181145467472,3.207704021533004,0.8111021553512375,3.6427480078053316,0.6724154441825572,4.0145463420071845,0.5150538476972365,4.3120531442984085,0.3455236825566201,4.527574408401152,0.16991607519993698,4.656566315921669,-0.006108290984044263,4.697423462541168,-0.1773271891942008,4.651261393409642,-0.3389604398080597,4.521696345581073,-0.48667141169925815,4.314623803541819,-0.6165682233537437,4.037996442194109,-0.725205893516922,3.701601273270095,-0.8095902017235722,3.316835311370512,-0.867183604884486,2.8964788026352966,-0.8959132275101951,2.454464971745957,-0.8941807002892993,2.0056452983633797,-0.8608734583595221,1.565549490716888,-0.7953770168876598,1.1501395444916023,-0.6975877059959856,0.7755575274207744,-0.5679253576444087,0.45786698800271414,-0.40734548209914206,0.21278813040258457,-0.21735054019496097,0.055427112408670244,-0.0,0.0,0.2420810455947014,0.05955204587616587,0.5056948371619864,0.24567304919915725,0.7870655393935956,0.5682096017691727,1.0818354502336112,1.0349750360387409,1.3850627562672873,1.6514578683123167,1.6912207167366797,2.420529482472844,1.9941981259518313,3.3421517320918537,2.2873008831896082,4.41308505802381,2.5632544890366034,5.626597630191794,2.8142072858626843,6.972175931099855,3.0317342659248796,8.435237108645998,3.2068412817475607,9.996843340158886,3.3299695082878884,11.633418370496567,3.39100002355528,13.316466316020785,3.379258392619121,15.012292764136824,3.283519158354972,16.681728145170613,3.09201016011773,18.279853309525734,2.7924166182669685,19.75572720789607,2.3718849377583155,21.05211654515966,1.8170261976557187,22.1052272586682,1.1139193053289613,22.844437658123578,0.2481138042845529,23.192033056232095,-0.7953676668947893,23.062941715999692,-2.0320272600432037,22.364471941076612,-3.4778901372991666,20.996050139239543,-5.1495030110212205,18.848959695249228,-7.063932986132828,15.806080497355307,-9.238766685006558,11.741628971128481,-11.692109633505254,6.520898484648551,-14.442585885970779,-0.0
129,3,-0.8673632973055556,2.263429646673611,-0.8611465693186969,2.2752519052369427,5.00443618510817,4.874331961241948,6.512260848448914,9.055670775192318,-0.0,0.0,0.35623711458917173,0.09286673831720964,0.6252871067706968,0.3417046054068841,0.8156526870612424,0.7050394019985669,0.935906465410334,1.1456724492395003,0.9945419149098175,1.6306772885916514,0.9998502578869302,2.1313281818617575,0.9598257169959643,2.6229741032820777,0.8820988434000134,3.0848724399134655,0.7738953812484084,3.4999958846547194,0.6420165404349365,3.8548243090235945,0.4928356858168201,4.13913109319932,0.3323062535940903,4.345770820172057,0.1659760378823704,4.47047271069139,-0.0009963204915927528,4.511641908317039,-0.16382593647472876,4.470168854034643,-0.3180897503891949,4.34924557319594,-0.45971958008541736,4.154186728624734,-0.5850009260347941,3.892252727792044,-0.6905776933932206,3.572471944267983,-0.773462527130233,3.2054591541836683,-0.8310521138237668,2.8032275308870753,-0.8611465693186969,2.378991926916204,-0.8619718884244582,1.9469616520614832,-0.8322043671056634,1.5221214875968685,-0.7709959076899766,1.120000224040609,-0.6779991734560227,0.756426542707363,-0.5533916608093964,0.4472725543785387,-0.39789789478316134,0.20818574119253527,-0.21280911570462877,0.05431040524649372,-0.0,0.0,0.23805786504230475,0.05852190472016153,0.49828586440411754,0.24175629966849702,0.7769915568810752,0.5598908169672981,1.069865027385213,1.021112589237109,1.3719781210700202,1.631299207784864,1.6777862172551035,2.393709948209171,1.9811321554645216,3.308678437759117,2.2752519052369427,4.373307738801264,2.552781572172488,5.581168617969915,2.8057653507809928,6.922001570703284,3.0256640657392273,8.381422983461544,3.203363982972503,9.94063564639535,3.3291856167950145,11.576143681008121,3.3928923059959417,13.259471822117066,3.3836983777108935,14.956888891422933,3.290276761280932,16.629135220398148,3.100765953779289,18.23115372135509,2.802776273702495,19.711824265305136,2.3833953691265286,21.013701001129622,1.829192971399297,22.072752240133774,1.1262249053991027,22.818102530773075,0.26003638291806463,23.171776557914143,-0.784335382689935,23.048444517320124,-2.0223591943002757,22.355168637291655,-3.4700084696870186,20.991150543967905,-5.143760366630127,18.847479193382107,-7.060595379055014,15.806879120897941,-9.237997349330552,11.743458786277408,-11.693953843516201,6.522458819691991,-14.446956838837169,-0.0
130,3,-0.8762199543194444,2.2603106647916666,-0.8282070044271408,2.2825060877357597,5.003616074342036,4.870464326610067,6.578757621944934,9.04319215756964,-0.0,0.0,0.3338984150791707,0.08708847408621134,0.5855444304848237,0.3201905637519693,0.7637748536738322,0.6603985440184028,0.8771471163982478,1.0731578226177882,0.9338446919613232,1.5281023286324036,0.9416139054024477,1.9988504135101726,0.9077317891514718,2.462776990996458,0.839001983715083,2.9007767908491955,0.7417735361598748,3.2970315373835883,0.6219760418973688,3.6387909045038875,0.4851640064775619,3.9161736442888015,0.33656353719645854,4.121991751760463,0.18111536383924315,4.251597282479535,0.0235095225301833,4.302748759207773,-0.1317914139393995,4.2754921539206014,-0.2805421217346997,4.1720502653134925,-0.4187174944084962,3.9967138888879847,-0.5425278296825747,3.7557283885422823,-0.6484444522000521,3.457169978714732,-0.7332334875865909,3.1108070555924567,-0.793995285385533,2.727943123569693,-0.8282070044271408,2.3212391189001287,-0.8337660653342065,1.9045141339828964,-0.8090324833167661,1.4925246200096245,-0.752868468623,1.1007230473508638,-0.6646740795777428,0.7449977102068508,-0.5444181016289001,0.4413958715356633,-0.39266368236807325,0.20583276673411388,-0.21058856263200781,0.05378913989098963,-0.0,0.0,0.23665531883198065,0.05813718399946171,0.49628593431605755,0.2404881265874018,0.7751543000083025,0.5576329894606864,1.0688789060314152,1.0181220181881143,1.3724392306916526,1.6281546931941266,1.6801829224468925,2.3912619384950835,1.9858346476283162,3.307992360467499,2.2825060877357597,4.375603218223356,2.5627066281308397,5.587756583284582,2.818354342832079,6.934220932763352,3.040786944093918,8.400578238622503,3.2207724276363936,9.967936465601307,3.348519202700355,11.612647270597655,3.4136855491494233,13.306028604386618,3.4053882908232747,15.014091849674381,3.312210614932622,16.697273084504126,3.122209001496958,18.3101680337391,2.822919254944275,19.80127026062411,2.401361652475321,21.112712152330314,1.8440452412080155,22.180008265241582,1.1369713290773105,22.93180061516091,0.26563622359867656,23.289605522532522,-0.7849667214824374,23.167561651430113,-2.0303456883698834,22.472178911987857,-3.48650954181216,21.102087927954095,-5.1699674762524035,18.947789803177603,-7.0977291015051645,15.891405952354539,-9.287304907710725,11.80642779171642,-11.75670705375932,6.55746611412639,-14.524450427251368,-0.0
131,3,-0.9528273240347223,2.3172019902430554,-0.9238569964848955,2.3591924623398524,5.001688048259203,4.8676809231197105,7.153934339762297,9.270806527651445,-0.0,0.0,0.34225609427800824,0.0887691856775084,0.6100265674579477,0.3298405497938241,0.8083310684705326,0.6872168751812434,0.9424087682124451,1.1274659635415936,1.0177127746502053,1.6198288623488593,1.0399055136698556,2.136325739050066,1.0148502127064738,2.6518586731441123,0.9485939841846027,3.144308259194032,0.8473391295909093,3.594618916351196,0.7174009065174768,3.986866501504245,0.5651518033034678,4.308301394001607,0.39695404747267177,4.549360673183229,0.21908339994522963,4.7036442230288475,0.037648116402099266,4.767851353843377,-0.14149275126912417,4.741676566543236,-0.3128077431645002,4.627665139691714,-0.4711646921688338,4.431031069855986,-0.6118932094925684,4.1594413797862435,-0.7308363924517046,3.8227718335860876,-0.824391149205456,3.4328396373868912,-0.8895373873532357,3.0031187876696386,-0.9238569964848955,2.5484434271932477,-0.9255440373161534,2.084703974177657,-0.8934078281592236,1.6285400062578348,-0.8268707107804143,1.1970330053216298,-0.7259622139835443,0.8074011885720999,-0.5913111537495883,0.47669783289599,-0.42413695434192716,0.22151379151781564,-0.2262411835903722,0.05768433170827473,-0.0,0.0,0.2516420655859332,0.06192094254719797,0.5251768081703975,0.2552939580132105,0.8165355307348151,0.590071517082505,1.1210908535115598,1.0740320216187502,1.433657383988221,1.7125006726225862,1.748491528439497,2.5080704463913723,2.0592907374295946,3.460322822899428,2.3591924623398524,4.5655480537388335,2.640773065971139,5.81646488759584,2.8960468852632095,7.201939781825779,3.11646559455187,8.70670571538269,3.29291796852381,10.311080780155397,3.4157300986853345,11.990686765786293,3.474666077998,13.71616796987692,3.4589291365198287,15.452910464539215,3.357163186731863,17.160762035314573,3.1574547204030687,18.79375298332375,2.847334988612113,20.299817949622657,2.4137823919243253,21.620518885181806,1.8432250076419174,22.690769253219628,1.1215431844385,23.438559514803494,0.23407214056649386,23.78468391517343,-0.8343954906805418,23.64246855815949,-2.09960721618743,22.91750072997663,-3.5778483781707973,21.507359411881453,-5.2859400199770725,19.30134690369793,-7.241236945161803,16.180221466907177,-9.461625985098918,12.015930886557024,-11.96552448379723,6.6713468453012545,-14.771879002909643,-0.0
132,3,-0.9739289995763889,2.3074607948333337,-0.9389212457255873,2.3330801494318156,5.005517716332991,4.8665957776833135,7.312368084761144,9.23183334431575,-0.0,0.0,0.37371960674701693,0.0971301258497017,0.6616445482655375,0.35941734772414263,0.8701379686859229,0.7455334725210804,1.0060324204752789,1.2174534650804552,1.0765240666976528,1.7406640203775317,1.0890620263774704,2.284317794962671,1.0512380158837735,2.821332185735636,0.970680575857294,3.3284339190865957,0.854957060283455,3.786152586338836,0.7114853927603088,4.1787675555068144,0.5474565300831763,4.494213418443523,0.36976772517753587,4.723949380031388,0.1849660943584455,4.862797884363325,-0.0007983466704373533,4.908757430847123,-0.18181116128103825,4.862794071831804,-0.3528244912555773,4.728615582184556,-0.509081545073688,4.5124317961562905,-0.6463354879074692,4.222704136588595,-0.7608635962151924,3.8698869180281976,-0.8494774992277463,3.4661625843026345,-0.9095302906892745,3.0251726395330416,-0.9389212457255873,2.561745651384194,-0.9360988108583539,2.0916233537485667,-0.900062446773796,1.631185563274146,-0.8303637964374323,1.1971743604521052,-0.7271075331717944,0.8064177789218308,-0.5909521243825845,0.47555309925130207,-0.4231106366860203,0.22074975365397423,-0.22535161531696635,0.0574318092872628,-0.0,0.0,0.25006200714797583,0.06155330796168316,0.5213942295989787,0.2536101456053263,0.8099980716531785,0.5858292438873962,1.1113164401492344,1.0657304060648405,1.4202341089782142,1.6984153304202356,1.731078573873363,2.486288736474486,2.0376214142340325,3.428780045286345,2.3330801494318156,4.522065865375842,2.6101205514459433,5.758793522942226,2.8608593551805397,7.12780585061602,3.0768672930418863,8.613867415725213,3.2491723712939407,10.197392329848196,3.368263301915792,11.854173739030777,3.424093004424209,13.555115050920124,3.4060820965228777,15.265962913265973,3.303122299586233,16.94704191936146,3.1035796940098317,18.552990981194135,2.795297769583322,20.032501281094095,2.365600226606951,21.32805568787876,1.8012934939493324,22.37566950398654,1.0886689402303937,23.104632395714457,0.21350476352360892,23.43725134910585,-0.8389324467785628,23.288594488836747,-2.08388647510245,22.566235596114097,-3.537110564904275,21.169999163585338,-5.214866812003855,18.991705830023026,-7.133925850090278,15.914918044564345,-9.31156680939122,11.814685819062806,-11.76557752728835,6.557292437198952,-14.514254988199806,-0.0
133,3,-0.9896151638958334,2.3486068679375,-0.9638771292848122,2.359937178381353,5.00268863788855,4.873424928883367,7.430141564544286,9.396453124864667,-0.0,0.0,0.37021970137461163,0.09604914876882598,0.658930412306296,0.35663158423455743,0.871203632969423,0.7422369438360257,1.0126556420701716,1.2160289717667552,1.089389141598951,1.7441038485704428,1.1079230543804175,2.2957163108327756,1.0751121517028384,2.843468056812778,0.9980582811224704,3.3634537877882114,0.8840152277414459,3.835361179827958,0.7402895996749629,4.242522184959455,0.5741404696268482,4.571914344446951,0.3926807200900844,4.8141122239594925,0.20278304998104904,4.96319056638053,0.010993371401141986,5.016582189673431,-0.17654612976443582,4.9748949163849225,-0.3541626243868455,4.841692806829623,-0.5167060436059656,4.6232476111639444,-0.6595900798884632,4.328266627956557,-0.7788212939821288,3.96760306981617,-0.8710174032445496,3.5539546348993394,-0.9334162415044421,3.1015553349145595,-0.9638771292848122,2.6258648160642344,-0.9608764817097709,2.143258511489976,-0.9234994302545756,1.6707210576683964,-0.8514290735162346,1.2255445554890656,-0.7449347353594487,0.8250325059225242,-0.6048603298796678,0.48620962964997844,-0.43261364185840395,0.22553730306443284,-0.2301570533790081,0.05863400917565153,-0.0,0.0,0.25480676540535,0.06274527853901583,0.5306751812209082,0.25832001094039303,0.8234823491892153,0.5962465491441643,1.1285717288108414,1.0838523584804372,1.440753343316462,1.7260032830920375,1.7543032873928404,2.524836727988393,2.062962805995537,3.47949447716205,2.359937178381353,4.585854993520422,2.6378945984091113,5.836265152889878,2.8889651964519896,7.219271448463787,3.104740303917174,8.719350763528011,3.2762720211297243,10.316640850522077,3.3940731148740104,11.986670675993908,3.4481172439747483,13.700090796895548,3.4278394900342235,15.422403927270038,3.3221371554328316,17.11369583893794,3.1193707812473255,18.728366718267697,2.807365332981727,20.214863076075297,2.373411501020962,21.51541028126122,1.8042670646145598,22.56574576262026,1.0861582721609584,23.294852898583162,0.20478119588326404,23.624695592321626,-0.8546969749249008,23.46995351019396,-2.1076367315195315,22.73775794519032,-3.5699251573036412,21.32742825390814,-5.257974970507675,19.13020880555183,-7.1887237095470535,16.02900637429883,-9.379633067738482,11.898127901831739,-11.848688379794872,6.603018554588471,-14.614398258917173,-0.0
134,3,-1.0191787849930556,2.384292327673611,-0.9702195376198363,2.380206017535252,5.0029746954762535,4.866522815098202,7.652108545171545,9.539225742209554,-0.0,0.0,0.3614836953039348,0.09370955503159019,0.6450720163562034,0.3484989581773798,0.8554763096379698,0.7265820666603207,0.99779725649213,1.1926259166162678,1.0775173045795625,1.7139438024977527,1.1004842356624038,2.260682486261901,1.0728829116891279,2.8059983479687953,1.0011929494825604,3.3262159633244357,0.8921312730963393,3.8009617522999797,0.7525799604566735,4.213265178377853,0.5895012875698639,4.549620562221098,0.40984315265319476,4.800003857653011,0.22043896731678275,4.9578405732699995,0.02790654382022243,5.019923197112749,-0.16144952384704508,4.986278757515366,-0.3417279371866601,4.859989305294384,-0.507509950698393,4.646969944823632,-0.653925501371035,4.355710443857987,-0.7767049497320383,3.996987345005549,-0.8722161898412157,3.583553874277628,-0.9374877879227601,3.1298148316333263,-0.9702195376198363,2.651493128408386,-0.9687823425293844,2.165293802965176,-0.9322096462262837,1.6885703044256255,-0.8601827385291496,1.2389966891964,-0.7530122008425298,0.8342482205234839,-0.6116175487841226,0.4916917760926196,-0.4375068270887477,0.22808651213645362,-0.23275755028284015,0.059294443768464954,-0.0,0.0,0.2575964823700033,0.06343720050916009,0.5363339062502724,0.26112286805987783,0.8319927297208933,0.6025942135262644,1.1398358531609256,1.0951491812668208,1.4546098780304708,1.7435880896882114,1.770544100157713,2.549955313930407,2.0813477529657827,3.5132800058718505,2.380206017535252,4.629315106380381,2.6597752837224196,5.890274156215184,2.912178090203423,7.2845656407848836,3.128998100889579,8.79652480069943,3.3012753988459216,10.406142999794328,3.419502303134748,12.088794863807216,3.473619843643606,13.814963487707654,3.453014967051956,15.549964061336897,3.3465184953362774,17.2536662862109,3.1424038171619624,18.88021595633185,2.8283862618582076,20.377756057945984,2.3916230845312607,21.68814771237651,1.8187139780001669,22.746691246803916,1.0957020212343482,23.481847633950995,0.20807497340973166,23.81496049613084,-0.8592331737649634,23.65997882441397,-2.121840466370248,22.92318052150597,-3.5959151538679777,21.502896838483416,-5.298173813264741,19.289237741527245,-7.245879485466714,16.16381821555948,-9.456839867904163,11.999485487278296,-11.949405598456618,6.660047130335753,-14.742468657394307,-0.0
135,3,-1.0063347804097222,2.3975031326041667,-0.9408874997547362,2.3452691568267316,5.00412706015044,4.858326511664887,7.555674319230493,9.592080356136792,-0.0,0.0,0.36466556647169107,0.0946758869778038,0.6477529458938304,0.3510665998209592,0.8548506418731803,0.729761521881085,0.9919714577781408,1.1942523578484245,1.0654997558663293,1.71113250217026,1.0821292582761262,2.250267651624722,1.0487920823073713,2.7849330886499395,0.9725802296385582,3.2919135317933184,0.8606613956760193,3.7515622195578526,0.7201915661863013,4.14781698249132,0.5582272780244213,4.468172404764487,0.3816405450750599,4.703608658959389,0.19703926124302612,4.848479063812165,0.010695423469539835,4.90035971361348,-0.1715171509877754,4.859865538547024,-0.34417470469217143,4.730437802710602,-0.5023448690917853,4.518108308533682,-0.6416179614746975,4.231245478379416,-0.758129285012884,3.8802870884585263,-0.848573803916109,3.4774638207050867,-0.9102147229605971,3.036517065771518,-0.9408874997547362,2.5724136399608297,-0.9390006940408755,2.1010593414484138,-0.9035348517453865,1.639012618059934,-0.8340403721117948,1.2031990813451647,-0.7306350483045694,0.8106271922617646,-0.5940017314940025,0.4781051598427658,-0.42538636290347714,0.22195892229665423,-0.22659645659749356,0.0577510000896411,-0.0,0.0,0.25147533374207987,0.06190058553424857,0.5243428036457309,0.2550437924607109,0.8145571985394584,0.5891376421450041,1.1175155507937031,1.0717280775229885,1.42805807626842,1.7079203085577865,1.7404694178838793,2.5001007010685874,2.0484802360118093,3.4476593729451595,2.3452691568267316,4.54671367519883,2.6234650621794118,5.7898327337563575,2.875149682687375,7.165763213965958,3.0918604399599903,8.659156446435155,3.264593473953596,10.250297023065299,3.383806786753999,11.914832938769765,3.4394234337584213,13.623507319767223,3.4208346963428182,15.341891745482126,3.3169031757354666,17.03012113944956,3.1159657551345323,18.642630176257004,2.805836385383024,20.127891127117046,2.3738086581560784,21.428153046477192,1.8066581391618985,22.47918218619924,1.0906444419692227,23.21000351214263,0.21151303051848508,23.54264319018532,-0.8455032549918181,23.3918719044385,-2.0956829483985775,22.664948869233015,-3.5548149787452923,21.26136639792918,-5.239197953043367,19.07259489528441,-7.165639688168726,15.981828145581773,-9.351456977019707,11.863728775583713,-11.814475572310863,6.58417377927679,-14.573030370209368,-0.0
136,3,-0.9372669984375,2.294566947590278,-0.9361283709357378,2.3408320686335693,5.004121322560412,4.856011851465665,7.037105671209344,9.180246834511776,-0.0,0.0,0.36106588327959577,0.09376776990668181,0.6409820820778218,0.3475393207452101,0.8456898153380813,0.7222136687618611,0.9813894273866021,1.1817265146350233,1.0545092077240714,1.6931720403148,1.0716719042610618,2.2269086715861284,1.0396559923736883,2.756646895088099,0.9653495967575553,3.2595159373154163,0.8556961742431917,3.7161053542587172,0.7176323869154222,4.110477465560901,0.5580197833391445,4.430147088694876,0.383572783341534,4.666026072560761,0.20078593435059622,4.812331513472352,0.01586346314188581,4.8664580511057,-0.1653461589475444,4.828816090719052,-0.3374084888884484,4.702639023211159,-0.495352792405718,4.493763413080142,-0.6347124561320378,4.210386650351181,-0.7515561543347792,3.862806721877417,-0.842510370590704,3.463148595586611,-0.9047742949978577,3.0250812990684817,-0.9361283709357378,2.563529193402138,-0.9349378635056989,2.0943802755696486,-0.9001527902857355,1.6341936598671314,-0.8313054270661939,1.199907747112021,-0.7285064116431463,0.808550029645928,-0.5924402497315248,0.47694902272794226,-0.4243608053672441,0.22144846666337856,-0.22608715372506782,0.057623704978999796,-0.0,0.0,0.2509612695728876,0.061772481345174414,0.52330093802594,0.25452741626063696,0.8129688067830426,0.587964524841114,1.1153616745834005,1.0696201214533543,1.4253245863995383,1.704590932345235,1.7371519840134708,2.495258507995069,2.0445888697774306,3.441014209918971,2.3408320686335693,4.537984800970783,2.618531644933669,5.778758703586151,2.869792503112318,7.152113011726364,3.0861761769195923,8.642741350555331,3.2587027919177376,10.230982675039616,3.3778531707854356,11.892551087019083,3.433571040619214,13.598266732284799,3.4152652954806113,15.313787817138003,3.3118122652990394,16.999343759849673,3.111557943190916,18.609469468119354,2.802320126564642,20.092740710406243,2.3713904323583037,21.391510527878378,1.8055361527892348,22.44164661537498,1.0910019245639282,23.172269584596066,0.2135111911860041,23.50549201088212,-0.8417325555101969,23.356158156402042,-2.09004476241332,22.6315842571676,-3.5472590331138707,21.231299258781736,-5.229726574346157,19.046785885888525,-7.154315864346282,15.961221932574745,-9.338412533210498,11.84922166511823,-11.799919442659009,6.576577234133874,-14.557256950573686,-0.0
137,3,-0.9140471510138889,2.321368078409722,-0.9005177132190408,2.3320743153927226,5.001489977337692,4.861004924320316,6.8627684543205465,9.287474473533129,-0.0,0.0,0.34324033798456777,0.08914023808362372,0.6094253719918868,0.33039691239570823,0.8043896570716217,0.6866946655665301,0.9341154294683545,1.1239127130322695,1.0047232368463352,1.6109564000830725,1.0224588558371581,2.1198233301279448,0.9936728102938788,2.625661222869278,0.9247904407970481,3.106813219073381,0.8222721516047293,3.544845747248769,0.6925649141112319,3.9245542574702053,0.5420471640435428,4.233942950384875,0.3769698188643895,4.464175865218862,0.20339627553005493,4.609498104996992,0.027144005392595004,4.667127359895824,-0.14627014146858358,4.6371170801543755,-0.3116794496380575,4.5221935493280165,-0.4643108563518684,4.327569678926709,-0.5998222522499701,4.060738599938614,-0.7143338096157607,3.7312501150828266,-0.8044539003234991,3.3504728675629,-0.8673003365935085,2.9313447524858804,-0.9005177132190408,2.488113714561589,-0.9022915818935665,2.036070695197721,-0.8713600812508685,1.5912761517900895,-0.8070235120865479,1.170281293196227,-0.70915221153501,0.7898449649372054,-0.5781929605213609,0.466646971591637,-0.4151740656714337,0.21699853118393045,-0.22170919353386254,0.056550502852246484,-0.0,0.0,0.24716241340852485,0.06079598336341713,0.5163971783522182,0.2508444115980285,0.8037344180842854,0.5802135039365636,1.1046170072709127,1.0568396361560681,1.4139032319227387,1.6862343461551021,1.7258702280924745,2.471192869598192,2.0342180632033955,3.4115045614657817,2.3320743153927226,4.503665488888227,2.611999004226543,5.740593407565293,2.8659897300547783,7.111345261498551,3.085486888192352,8.600837276442071,3.261378836887671,10.18956765362814,3.3840069134678874,11.853341813576371,3.4431702099894874,13.563000091183458,3.4281300371639123,15.284147743313103,3.327614022439245,16.9768870987971,3.129819804256922,18.595551657784828,2.8224182992089375,20.088441932131644,2.3925565318049054,21.397562810200927,1.8268600276718518,22.458362227167314,1.111434780220996,23.199470924701178,0.23186880818230893,23.542443090848405,-0.826766672949389,23.40149768109876,-2.0799164384298856,22.683260234240514,-3.5435407709052917,21.286505010892743,-5.2341152748041715,19.101897297954334,-7.168630956556779,16.011735738069525,-9.364594538958547,11.88969455914154,-11.840028978863476,6.600565594572987,-14.61347415873549,-0.0
138,3,-0.8837478752916667,2.294779292388889,-0.9658320084266242,2.344728771167209,5.003180970664148,4.865781825343348,6.635278096318142,9.181096396851771,-0.0,0.0,0.36860270567286013,0.09561263151518759,0.6564788030947902,0.3551456285175565,0.868648308026287,0.7394710930682137,1.0105935196905977,1.2120874439979774,1.0882348907852346,1.7393450742318266,1.107892723519541,2.2906564787731893,1.0762333888627436,2.8386833889988776,1.0002001340912678,3.3594931302103066,0.8869300080866259,3.832676819203836,0.743659757155264,4.241423124451899,0.5776245402116147,4.5725430034540455,0.3959538703702818,4.816442915256596,0.20556928003935593,4.967046251326972,0.013087867771630329,5.021664908115672,-0.17526479367699008,4.980824845939453,-0.3537298117454793,4.848050999555178,-0.5170766205972891,4.629617944307276,-0.6606505475717594,4.33427325498115,-0.7804066280603629,3.9729405498395214,-0.8729307376923711,3.558408855347491,-0.9354496552857136,3.105014247954747,-0.9658320084266242,2.6283188294614863,-0.9625821962022526,2.1447910731829816,-0.9248293563042138,1.6714905312965782,-0.8523132819196982,1.2257588958075392,-0.7453689373419635,0.8249185138793068,-0.6049109096115891,0.4859787101999331,-0.43241880244532405,0.22534968302222963,-0.22992425764720317,0.05856331858450963,-0.0,0.0,0.2542489416216093,0.06262035162658583,0.529191874635128,0.2577008334303219,0.8206771192210486,0.5945721551161018,1.124034982554637,1.0803595908138797,1.4340793366321902,1.7197244186049572,1.745108115244752,2.514605865768093,2.0509030298457467,3.463963095331433,2.344728771167209,4.563516911715056,2.6193319208339454,5.805490986293744,2.8669397508902565,7.178352504300882,3.079259043593725,8.66655221195473,3.247475022140049,10.250263898234236,3.3622504470264745,11.905123381810915,3.413724903402661,13.601967093375325,3.391514282105551,15.30657035033406,3.2847104407129346,16.9793854178626,3.081881020137258,18.575279440550343,2.7710693861113143,20.04327231491871,2.3397946624412183,21.32627455701563,1.77505182321072,22.36082520270651,1.0633118133979798,23.076829762376224,0.19052167091666156,23.397298237334965,-0.8578953726484605,23.238083192771615,-2.097039830813598,22.507617871861882,-3.54253595420545,21.10665432766287,-5.21053178534488,18.928001543624674,-7.117699281971139,15.856263509743025,-9.281234511403085,11.76757721933352,-11.718857915693825,6.529350550866597,-14.448814645117873,-0.0
139,3,-0.954044266326389,2.3723927140069443,-0.9541479858357393,2.34023049142164,5.00210438033377,4.866169697491964,7.163071278880498,9.491617024228995,-0.0,0.0,0.3615586491918619,0.093736529967287,0.644859051183701,0.348512521096348,0.8543856145295469,0.7262968915206179,0.995169504598864,1.1914381138932524,1.072763262300556,1.7109320470701064,1.0931959793105954,2.2546722323421617,1.0629093147688329,2.7956729469429855,0.9886760403708121,3.3102557984853997,0.8775041418936552,3.7781918297134953,0.7365305871342884,4.182792901737803,0.5729095517372405,4.510948367948458,0.3937001092503729,4.753105520053177,0.20575814864020964,4.903194748102104,0.015636650987557992,4.958502594223982,-0.1705024538018959,4.919497727003738,-0.3469626940570249,4.7896162114601815,-0.5085726669216326,4.575013252647252,-0.6507308148799364,4.284288860451493,-0.7694362016544497,3.9281946766294635,-0.8613067912426685,3.519328611833609,-0.9235871828510274,3.0718230669315796,-0.9541479858357393,2.6010314699877,-0.951479055023643,2.123216751686889,-0.9146786832044929,1.655244296874099,-0.8434406060777568,1.2142809178594236,-0.7380403587729016,0.817500544304358,-0.5993221725850463,0.48179664190517135,-0.42868725013904097,0.22350086599497818,-0.22808393340252645,0.05810711958069204,-0.0,0.0,0.2525429007375395,0.06218655906475488,0.5259928265042534,0.25603033973282324,0.8162694003565152,0.5909867593960283,1.1187642744599584,1.0743390594165176,1.428340545330042,1.7109342100152638,1.7393314557774702,2.502918331037809,2.045538686136029,3.4494713492907008,2.34023049142164,4.546540753343285,2.6161398889385645,5.786574422111928,2.8654630480356786,7.158252592532614,3.0798579841900047,8.646219094897733,3.2504436159132797,10.23081202432079,3.3677992065131157,11.887794036608675,3.4219641839378814,13.588082460317496,3.402438310564494,15.297479407741855,3.298182160175355,16.976402049600438,3.097617850582677,18.57961319438536,2.788629976356213,20.055952286393953,2.3585666858541603,21.348066908490498,1.7942408492793902,22.392144848278612,1.081931268931581,23.11764676077439,0.20738388848221054,23.447039437632004,-0.8441870356156187,23.295529672942894,-2.088097831005222,22.570798698801692,-3.5401943987001774,21.17273715021147,-5.216851312928387,18.993180508349802,-7.134971044316386,15.915644963505054,-9.311983314391856,11.81506363383202,-11.76584458523532,6.557523073150837,-14.515037684607078,-0.0
140,3,-0.9336970482714286,2.2581558312500003,-0.9497270484801702,2.2986626839566404,5.003191296875217,4.873967980814214,7.010302085249871,9.034570964877677,-0.0,0.0,0.36507128345232104,0.09471427127056921,0.649819150611016,0.351681529706126,0.8593124485617509,0.7319885134548748,0.9990651338972633,1.1993681619969279,1.0750178887735278,1.7204181289838492,1.0935046751682655,2.2648064751295816,1.0612018641914753,2.8054563394408816,0.9850596113656668,3.3187007065823404,0.8722171872761639,3.784398740027034,0.7299057098332113,4.186006457381162,0.565342946371006,4.510596577337249,0.38562545804708,4.7488248793185095,0.19762334748213364,4.894843074637484,0.007882328561324703,4.946160702457522,-0.1774630963303108,4.90346070290496,-0.35276272977291373,4.770374927623597,-0.5129086562670405,4.553226850241322,-0.6533778855183475,4.260749135212635,-0.7702604485748157,3.903783572611913,-0.8602745072067024,3.4949702893278163,-0.9207705542948914,3.048432226767302,-0.9497270484801702,2.5794597598667157,-0.9457398680869633,2.104199141637236,-0.9080078306533473,1.6393472931410902,-0.8363162556748925,1.2018543984684893,-0.7310202001405849,0.8086348601938987,-0.5930286150641695,0.47628645081484766,-0.4237902943597906,0.2208169666402267,-0.2252821432318003,0.05737734278079539,-0.0,0.0,0.249047987804857,0.0613411380878352,0.5183456034001883,0.25242573532884066,0.803870700149702,0.58239412934811,1.1010955862599154,1.0582492138492885,1.404986022013729,1.6846034655356306,1.7099991871210798,2.463425197796609,2.0100809446589554,3.393783609462922,2.2986626839566404,4.471592349525105,2.568657974587044,5.689351447470505,2.8124592126587014,7.035887562174831,3.0219343926209863,8.496092580702632,3.1884240951840797,10.050660654066892,3.3027387459778197,11.675823793014052,3.355156170626881,13.34308616668391,3.3354194497829197,15.018957254025407,3.2327350617033486,16.664683995390625,3.0357712893509774,18.235982082667288,2.7326568627671985,19.682766513078697,2.3109798047072188,20.948881516339853,1.7577864473520326,21.971829948718305,1.0595805895672534,22.68250223180742,0.20232276702562357,23.00490489922849,-0.8285703889649829,22.855888801498672,-2.0482267242781895,22.1448770081695,-3.4723190829796295,20.773592437121174,-5.11706578948844,18.635785233532967,-6.9992311015919375,15.616959915401287,-9.13612564116964,11.594102298355182,-11.545606807074016,6.4354062097115525,-14.246079172641169,-0.0
141,3,-0.88307514,2.2797924660694444,-0.9497070612143512,2.311545838800122,5.001960454489642,4.8655632257165475,6.630227124349534,9.121136165565888,-0.0,0.0,0.3555505111114452,0.09210612609678417,0.635574744565185,0.34295937111665287,0.8438999028170752,0.7157275829978267,0.9849701773527505,1.1756467882629393,1.063828069803102,1.6903259161482107,1.086074020089012,2.230036764089055,1.0578047419382839,2.767978415483149,0.9855317785555737,3.2805057923359677,0.876082987376632,3.7473130806272543,0.7364907796036021,4.151564406672484,0.5738718193982029,4.479966288204124,0.3953034077628628,4.722778883163172,0.20770187211960311,4.873765713909519,0.01770795092328201,4.930084139265379,-0.1684165452029349,4.892121178514527,-0.3448775064815504,4.763281193749588,-0.5064206038739708,4.549733295675248,-0.648385760951335,4.260127098199296,-0.7667442552593947,3.9052856119258323,-0.8581196887356367,3.497883689576574,-0.919794854112168,3.052119609835015,-0.9497070612143512,2.5833862275944983,-0.9464347655922295,2.1079467564055374,-0.9091783781549807,1.642618809154401,-0.8377379634602207,1.2044689187096675,-0.7324902036020547,0.8105184835643048,-0.5943665677092091,0.477461000968221,-0.42483413714430934,0.22138960136846858,-0.22588004154769847,0.05753329734858256,-0.0,0.0,0.2498089369204991,0.06152421118438065,0.5200516674812443,0.25321733554762416,0.806734797817086,0.5843187296433153,1.1053634847909055,1.0619458742516368,1.4109360410613832,1.6908423797769117,1.7179369907790984,2.4731228786416963,2.020329225697761,3.408014194866597,2.311545838800122,4.49159248887174,2.5844821192882517,5.716516341372792,2.831488090485035,7.071755956761819,3.0443618699557335,8.542318831417445,3.214344035640594,10.10897234777619,3.3321130973570523,11.747963825259022,3.387782102080582,13.430738590499567,3.3708963447698603,15.123656628767636,3.27043211381826,16.787708353131432,3.0747963703459296,18.378229984472696,2.7718272418750405,19.844618979979327,2.348795201613046,21.130049885331818,1.7924048027311148,22.17119092067878,1.0887968408940154,22.897921545955082,0.22355082628115666,23.233051189578802,-0.8183123429311228,23.092039267776652,-2.052327601308943,22.382716570812146,-3.4945829137400946,21.005008047801912,-5.161716519376292,18.850656983780173,-7.070914278838904,15.802950531094046,-9.239907169784125,11.736446531752181,-11.686968965156785,6.516701547539713,-14.430914118851916,-0.0
142,3,-0.8829386577569445,2.292388858097222,-0.8895453401082637,2.258782801188649,5.002388782403666,4.864750990599312,6.6292024003720265,9.171532597956196,-0.0,0.0,0.3484907292788801,0.09057156594720715,0.6171900175812941,0.33519001901349316,0.8122871120304099,0.6954929488365849,0.9402607468670446,1.136288770815994,1.0077919144705687,1.6256792637205097,1.0216864855141037,2.135140941705881,0.9888072063137607,2.6395701301258003,0.9160134106754372,3.1172960540330212,0.8101062506919395,3.5500652564976427,0.6777773203444031,3.9229995610450965,0.525559059635265,4.224528843553307,0.35977607714251875,4.446299255003534,0.18649730868052655,4.583057303008364,0.01148957430715451,4.632510328287606,-0.15982649551801884,4.595164306535484,-0.3224170538737095,4.474140437559107,-0.47167114433205404,4.274972522063587,-0.6034315974283005,4.005387564966176,-0.7140203755248422,3.6750723126604807,-0.8002584263807017,3.2954285011446145,-0.8594804612709935,2.879319469898619,-0.8895453401082637,2.440810517533801,-0.8888429039680215,1.9949049898717683,-0.8562981453698091,1.5572776541574418,-0.791373564241764,1.1440064751560213,-0.6940704470543142,0.7713035102620523,-0.5649296554218394,0.4552453086654973,-0.40503234417237266,0.21150294789599153,-0.21600086847428565,0.05507167177418701,-0.0,0.0,0.2402615380497763,0.0591181484867164,0.5015292848418076,0.24376561539771405,0.7800011187857454,0.5635178345382289,1.0713253305623651,1.0259118605822124,1.3705988231906976,1.6361711173905216,1.6723655525988081,2.3969293022661304,1.9706152955599348,3.307953589341884,2.258782801188649,4.365867311137081,2.5297473514812228,5.563872317672377,2.7758327284934596,6.891471218139415,2.9888075624637374,8.334189702880607,3.159886017380967,9.873299125900113,3.2797287583257866,11.485539503103393,3.338444138028901,13.142843051697614,3.3255895378193894,14.81205836416405,3.230172799634581,16.454675278036106,3.040653690137867,18.026550472044846,2.744945344381037,19.47763379124745,2.3304156440820885,20.751695279343657,1.7838884938141428,21.786052875964437,1.0916449666919132,22.511300720443625,0.23942429910183555,22.85103799138752,-0.7875752786308814,22.721598202996717,-2.0046958821909913,22.031778874215604,-3.4278194847274097,20.68257148496232,-5.073367595963002,18.566891634470785,-6.95830110127739,15.56930931969608,-9.10012025010335,11.565779256354553,-11.51686478078214,6.423371171079148,-14.227114167522767,-0.0
143,3,-0.9019739155902777,2.2478774984236107,-0.886995278566457,2.257074942034485,4.999013073048483,4.859231615421413,6.772121249616897,8.993448768598935,-0.0,0.0,0.3200931567203844,0.0828928184472714,0.5731040471662107,0.3089115015173539,0.7627604155683093,0.6454362243460802,0.8930689109486986,1.061778813924588,0.9683568480913309,1.5293330941074066,0.9932998582243477,2.021742844778366,0.9729301474765644,2.5150789145513173,0.9126222970099682,2.9880149266291145,0.8180558943215793,3.421990074148794,0.6951564826005671,3.801347707339853,0.5500181301661069,4.113439631504025,0.3888122182970702,4.34868803321341,0.21768777164858946,4.500599456578118,0.04266883095817861,4.565727979154679,-0.1304459347851053,4.543587429200709,-0.2961768558874911,4.43651492864428,-0.44944654083627644,4.249490081620886,-0.5856502899187447,3.989915658166543,-0.7007122323808367,3.667366604016449,-0.7911268264884784,3.29331464654708,-0.8539862891835488,2.8808357091027097,-0.886995278566457,2.444306865628851,-0.8884747106422053,1.9990987577795127,-0.8573569423791545,1.5612683596714922,-0.7931747028338365,1.147255813961306,-0.6960461227103402,0.7735878729016601,-0.5666580300314372,0.45658934293865644,-0.4062493819176025,0.21210291801107217,-0.21659632913068372,0.055216942724159036,-0.0,0.0,0.24072232080099795,0.05924077791177391,0.502242325569249,0.24419143000470714,0.7807221670425953,0.5643125821600508,1.071812595369635,1.0270182273515964,1.3706482446305934,1.6374189525603455,1.6718406853404917,2.39806222316244,1.9694699132580198,3.3086687743839636,2.257074942034485,4.365864496001644,2.5276441198630613,5.562907519982546,2.7736057111859616,6.88941051211691,2.9868191860496633,8.331058415175415,3.1585675528259185,9.869322085845388,3.279550963736706,11.481168408806294,3.339881723731724,13.138767560880977,3.3290807463844057,14.80919814118376,3.2360754282393374,16.45415088631885,3.049198856448445,18.029631660596255,2.7561902232788733,19.48566435771796,2.3441962939523466,20.76599427984289,1.7997737594977417,21.807792479002362,1.1088923017883647,22.541361460167824,0.2569382015466053,22.889842559467095,-0.7712816702229782,22.768925228643734,-1.9915356230211203,22.08655838041716,-3.4201628090076976,20.742663880623294,-5.0740688878682665,18.628852212861833,-6.9707217876827,15.628140290225158,-9.128147637551733,11.614671346457152,-11.564926931280871,6.45343680518039,-14.300190966403242,-0.0
144,3,-0.8828212912291666,2.2338850415694447,-0.8824587398560193,2.2570997772383268,4.997799257309597,4.854212762262314,6.6283211993272735,8.93746687280923,-0.0,0.0,0.3093022198727453,0.08003498519682925,0.555214375250899,0.2987365521303748,0.7410968338876511,0.6252433595675498,0.8704989118997866,1.0304185576433118,0.9472262578178484,1.4869614006667156,0.9753970774046898,1.969550098479537,0.9594800082441687,2.4550084520314535,0.9043085622438471,2.9224857305524616,0.8150694889347849,3.3536373083148083,0.6972648760765028,3.7327928758071693,0.5566500443740772,4.047099522239233,0.39915112153983456,4.286628491956583,0.23076748056655333,4.4444367083900405,0.0574649511949723,4.516576956720819,-0.11493412288323258,4.502053634170495,-0.2808582419246573,4.402723948629209,-0.435086517131298,4.223147146962351,-0.5728368581105069,3.9703866123197558,-0.6898397733357162,3.653771373158602,-0.782396206928605,3.284624662579446,-0.8474190156269509,2.8759676558496747,-0.8824587398560193,2.4422064427231382,-0.8857151844239195,1.9988097400490132,-0.8560369624144848,1.5619839231382207,-0.7929115570223165,1.14835076739561,-0.6964486264293809,0.7746319625008301,-0.5673592385222475,0.45734310039031556,-0.40693350960922636,0.21249854162450546,-0.21701877649478005,0.05532740927985912,-0.0,0.0,0.24121637458851317,0.059363170123130325,0.5032143475661902,0.244682761049358,0.7820757717559604,0.5653908634866661,1.0733833021120687,1.0288356611523206,1.372219257049714,1.6400317066030325,1.6731609803888232,2.4014087248792144,1.9702734296544642,3.312557372661692,2.2570997772383268,4.369970761661824,2.526650806940318,5.566780949642531,2.771393833576591,6.892489981831348,2.983241782376657,8.332695407791114,3.153542951911376,9.868810489571885,3.273071861779912,11.477779548375391,3.3320214644677604,13.131789066914171,3.3199968873834647,14.797975275524738,3.226010771317363,16.438129007510376,3.038480188424629,18.008398620797323,2.7452250574229713,19.458991757445077,2.333467925664331,20.733876658687535,1.789834955710476,21.770483679375463,1.1003579359883326,22.499407559457893,0.25047712867098104,22.844110917886542,-0.7749552292987505,22.720629341259652,-1.991670946469037,22.037278349652365,-3.4159815783968086,20.694362438321136,-5.064773952937925,18.583886318255644,-6.9555056428404916,15.589268412002726,-9.106200489822456,11.585056604264338,-11.535444265471662,6.436646199427325,-14.262380536587893,-0.0
145,3,-0.872463576111111,2.2561396459861114,-0.8656531770538081,2.237700965760185,4.998323519914153,4.8738519069942425,6.550554313349691,9.026504484879764,-0.0,0.0,0.3107612190065025,0.08047035098953913,0.5564594013328252,0.2999153616190809,0.7406406955783446,0.6266749240869862,0.8672132147398395,1.0309526078770141,0.9404419623726022,1.4849955845167577,0.9649375443622843,1.9632705592296669,0.9456362990757281,2.442632009554302,0.8877697867733078,2.9024779012276527,0.796822369354322,3.324887203095223,0.6784766925945944,3.6947331510461052,0.5385480367546034,3.999766406863405,0.3829095321110083,4.230663007032028,0.21741100427229718,4.3810331998182335,0.047794650708949706,4.447388774862576,-0.12038914921657361,4.429068128804829,-0.28186277854929936,4.328119924822805,-0.43169637829953444,4.149147665240547,-0.5653747400508622,3.899118714910451,-0.6788545581287373,3.5871422375113156,-0.7686111315471343,3.2242211182204867,-0.8316742044520812,2.8229832496321543,-0.8656531770538081,2.397397574920345,-0.8687523908955262,1.9624800450599609,-0.8397775821748257,1.533994193935105,-0.778134896889838,1.1281504094088675,-0.6838240656656837,0.7613072264183339,-0.5574274401933634,0.44967713900064415,-0.4000965967493392,0.20903857216663205,-0.213538119732296,0.05445482110481045,-0.0,0.0,0.23774016455905378,0.05849138472684036,0.49638427397945195,0.2412270122590904,0.7721195631828832,0.5577270327396102,1.0606209148740384,1.0154771033105556,1.3570496856514098,1.6196720595340108,1.6560493333040094,2.372958183641307,1.9517383283518142,3.2751725841097743,2.237700965760185,4.32307847845937,2.506976762939074,5.510095499219921,2.7520491424238593,6.826024491401045,2.9648340607824206,8.256766611609047,3.136669170498315,9.784036852358637,3.2583040009855235,11.385072384175778,3.3198915302988,13.032336322869657,3.3109814010022456,14.693217685560159,3.220514920596662,16.329728397153872,3.0368218852094184,17.89819825316229,2.747619179018824,19.34896874184773,2.3400110331978015,20.62608658699622,1.8004907774134489,21.666997801084534,1.1149438832160923,22.40224294602318,0.2686520802095359,22.755154193122287,-0.7537016795967492,22.641554662513805,-1.9680276289265395,21.969460410813674,-3.390823170718249,20.638785328899203,-5.03916663042859,18.54104911265746,-6.930710941781323,15.559088380678954,-9.083677408973138,11.56677093542017,-11.516849664369854,6.428713098856469,-14.249567917432577,-0.0
146,3,-0.8822122348888889,2.2986854661944442,-0.8929324930413691,2.280560660424367,4.996907576377398,4.874722584345506,6.623748336062697,9.196724461115124,-0.0,0.0,0.2969323180351988,0.07663736021517696,0.5370638229468974,0.28746491989933887,0.7222911403040759,0.6045491415916473,0.8547514027737185,1.0009595223922245,0.9369442227093469,1.4509200481752054,0.971831531205917,1.9300165166321543,0.9629066515372063,2.4154463881727835,0.9142270226857422,2.886294250196791,0.8304083085531443,3.323814014675787,0.7165808564202423,3.7116986544746147,0.5783123026764012,4.036319495847779,0.4215023484927746,4.286919568397237,0.2522572205908946,4.45574893006691,0.07675206000681833,4.5381338557286695,-0.09891051135068554,4.5324759293733345,-0.2688380091951776,4.440181074800517,-0.4274753476056236,4.265522121598927,-0.5697166206415661,4.015441429604346,-0.6909978771751313,3.6993022613591227,-0.7873689848739991,3.3285989485555363,-0.8555442111309677,2.9166364614856923,-0.8929324930413691,2.4781898311007176,-0.8976494574159767,2.029153103327669,-0.8685140455319886,1.5861862636036799,-0.805033082807128,1.1663670080792234,-0.7073773217504912,0.7868525089297833,-0.5763524084527551,0.4645545663364388,-0.4133679249130276,0.21582988101262562,-0.2204071978877637,0.05618571483724104,-0.0,0.0,0.24480034056052144,0.06025404585581094,0.5104345066051663,0.2482753861385588,0.7928490696988172,0.5734879920009238,1.0875027819119705,1.0431670146836527,1.3893677516068308,1.6621953692499596,1.6929262330992603,2.432819775264671,1.99216391573378,3.3544042783010672,2.280560660424367,4.423179738134601,2.5510796169730083,5.631988242669772,2.7961555818570942,6.970021856956762,3.0076833423274327,8.422555519338557,3.177006615838779,9.970674236112817,3.2949080487987117,11.590994994419159,3.351600597035961,13.255384009315318,3.3367204806962505,14.930670049152933,3.2393217938768766,16.57835465082183,3.0478727569859356,18.154320052641847,2.7502535282225336,19.608535647921492,2.3337554388202264,20.88476370667059,1.7850814828252384,21.920265036112365,1.090347873634969,22.64550516080906,0.23508647349150166,22.98386150735777,-0.795752094183935,22.851331982284474,-2.017794828911585,22.156245239165035,-3.4472423973666357,20.798972845109738,-5.100864982749235,18.671643479486136,-6.9959980644364,15.657859230178646,-9.150538232934615,11.6324139951605,-11.582939125754862,6.4610139495378585,-14.312207551747733,-0.0
147,3,-0.8714196657083333,2.2986022449583334,-0.86152046283195,2.2801891965758014,4.996768511820755,4.866015971322702,6.542716517046324,9.196391504393082,-0.0,0.0,0.28675305674778034,0.07405436505039266,0.5178314595215494,0.2774736552719575,0.6955112526887229,0.5829851787674878,0.8222263066460704,0.9644893283274155,0.9006712273706285,1.3971644940375116,0.9338924861083735,1.8576209170034634,0.9253581819146447,2.324095127128891,0.8789990651146471,2.776672326316669,0.7992164490993955,3.1975211192077597,0.6908559511262385,3.5711236324938724,0.559149169828263,3.8844843407342244,0.40962805135574226,4.1273026595412405,0.24801857016512846,4.292097246816739,0.08012135093151068,4.374273552573449,-0.08831298764219059,4.372130042914279,-0.2517065513067947,4.286802299271474,-0.40476883304569394,4.122147545372597,-0.542598626001191,3.8845748667611235,-0.6607700466378661,3.5828283479421166,-0.7554010494549496,3.2277315376355924,-0.823204181757889,2.8319021118134042,-0.86152046283195,2.4094454352710573,-0.8683381378890815,1.9756350522078006,-0.8422986460210085,1.5465871025143967,-0.7826924682906994,1.1389343987510046,-0.689447617129404,0.7695045330739634,-0.5631134302145211,0.4550050201200826,-0.4048420839710045,0.21171720694272655,-0.2163698875740588,0.05519955856154449,-0.0,0.0,0.24141223112242416,0.05937628504098876,0.5044705458778445,0.2450228724496119,0.7852453012346795,0.5668025110045669,1.0792772358963323,1.0324806424198314,1.381577731009076,1.6474607950029603,1.68662603061292,2.414519325007244,1.9883640165713534,3.3335381302381486,2.2801891965758014,4.401234276421575,2.5549465702706793,5.610885809909727,2.804919999368844,6.952053354669352,3.021823635404685,8.4102973874926,3.196793865691043,9.966891339553428,3.3203821350141283,11.598530877167912,3.3825488966771853,13.277039867279,3.3726588486349294,14.969073635155734,3.2794775234679556,16.635820177393185,3.0911692276997362,18.23270000875256,2.795296267674957,19.70906530393127,2.378819355809742,21.00789895250584,1.8280990614646164,22.065514084259323,1.1288981533435867,22.811254549423957,0.26638467322874676,23.167196759663817,-0.7748644180386446,23.047853215502865,-2.0108591741128183,22.359877967967392,-3.458192316317269,21.001774189096743,-5.134034732002358,18.863603959476233,-7.056130927616289,15.826700322132858,-9.242794529502936,11.763381601496835,-11.712903909226396,6.53666794370443,-14.485897994873703,-0.0
148,4,-0.8792191917638889,2.3048433595624997,-1.0219388925641397,2.341676860018377,5.002894835331835,4.92217433646301,6.601276232826132,9.221361345717126,-0.0,0.0,0.4023622525948537,0.10445426972580772,0.71463894896341,0.38734353896412244,0.9426048837963386,0.8050375814416116,1.0927257197040228,1.3169710529743426,1.172040285767621,1.885959746736884,1.1880391033550064,2.478456882255482,1.1485426876189937,3.0647484775745624,1.0615820668839677,3.619088345511195,0.935283074123383,4.1197742425114665,0.7777553778520415,4.549167315893132,0.5969869329967494,4.893657395688437,0.40074448168624227,5.143576996969842,0.19648082317326995,5.293067232135559,-0.00875029718408059,5.339899225040529,-0.20837073660534078,5.2852550699744905,-0.3963449905897878,5.133472856145716,-0.5672368618218182,4.891760733817096,-0.7162551039302202,4.569885380049539,-0.8392876557895468,4.179840485422275,-0.9329244086078426,3.7355009952451743,-0.9944688009445567,3.2522687800143837,-1.0219388925641397,2.7467151730238033,-1.0140589063188437,2.236225401903881,-0.9702425301350934,1.738649368716166,-0.8905695223020721,1.2719625219341895,-0.7757573477152212,0.8539397428639005,-0.6271296777992935,0.5018442754321482,-0.4465836034944761,0.23213280393751554,-0.23655733529457643,0.060176873688824566,-0.0,0.0,0.2596550989661399,0.06402906392381505,0.538512694874985,0.2628579835796034,0.8322325246074755,0.6050212031240054,1.1360406852514908,1.096774270410534,1.4447353604550734,1.7418786794342327,1.752687205605514,2.54138822282172,2.0538349368466453,3.4934343106552754,2.341676860018377,4.593008035053684,2.6092591967388716,5.831737161190608,2.8491621173891275,7.1976566699307,3.0534843814000716,8.674971932185844,3.213827424557929,10.24381403200541,3.3212796338336084,11.879987151794353,3.3664014259498454,13.554708273002474,3.339211609286103,15.2343397198482,3.22917537088804,16.880115278829827,3.0251941001515408,18.44786076464098,2.7155971445686458,19.88770997916242,2.288135494715891,21.143817032542437,1.729977317250002,22.154065973526627,1.027705196114994,22.849778620130785,0.16731490221256876,23.155421401127725,-0.865784511675522,22.988311922444826,-2.086769503508908,22.258325868045773,-3.5113999334367105,20.86760473844632,-5.156016255462645,18.710264826550404,-7.037536194933383,15.672107733545996,-9.173451077943456,11.6303326395601,-11.581821957300148,6.453250466039794,-14.2812756577219,-0.0
149,4,-0.8779189561805556,2.2818354351875,-0.9298189225495452,2.2419918540996906,5.003727409434429,4.933425183706318,6.59151391833876,9.129309804081307,-0.0,0.0,0.3987808828683022,0.10388990798877906,0.700807392768961,0.3826512797405191,0.9143240671885996,0.7899428061290914,1.0480890189533296,1.2836815751362793,1.111188213401901,1.8262533899852087,1.1128546933986627,2.3846311343234863,1.0622999852637132,2.9304055235980995,0.9685633470873889,3.4397358212247955,0.8403826846563188,3.893230475987906,0.6860890890470711,4.275769078856514,0.5135252431889782,4.576277577459397,0.3299865414680661,4.787468444703377,0.14218273431989029,4.905556646069871,-0.04378274873233657,4.929960976555688,-0.22241897305854808,4.862998820308543,-0.38884241271227316,4.709580772074933,-0.5387637244209205,4.476909962283764,-0.6684692525040851,4.174189425615607,-0.7747998059341845,3.8123394973781415,-0.8551288722065276,3.403726044102465,-0.9073420312532896,2.961899352129198,-0.9298189225495452,2.5013427187962014,-0.921418713892582,2.0372292159454406,-0.8814696349498201,1.5851847186668022,-0.8097627864029275,1.1610551003759193,-0.706550129172346,0.7806754686481281,-0.5725463080928201,0.4596394290282605,-0.40893377702767814,0.21306658638691617,-0.21737056971418656,0.05536679324805982,-0.0,0.0,0.24053843004287936,0.05923092349502343,0.5010975948934357,0.24387810280060843,0.778011388564109,0.5630572335882905,1.0670839526131919,1.0239189514035996,1.3635798854985146,1.631381460131277,1.6622157166701805,2.3878585718209258,1.957152821201349,3.2929838384826344,2.2419918540996906,4.343331519651927,2.5097687013120638,5.5321351479074705,2.7529518785888025,6.849004435875806,2.9634412600643523,8.27964122083536,3.1325679847490715,9.805555074922998,3.2510953694438496,11.403779127582446,3.3092206487591938,13.046586558746135,3.2965773646311627,14.701208131661254,3.202238236685927,16.329551047451197,3.0147183588862934,17.887919322527235,2.721978585228913,19.326735816915406,2.311428986284399,20.590265977661865,1.7699322778338744,21.6163433072452,1.0838071418049664,22.336096522325576,0.23883137747030447,22.673678332762755,-0.7797551630019165,22.54599574392257,-1.9872478863148473,21.86244176597836,-3.399475036542079,20.524628401225808,-5.032795549491584,18.426120773373572,-6.904097183663338,15.452172260382342,-9.03079492185561,11.479460493797374,-11.430829632351568,6.375824091833489,-14.122666974850615,-0.0
150,4,-0.9028600296874999,2.3405805462152776,-0.9866217876554563,2.3114107065328704,5.001994329471989,4.919252446050872,6.77877429357267,9.364340915342698,-0.0,0.0,0.39279224006954294,0.10206237719479222,0.6959034019431447,0.37784202300340913,0.9158221667501112,0.7840976342576458,1.0595316608932963,1.2809605119371184,1.1343995051630598,1.8321541387734235,1.148072710788096,2.405159913008261,1.1083785841904223,2.971331813591503,1.0232315474208178,3.505963020300556,0.9005450315877932,3.9883072559269603,0.7481473779292153,4.401557119752951,0.5737009026958528,4.732781188525524,0.3846237969857809,4.9728213593590285,0.1880151661447604,5.116151901573778,-0.009415894980561047,5.160701989311289,-0.201415864080209,5.107644051069403,-0.3822454611433861,4.961150996587924,-0.5467299371791614,4.7281261459787265,-0.6902997520487639,4.417910373793776,-0.8090208361207063,4.041971495093933,-0.8996141550073902,3.6135811948292234,-0.95946485392566,3.147484802917849,-0.9866217876554563,2.659568944501205,-0.979788694813484,2.1665315746499774,-0.9383086166384941,1.6855581869091312,-0.8621433710250983,1.2340071266630612,-0.7518499666875891,0.8291060107749555,-0.6085557872296508,0.48766032119927993,-0.43393420796543886,0.22577436292456096,-0.23018205444965698,0.05858400561676923,-0.0,0.0,0.25342333966491487,0.0624601956321048,0.5264231946805689,0.2566886927937681,0.8148662049452962,0.591459830894453,1.1141539212674625,1.0733649315158686,1.419222618283018,1.7065798507312337,1.7245399453867614,2.4926316231138856,2.0240990329328055,3.430162768173907,2.3114107065328704,4.514692149633605,2.579494450976234,5.738371603286014,2.820868717517708,7.08973785928957,3.027541094962233,8.553459564135919,3.19099877651363,10.110079446056137,3.302199659859721,11.73575186007391,3.351564324816287,13.401976094178085,3.3289690465335897,15.075325918294496,3.2237399264247486,16.717175917288046,3.0246481596081938,18.283425173921284,2.7199064074194776,19.724218863986884,2.2971662060646523,20.98366830022493,1.7435163166682202,21.999569920261187,1.0454819062879674,22.703123662120998,0.18902444219839215,23.018651113529053,-0.8404578188724032,22.863313761959983,-2.0581288604894,22.14683161416608,-3.4797135612872454,20.771202398794465,-5.121496070684436,18.630421515147084,-7.000317990089292,15.610202845989203,-9.133576432392376,11.58770051297211,-11.5392220209784,6.431231619747317,-14.23575687855243,-0.0
151,4,-0.9915440318125,2.337113271208333,-1.0097194518472927,2.3096419753989745,5.0029926459698135,4.9373364254986045,7.444623721046132,9.350468824820208,-0.0,0.0,0.4119738069180346,0.10702965162385529,0.7298498367049522,0.39628542503701875,0.9597657567294404,0.8222147500862618,1.1087058958116491,1.3425513339490347,1.184351895005415,1.9187019943294417,1.1949176729022164,2.5160545244245034,1.1489774810936952,3.1042009581952397,1.0552950684887947,3.657074830287646,0.922660674231924,4.153004727233968,0.7597409714850355,4.5746893942951985,0.5749454283634401,4.909101807355579,0.3763110322567713,5.147330963577591,0.171406063590965,5.284370790202003,-0.03274734628526399,5.318865663079439,-0.22973279472888325,5.252821718401523,-0.41378266192506025,5.091292567827478,-0.5798062207541264,4.842047291976718,-0.7234045223621466,4.5152277587263985,-0.840873859026063,4.123001430714467,-0.9291996574759003,3.6792149117961404,-0.9860426850074782,3.199052547350547,-1.0097194518472927,2.6987034504933836,-0.9991786547239676,2.1950393922415015,-0.9539754175043491,1.7053050911931962,-0.8742449393634031,1.2468215943371144,-0.7606769610400878,0.8367026832151073,-0.6144922145390053,0.4915835940789181,-0.4374217462968949,0.22736082594961785,-0.2316897168069737,0.05894143715104368,-0.0,0.0,0.2544733495895915,0.06274128683361381,0.5280919113499328,0.257666782707121,0.8167553154529493,0.5933432396683553,1.1159007039253228,1.0761716802371133,1.4204997500540149,1.7101554986863177,1.7250537781184057,2.4966665744668157,2.0235875160450347,3.43420858214679,2.3096419753989745,4.518176940004344,2.5762668949492618,5.740615072728896,2.816013114148096,7.08996686466008,3.02092516842461,8.550825344610663,3.182534324975613,10.103677770814995,3.2918522099747975,11.724647376649656,3.339365118593121,13.38523209796852,3.315029049414759,15.052040635717573,3.208265465184574,16.686526217953716,3.007957751985901,18.24471841850708,2.7024483280318887,19.67695336999855,2.2795363400496527,20.927602680921332,1.7264758783909497,21.93480133353717,1.029974640155514,22.63017480426236,0.17619297149007299,22.93856561320022,-0.8492567753010632,22.777759476089685,-2.0613106280824214,22.058211201235594,-3.475453175911596,20.68277044658596,-5.107717588756994,18.54640742830637,-6.97468551279864,15.535938651993865,-9.093486871554154,11.529752720913827,-11.48179959707053,6.397536262052019,-14.157849310165513,-0.0
152,4,-1.0182429519305556,2.291288938798611,-0.9949851711739874,2.275809345085953,5.002581951382775,4.933855267869384,7.645082205652067,9.16713197209087,-0.0,0.0,0.41853758872451396,0.1088298242698128,0.7394113663117161,0.4022542728530474,0.9693321595702558,0.8330772171556468,1.1159329968315967,1.3576956640516882,1.1875843657917564,1.936515661628302,1.1931913364886961,2.534270827682343,1.141983933564399,3.1202372815759585,1.0433115952958874,3.6683443562470606,0.9064511229642531,4.157185559963652,0.7404354483619964,4.569938460873699,0.5539081349738002,4.89420523564799,0.3550060875070894,5.121787466315043,0.15127073509881211,5.248409440309593,-0.05041384482791815,5.273403872182274,-0.24385869459474327,5.199372852576029,-0.4235872645777644,5.031835194666374,-0.5848361989512105,4.778869429986771,-0.723543589122526,4.450759706011753,-0.8363284044873824,4.059649909403802,-0.9204643903580991,3.6192095840916214,-0.9738512212632463,3.144313691762738,-0.9949851711739874,2.650736999799416,-0.9829310487946795,2.1548628803997136,-0.9372966694275913,1.6734055515873805,-0.8582107084728965,1.2231442639444678,-0.7463044122927112,0.8206676091687609,-0.6026973329694953,0.4821259685253604,-0.42898700492002373,0.2229901006488724,-0.2272422919533017,0.057813958928578005,-0.0,0.0,0.24973573146080366,0.06156546981276334,0.5184917836361107,0.2529084082963576,0.8023226827237173,0.5825723772262522,1.096805989549774,1.057009171854297,1.3970368996938132,1.6803390126773683,1.697622435984827,2.454107920873945,1.992675545738273,3.3770421546323814,2.275809345085953,4.444799722193908,2.5401316866338846,5.649719091843792,2.778240167529905,6.980565292076316,2.982217644655184,8.422273640718961,3.143628282835701,9.955691364551877,3.2535141306266406,11.557317375686585,3.3023921956742073,13.199040462260877,3.2802519768348097,14.84787613300681,3.176553401856863,16.465702331503913,2.9802251161771456,18.008994209332993,2.6796630689774132,19.428558120135143,2.262729345940344,20.669264970385893,1.7167512031574497,21.669783038613897,1.0285202625784458,22.362310353479685,0.18429183563660143,22.672306702883677,-0.8302156522119366,22.518225331129162,-2.0298211576400376,21.81124436897234,-3.4298814528737833,20.45499803187399,-5.04629150867064,18.345307614582573,-6.89548483558008,15.369912304956928,-8.994433789379757,11.408199836310263,-11.360649844401769,6.330936995180805,-14.012183836862375,-0.0
153,4,-0.9880650283472223,2.258270844861111,-0.9688835851980667,2.26757717557519,5.003574223414794,4.932061714248274,7.418502973109337,9.035031118520363,-0.0,0.0,0.42014658041057895,0.10941272116247831,0.738946549876938,0.40324983114980995,0.9643664613107134,0.832791388798734,1.105187305335431,1.3535131391021173,1.1707844381262604,1.9254393872933422,1.1708973433521057,2.5133827940610667,1.1154012552874404,3.0870690215465864,1.0140920382480496,3.6211500562118966,0.8764941386365728,4.095115374823295,0.7116990508144033,4.493114462561975,0.5282388333672944,4.803707202025637,0.33399612056314415,5.0195601474133635,0.1361491548741015,5.13710667651992,-0.05885206439998564,5.156187642597863,-0.24528414415228594,5.079686732460114,-0.4181297173828781,4.913171660048293,-0.5730446031982919,4.664548987080012,-0.7063188737705347,4.343737126196986,-0.8148370116228362,3.962359229327535,-0.8960410974780328,3.533455376497742,-0.9478996587497309,3.0712118385142846,-0.9688835851980667,2.590704183954294,-0.957949484849529,2.107650565391097,-0.9145300634921649,1.6381715413482298,-0.8385305760373166,1.198553142965947,-0.7303300980175155,0.8050104543114454,-0.5907862618427493,0.47344963427379577,-0.4212421481995668,0.21922697945070777,-0.22353417079707172,0.056904248602453224,-0.0,0.0,0.24651419720670267,0.06073711265597295,0.5126476934300181,0.2497869656766223,0.7945205957913476,0.5760109426171424,1.0877308032362387,1.0462000228307409,1.387352487408254,1.6648132364544306,1.687935952975621,2.4337157124177056,1.983508663010186,3.3519169578495434,2.26757717557519,4.4153098890160205,2.533129723895652,5.616411002599001,2.772639178834158,6.944101943176289,2.9780661534992,8.383372596892986,3.1408620407750703,9.915065728650713,3.2519718111551503,11.515623084527666,3.3018364370152535,13.156832804494053,3.2803948476791445,14.805577933178581,3.1770853553268794,16.423585777679623,2.9808465236461688,17.967177839582746,2.680117478345362,19.387020041304154,2.262837680897995,20.62787297221061,1.7164462041839386,21.628341895177748,1.0278805612942743,22.320626276919352,0.18357514711173495,22.6302686333066,-0.8305406430959836,22.475902512001383,-2.029044552339939,21.76899946733799,-3.4270237931487753,20.41361491508394,-5.040077509723549,18.306132786367403,-6.88431931382705,15.335008929818962,-8.976379842698291,11.380513238231195,-11.333409293354379,6.3144705003937345,-13.973079893985515,-0.0
154,4,-0.9954080534270834,2.2742815597361115,-0.9886556547055738,2.2827546337532443,5.003723064249506,4.934595489578506,7.47363522839995,9.099087787123498,-0.0,0.0,0.4211723500977608,0.10958480920697392,0.7426692067922999,0.4045540024343384,0.9717703643056835,0.8368498825288639,1.1166252352138655,1.3622795435875157,1.1860606657339083,1.9409026099894977,1.1893709624171898,2.5373179608149594,1.1361018217385426,3.1208434502539877,1.0358397341794754,3.6655884962207024,0.8980172520249927,4.150424941427066,0.7317424346490833,4.558866298809748,0.5456581083247266,4.8788689987377545,0.3478336594469628,5.102571346684311,0.1456892829596087,5.225986548191241,-0.05404976420819566,5.248665503032176,-0.2453730989107417,5.173343380545429,-0.4229845627156919,5.005581603168152,-0.5822865596583713,4.753414138997257,-0.7193547222230249,4.427004255006369,-0.8309075988103801,4.038315360054112,-0.9142751607293131,3.6007974371416465,-0.9673689400617614,3.1290889110737554,-0.9886556547055738,2.63873263413431,-0.9771353373095643,2.1459039601696857,-0.9323243066154873,1.6671485459027051,-0.8542428175024663,1.2191274819000302,-0.7434068917014399,0.8183675276610194,-0.6008236425525455,0.4810145269579617,-0.42798933534653605,0.22258844505561212,-0.22688943932346672,0.057738848017581515,-0.0,0.0,0.24971023306155768,0.06154506445574811,0.5187773669717429,0.2529391476449821,0.8032399375661667,0.5828911143088236,1.0986367043069578,1.0580042383949666,1.4000047840011653,1.6825258328552173,1.7018781624776786,2.458096040504701,1.998286565853118,3.383495972332657,2.2827546337532443,4.454395359932098,2.5483013137005424,5.663099853492658,2.787439386104457,6.998298053465913,2.9921750299628305,8.444808318524663,3.1540073476336254,9.983325349295496,3.263927780254438,11.590166509671192,3.312419361331768,13.237017817211719,3.289455772873768,14.890679512111113,3.18450018480849,16.512811100530012,2.9865038733272606,18.059675762265908,2.6839046265885163,19.48188401384862,2.264624956578748,20.72413652506133,1.7160701437591792,21.72496599834878,1.0251261465122579,22.416478035333167,0.17815741054819045,22.72409093153974,-0.838995385376789,22.566274358386895,-2.0410176115173733,21.85428690962277,-3.4431229627922906,20.491912506960265,-5.061055696560773,18.375195676109712,-6.911092804430874,15.39217571932161,-9.010046093803533,11.422619823661403,-11.375264158843548,6.33775515539299,-14.024634224567803,-0.0
155,4,-0.9732294443125,2.2446811530208333,-0.9572940265938016,2.32054280922025,5.003613131822554,4.930700917978347,7.307115745435164,8.980660630167554,-0.0,0.0,0.40307911345120245,0.10499951959170864,0.7086700030202143,0.38682725403477686,0.9252207837906578,0.7988268579527334,1.0616564132504798,1.2986940200903432,1.1271722064831444,1.8486628808693555,1.1310413305441556,2.415592314497293,1.082444374484194,2.970961193403604,0.9903263817224348,3.490785139210668,0.8632838314160263,3.9554692330172094,0.7094813216647115,4.349611703917013,0.5365954337666168,4.6617728986636235,0.35178163307191673,4.8842221396277,0.161659158393576,5.01267275013997,-0.027691371133852644,5.046012920202818,-0.21072256630411038,4.98603751407137,-0.3824112991323847,4.837183623854467,-0.5382494092292459,4.6062708031388935,-0.6742363267208903,4.302245540995391,-0.7868748997853973,3.9359286588095737,-0.8731709017138811,3.5197638786355125,-0.9306360617803183,3.0675657400056338,-0.9572940265938016,2.59426523731468,-0.9516884015941228,2.1156519178606663,-0.9128919193980796,1.648111637287061,-0.8405157995454089,1.208359645663746,-0.7347184683620503,0.8131691220289908,-0.5962129661569455,0.4790956528835903,-0.4262725543822541,0.22219844078847317,-0.2267342258157879,0.057759225122821375,-0.0,0.0,0.25096395694251694,0.061800632904334275,0.522630220892489,0.2544174347436371,0.8109147429309439,0.587203622929289,1.1111828982207737,1.0673324696411455,1.4182565856974847,1.699523752833935,1.7264220033389432,2.4857739415365696,2.029437734632142,3.4250903613062564,2.32054280922025,4.513229409759217,2.5924644399842833,5.74243873300549,2.8374251857202495,7.101203136433666,3.047149339357659,8.573993890476858,3.212868393180042,10.141021004869675,3.325325482243495,11.77798798318814,3.3747787532612885,13.455848531764483,3.3510036473241227,15.140564681205596,3.2432941201575702,16.79286578201269,3.040462852810779,18.368007855207292,2.730840528699777,19.815532811326484,2.3022742700379033,21.0790270936282,1.7421253383119786,22.095879350987342,1.0372662101720327,22.79703680016233,0.17407714253643786,23.10675999356798,-0.8615576604545923,22.94237576543551,-2.0842541701069606,22.21402818464009,-3.509132843329677,20.824427395224415,-5.15182302624957,18.668596274747486,-7.028467366525179,15.63361488532387,-9.155726159579942,11.598362732123595,-11.550781564261886,6.433258878926763,-14.23134163370281,-0.0
156,4,-0.9278508685277777,2.2522393829166667,-0.9530148316821915,2.2436054891629076,5.003492346924415,4.934852627070551,6.966408312506843,9.010900068658817,-0.0,0.0,0.4131008239804906,0.10760846445020038,0.7261060107801656,0.3964140143203495,0.9472728283005885,0.8184047167365842,1.08546192032418,1.3298547945147878,1.1499695647082757,1.8915849636471018,1.150349489533513,2.469135984425599,1.096231939646709,3.032852099971691,0.9971480828731183,3.557875005751065,0.8623675974663387,4.02405300523374,0.7007563297958942,4.415773718749768,0.5206593023157199,4.721731779656007,0.32981224787881475,4.934645081889659,0.13528249859854247,5.050934148189934,-0.05656223926384465,5.070379019863141,-0.2400606564689177,4.9957668247566485,-0.4102450043660425,4.832541084364326,-0.5628142472333937,4.588461181729813,-0.6940988823525468,4.273277566490071,-0.8010226162398413,3.8984255356552784,-0.8810651819435825,3.476738047021606,-0.9322294529083788,3.0221761564958154,-0.9530148316821915,2.5495743884937814,-0.9423978098605956,2.0743976362508336,-0.899819704310024,1.61250597277803,-0.8251809199247816,1.1799239245980624,-0.7188406752482825,0.7926111984300023,-0.5816209286598347,0.4662324406495713,-0.4148132167749816,0.21592425319824957,-0.22018721440023378,0.05605831350886355,-0.0,0.0,0.24299477767633615,0.05986238062267685,0.5055384180429108,0.24625576934584367,0.7838597551122336,0.5680332968121569,1.073669019108858,1.0320330876001436,1.3701530383950478,1.6428177031540143,1.667971739522384,2.4024115137586493,1.961255828409452,3.3100366218630906,2.2436054891629076,4.361847887856764,2.5080899138434956,5.550667520997573,2.7472474713175234,6.865719602904786,2.9530863313448883,8.292364816648229,3.117085376954637,9.81183556647525,3.230195260388462,11.400971595142053,3.282839482631664,13.031956139585684,3.264915401675029,14.67205261198352,3.165795098646504,16.283341751889033,2.974326052819814,17.822459165272747,2.6788315956633366,19.240333146710533,2.2671111302713935,20.481922670213983,1.7264401156926712,21.485955430785076,1.0435698259732142,22.184665821225835,0.20472690140784564,22.503532735664606,-0.8043872851498534,22.3610171014365,-1.9985974206999875,21.668299053298604,-3.3932551752948883,20.32901467756148,-5.004240227701922,18.238992267831858,-6.847961365860632,15.285988048097245,-8.941357635892867,11.349421332388127,-11.301899515403665,6.300109102898097,-13.94759008915056,-0.0
157,4,-0.9214647909166666,2.246586915527778,-0.9197432199016758,2.264023355717826,5.003024301117563,4.931737257316631,6.918460926064292,8.988285323899015,-0.0,0.0,0.3992604246329435,0.1041102617461699,0.6997744917230334,0.38279914777597046,0.9105831767394373,0.7889314785244105,1.0411555292846033,1.2800083950610393,1.1011791548182719,1.8183287927117946,1.1003608474767532,2.3710481411331754,1.048246106186607,2.9101420102718927,0.9540644631227243,3.41228556451017,0.8266052007074526,3.8586631813472874,0.6741254038684072,4.2347239867802156,0.5042897014972885,4.529899416675178,0.32413879003068136,4.737298005930371,0.1400821278001829,4.853390701021192,-0.04209083632522093,4.877697400195073,-0.21718687025178066,4.812482496193027,-0.38057829719775266,4.6624642573353405,-0.5281704237087401,4.4345402037385675,-0.6563709911129183,4.137528404095284,-0.7620644430960792,3.7819229351585615,-0.8425926863417214,3.3796606321964378,-0.8957430336223948,2.9438956740120554,-0.9197432199016758,2.488778409744354,-0.9132627953242297,2.029235044969648,-0.8754198194135783,1.5807452558173096,-0.8057915845800735,1.1591153936890826,-0.7044280503493062,0.7802455962555885,-0.5718667355327017,0.45988976716827035,-0.4091479583489712,0.2134079801341123,-0.2178295030236616,0.0555113721925638,-0.0,0.0,0.24170948416447258,0.059494436803136416,0.5041159560611743,0.24516209016968232,0.7834772407977273,0.566439330888961,1.0754869569422552,1.03075055481119,1.3752716015014115,1.6432252666004985,1.6773895424097527,2.4064141926428655,1.975831660911765,3.3200053142150057,2.264023355717826,4.38054057463952,2.5348276109950083,5.581133866861432,2.780548836967626,6.911190759987573,2.9929372110820704,8.356130282074762,3.16319327556325,9.897108947109146,3.2819725804222286,11.510747100180312,3.339390196751011,13.16885755827312,3.325024961190427,14.838176445559338,3.227923347043429,16.480096061251448,3.036602889383337,18.05039957391898,2.739055119863564,19.49899730709051,2.3227479913264255,20.769664365085703,1.7746277925836584,21.799779343310714,1.081120569976995,22.52006387166007,0.22813308476515035,22.85432275123284,-0.7989466556244714,22.719184461478044,-2.0152492484789857,22.02384183551034,-3.436424081440844,20.669792724280278,-5.078639804293132,18.550580494360926,-6.958585038756738,15.5515342283622,-9.093469279974137,11.54950852064665,-11.501023946139991,6.412622783520381,-14.199503536201492,-0.0
158,4,-0.9086762108263888,2.252077713576389,-0.9535920619616159,2.2544831055508543,5.003578086247531,4.935106736421903,6.822442833428963,9.010253251859297,-0.0,0.0,0.413723324013258,0.10777556846947003,0.7271274460745049,0.3969995061853577,0.94854644833448,0.8195689953880699,1.0868823405481405,1.3316964783212215,1.1514482793485568,1.8941549861359617,1.151801289936357,2.4724422019132355,1.0975709456869047,3.036859588966606,0.9982910817841982,3.5625063155668744,0.8632417512919056,4.029191301717134,0.7013081560244008,4.421270225663548,0.5208621638037535,4.727417440071577,0.3296703281272465,4.940345150737342,0.1348302313662897,5.05648365677974,-0.05726526746371126,5.07563680192721,-0.24093839901780967,5.000626040422304,-0.41121568087385896,4.836934815843258,-0.5638012722056416,4.592362538206421,-0.6950402510848439,4.27669464361171,-0.8018773752652193,3.9013923642871005,-0.8818161593561469,3.4793032200263716,-0.9328820262467227,3.024391083909685,-0.9535920619616159,2.5514831009358896,-0.942932695950441,2.076029779447268,-0.9003455760048115,1.6138741859449262,-0.8257210888476332,1.1810262545835735,-0.7193984233584104,0.7934386466578348,-0.5821707718243597,0.466781232169072,-0.41529417667636953,0.21621199771396551,-0.22049860340984362,0.05614291845234217,-0.0,0.0,0.24348766025597257,0.05997725824816307,0.5067411015357822,0.24678484318952293,0.786017740128274,0.5693918257336222,1.077047243367303,1.0347643646949995,1.3750247698811382,1.6476000718156452,1.674605873563361,2.410059415852749,1.9699029578889162,3.3214949724855627,2.2544831055508543,4.378179253391854,2.5213670749090262,5.57303175091851,2.763029243185012,6.895345726840296,2.9713982808520134,8.330515164239914,3.1378583571406287,9.859762197273296,3.2532506987925536,11.459865238892286,3.3078753498351148,13.102887943987628,3.2914930067504176,14.755909075953173,3.1933268292306742,16.380753288374333,3.002064150599828,17.933722789709044,2.705858033265635,19.3653298263082,2.2923286329251975,20.620029896519316,1.748564350616323,21.635955594443956,1.0611227641984238,22.3446509747048,0.21603134068289356,22.67080632793381,-0.8012120616996162,22.531993259362345,-2.005638887394979,21.8383999687696,-3.412809755409596,20.49256663818065,-5.038814488968608,18.389120843306344,-6.9002722816518585,15.41451291513756,-9.014331978537554,11.446751188831296,-11.398672451402332,6.355137087655952,-14.071503048053646,-0.0
159,4,-0.88982935125,2.294217035145833,-0.9645780719698309,2.325644800773619,5.0041053925392145,4.924480835875515,6.680938499412516,9.178846882937538,-0.0,0.0,0.4103424830114754,0.10681118401858333,0.7228271617476977,0.3940282099692708,0.9450685741284673,0.8145939666790469,1.08536891323627,1.3254370287584005,1.1525524439295753,1.8877748390167028,1.1557858640779295,2.4673302498762304,1.1043930504190773,3.0344564767371542,1.0076730339962996,3.564169863171212,0.8747297863798698,4.036094244002923,0.7143214119789962,4.434324766449188,0.5347346777280286,4.747222437055615,0.34368861946957285,4.967153097370958,0.14826848601121154,5.09018578738073,-0.04511118757604933,5.115765462099348,-0.23071774975729908,5.046373863130757,-0.403490832829993,4.887190230278792,-0.5590178895937941,4.645760784375618,-0.6935009620834742,4.3316828826023555,-0.8037203170121886,3.9563067907226745,-0.8869996308793586,3.5324554208681773,-0.9411761680829568,3.0741603443310312,-0.9645780719698309,2.596410998442817,-0.9560096539968114,2.114913261991441,-0.914744541001395,1.6458533978256003,-0.8405257887189399,1.205663631256963,-0.733571603336278,0.8107862069695622,-0.5945851054099136,0.4774335079784304,-0.42476657159172954,0.22134261020495277,-0.2258267393854888,0.05752339600037694,-0.0,0.0,0.24994341600920114,0.061545879010016395,0.5206868747676315,0.2534131744832293,0.8083587554157103,0.5850572779771119,1.1085259897835562,1.0638576335397572,1.4161896993755478,1.6948358382435633,1.725782780998927,2.4803720565422784,2.0311692119293787,3.4199206680498966,2.325644800773619,4.509725941265677,2.6019390938484817,5.742538383734899,2.85221815176339,7.107332274519566,3.0680879304988626,8.589024746606306,3.2405980301552635,10.168196660958033,3.3602456083363688,11.820815403823127,3.4169792905163128,13.517959646233665,3.4002029443367765,15.225546029519604,3.2987792169992467,16.904057682317305,3.1010327637882464,18.508274431503494,2.794753120800199,19.987004539928247,2.367197196025657,21.282817785790662,1.8050913701511277,22.331779690035088,1.0946332120816473,23.063186697380054,0.22149282459976544,23.399302121822004,-0.8291861568209937,23.25509267717278,-2.0727858838225575,22.53796542609221,-3.5252139021470974,21.14750499606836,-5.20290301276023,18.975210926979035,-7.122811353755261,15.904235031513885,-9.302422670349607,11.80911866628386,-11.75974674168571,6.555529827464343,-14.513319935069852,-0.0
160,4,-0.9238106496944444,2.4008888850416668,-0.966185465849622,2.3195356948537222,5.004218196147308,4.9311637225458265,6.936073896686832,9.605626286068992,-0.0,0.0,0.4160011273237581,0.108416183845279,0.7303314485743975,0.39905264826084563,0.9519643322025154,0.8232956234012623,1.090310663884722,1.33713440645727,1.1550479779409395,1.9013375949878846,1.1559486841381894,2.4815433495607886,1.1027148776228501,3.0482651058410557,1.0048268409387808,3.5768178360707816,0.8714112491600551,4.047173268467453,0.7111333829596771,4.443755073515728,0.5321155586101701,4.755186665193459,0.3418817822669431,4.974004817423241,0.14732662000043328,5.096351782383384,-0.04529531237274496,5.121657174365982,-0.23036384222912926,5.052318807282207,-0.4028766997912173,4.893389251710752,-0.5584267403464978,4.652272410970715,-0.6931770964337632,4.3384321598605196,-0.8038375246978893,3.963113223853374,-0.8876442027560002,3.5390730953147935,-0.9423442572379664,3.080322903090195,-0.966185465849622,2.601874727965184,-0.9579109295830954,2.119492805341058,-0.9167580718166967,1.6494462767793525,-0.8424610747882166,1.2082615427264491,-0.7352557780883601,0.8124727408081996,-0.5958860976334254,0.4783693574185704,-0.42561113614771,0.22174042543606717,-0.22621231160915173,0.05761513766259189,-0.0,0.0,0.25018064721703615,0.06161285862725154,0.5209449050388136,0.2536142679138974,0.8083647703329937,0.5853367317250836,1.1079663321626418,1.0640123635050514,1.4147281323173486,1.6944994836574885,1.7230803887465707,2.4790086188332405,2.02690493167984,3.4168282976218762,2.3195356948537222,4.504050959632244,2.5937596084750383,5.7332992168050145,2.8418177527895723,7.093452631907063,3.0554066484031295,8.569375112756292,3.2256795794093924,10.141642963708813,3.3432478660673066,11.786273589138858,3.3981820238898277,13.474454807088827,3.3800127646318416,15.17227470443095,3.2777318112215656,16.840451946859286,3.079792512864433,18.434066446701387,2.7741102582663166,19.902290287685478,2.348062694228808,21.18811880719673,1.7884897639211736,22.2281017420351,1.081693584153832,22.952074352174172,0.21343818422436583,23.282888447562794,-0.8310508693505922,23.136143254788927,-2.067086937398931,22.41991607275505,-3.51052283761305,21.03449267883921,-5.177751415921288,18.8720974589042,-7.085706138390173,15.816623245642743,-9.251861684494216,11.74336085987954,-11.694234524971664,6.5187283584440445,-14.431383469967292,-0.0
161,4,-0.9363819803819445,2.2894825620763886,-0.9612948841538456,2.2797341634794432,5.004336702051438,4.926133370490935,7.030460856457244,9.159904907217678,-0.0,0.0,0.42086942205525285,0.10967210504492539,0.7388950347389024,0.4037241470014169,0.9627141172953259,0.8328624071561651,1.1016174866402573,1.3522831102159338,1.1653510923105037,1.9219502298213509,1.163907594284815,2.5067711422025547,1.107318786582146,3.0766678253011643,1.005459479253859,3.606546710241528,0.8678722372798742,4.07617533367727,0.7036203100241397,4.469978153884164,0.5211734103620449,4.776766910646046,0.3283280503976413,4.989422504453552,0.13216127592806381,5.104545496736496,-0.06098580238925503,5.122091119404375,-0.24550006174099084,5.045002405014271,-0.4164703740973232,4.8788520774519295,-0.5696501437113346,4.631500575331273,-0.7014144865014509,4.312774383896112,-0.8087172100753606,3.9341660177143822,-0.8890515236376169,3.508554717276799,-0.9404170996441392,3.049945285300184,-0.9612948841538456,2.5732214899419223,-0.9506300186132004,2.0939100316925296,-0.9078224475907277,1.6279510971650073,-0.8327242550981591,1.1914718791271457,-0.7256424744705956,0.8005600042174243,-0.5873460120161417,0.471034470527425,-0.41907536381093125,0.2182123723001138,-0.22255394001209192,0.05667031861548475,-0.0,0.0,0.2458615885941869,0.06055780310449394,0.5117883472699536,0.24920871489394797,0.7940103326762316,0.5750649999239269,1.0882216625832943,1.0452202889299862,1.389573522705807,1.6644797987230449,1.6926686550670067,2.4350874275624483,1.9915572560358472,3.356450451304617,2.2797341634794432,4.424862496611316,2.5501371834099125,5.633225399228462,2.7951463928713087,6.9707704765681715,3.0065842537667096,8.422779661278986,3.175716378538537,9.970306861110364,3.2932528003275845,11.589899833582802,3.34934961524912,13.253322793942433,3.333610881049487,14.927279912815987,3.2350906734000913,16.57313980636785,3.0422952175714473,18.14666107654563,2.743185028630105,19.597718921776476,2.3251770072674156,20.870032808603415,1.775146450727864,21.900895171464317,1.0794289490083024,22.62090109029411,0.22382214558829058,22.953678883054806,-0.8064126504759629,22.815621541881182,-2.0265490080733555,22.11561893654836,-3.452394075200341,20.75479070676426,-5.100287435913301,18.626219764788306,-6.987100118271005,15.614686331575816,-9.130233746301435,11.596402432618852,-11.547619827513577,6.438746783539965,-14.257719166495885,-0.0
162,4,-0.9405132817291667,2.291472731361111,-0.9700155847966802,2.306559471849618,5.003339832767249,4.936469660733341,7.0614791299998725,9.167867300860363,-0.0,0.0,0.4135853480025966,0.10761620192943547,0.7292118393522964,0.397253617825042,0.954091615170919,0.8216990585728966,1.0962480404524793,1.3375543971223371,1.1643513999295958,1.905602370597682,1.1675294888462038,2.4910835038644037,1.115164598486621,3.063874425108436,1.0166890731702933,3.5985638109764517,0.8813911252681923,4.074428213124476,0.7182410049280147,4.475315506111053,0.5357451537944663,4.789448158245826,0.3418329666801897,5.00916160463916,0.1437776382862781,5.1305945245084805,-0.05185033282991466,5.153347819845336,-0.2392007657338851,5.080127762034658,-0.4131379406794697,4.916386445073396,-0.5692174744793767,4.669969749487586,-0.7036522078177573,4.350779870136243,-0.8132728565499646,3.9704564318654807,-0.8954882417962704,3.54207756237554,-0.9482487628721803,3.0798801669051774,-0.9700155847966802,2.5989971167391195,-0.9597369090288792,2.1152081092661184,-0.916831765954837,1.6447005138696518,-0.8411810505575333,1.2038364871550424,-0.7331250237987477,0.808922913864152,-0.5934662025020563,0.47598120118291065,-0.4234764270727151,0.22051453226068646,-0.2249068909003188,0.057270795988391035,-0.0,0.0,0.24849792715789162,0.0612055059757638,0.5173239390631188,0.25188887942814087,0.8026863503759132,0.5812885111386153,1.1002537291819197,1.0566124441028792,1.4051452844252803,1.6827660341229296,1.711922831105581,2.4620751936494716,2.0145844000359987,3.39400602857133,2.306559471849618,4.474881688307176,2.5807057499241606,5.697597222270377,2.8293073414947973,7.051333181004197,3.044074187529929,8.521268627112633,3.2161425669424193,10.088294137140306,3.3360764965053407,11.728725286897603,3.3938698518018033,13.414017024112235,3.378949044361317,15.110479247208069,3.280176103879824,16.778993829896446,3.0858520305055825,18.37473325966624,2.783720299349885,19.84688099502023,2.3609704167012295,21.13835359172553,1.804241444190306,22.185524602311222,1.0996254228929867,22.91795021515575,0.23267064376366817,23.258096569161378,-0.8116152763066841,23.12106865649942,-2.048762542179162,22.414340708456223,-3.4948365714954504,21.03748794723247,-5.166435640351516,18.88191957888417,-7.080688788022671,15.830612898720963,-9.255253979513832,11.757848379732707,-11.708316520209419,6.528945616397321,-14.458587713396405,-0.0
163,4,-0.9639667193680554,2.2611489593819445,-0.9791829942412504,2.308281430684695,5.004914583901429,4.923605950524328,7.23757016840528,9.046546058952584,-0.0,0.0,0.42236620587987667,0.11000166885011244,0.742858547067625,0.40538343188577547,0.9698267928614022,0.8372697273465728,1.1121832698369871,1.3611058986127866,1.1792640304418436,1.9369055434979476,1.180674165694336,2.5294242402827103,1.126123756382062,3.108253294206064,1.0252619756968078,3.647830670096651,0.8875172981803613,4.127370171365908,0.721951494024048,4.530713865732628,0.5371340515661761,4.846116369526337,0.34104195252210245,5.065972519427659,0.14098751955310235,5.186501886432211,-0.05642535429191019,5.207404346119649,-0.24531858488644354,5.131500488021787,-0.42053477774678966,4.964369154357954,-0.5776147982031483,4.713992100022271,-0.712763811228622,4.390412993922639,-0.8228114809266542,4.005415087632602,-0.905171365743013,3.572219175754856,-0.9578035079121164,3.105201201934091,-0.9791829942412504,2.619627166946079,-0.9682760426823618,2.1314019156607373,-0.924524085597037,1.6568278813668205,-0.8478354632260213,1.212369855364047,-0.7385837446463343,0.8144222030338678,-0.5976113511642058,0.4790755345371253,-0.4262370327666928,0.2218805399861684,-0.22626579125609741,0.05760741871291351,-0.0,0.0,0.24974930951043292,0.061524224358021434,0.5196517800861791,0.2531111086252791,0.8058482277005975,0.5838946507691555,1.1039426406397805,1.0609453492895724,1.4089958342487405,1.6890001328373732,1.7155207766536202,2.4701895367168825,2.017479498462695,3.403762943539303,2.308281430684695,4.4858126433089405,2.580782974571563,5.708997379155048,2.827288088985408,7.062265941434238,3.039549679634222,8.530581264821135,3.2087715851668785,10.094645377435778,3.325610973513004,11.730625452902757,3.3801809846817648,13.409881128510708,3.3620534809669063,15.098693176894779,3.2602617903070814,16.757993555366273,3.0633033521608533,18.343096805859975,2.759142196876666,19.803432738649178,2.3352112087253087,21.082280303372247,1.7784141393338313,22.11650253025114,1.0751273522180225,22.83628241134868,0.21120129058158815,23.16485958502696,-0.8280383302629883,23.018267685240897,-2.0577895973503786,22.30507221984436,-3.4937737275275205,20.926108847747503,-5.152234630216049,18.774221932716834,-7.049938685192742,15.734003261155818,-9.204174713592362,11.681530821761806,-11.63275411967027,6.484107556051291,-14.354011180867394,-0.0
164,4,-0.9445591527152778,2.2453501588819447,-0.9586075234865669,2.3094207327174296,5.003243025839957,4.934436997452461,7.09185598281642,8.98333723062377,-0.0,0.0,0.41754255453575717,0.1088045628994398,0.7331124986184611,0.4005427093406233,0.9553447352344414,0.8263573320824902,1.0934916737665064,1.3418708681637184,1.1572293103595641,1.9074462373052468,1.1564531044080864,2.4883477866034256,1.101075306211599,3.0548000542100637,1.0008348117186059,3.5819478935737465,0.8651289963166346,4.049726671874767,0.7028745263468908,4.4426553973211105,0.5224011932444996,4.749568403885539,0.33137974515558843,4.963302473744616,0.13678187677973985,5.080356043928732,-0.05513172085214635,5.100535631357391,-0.2388008681992221,5.026602148510874,-0.40933930357367626,4.8639267596783,-0.5624983171248464,4.620162732115438,-0.6946263402253802,4.304936701461424,-0.8026292182436303,3.9295601444120174,-0.883934693647343,3.5067597834144846,-0.9364633976044048,3.0504241938200645,-0.9586075234865669,2.575363022484492,-0.949217418817309,2.097074883278245,-0.9075956223158261,1.6315200639248684,-0.8334973928042195,1.1948945445041357,-0.7271365048434781,0.8034023805290204,-0.5891949856767921,0.47302414743650956,-0.4208354975380336,0.21927980320180404,-0.2237151877189093,0.056984947077441166,-0.0,0.0,0.24762136394955175,0.06097228713757335,0.515924447540755,0.25107135921124324,0.8011374366923059,0.5797181495685678,1.098931219412161,1.0543087374001723,1.4044112391255208,1.6799335861734073,1.7121111645927996,2.459093163838166,2.0159883166325776,3.3914108410834345,2.3094207327174296,4.473343918332115,2.585205711486857,5.697893562175636,2.8355596567388983,7.054314346736258,3.052119031045811,8.527824002396123,3.225942229626629,10.099313879174582,3.3475121927538316,11.745060539015952,3.4067395874805744,13.436438803354756,3.3929664050003074,15.139636501507532,3.294969837051704,16.815371092830592,3.100966312374115,18.418608271686125,2.7986155915171103,19.898282609110794,2.375024834771585,21.197020238392536,1.8167525732713292,22.25086355301961,1.1098125272129031,22.988997854025097,0.23967722756919807,23.33347985889333,-0.8087185913822567,23.19896796517948,-2.050974851885808,22.49245414809027,-3.5032232599047446,21.11299736178133,-5.1821247078036246,18.951458308394756,-7.104866954868653,15.890235436287721,-9.289162583278952,11.80300202895246,-11.753247223308039,6.554444248314902,-14.515878038497291,-0.0
165,4,-0.9110152297518248,2.2604476700547442,-0.9518256061834133,2.312910801844742,5.004694597366398,4.929307557147086,6.840004449673525,9.043740296787805,-0.0,0.0,0.413020083486037,0.1077212981265921,0.7235759457705018,0.39594033537349543,0.9413617310948544,0.8158340966968555,1.0763354074536653,1.3234995077129559,1.1385528933830582,1.8800438290248556,1.1380074900074095,2.4515931002511335,1.0844822974446071,3.0092232508153116,0.9874218532922058,3.5288220032123316,0.8558272202704313,3.9908923282413977,0.6981764803011927,4.380309761763409,0.5223703819002259,4.686046309942864,0.33570100509729744,4.90087305454882,0.14483993176906024,5.021052134474055,-0.044158386477763725,5.0460268002376845,-0.2258426072880024,4.978116003364915,-0.3953441373914393,4.822217751040784,-0.5483541813058624,4.585523429914262,-0.6811011860876138,4.277243613827917,-0.790330840605265,3.908344583324468,-0.8732899909564652,3.4912939077384415,-0.9277151360897012,3.0398129393815845,-0.9518256061834133,2.56863388375244,-0.9443211123690376,2.0932591680343386,-0.9043830831836264,1.629721059702188,-0.831679052509566,1.1943398216575671,-0.7263693118778395,0.8034790744908619,-0.5891150617472055,0.4732974271536409,-0.4210873681804358,0.2194958037008392,-0.2239763329287137,0.057060216023841155,-0.0,0.0,0.24808736191226066,0.061081741718835,0.5169878527240368,0.251559273062014,0.8028535650863264,0.580900216989344,1.1012813132753045,1.0565096194762635,1.4073084757208818,1.6834512250819236,1.715409910552011,2.464166944566088,2.0194958681831148,3.3981950332718327,2.312910801844742,4.481887454756465,2.58843296397096,5.7081268509790535,2.8382746714081497,7.06604348277908,3.0540831235670947,8.54073244593553,3.2269416631930192,10.112971411393826,3.347371377931651,11.758939085114964,3.4053329511470465,13.449934534606577,3.390228681577487,15.152097486186818,3.2909046027045017,16.826129659652494,3.095652643657812,18.42701717521971,2.7922127837472237,19.903754041117008,2.3677751620915606,21.199066708641922,1.8089821121940248,22.249139664363767,1.1019300986567149,22.983342015959934,0.23217153955056696,23.32395501839143,-0.8152834966868,23.18590048025936,-2.0559657264893954,22.476469985772166,-3.5059452215436626,21.09505486536679,-5.181830114374286,18.932876847288014,-7.100765436876351,15.872719323003281,-9.280432087749363,11.788659160926507,-11.739045923456837,6.545799005297014,-14.49535696638443,-0.0
166,4,-0.8968277360659722,2.2888883443541665,-0.9198660023890778,2.3003138198987068,5.005034269538655,4.9316189611639105,6.733483156975287,9.157527523821145,-0.0,0.0,0.40492213372632413,0.10578449549326492,0.7061290928037443,0.38763564234673464,0.9148148660286463,0.7964938790740862,1.0420884510836357,1.2888832801105692,1.0987979148017968,1.8268239256550645,1.0953845020648072,2.377663624008897,1.0417699933175362,2.913844923701198,0.9472778485312341,3.412624281449308,0.8205862800381539,3.8557599059471133,0.6697094768233498,4.229183365731085,0.5020018769137824,4.522667803190309,0.32417968148786674,4.729502843845652,0.1423536796226778,4.846183333255289,-0.03793218922940392,4.87211614021759,-0.2116613895297931,4.809346645795916,-0.37430836631605435,4.662304340707738,-0.5218079926377608,4.43756526295109,-0.6505326758201119,4.1436278502097075,-0.7572779303691691,3.7906981373716233,-0.839256384755234,3.3904800424815797,-0.8940995247328722,2.9559666747736335,-0.9198660023890778,2.5012290734926754,-0.9150550547224006,2.0411994505335684,-0.8786234608953313,1.5914467732930702,-0.8100044959450832,1.16794330770522,-0.7091274774891951,0.7868214817093837,-0.5764367158602679,0.46412108007039404,-0.41290893380694743,0.21552731342192588,-0.22006849023153294,0.05610070424306958,-0.0,0.0,0.24464182826841152,0.060199468778428314,0.5106251228905309,0.2482019721363607,0.7941363861877851,0.5737491641666388,1.0907783705394956,1.0445300566287237,1.3955699607470413,1.665889038426255,1.7029476992953219,2.4405342623788346,2.006768588272748,3.368247128804775,2.3003138198987068,4.445593416124474,2.5762931202719423,5.6656364423584336,2.826849432341031,7.017652493791173,3.043563709459252,8.486848631332498,3.217459636540424,10.054082882252787,3.3390081391244104,11.69558674444152,3.39813157984489,13.382689870485564,3.3842075758781993,15.081546757356078,3.286072399545038,16.752865241661404,3.0920239473785536,18.351636587516456,2.789824281004002,19.826866951446757,2.366701756622628,21.12131001395829,1.8093527693754776,22.1712005783231,1.1039431450282489,22.90598895193479,0.23610921489303172,23.24807594277658,-0.8090413887357802,23.112548321920286,-2.0469291795956113,22.406914621609374,-3.4935024712911718,21.030841156686343,-5.165237204532563,18.875888174412868,-7.07913691707635,15.825246053777178,-9.252732828667481,11.753471489990757,-11.704084016379714,6.526223612953961,-14.451777658824115,-0.0
167,4,-0.9408918072916665,2.279901766118056,-0.9624586348807908,2.31243117130758,5.005090750047293,4.922324820045648,7.064321142347481,9.12157346003068,-0.0,0.0,0.4292808413883869,0.11211123676812602,0.7490674475468566,0.41102944945576353,0.9705642089232905,0.8447960355310279,1.1051585805246125,1.3671101878984755,1.1641939423795253,1.9373628417466189,1.1587666772154586,2.5205627036545137,1.0995556619039155,3.0871686458097276,0.9966891231754332,3.6128460527630004,0.8596503602175425,4.078166320450195,0.6972206215541976,4.468268636746921,0.5174547979840953,4.772501629690458,0.3276837851357724,4.98405981148955,0.13453645810091353,5.099626408304325,-0.05602586934350248,5.119030587135488,-0.23866901388594422,5.044923656701352,-0.4086449461313281,4.882475819486692,-0.561754357886484,4.639092667334734,-0.6943154767248477,4.324148916256357,-0.8031405502512223,3.948735851569629,-0.885520348086707,3.5254185218974614,-0.93921621228816,3.0679987620303657,-0.9624586348807908,2.5912805080867547,-0.9539510321176798,2.110834465702614,-0.9128772782311781,1.642759891323514,-0.8389116079928346,1.2034419589999859,-0.7322296483759421,0.8093038460681025,-0.5935195511271393,0.4765532397785077,-0.42399243416456917,0.22092342240012225,-0.22539157345013217,0.057409429389657096,-0.0,0.0,0.24935366179205043,0.061406165539107924,0.5192911330859247,0.2527873645447392,0.8058821066173505,0.5834759547584707,1.1046433947058671,1.0607009266419059,1.4105393884807498,1.6893115280975382,1.7179835958546987,2.471501398363112,2.0208410226130806,3.40653369135967,2.31243117130758,4.490467553073472,2.5855314520255424,5.715886209446769,2.832380823886939,7.071626824324247,3.044683513413083,8.542512203196596,3.213612683554768,10.10908434848715,3.3298139536387263,11.747339815712378,3.3834086947971804,13.428466776157864,3.363997047014214,15.118583659507383,3.2606606225037806,16.778479227701204,3.0619648757083,18.363353917673987,2.7559611329131393,19.822562284058904,2.3301882845490445,21.09935637206496,1.7716741509947653,22.1306298542969,1.0669365384093041,22.846662772199494,0.20198400512976564,23.17086673214021,-0.8376836382387421,23.01953041711218,-2.067075070471053,22.30156528700669,-3.501707418003217,20.91825135285628,-5.157606404911311,18.76298292298484,-7.051306670349549,15.721014231313637,-9.19985223029082,11.66920486993431,-11.620797061759408,6.475764959310323,-14.332205789262263,-0.0
168,4,-0.9626671529469026,2.2503223061061948,-0.9412550222892713,2.273388293657693,5.005986028109562,4.93334490170929,7.227812878062556,9.003230107954757,-0.0,0.0,0.44365244898963463,0.11603461333238681,0.7704895874534093,0.42418023936375504,0.9930009895700322,0.8691351889921316,1.1239270828693677,1.4019171856682837,1.1759793279732174,1.9799182525451144,1.161581190100228,2.5668243341850796,1.0926420288984486,3.1324131823636017,0.980373101440089,3.6522494041439515,0.8351512214695787,4.107299276073091,0.6664316890986471,4.4834897194934245,0.48270835638768184,4.771235685392102,0.2915155214574326,4.964958305895756,0.09946402394340483,5.0626128964736115,-0.08769742197174321,5.065241703458445,-0.2650049871179912,4.976561679527667,-0.4281954341042848,4.802592992317732,-0.5736225096581,4.551329801137155,-0.6981802341324403,4.232451336951234,-0.7992375843651746,3.857068640253678,-0.8745873503145368,3.437500495607628,-0.9224103717581076,2.987071113169158,-0.9412550222892713,2.519921850262892,-0.9300307536418342,2.0508296084172364,-0.8880137584732424,1.5950253358699624,-0.8148623425012821,1.168007164779957,-0.7106393879988507,0.7853439791445844,-0.5758392999939677,0.46246652425210516,-0.4114170085002121,0.21444443354124393,-0.2188169076319561,0.05574868945600368,-0.0,0.0,0.24253205932548974,0.059704332822850835,0.5057168967717401,0.24597739390547851,0.785915808196346,0.5682601746722177,1.078902723781665,1.0340278387559654,1.379857582054649,1.648494205644945,1.6833637232914618,2.41431394612268,1.9834087599397083,3.3312843685636047,2.273388293657693,4.396048379414333,2.5461118168316657,5.601799875916873,2.793810150522842,6.937992499907562,3.0081438193997307,8.390052368450416,3.1802118362497627,9.939095114593988,3.300560454103572,11.561647328829105,3.35919153437062,13.229372293380697,3.345570268007857,14.908799748009104,3.248632068788675,16.56105931537003,3.056788530072227,18.141617142048908,2.757932397419936,19.600015272814524,2.339441558467166,20.87961326456886,1.7881820890099795,21.917331557024593,1.0905104212836605,22.643396143788905,0.23227471822317342,22.98108412532743,-0.8011844523986721,22.846469769992183,-2.025034046147891,22.148170757451226,-3.454948975465846,20.787094327718357,-5.107112955944218,18.656183106496233,-6.998219679429943,15.640160422257173,-9.14547423623292,11.615274971439941,-11.566594717633748,6.449044724790899,-14.27981393900171,-0.0
169,4,-0.9531867347291667,2.3077553543611113,-0.9564261470211779,2.318451307202392,5.0055329296844215,4.933546312945782,7.15663283553819,9.233011836481904,-0.0,0.0,0.4265734795333493,0.11144230375190411,0.7437001028713454,0.4083307579230128,0.9629687260825509,0.8388325365372129,1.0960084715825766,1.356929006550536,1.1542723966379955,1.9223803778915949,1.1488570158242122,2.5005909808858866,1.0903602891527469,3.0623938723528794,0.9887779587978258,3.58377407905264,0.8534358460476746,4.045549139380297,0.6929539932604011,4.433023954706151,0.515237377021256,4.735634591008958,0.32748730532024306,4.946592859441218,0.13622748809078247,5.062540511057644,-0.05266093947647833,5.083218932682131,-0.23390054704303348,5.011157512646707,-0.4027791559022614,4.851381495277404,-0.5551150906271277,4.6111382516015444,-0.6872284080275188,4.299639503678231,-0.7959194000915161,3.927816150832717,-0.8784547969557482,3.5080819208927814,-0.9325613767119316,3.0541020433168518,-0.9564261470211779,2.5805634308285077,-0.9487019056403685,2.1029433707201375,-0.9085168028671664,1.6372743763032076,-0.8354864956330126,1.1999035514796836,-0.7297275694739576,0.8072455092008542,-0.5918710763676519,0.47552850635228905,-0.42307525947144486,0.220533979315722,-0.2250367797892284,0.05733006825252859,-0.0,0.0,0.2492359011115865,0.06136636609520425,0.5193120256493228,0.25271239802266343,0.8063069619893414,0.5835013248327215,1.1057358909146708,1.061094818954644,1.412551318133242,1.6904714140377461,1.7211451250481546,2.4739456317781037,2.0253516227030324,3.410888397904403,2.318451307202392,4.497449172588671,2.593175042411184,5.726280076105771,2.8417084318919503,7.086262162247894,3.055696182308239,8.562233882956683,3.226246301387209,10.134721699001359,3.3439340124445454,11.779672722928023,3.398805302746594,13.468189230501132,3.380380053654405,15.166264843367065,3.2776547261630244,16.834522166269764,3.0791045961351813,18.42795165432958,2.772685549534983,19.89565148723355,2.3458354597745794,21.180568235453585,1.7854751774659336,22.219238116849013,1.0780091680189978,22.941528658556923,0.2093258352275141,23.270380597560337,-0.8352024302307455,23.121549872660168,-2.0707194391081756,22.403349579927866,-3.5128855921374176,21.016391782463387,-5.177878434633319,18.853329082997504,-7.082393345788887,15.798595884275398,-9.243644334354103,11.728149277081686,-11.679364915493627,6.509209509145632,-14.407809046669493,-0.0
170,4,-0.9609543598263889,2.3393483344583332,-0.9567389176588037,2.2865036378727157,5.005693272734062,4.933704099818389,7.21495303534744,9.359411005542936,-0.0,0.0,0.4438522513137503,0.1160627294848778,0.771441724302425,0.42447246494962837,0.9952735768909727,0.8702105480132717,1.1280299506492444,1.4045673951492788,1.182289109773391,1.9851596083100973,1.170278322664059,2.5758146306741243,1.1036696248059457,3.1463422646256194,0.9934235847672795,3.672215943980957,0.8496821776692155,4.134188199624317,0.6817082715849477,4.517864385316892,0.49786635995127454,4.813256730168277,0.30563719816215085,5.01433756795684,0.11165796131518915,5.118606624201545,-0.07822064232304843,5.126682971699556,-0.25886834229966865,5.041928088157798,-0.42580735900801475,4.870102672716714,-0.5751481741391726,4.619056710573988,-0.7035331534361329,4.298449830004894,-0.808090668827079,3.9194973037818563,-0.8864010059878917,3.494736070873391,-0.9364741859016822,3.037804810259982,-0.9567389176588037,2.563232272991462,-0.9460412482215986,2.0862286436515536,-0.9036510738471557,1.6224755297884028,-0.8292745011439907,1.187911148336827,-0.7230700561060865,0.7985082884026607,-0.5856668938921569,0.4700435970755473,-0.4181834163089563,0.2178575982590278,-0.22224501604707667,0.05660557460501192,-0.0,0.0,0.24586693131407475,0.06054560183515291,0.5121239771664079,0.24926836863918403,0.7949843827536893,0.5754399187824201,1.0901013211899397,1.0462986344665717,1.3925652514597753,1.6667688688216094,1.6969034000436949,2.439179378885742,1.9970809659962088,3.362981947420972,2.2865036378727157,4.4344709522151575,2.558021027514706,5.646504438883886,2.8039306620089577,6.988227064109903,3.015982223667128,8.444795108679802,3.185381782348361,9.997103618085458,3.302795819922913,11.62151561453173,3.3583548995221677,13.289593237471193,3.341656880013518,14.967830608304665,3.2417696174698776,16.617388175725416,3.0472331296791433,18.193828277936152,2.746061226972384,19.64685165308601,2.3257426332760107,20.920034636332858,1.773241636010761,21.950566797797816,1.074998313103271,22.66898879759416,0.21692839081995552,22.998930259763583,-0.8155772117727734,22.85684749445387,-2.037653096392615,22.151760925547304,-3.464960304197815,20.784992108090037,-5.113687390201058,18.649900245487757,-7.00055160860443,15.631618139996268,-9.142800169138567,11.606787531235753,-11.55821152955693,6.443293796149985,-14.265096694435504,-0.0
171,4,-0.96806947925,2.369542259298611,-1.0247683794488565,2.362540864622084,5.003896070570022,4.933539621650309,7.268374149427735,9.480212746903128,-0.0,0.0,0.4295669134331019,0.11182330664445346,0.7568262800205212,0.412512451222734,0.9902183362210358,0.8530026084868395,1.13862044806366,1.3885641311776689,1.2112103929918794,1.9789867622178121,1.2173347064828897,2.588696681513996,1.1663835741355946,3.186809310060038,1.067673387723791,3.747121434182674,0.9303379108070593,4.248046722743888,0.7632289272372684,4.672499162456054,0.5748271940875249,5.007729360738756,0.37316443122058834,5.245119056396404,0.16575692189811794,5.3799395082047905,-0.04044893372699286,5.41107966352484,-0.2391190651594658,5.340750108442162,-0.4245624639165823,5.174168742253762,-0.5917508292163424,4.919233890550464,-0.736328076162919,4.586190175564493,-0.8546109316795756,4.187291916491113,-0.9435820543030495,3.7364681641125648,-1.0008772467694904,3.248992719367379,-1.0247683794488565,2.741161685250399,-1.0141436094308498,2.229980297394667,-0.9684863719753272,1.7328600104187772,-0.8878544507589954,1.2673261190633125,-0.7728602171462525,0.8507355924326979,-0.6246528847798508,0.5000043147605322,-0.44490337250082956,0.23134256626989302,-0.23579212291124937,0.059997343256702765,-0.0,0.0,0.2592978022325702,0.06391768278292699,0.5384350606857212,0.26260710016803746,0.8332553649256632,0.6049693133783242,1.139110901051758,1.0977044154219275,1.4508596115642707,1.7450651778334043,1.762861166077644,2.5486089622797605,2.0689721535762104,3.506947406565036,2.362540864622084,4.615493589957032,2.636401978139717,5.866206553867678,2.88287140800717,7.247333196506018,3.093741504546005,8.743147672647828,3.2602767488502025,10.333688512736792,3.373210026338717,11.994493731339976,3.4227395215478484,13.696334226759808,3.39852623973089,15.40494578516521,3.28969213235809,17.080759997943307,3.0848187826699807,18.678634383985013,2.7719465932638263,20.14758198288769,2.3385744093333516,21.43050065373721,1.7716595076111268,22.46390227987107,1.057617881268314,23.177642044962926,0.1823247540659401,23.494647911556726,-0.868884737911186,23.33065040101742,-2.111214752284825,22.593912744570645,-3.560407882502832,21.18496144916774,-5.232744277112764,18.996317299562403,-7.14504077010648,15.912226799251323,-9.314650049468808,11.80839403768719,-11.759459884813895,6.551712959193519,-14.49789242938034,-0.0
172,4,-1.0262111512569445,2.3996494743472225,-0.9866830387906447,2.318574711511741,5.006487128700662,4.929803262607003,7.704908339253843,9.600667574310208,-0.0,0.0,0.43819803607794144,0.11437472839166901,0.7658769094551685,0.4197753030864812,0.9938898984534574,0.8636391712439007,1.133360535316562,1.3989079136490736,1.1954570662629969,1.984104888836996,1.191195567676625,2.5833070929912587,1.1312747901596254,3.1660264304354855,1.0259436065320862,3.7070165613997745,0.8849001335429808,4.1860214631571235,0.7172202033729077,4.587481009943295,0.5313118678718888,4.900207450698411,0.3348919941424996,5.117044834504749,0.1349807131021954,5.234521375953938,-0.06209053331898999,5.252502618802581,-0.2506613852978549,5.173851174382289,-0.4257190430218389,5.004096884029041,-0.5828719540982802,4.75111955840499,-0.7183232434675234,4.424845030233502,-0.8288458049538028,4.036954143975969,-0.9117603809060993,3.6006034962559013,-0.964917419180024,3.13015621480069,-0.9866830387906447,2.6409207871818263,-0.9759290699978094,2.1488958803468012,-0.9320268646357767,1.6705191804805943,-0.854844393395987,1.2224184832047014,-0.7447460479374143,0.8211635335454113,-0.6025945330633882,0.4830174167642988,-0.4297542523054271,0.2236866057895239,-0.2280956439324469,0.05806905707968348,-0.0,0.0,0.25163561286686337,0.0619952771950376,0.5233936246165123,0.2549922620968231,0.8113316357001985,0.5880885055326385,1.1109786308588037,1.0682783499440933,1.4173318073261816,1.700187802140449,1.7248540415683884,2.485807979674941,2.0274719800299854,3.4242274478555896,2.318574711511741,4.511363749752888,2.591012960356252,5.739694405407634,2.837098728987695,7.097987623080762,3.048605313946422,8.571032928331531,3.2167676198871624,10.139371878694602,3.3322826997476414,11.779028994778335,3.385310455319358,13.461243004141627,3.3654744398475334,15.152198463230624,3.261862712334008,16.81275779546735,3.063028701373505,18.39819376046264,2.756992044232047,19.857922350228918,2.33123937421417,21.135236092983256,1.7727250360031144,22.167037733345754,1.0678717145130177,22.883574249077203,0.2025709678408461,23.208171158565314,-0.8378163408336112,23.056967069659795,-2.0684597140330965,22.338648418790118,-3.5050587922478362,20.95418434921966,-5.163843224241925,18.796561678474433,-7.061572630262042,15.750519907149856,-9.215536651765355,11.69228622419686,-11.64355508042637,6.489310467209174,-14.36397805864719,-0.0
173,4,-1.0706481391527778,2.3478431304375,-1.0379934243945872,2.3096102663755484,5.006582710325829,4.929774764292487,8.038546224781168,9.393397516147678,-0.0,0.0,0.47163202982681574,0.12302337408115221,0.8253381716827806,0.4519715088864577,1.0714574512138095,0.930425857297878,1.2211460200695365,1.5073543352226977,1.2860721619982058,2.137443626329628,1.278119186044087,2.7812803346426915,1.2091100980383267,3.4053885031764937,1.090565065716371,3.9821372774032464,0.9334991950167265,4.489537143095164,0.7482644267000836,4.91094599983315,0.5444358458459573,5.234707341235035,0.3307397050506631,5.453742183867572,0.11501821604144356,5.565114441726287,-0.09577524460201159,5.569586583158628,-0.295557470767024,5.471179048018769,-0.47908017154724036,5.27674342167779,-0.6418843931786048,4.995556061015399,-0.7802499603223668,4.638935955317561,-0.8911442016467056,4.219888200119426,-0.9721731350122306,3.7527726038022777,-1.0215372827444458,3.252995615313461,-1.0379934243945872,2.736722898525169,-1.0208228966838873,2.2206094065043582,-0.9698065176921935,1.7215436439215535,-0.8852058296849633,1.2564028687761852,-0.7677500998555521,0.841816206004215,-0.618628366278069,0.4939329676876081,-0.43948574435735793,0.22819385182391366,-0.23242319673060943,0.059103089162030054,-0.0,0.0,0.2547617988100162,0.06282879223911055,0.5283715653973755,0.2579057666653981,0.8168634426648816,0.5936833884549925,1.1157893473891731,1.0765109320696442,1.4202119606630486,1.710391609665771,1.724697989658921,2.4967362526468326,2.023311901928739,3.434113735319806,2.3096102663755484,4.517998413047278,2.5766367779684733,5.740514899664077,2.816917996356769,7.090180535315698,3.022459791407215,8.551645901275851,3.184744460619131,10.105433727436267,3.294728463399362,11.727676515330742,3.3428407042073536,13.389853168535751,3.31898128946241,15.058524886295352,3.2125206807167386,16.695070537892672,3.01229916788538,18.255421696731304,2.706626590338562,19.689797475893815,2.2832822395768066,20.942439272262273,1.7295148843276935,21.95134549488828,1.0320428666569998,22.648006325641365,0.17705422562718648,22.957138536446628,-0.8497931871783824,22.79642036764693,-2.0633716285633934,22.076226456051625,-3.4790834425436588,20.69936278881383,-5.112861112435314,18.56080165010042,-6.981167396140277,15.547416521229543,-9.100995549891413,11.537716891182152,-11.489869641772385,6.401582932778998,-14.165844953067293,-0.0
174,4,-1.1285174143216783,2.3855735254965036,-1.0274235329680368,2.3512734885275113,5.006716715803291,4.925508372777186,8.47303522861757,9.544351638523167,-0.0,0.0,0.4531205599685954,0.11808919161475707,0.7951661948407244,0.4346021921284298,1.0354430268959374,0.8962895314673004,1.1840464516322555,1.4547634479427294,1.2515895489659357,2.066824525380271,1.248940425199457,2.694654242782636,1.1869797428355888,3.3058808325201117,1.0763867131430633,3.873530739712167,0.9274587018171263,4.375881330277757,0.7499666595180503,4.7962323221858405,0.5530460735761334,5.122613870276211,0.3451211767521983,5.347448568534286,0.13385877884064926,5.467183134876345,-0.07385273163905068,5.481903500292751,-0.27190401942745734,5.3949446926717615,-0.4549498580774488,5.2125044941877405,-0.6183831215415556,4.9432675165335045,-0.7583017716724952,4.598044189507763,-0.8714723448108951,4.189427264616921,-0.9552928341019435,3.7314668342561044,-1.0077572483237724,3.239363572984446,-1.0274235329680368,2.7291789171655783,-1.0133859876120752,2.217560196492101,-0.9652528218584353,1.721478289607828,-0.8831290717547332,1.2579751631437754,-0.7676047562627578,0.8439186314395446,-0.6197478909664822,0.49576180334538344,-0.44110179140160194,0.22930492323730353,-0.23368598503161708,0.05945762833367068,-0.0,0.0,0.25697070047816784,0.06334115439154543,0.5337473284965526,0.2602744745926921,0.8263495478081719,0.5997289152712801,1.1302869502582862,1.0885161002342976,1.4405506706542244,1.731073176579533,1.7516054814935849,2.529201583998378,2.057382616564271,3.481802045109649,2.3512734885275113,4.584606185819251,2.6261243926447224,5.829905258529203,2.8742322279734873,7.206276471376375,3.087341218792444,8.698307429698897,3.2566405821366624,10.286319177620888,3.372763061057937,11.946088293605197,3.425784226203838,13.64856844902098,3.405222439047913,15.359611787462779,3.3000393671125483,17.039690428244942,3.0986409434022595,18.643618342959932,2.788878667743846,20.120273801341646,2.3580511557136035,21.41232253343528,1.7929058504008564,22.455941710258127,1.0796408226646461,23.180544805341114,0.2039065962010692,23.50850736503375,-0.8491920557902513,23.354893686247273,-2.095094385590332,22.627184376221827,-3.5497820516097347,21.22500474962131,-5.229777630340774,19.0398540033837,-7.152143277804533,15.954835098837075,-9.334479552184026,11.844385273159565,-11.79492440376339,6.574007097847095,-14.552152333605841,-0.0
175,4,-1.1340522550972223,2.369858084451389,-1.0599876594240756,2.3714355144481,5.00512735406544,4.9297692450758195,8.514591433493825,9.4814763199107,-0.0,0.0,0.4341178858126919,0.11278646670391242,0.7690365368013782,0.41757940961287837,1.0112731603508416,0.8663713806900496,1.1681742063290577,1.4146261027513471,1.2477812744832217,2.021660209256712,1.2586835006709443,2.6509543974032366,1.2098605625625933,3.270388244817001,1.1105209530723654,3.8523951443213758,0.9699404559171176,4.374036218150547,0.7973057463114238,4.816994550581213,0.6015677099826787,5.167493470002798,0.3913084547337185,5.416144764187363,0.17462514686389546,5.557734496735832,-0.04096717381414324,5.590955417976023,-0.2486126714573518,5.518095784367343,-0.4421715445484657,5.344694714614062,-0.6162573581417929,5.079174053056563,-0.766256370294971,4.732456143867388,-0.8883309184071682,4.317576022732735,-0.9794093277955997,3.849295393369673,-1.0371650311728235,3.3437244616584394,-1.0599876594240756,2.817956331872121,-1.0469488022189812,2.289717299663231,-0.9977649648833355,1.7770350661309473,-0.9127599894037166,1.2979256956064409,-0.7928288856298027,0.8700990841436269,-0.6394046557907848,0.510681822137636,-0.45442931219575466,0.23595563831690386,-0.2403299038230371,0.061109108804504604,-0.0,0.0,0.26321325619344027,0.0649254754371905,0.5455167034304608,0.2663974153327574,0.8426737432449398,0.6129202487248281,1.1500025432203884,1.1107689538750274,1.4623705791052655,1.7637652133883297,1.7741862961687167,2.5730500870690833,2.0793886823217194,3.536851960725543,2.3714355144481,4.6502489192431415,2.643290974405118,5.904925057929805,2.8874132421617387,7.288920572913913,3.0957425701377455,8.786375749669526,3.259690233632433,10.377269193558929,3.370128644541561,12.037150816612321,3.417382814986715,13.736870212828755,3.3912232679846928,15.442301124697373,3.28086041626163,17.11406273260385,3.0749403687997954,18.707238493349685,2.7615420776247386,20.17109322144776,2.3281757038052295,21.448789054190094,1.761782060202253,22.477100875141865,1.0487329774044705,23.18613169631751,0.1748324366413938,23.499028421538817,-0.8746816825846385,23.331698336120795,-2.115135383586886,22.59252659393682,-3.562415993581341,21.182094904125154,-5.232969381847702,18.99290155754917,-7.143797056854066,15.909082878360483,-9.31245322889839,11.806136138911768,-11.757041909952681,6.550643936735912,-14.496214108437739,-0.0
176,4,-1.1312776257638888,2.4188037879027777,-1.0750325561342486,2.371602820129083,5.004332594889558,4.940256648034693,8.493759205484459,9.67730134896224,-0.0,0.0,0.44445642773368077,0.11549932522590711,0.7867065099699774,0.42741584286369977,1.0335026296889962,0.8862916183818021,1.1925358976699199,1.4462871451069654,1.2722503113306673,2.0656045827757294,1.2816524674351772,2.706816673000832,1.2301230626593236,3.337100729125605,1.1272349945637103,3.9283798530933347,0.9825816682701813,4.45737562558793,0.8056181799888872,4.905578073321952,0.6055173694761349,5.259139873656382,0.3910422435570932,5.5087026241195,0.17043588889046646,5.649163656758472,-0.04867036120599416,5.679392348033395,-0.25933011620755625,5.601905165210191,-0.45533650541254667,5.422508781841451,-0.6312586384890396,5.14992046460333,-0.7824609323072367,4.795374564379613,-0.9051067633646205,4.372223332790888,-0.9961483356943532,3.8955394454298964,-1.0533050060838545,3.381726576259066,-1.0750325561342486,2.8481431800295853,-1.0604860279652324,2.3127433577763474,-1.0094787412053587,1.7937373665720835,-0.9224399871880563,1.3092730514301654,-0.8003736646892422,0.8771382829699104,-0.644819799940234,0.5144834294294847,-0.4578205069837208,0.23756201476618366,-0.24189152047731288,0.06148704158002397,-0.0,0.0,0.26445111081199857,0.06524933930578096,0.5476322627157995,0.26757513340404854,0.8452904275941144,0.6152967997369511,1.1527468335423572,1.1145010019184611,1.4648901436643256,1.7688272433669059,1.7761660157649788,2.579249105314435,2.0805640141317236,3.5438495623239588,2.371602820129083,4.657589290127635,2.6423146171421097,5.912067337849449,2.8852294202777125,7.295273949306211,3.0923599948066056,8.79133567231493,3.255187871148928,10.380253183067882,3.3646508280830876,12.03763247232754,3.4111320875059183,13.734410193489909,3.3844513490190558,15.436574064824505,3.273857694308148,17.104879257015497,3.068024311337049,18.694561691347797,2.755044926926962,20.155049132772984,2.3224317923326288,21.429670894688936,1.7571150381958651,22.4553668869035,1.0454432005282375,23.162396642248027,0.1731847157345034,23.47404885681088,-0.8744698122681043,23.306351878714647,-2.112904758303452,22.56778548453313,-3.558076205127882,21.15899419353924,-5.226508406504009,18.972502289766076,-7.1352901151665336,15.892430651345112,-9.3020708865417,11.794215426128048,-11.745057449547849,6.544328542091146,-14.483010217469523,-0.0
177,4,-1.1346364973541665,2.414769922701389,-1.0936791714820266,2.4204224417445865,5.005174827021152,4.920214319030151,8.518977989839621,9.661162408982827,-0.0,0.0,0.43803962078306424,0.11366740245878447,0.7786474684402225,0.4217943304999529,1.027255286299624,0.8769756220904403,1.1903561476888358,1.4347934173950325,1.2753485290231734,2.054309604156092,1.2903652461243122,2.6984762545363035,1.2440933340756923,3.334458020413775,1.1455905646664886,3.9338633993290117,1.00410386393063,4.472884524672931,0.8288943954056193,4.932347643921017,0.6290734936551751,5.297678690015379,0.41345296168209106,5.558790279170392,0.19041249679854896,5.709898040720441,-0.03221379092448315,5.749275368236845,-0.24723061941528793,5.678956459064539,-0.4481541794134057,5.504397883547104,-0.6292645634266405,5.234108915920847,-0.78563900845632,4.879260502390225,-0.9131675267147177,4.453282086278961,-1.0085529275765146,3.9714546108502518,-1.0692975441490649,3.450506936292443,-1.0936791714820266,2.9082216975184423,-1.0807188068907014,2.3630553506322918,-1.0301427650302744,1.833775861127367,-0.9423416317565657,1.339120224166191,-0.8183283331420336,0.8974728191540104,-0.6596973420533933,0.526564523643092,-0.46858673836359865,0.24319157510900266,-0.2476444953130982,0.06295239577341179,-0.0,0.0,0.2707585526125338,0.0668071921341459,0.5606006085806671,0.27394153278649186,0.8650635903807044,0.6298469930644488,1.179257447447748,1.1406293113222319,1.4978639827650262,1.8098422917487984,1.8151316894067786,2.6382726103696754,2.1248669422734454,3.6237210913858573,2.4204224417445865,4.760778854669095,2.694683803076895,6.040597184982151,2.940055136396484,7.450650409880508,3.148444377211944,8.974491475718231,3.311249017419705,10.591500264470193,3.4193427625028443,12.276624988384562,3.4630635117685458,14.000117230123479,3.4322029332120807,15.727261362861181,3.315997789264654,17.4180991912508,3.1031230686677107,19.027150706382677,2.7816868955692726,20.503131853708172,2.3392271206060142,21.788670181123976,1.7627094498704285,22.82001917387098,1.0385269349594226,23.5267720020393,0.15250062881916132,23.831575312901823,-0.910118794442452,23.649843600572883,-2.1646486546016206,22.889474584976732,-3.6269713038195706,21.450565934999393,-5.313530761863267,19.225133580060884,-7.2413291027283675,16.096831772256696,-9.427922727060357,11.940674988905315,-11.891418634014398,6.622761703331335,-14.65047078591145,-0.0
178,4,-1.116380992048611,2.372359683111111,-1.0481179204500017,2.3564363391719048,5.004407141105553,4.933773097075672,8.381913609966352,9.491484872156803,-0.0,0.0,0.43487120996960815,0.11303062692352374,0.7693200198073513,0.4181284202958645,1.0101414840858687,0.8667412351072347,1.1650027845714204,1.413939300056474,1.242274096937183,2.018809429069456,1.250852040790246,2.644762571236368,1.1999811718160152,3.2597523818297125,1.099078374194764,3.836405073760944,0.957564463975986,4.3520630993408735,0.7847067874646759,4.788747235911771,0.5894760506150807,5.1330434056472125,0.38042001205333836,5.375922029754144,0.1655559985626442,5.512498868135832,-0.04771653593677299,5.541747092809959,-0.25268296377535654,5.466170760587667,-0.44336028378524084,5.2914498771256655,-0.6145248404496285,5.026066890216287,-0.761722688474035,4.680923746268191,-0.8812648646734844,4.268957641225089,-0.9702102186263204,3.804762362347561,-1.0263386819832918,3.3042207275758884,-1.0481179204500017,2.7841521664606486,-1.034666220792728,2.2619780313849924,-0.9857142365676432,1.7554058535910873,-0.9015678775598449,1.282132527408258,-0.7830742113834239,0.8595653651917378,-0.6315917858369864,0.5045591451340499,-0.4489663111578073,0.23316668744299932,-0.23751219254695222,0.060400138427177855,-0.0,0.0,0.2603503774932514,0.06420898650642982,0.5398714122825321,0.26354798694644266,0.8344451601568776,0.6065917204283189,1.1394968446179412,1.0997420576057204,1.4499856690359467,1.7469974050086217,1.7603937104041243,2.5497169811721565,2.064713691491206,3.5063792276998056,2.3564363391719048,4.61233397561778,2.628537927773002,5.859548314624556,2.8734684881717687,7.236346382914302,3.083141045001102,8.72714350587966,3.2489221324497963,10.312175264824566,3.3616237385425105,11.967222176368429,3.411496741324519,13.663330715923133,3.3882258293638006,15.36653143193067,3.280925843471028,17.03755487924394,3.0781394356632914,18.631546057682012,2.767835913685592,20.097777982363855,2.337411123032791,21.379364942056803,1.7736882114234138,22.412975925649608,1.0629191211243667,23.128548619176676,0.1907866606014161,23.44900429983954,-0.8575929829404824,23.28996388159448,-2.097667415841702,22.559465300753732,-3.5454450065995946,21.15768237070175,-5.217491747513046,18.97664518276787,-7.130928091378489,15.899962085631852,-9.303425831184336,11.802543238181384,-11.753205077642017,6.550325700090164,-14.499031377463306,-0.0
179,4,-1.0854429627222222,2.29596513675,-1.0557153006949784,2.3805683409912892,5.005300803533264,4.9298960917817904,8.149627418313687,9.185840797076724,-0.0,0.0,0.43400024560684036,0.11278520219397216,0.7682021486162485,0.4173614765495077,1.0093181192421399,0.8654682076851654,1.1649267523064575,1.4124245178702155,1.2432998776202218,2.017519517684056,1.2532238276621794,2.644314333914808,1.2038215000616648,3.260854724416619,1.104380440142197,3.839796038727323,0.9641909220451584,4.358444577455012,0.7923969500581501,4.798721119780798,0.5978622510251699,5.147053628326617,0.38905265432937386,5.39420700112049,0.17393570699186356,5.535058297300778,-0.04010210315179654,5.568326166150669,-0.24632058132756288,5.4962632850408575,-0.4386740028875641,5.324320473489965,-0.6118431256018979,5.060790805230511,-0.7612523093141776,4.716441497715255,-0.8830733519567148,4.304140636015341,-0.9742179257959469,3.83848491189602,-1.0323206946373227,3.3354335641831394,-1.0557153006949784,2.8119526353261493,-1.043405424332442,2.285672557180728,-0.9950330427278438,1.774560993019333,-0.9108458524580163,1.2966118367518573,-0.7916655888187039,0.8695503432450616,-0.6388586880785243,0.5105535669936618,-0.454310417014442,0.23598464271167405,-0.24040325725983547,0.06113896324092536,-0.0,0.0,0.26356830276240006,0.06500236203730186,0.5465096560641309,0.26679968643338214,0.8445740584841928,0.6140350737693988,1.1530525763517059,1.11311200185618,1.4667731882034953,1.767963941135606,1.78009409174715,2.5798212285126714,2.086895177072402,3.5469741072354304,2.3805683409912892,4.664531186591857,2.6540072573617906,5.924172898725542,2.8995971366033895,7.313899817593126,3.1092049134418787,8.81777594849235,3.27417020327097,10.415667291482613,3.3852972710078912,12.082976127879968,3.4328481669681916,13.790371578227749,3.406537105516164,15.503517037221833,3.2955260960293935,17.18279511184707,3.0884217827784193,18.783030679961048,2.773273410420515,20.25321265435918,2.3375718039863957,21.536214988272704,1.7682492350880876,22.56851739799171,1.0516800379379867,23.279926211795587,0.17368183791140254,23.593295685686154,-0.8804827398700908,23.424250058771086,-2.1261040056481666,22.680906556946443,-3.5790228960167907,21.263599494464245,-5.255628519864115,19.064605570110047,-7.17285564455342,15.967870408614557,-9.34818219387525,11.848736358731491,-11.799626816102743,6.57367152698017,-14.545746568197096,-0.0
180,4,-1.0356948429166666,2.2733310229097223,-1.041424755686424,2.309671502966148,5.005015460721037,4.935058550942672,7.776112959147522,9.095284819988148,-0.0,0.0,0.4522900845642475,0.11773741447657907,0.7963559392373928,0.4342463067858147,1.0403528475086505,0.8974100610392499,1.1933591644096986,1.4594302490888684,1.2651384647884851,2.0772289102384454,1.2659016221429862,2.712731489490199,1.2060774790086732,3.33303264005354,1.0960989586008465,3.9104509730785875,0.9462097387839639,4.422481824304513,0.7662950550032562,4.851659271082365,0.5657388407504964,5.185340069063999,0.35330823199559275,5.415422979986136,0.13706542065358945,5.538017209690733,-0.07569408671534439,5.553073431519811,-0.2784785751005947,5.463990187399497,-0.4656150761501922,5.277207390282791,-0.6322452338467801,5.001797258931608,-0.7743055555745435,4.64906137449684,-0.8884957492642779,4.232140746344135,-0.9722388757333044,3.7656439088965707,-1.0236368826663054,3.2652962397686722,-1.041424755686424,2.74761198264674,-1.024926058791658,2.229588951817322,-0.974012085625662,1.7284246441439517,-0.8890662518977374,1.261251520634642,-0.7709547724968699,0.844888552316403,-0.6210041224728364,0.49560574189487844,-0.44098530771452144,0.2288982048450249,-0.23310458699248318,0.05926648066014565,-0.0,0.0,0.25525713480961026,0.06296100775966254,0.5291566912986522,0.25836668925427975,0.8177411411161799,0.5945677256141764,1.116594825268121,1.0778219809721574,1.4208319450668159,1.7120624718046324,1.7250840178556417,2.498659169388435,2.0234874190110768,3.4361745284756307,2.309671502966148,4.520112913853906,2.5767476709896417,5.74266431127747,2.817299638333359,7.092442863830808,3.0233750520313265,8.554220875131996,3.1864785251236314,10.108658974366177,3.297566083919184,11.732033153060236,3.3470409715419795,13.395959367839072,3.3247507121149957,15.067116364734732,3.2199853137683636,16.70696732576459,3.0214764732503627,18.27148087332975,2.717397638278941,19.71085189738914,2.295364784002761,20.969222598242386,1.7424377653262662,21.984404067103934,1.045122115894892,22.6875986596639,0.1893711759735116,23.00312335601205,-0.8394115557443486,22.848134244580397,-2.0563699379972062,22.132352218610073,-3.4771926487839306,20.757789931186558,-5.118110658662171,18.618480018965712,-6.995894769041593,15.600204574995532,-9.127853258032117,11.580225827061838,-11.531829666563379,6.427017959215524,-14.226200748806786,-0.0
181,4,-1.0028374443333332,2.2732483132430557,-1.0322587200222848,2.320191114462405,5.0057243573105055,4.926491665325461,7.529415927994792,9.094953909985108,-0.0,0.0,0.4429943000562236,0.11532407241523442,0.7800371474495797,0.42533043417673816,1.0194153576365836,0.8790796273912671,1.1701628081645243,1.4299710051902461,1.2418526661523497,2.036064313974184,1.2443934438358721,2.6602980482619816,1.1878351886977068,3.2706081391871984,1.0821904867802798,3.8399532781300665,0.9372735205757344,4.346255147362985,0.7625592295823684,4.772263141585885,0.5670636643870303,5.10535393986052,0.35924586071138176,5.337276634869422,0.14693093421837322,5.463854128528761,-0.06274643647199225,5.484651216957652,-0.2633794412724151,5.402619251701414,-0.4493092040465997,5.223726506316063,-0.6156295585424976,4.956582425660272,-0.7581788935858927,4.612062822904059,-0.8735216155919161,4.2029418583503775,-0.9589218586132703,3.7435353349232656,-1.012312040403298,3.249358533237321,-1.0322587200222848,2.7368005412121224,-1.0179279704539923,2.222815862180936,-0.969052158487423,1.7246330562120789,-0.8858996490643035,1.2594793153242336,-0.769248550089043,0.8443192144685181,-0.6203652134950165,0.49560542277760944,-0.4409878332507616,0.22903889695095023,-0.23331515016060092,0.05933599317896792,-0.0,0.0,0.2558527672574207,0.0630947811648542,0.5306846124000285,0.25901849216055817,0.8204785723498568,0.5962756643783401,1.1207521883324265,1.0812463076583598,1.4265488002401219,1.717951040051493,1.7324278571329141,2.5078115931829297,2.032454816589685,3.4494063480433392,2.320191114462405,4.538220819991727,2.588684589961255,5.7663932284468915,2.8304606557066276,7.122455455211495,3.0375144134723366,8.59106981761432,3.2013038372047466,10.152762162775847,3.3127440774679116,11.783651832724958,3.362202886468082,13.45517906290005,3.339497120062712,15.13383036496081,3.233890241814584,16.780862414751965,3.0340907329477074,18.35202492309717,2.7282512995147767,19.79728291556417,2.3039687626446965,21.06053879137317,1.7482845178973612,22.07935447439081,1.0476854541247063,22.784673913109962,0.18810522960061982,23.100546133454433,-0.8450741875001921,22.943848999396074,-2.067020796772855,22.22401379248626,-3.4934507330481908,20.84275068286194,-5.140626384527178,18.693775131168287,-7.0253545121377385,15.662535233008677,-9.164984411055174,11.625939994691876,-11.577406146581547,6.45208851080095,-14.281048888783396,-0.0
182,4,-1.0052311722916665,2.286433847423611,-1.0237016797800484,2.3035108229208894,5.005997492656736,4.928332996400051,7.547388305790021,9.147707419116545,-0.0,0.0,0.4480008686908525,0.11673015615904735,0.7868057586678967,0.42979670096956213,1.025572000460479,0.8868591656851975,1.1741121569667616,1.4403285843431493,1.2426780759758096,2.0476410162215073,1.2417511642772086,2.671424353427694,1.1818452569199303,3.2795631796975444,1.0733269904832887,3.8451692648667963,0.9262572114363266,4.346467384749677,0.7502556955495713,4.766607602598431,0.5543903235883233,5.093415998637756,0.347090841351462,5.319096147977731,0.13608642163472703,5.439893479170995,-0.07163455300139977,5.455734049857754,-0.2698447376844894,5.369848312074467,-0.45308087189560825,5.188389177978951,-0.6166327391346829,4.920052218490767,-0.7565213129790828,4.575704222756239,-0.8694693391215059,4.168024708197639,-0.9528674124561332,3.7111633873280683,-1.0047382806953622,3.2204151449170655,-1.0237016797800484,2.711912816665345,-1.0089415236366017,2.2023370271182876,-0.9601767725399158,1.708641557990707,-0.8776368261303572,1.2477921769814884,-0.7620418568048026,0.8365165441708909,-0.6145881355034198,0.49106269920372486,-0.43693811463771126,0.22696368154818322,-0.23121482394145157,0.05880600920103395,-0.0,0.0,0.2536646996419384,0.06255022928266694,0.5262740629117052,0.25682474817453005,0.8138539097866069,0.5913220144435533,1.1119544836273367,1.0724347949031212,1.4156431582852733,1.7042105728204884,1.7194968890488702,2.4881082287812193,2.0175947505159924,3.422750956205008,2.3035108229208894,4.503675523629973,2.570307614015849,5.723078107686052,2.810530138529505,7.069556997539724,3.016200722516807,8.527852518486242,3.178814555689547,10.078584544536925,3.2893359805374742,11.697987972426803,3.338195481769669,13.357646517201111,3.31528732214714,15.024225166639727,3.2099677598764442,16.659201601841797,3.0110537771429713,18.21859685728392,2.7068222479172883,19.65270545794318,2.285009474830091,20.90582523544868,1.7328110287869207,21.91598699101668,1.0368818303381468,22.614684141048045,0.18333641803135334,22.926602452302372,-0.8422506444183409,22.76934994782033,-2.0548442636550703,22.05318704235016,-3.4699482499887413,20.680756946898303,-5.103604717525786,18.54681636601156,-6.972393474637398,15.537966498281236,-9.093431423315927,11.532384340068585,-11.484371981599852,6.3995542842924635,-14.163404539464825,-0.0
183,4,-1.1035634850347222,2.3591451727916666,-1.0010926753902591,2.2898729814830565,5.006263696889535,4.929672558272338,8.285678330746482,9.438615433478144,-0.0,0.0,0.4517137725660038,0.1178484607606688,0.7901993952530271,0.432837123440085,1.0257112347728137,0.8908818884006775,1.169164723774734,1.4432032319409047,1.231849534918326,2.046584606563126,1.2251593335781195,2.663491059812965,1.1603488935976094,3.26205918703572,1.0483260985846434,3.815974120002378,0.8994830305112268,4.304252179796981,0.7235672780315039,4.710949140091598,0.5295919992733804,5.024813940780316,0.3257812711495421,5.238906432502988,0.11954588554494704,5.350195629621899,-0.08251601918732461,5.359152312745302,-0.27459935091308085,5.269346934255484,-0.45165916356531244,5.087060879223131,-0.6093696535275516,4.820916405015378,-0.7440795353855201,4.481528158037576,-0.8527674545984636,4.081177127795334,-0.9330002310285921,3.633506285466037,-0.9828958900369661,3.153235968739408,-1.0010926753902591,2.6558962908576196,-0.9867245829276571,2.157573423426105,-0.9394034234437535,1.6746664711044175,-0.8592070223726598,1.2236517576312766,-0.7466728871370331,0.8208516129748475,-0.602796507500175,0.48220513164030093,-0.42903338231516497,0.2230388109792943,-0.22730386798370736,0.057835433829336244,-0.0,0.0,0.2500064690072831,0.061621913577220966,0.5193554589396456,0.253232983775878,0.8041899036880106,0.5835610892449434,1.1001474501333675,1.059279587955463,1.4023528104915868,1.6847527297359268,1.7054109663791515,2.4617774514856707,2.0034013401608486,3.3893220129512156,2.2898729814830565,4.463261971189679,2.5578407638489593,5.67611400194669,2.799782546395945,7.016768063156658,3.007637228031468,8.470218365902664,3.1728036029478726,10.0172935768447,3.2861399164491027,11.634386627814772,3.337964016276425,13.293184456576416,3.3180539956899398,14.960397950435679,3.2156492291310457,16.597492313539853,3.019451708259523,18.160418030774913,2.7176275946362356,19.59934255714211,2.297808914606794,20.85838282192932,1.747095331496615,21.87533860215708,1.0520559396572002,22.581426789703954,0.19873103392651087,22.901016551062753,-0.8273661835048957,22.751365357595432,-2.0412479891108104,22.042355847111676,-3.4584506402676305,20.676233464221514,-5.095033010887978,18.547344816817596,-6.967575372234316,15.541876678834253,-9.093178326049713,11.537595564730475,-11.489461893190915,6.403587798590939,-14.174564757638498,-0.0
184,4,-1.0839520167222223,2.2635138531319448,-1.044921280418604,2.3025155169581266,5.005478500241005,4.93771444018499,8.138433228643553,9.056007673652996,-0.0,0.0,0.4622338472410098,0.12047410887365588,0.8110246125171044,0.4433214581554814,1.0559895614895143,0.9141904803172741,1.20745374937582,1.4837249435878261,1.276213368644254,2.1078588287296367,1.2733012477886938,2.7479929551029727,1.2097648172799216,3.3710570796464348,1.0964648854945964,3.9494658818241084,0.9439011538232838,4.460980827427968,0.7620678584927859,4.88849223229832,0.5603405426546189,5.219736933065023,0.34739295257667485,5.446966952426027,0.13114154133678724,5.566583643639747,-0.08128591490868327,5.578750274256664,-0.2835615716598448,5.486994120723093,-0.47015271545005394,5.297807116846292,-0.6363047845337213,5.0202521019319475,-0.7780157122300555,4.665579864533181,-0.8920046311057671,4.24686054077385,-0.9756774908015452,3.7786315285646137,-1.0270916755968795,3.2765629206449827,-1.044921280418604,2.757140525044481,-1.0284243226564624,2.2373658094739572,-0.9774128307919799,1.7344715533640613,-0.8922264554339053,1.2656515962331094,-0.7737099899142409,0.847802814354827,-0.6231949636350473,0.4972773215178135,-0.4424852810024949,0.2296428570614098,-0.23384672223565547,0.059449378510334876,-0.0,0.0,0.2558830224770599,0.06312459418441284,0.5301804016673374,0.258954587691018,0.8188189475539985,0.5956977126327931,1.1172712950781143,1.0794117150099982,1.4205516645153613,1.7137762529764196,1.723210722801648,2.4998624343497258,2.019329907329015,3.4358996364913517,2.3025155169581266,4.517039418414117,2.5658928162650922,5.735116472668253,2.802100341881505,7.078406673148317,3.003284546845335,8.531382355938305,3.161094871945433,10.07446502626051,3.2666792931252373,11.68377571880141,3.3106803614701223,13.330883254777932,3.2832317269844635,14.982550640747661,3.1739551187475854,16.60047984485061,2.9719577413635356,18.14105516906639,2.6658300400034682,19.555085413932606,2.243643782858777,20.78754500729614,1.6929504095839474,21.777314242901117,1.0007795964879935,22.456918749366903,0.15363799310919415,22.752268286400614,-0.8624919102327663,22.582394943612364,-2.0621528187695652,21.85919079846858,-3.4604136026292474,20.487145073920505,-5.0728702226898506,18.363080823098297,-6.915646631123263,15.375891158058177,-9.005395659953582,11.40627503171501,-11.359299906638862,6.326472576532882,-13.995072621951401,-0.0
185,4,-1.0660934796458335,2.2864938362222222,-1.0352414977829907,2.2995043194553073,5.006670289367378,4.926514911373458,8.004349330726242,9.147947426050807,-0.0,0.0,0.45704707221702534,0.1191324766715955,0.8017782365418515,0.43832300259512935,1.0438583458744264,0.9037986492232478,1.1935910764332782,1.4667878094759257,1.2616960204299337,2.083784019056983,1.2590877945013017,2.716698393237955,1.196666903725354,3.332904183996867,1.085130291461434,3.9051814051077764,0.9348072354408131,4.411572883384871,0.7555238235740942,4.835165318013055,0.5564969450059536,5.16380996150317,0.3462567861586504,5.389797498938908,0.13259536135172362,5.50950081026798,-0.07746232717741595,5.522997809902595,-0.27766835341981555,5.433684724560699,-0.4625470628749756,5.247888216002712,-0.6273790787962094,4.974482849367144,-0.7681774040104982,4.624518661831385,-0.8816584331417243,4.210862059964474,-0.9652102125157184,3.747851986811322,-1.0168598395544648,3.250972244325805,-1.0352414977829907,2.73654001200299,-1.019566280251757,2.2214099424329983,-0.9695946576532706,1.7226927140116441,-0.8856121895523902,1.2574865588145172,-0.7684088508526545,0.8426200422058082,-0.6192621464809981,0.4944042355565709,-0.4399240137544152,0.22839238140315454,-0.23261136457181958,0.0591451885958616,-0.0,0.0,0.25477846060261056,0.06284223286658644,0.5281370546299968,0.2578776873537061,0.8160318064140213,0.5934045372493779,1.1139583696955513,1.0755840449938174,1.4169474233479296,1.7082092684666845,1.7195592274016007,2.492471239645051,2.015877699753289,3.426722287522334,2.2995043194553073,4.506236344476082,2.5635521046585774,5.7229662138187045,2.800639855921915,7.065297885874086,3.002886801664848,8.517802071602556,3.161907734133003,10.06098317882018,3.26880868265289,11.671025989543748,3.3141831367577197,13.319540311520385,3.288108804977519,14.973303876291542,3.1801448752881587,16.59400374381011,2.9793297296994745,18.13797645300341,2.674179057359545,19.555947131683094,2.252684306919794,20.792767750316884,1.7023114188103246,21.78715467439708,1.0099997806446133,22.471425641013784,0.1621613534286302,22.77123625790056,-0.8553200780750503,22.60531609843822,-2.057089571132109,21.88520444434605,-3.458321640695939,20.514985709280406,-5.0747208521879035,18.391024561327388,-6.922522412505776,15.401700750306134,-9.018492774732275,11.427143636677787,-11.379930266983814,6.338966412403869,-14.0246657514608,-0.0
186,4,-1.0777471065902777,2.2559022820902777,-1.0288587577022912,2.284814845211322,5.006922463226104,4.931805982412152,8.091846067939459,9.025554824572122,-0.0,0.0,0.47557437543997566,0.12418174606217051,0.8297478496307366,0.4553357092767781,1.0740822615154726,0.9356196775218534,1.2207534954056833,1.5131391117773254,1.282239132978697,2.1421755438120105,1.2710259672969855,2.7832632013061316,1.1993494040538395,3.4031269280012277,1.0789733432239474,3.9744996441465394,0.9210153642667848,4.475840951644076,0.7358183530553838,4.89097996682484,0.5328664729646743,5.208705198913559,0.3207408536942684,5.422322578093166,0.10710867864586418,5.529199964855287,-0.10126149985839172,5.530313066131889,-0.29846549297558717,5.429804044002015,-0.47941704726458306,5.2345605652060865,-0.6397951617692964,4.953819852446019,-0.7759899483691772,4.598799616792808,-0.885050660358615,4.182355644796511,-0.9646383939388615,3.718664285622397,-1.0129849785972764,3.222927084992964,-1.0288587577022912,2.7110942661114956,-1.011537333351903,2.1996035716760445,-0.9607869018559129,1.7051310631102927,-0.8768475172555009,1.2443507382569154,-0.7604234623170076,0.8337002044122411,-0.6126778499886094,0.4891500716004569,-0.43523059538269593,0.22597516774361673,-0.2301589644028793,0.05852609242398243,-0.0,0.0,0.2522457649177782,0.06220982561588483,0.5231097890783097,0.2553514355653746,0.8086505762347413,0.5877683977158453,1.1044485844646255,1.0657142325397364,1.4056011954200316,1.693112126767032,1.706717881330264,2.4713121765588117,2.001915654720403,3.398846282254724,2.284814845211322,4.471180848599908,2.54853521785294,5.6804674586512816,2.7856924265012246,7.0152916912158,2.9883947820823997,8.460420244742798,3.148240307616551,9.996546518314762,3.256314048198974,11.600034785245898,3.3031856035701153,13.24266307864768,3.278906852463133,14.891364892454867,3.1730098408207614,16.507969786683223,2.9745048096176223,18.048942972626858,2.6718783419622034,19.465123942550836,2.253091613065301,20.701464199256353,1.705578730333155,21.696764133620306,1.0162451541410724,22.383409092682037,0.17146619269566032,22.68710467686053,-0.842914433223925,22.526611302204383,-2.041585957936029,21.813478061970937,-3.4397718717428054,20.451775921074233,-5.0532311547446005,18.33783027682777,-6.898259442544276,15.359952919752711,-8.991690122345437,11.398173428867022,-11.350895357732675,6.323970036681827,-13.993787040400683,-0.0
187,4,-1.0493346403402777,2.2657529662083333,-1.0572860896489513,2.3254403784759283,5.007333708842571,4.933022211355343,7.87852208692419,9.064966057174216,-0.0,0.0,0.4663810316493946,0.12154019489760516,0.8185891002209844,0.4473466850446514,1.0662184219155952,0.9226953878005034,1.2196039287917193,1.4978551010223033,1.289568353703174,2.12839445773336,1.2871788231563712,2.775364370371042,1.2235219998808,3.4053630868326326,1.1095041530981173,3.9904948399789473,0.9556799172583605,4.5082355990091365,0.772111182742981,4.941220715697142,0.5682556982505877,5.2769694935453995,0.3528836089186358,5.507561137699951,0.13401928124816231,5.629275418471069,-0.08109470185999122,5.642209925033028,-0.2860146557086053,5.5498841762296145,-0.47509725607661313,5.358839219342949,-0.6434884245139333,5.078239765748619,-0.7871024890521744,4.719484428875712,-0.9025942267216343,4.295828264733074,-0.9873261431317293,3.822020574811551,-1.039333092802773,3.313959816401094,-1.0572860896489513,2.788366476888787,-1.0404568959218692,2.262473908821422,-0.9886847076869673,1.7537363955345007,-0.9023459767317881,1.2795531274039575,-0.7823281277845514,0.8570063191157463,-0.6300076542567529,0.5026113882481874,-0.44723281533641157,0.2320769398027717,-0.2363109221915496,0.060072249924005554,-0.0,0.0,0.25849554822268433,0.06377216093455147,0.5355257672316909,0.26158714553649376,0.8269930294178347,0.6017066127653347,1.1283475664921205,1.0902305997792352,1.434581247502164,1.730869957113419,1.7402201654159581,2.524715352572249,2.039316540315564,3.470002377745766,2.3254403784759283,4.561872528350516,2.591671250066262,5.792130030290941,2.8305904697702537,7.148994645067906,3.0342738889799667,8.616850711200504,3.194285438843416,10.175992764993639,3.3016715026160512,11.802368138027601,3.3469561447055223,13.467316954785357,3.3201371828590953,15.13730995687367,3.2106830588040958,16.773684565339316,3.0075304405208096,18.332379564349818,2.6990824751137144,19.76366875223974,2.273207603711676,21.01189386327108,1.7172388476989415,22.01519701844023,1.0179734776362641,22.705252918678916,0.16167298136318414,23.00700095065261,-0.865936744993071,22.838377335344212,-2.0796650508564722,22.110047413565578,-3.49485608849985,20.725138130933406,-5.127388323162361,18.578970757857842,-6.993674036377341,15.558793857672255,-9.110658854484072,11.543516497969183,-11.495821326611926,6.403441686175008,-14.167172569576564,-0.0
188,4,-1.0220360089444445,2.263570255694445,-1.028953751396866,2.2938166540669056,5.007325840792229,4.934696882666217,7.673560902830305,9.056233332549718,-0.0,0.0,0.4744053426921575,0.1239065982395762,0.8272318804882032,0.454137816949417,1.070416848765336,0.9328622531883662,1.216372899007408,1.5083488879869733,1.2776884962844088,2.1351289681927956,1.2668560777267341,2.7740145828025,1.1960369614903175,3.391990203556583,1.0768684831311641,3.9619970828243187,0.9203153584321588,4.462632261582675,0.7365641710492983,4.877784142997337,0.5349574027355526,5.196225386792111,0.32396168841532474,5.411181622494161,0.11116400111336609,5.519891545881922,-0.09671082290751845,5.5231707158128245,-0.2937675529551386,5.424988117936009,-0.47489871250054455,5.232061543768208,-0.6357382079191737,4.953475205210746,-0.7726142510289086,4.60032084932739,-0.8825044076860942,4.185361978744193,-0.9629947033453348,3.722719596725561,-1.0122439403400028,3.227577130377571,-1.028953751396866,2.715901771856023,-1.0123444318319483,2.2041793417515763,-0.9621362487107256,1.7091598490577866,-0.8785357012398375,1.2476111335679205,-0.7622260815453483,0.8360782743526571,-0.6143616369511006,0.4906467881723456,-0.4365646434100879,0.2267079909464768,-0.23092474685998518,0.05872523006842505,-0.0,0.0,0.2531808955061137,0.06243721948972194,0.5251155459589187,0.25630917237095907,0.8118243440949505,0.5900177954024942,1.108846716665924,1.0698551387451813,1.4112373233929543,1.6997619317008996,1.7135623347243143,2.4810842633232797,2.009895871394253,3.4123284396930975,2.2938166540669056,4.488914112087026,2.558404885279795,5.7029257875583035,2.7962393672166335,7.042862839603508,2.9993948462371725,8.493388134977218,3.1594395673258964,10.035075386061765,3.267433017560743,11.644155328632436,3.3139238363650954,13.292260813979398,3.288947870868866,14.946170893305709,3.1820263565023468,16.56755396189374,2.982164205460146,18.11271002120157,2.6778483885106112,19.53231210907231,2.2570463985065308,20.771146941700174,1.7072047866826952,21.767854805866317,1.0152477652838496,22.454668736128237,0.1675758721855372,22.757153008962753,-0.8499353050759081,22.59394098414765,-2.0519363470567242,21.876472322737776,-3.4536051620848567,20.508729610671292,-5.0706480872644,18.386974417168236,-6.919300929729496,15.399482817512887,-9.01632994682211,11.426280410420349,-11.37903276380241,6.33887686087384,-14.025239227780897,-0.0
189,4,-1.0354782785833332,2.308861545375,-1.0528022240683579,2.30135020723613,5.007514847536699,4.931711015466683,7.774486969860773,9.237437554617644,-0.0,0.0,0.4895485899709404,0.12776212278926538,0.8553068524715925,0.46891061829588243,1.108351296650235,0.9642787469722918,1.2605838262804352,1.5604570493660765,1.3244252003400845,2.2101295236654206,1.3125124616254797,2.8722569692198916,1.2374131242921784,3.5121127291264003,1.1113672789855291,4.10118208512428,0.9460664234045386,4.616941576253238,0.7524749504298901,5.042538214451465,0.5406970935945365,5.3663907576980945,0.3198890449126576,5.58173582166124,0.09821321416022254,5.686140762285111,-0.1171705765811357,5.681003175001987,-0.320083633956129,5.571053855841721,-0.505284058242255,5.363876524350968,-0.6684069483128017,5.069453880616166,-0.8058960282183361,4.699745974078684,-0.9149326444361151,4.26830364122125,-0.9933669236186641,3.7899170784445944,-1.039654648333488,3.2802975293830996,-1.0528022240683579,2.7557885872509913,-1.0323210580704634,2.233102696070903,-0.9781917965916919,1.729078000854623,-0.890838188913132,1.2604506512596285,-0.7711098590187637,0.8436379085567176,-0.6202729495562732,0.49452785097588875,-0.440007430697588,0.22827203858012,-0.23240980904339395,0.05907812103438002,-0.0,0.0,0.2542687848087493,0.06272375614058251,0.5269981575281752,0.2573480946190907,0.8143315577747823,0.5921585381765478,1.1119408638188892,1.0733949969367704,1.4150131860323978,1.7050126684054838,1.7182382788322474,2.488436473344933,2.0157968834903497,3.422309419683258,2.30135020723613,4.502235415338301,2.56803065471733,5.72051713047813,2.8084338556572757,7.065889549023238,3.014611976243713,8.523249856407526,3.178068259733418,10.07338429331475,3.2897527120520986,11.692692569949747,3.3400588288431643,13.352910388070097,3.318821249564478,15.020830563202141,3.215314220083993,16.658023180982873,3.0182507462068298,18.220555162356266,2.7157823253144153,19.658709554624572,2.295499150662698,20.91670481069907,1.744430691931012,21.932414268376526,1.049046565585519,22.63708599573094,0.1952576189402674,22.955063128067838,-0.8315828379718915,22.803504786398122,-2.046677708780906,22.092107636923057,-3.4657847422694723,20.722828125321403,-5.105215157374191,18.589605398348592,-6.981832292474434,15.578084907998107,-9.113050302971256,11.565342679816064,-11.516832925227888,6.4196102164762365,-14.211692319822339,-0.0
190,4,-1.0520379266388888,2.299202306347222,-1.0690879391638088,2.3113454362690877,5.007619514795353,4.935283262652232,7.898818663432882,9.198792267496396,-0.0,0.0,0.49595297234573554,0.12936836859390236,0.8676558788821845,0.4752372436609237,1.1256405290885763,0.9780655389390689,1.2814565107529008,1.5838458105541129,1.3473463485288573,2.2445323328802416,1.3359188561633606,2.9183056624420116,1.2598355003243715,3.5696765409950615,1.1315229352681133,4.169439021173643,0.9629223729944897,4.6944886852037,0.7652833345957052,5.127526400201291,0.5490058766377292,5.456670970537043,0.3235319340671428,5.675005224600351,0.09728329106180127,5.7800795919877945,-0.1223588531384719,5.773395318028755,-0.32903954721272494,5.659886464931157,-0.5173887833437057,5.447416158392594,-0.6829612444624192,5.146298553067453,-0.8221646976775687,4.768854063564674,-0.932183734569728,4.329001818123614,-1.0109043785167713,3.8418902286524665,-1.0568437800037955,3.3235641337103425,-1.0690879391638088,2.790665184024697,-1.047239227831519,2.2601609685389863,-0.9913744901066416,1.7490977491709367,-0.902013707117555,1.2743714898124212,-0.7800986199303923,0.8525120283754917,-0.6269802992940084,0.4994756523361281,-0.4444144074263164,0.2304419109056447,-0.2345627863574999,0.05961115694160692,-0.0,0.0,0.25627647441756246,0.06323252385369817,0.5308335899078488,0.2593257456735291,0.8197886414960598,0.5964683493869758,1.1187946136154812,1.0807922012078135,1.42302566271626,1.7161365469462841,1.7271632741042562,2.503805099906713,2.025383485009953,3.442316460271909,2.3113454362690877,4.527148469691924,2.578181404645043,5.750477207577724,2.8184883770881686,7.100911388122924,3.024321156353486,8.563222928996984,3.187186932878539,10.11807444304928,3.2980412186953387,11.741744361435767,3.347285013230776,13.405850337483079,3.324763055913496,15.077071511386247,3.219763014412097,16.716870141445806,3.021015458111803,18.281213031909893,2.716694472347442,19.72029311358766,2.2944187784476218,20.978251463420495,1.7412532365533904,21.992899984626174,1.0437106214357483,22.69544491078979,0.18775357534713638,23.01021124583175,-0.8412033443096251,22.85436820725043,-2.0582915914741675,22.137655702267157,-3.4791865886482394,20.76211183515426,-5.120105760017169,18.621801418637627,-6.99780667539488,15.602545442289609,-9.12958533084286,11.581651435684652,-11.533274583917798,6.42764465318716,-14.227242754740262,-0.0
191,4,-1.0335771867847223,2.293603958347222,-1.0657311758406234,2.3269177017021963,5.007573108776287,4.93543038436133,7.760213359566379,9.176394046969657,-0.0,0.0,0.5026522763925407,0.1312081474495877,0.8775130339685158,0.4813464016302405,1.135932823282926,0.9893089355731816,1.29023580581421,1.5999229508034374,1.3533715918922031,2.2643486660407124,1.3385695909316422,2.9403052001933383,1.2590110038515392,3.5921274379415356,1.1275319484287307,4.190666158422574,0.9563687153097775,4.713049863163994,0.7569529452222385,5.142331461852487,0.5397608447860023,5.467045964470408,0.31421675336209404,5.680706433600434,0.08864780804003577,5.781264697949306,-0.1297165259002103,5.770560926075813,-0.33470842552063607,5.6537824704276405,-0.5211587024863695,5.438947878255736,-0.6848165185585733,5.136427121725857,-0.8222608624932392,4.758504383457242,-0.9308115339736067,4.3189855167124085,-1.008445711300315,3.8328488335195208,-1.0537243801437584,3.315935284743102,-1.0657311758406234,2.784672395308169,-1.0440246873797756,2.2558254290059914,-0.9886040701438982,1.7462690470831128,-0.8998869434239224,1.272773032732693,-0.7786979918555657,0.8517963171581745,-0.6262664040397025,0.4992844149434554,-0.4442302101126045,0.23046633539458647,-0.23464566386841895,0.059647989961647635,-0.0,0.0,0.2567738622001457,0.06333858517007519,0.5322818357195412,0.2598988619760027,0.822653312784341,0.5981004005110594,1.1235266140885647,1.0843052818202328,1.4300357045482877,1.72256918106352,1.736798465147138,2.5143861887062595,2.037906669224787,3.458428190078153,2.3269177017021963,4.550279669112278,2.59684797779224,5.782168799754779,2.8401679596733564,7.14269565138461,3.048798631271527,8.616558273500136,3.214109268783462,10.184277348791689,3.326916334356137,11.821920019536186,3.377483319364412,13.500823405386026,3.3555213694408574,15.187318245041716,3.2501905337217925,16.842453012798565,3.050101494017843,18.421718785407833,2.7433176445043137,19.874775066222977,2.3173574080787502,21.145176712776173,1.7591966910317574,22.170102060893033,1.0552713926141184,22.88008229304227,0.19147990011578556,23.19873206045965,-0.8468144870129335,23.042481337172017,-2.0747812487863606,22.320308458784808,-3.50812048643747,20.93347427915761,-5.1630609395442875,18.775257363237312,-7.0563581958513995,15.730690123726465,-9.205293104336578,11.67629580234251,-11.627670396361504,6.479826192618401,-14.341817515002083,-0.0
192,4,-1.0240706267638888,2.2866609080069447,-1.0664808808613464,2.3477920881634464,5.008360379805558,4.930642967400619,7.688837041454438,9.148615857287666,-0.0,0.0,0.4984464579309098,0.1300666568753668,0.8710557039574391,0.47746617915388784,1.1287789135132558,0.9819691490321804,1.2835631429723835,1.5890849817020065,1.3480066399213022,2.2504737849923133,1.3350192032431158,2.9241865384344123,1.2575013016441134,3.574739601406999,1.1280539502330196,4.1730360142031655,0.9587290078622633,4.696151496206858,0.7608266917188168,5.127007179011778,0.544743895153304,5.45395371736259,0.31987359694391987,5.670292386990813,0.09455255661064356,5.7737581345437485,-0.12394812286898671,5.7659874637109425,-0.3293969040690083,5.651990820117991,-0.5165486474655516,5.439645155250218,-0.6810731168383245,5.139218016647371,-0.8194734825626185,4.762930215811125,-0.9290021614126216,4.324560189977332,-1.0075799803533019,3.8390898313931876,-1.0537231328464471,3.32238894059191,-1.0664808808613464,2.7909336079397087,-1.0453855741226117,2.261552704213687,-0.9904153936788711,1.7511961765064836,-0.9019693196778463,1.2767188800595226,-0.780853177931935,0.8546740986457876,-0.6282752158750847,0.5011115892166269,-0.4458494600275042,0.23137581854653524,-0.23560507147453447,0.059900948326832015,-0.0,0.0,0.25806259809163784,0.0636464418025831,0.5352165023118541,0.2612471565253638,0.8276142231844337,0.6014063530061472,1.1309093117611935,1.0906804725831571,1.4402398274167176,1.7333245173027716,1.7502134128258078,2.531030498832562,2.0548942570353907,3.482658888304717,2.3477920881634464,4.5839640517333455,2.6218532258646583,5.827314697435513,2.8694536382409574,7.201410354565634,3.0823938854541333,8.690994857713443,3.2518957896374006,10.27656774222606,3.368600644455603,11.93409436753593,3.4225687646298777,13.634715488705437,3.4032801730043274,15.344456895499738,3.2996362277245526,17.02393963806247,3.0999620026347263,18.628091261997735,2.792009248268916,20.105858385659747,2.362959777351062,21.399920870205847,1.7994291363762742,22.44640775931372,1.087470442747004,23.174615100730303,0.21257828443360596,23.50672570595837,-0.840307404237473,23.357530857073055,-2.0867975615971415,22.634153930382666,-3.543050369260021,21.23577587477125,-5.225767818496713,19.053362457385678,-7.152192505266447,15.969393170128212,-9.340104677035695,11.857591676464198,-11.807819546082888,6.58265766865315,-14.574184876838405,-0.0
193,4,-1.0410840887847224,2.278427645534722,-1.093867535697881,2.3243680832285,5.010044318155887,4.927562599628717,7.8165760211403805,9.115675706281088,-0.0,0.0,0.5157071620376257,0.13460358060917849,0.900643095182975,0.49390546741890967,1.1664395365797438,1.015385187960521,1.3256093583014386,1.6425706683162575,1.3912467625745062,2.3254042744770596,1.3767233012477917,3.020457403600013,1.2953918276087022,3.6909945667297865,1.160310065647092,4.3068938836902895,0.9839942943342228,4.84443648893981,0.7782117000313987,5.2859821399252,0.5538173589779618,5.619551971461308,0.32063878822544306,5.83834157709336,0.08740784132179745,5.940188276063792,-0.13826324844001878,5.927015554711174,-0.3498673563815634,5.804275426094247,-0.541956930100534,5.580406137712917,-0.7100758050661545,5.266318666713192,-0.8506768572032923,4.874921193832934,-0.9610333738714241,4.420686629501517,-1.0391508929284858,3.9192645901220886,-1.0836848142258024,3.3871362004810153,-1.093867535697881,2.841307833567149,-1.0694473784886824,2.2990384005512805,-1.0106402634148268,1.7775940065382672,-0.9180940530052041,1.2940235799356734,-0.7928647017543435,0.8649493305416875,-0.6364028497061434,0.5063664574230968,-0.45054921650672725,0.23344728825381791,-0.23753705922899335,0.06034588334564408,-0.0,0.0,0.2590163352380293,0.06392812899142687,0.536040234893132,0.2620200483072625,0.8271585283279383,0.6023199697346093,1.1280008515752324,1.0908018742541519,1.4337242725370745,1.7311370442919485,1.738998805532078,2.5244541124836406,2.0379941792859166,3.4690921690071885,2.3243680832285,4.560347615668549,2.5912560038963885,5.7902155380286136,2.8312626745734684,7.147126399625325,3.0364550944606665,8.615678856351563,3.198357025690358,10.176369454478394,3.3079448443545987,11.805319921337338,3.3556446024762754,13.474002690470135,3.3313301488342457,15.148965228890654,3.224322155377645,16.791553657483693,3.023387900581859,18.357636079884184,2.7167416697912805,19.7973259628915,2.292045643956838,21.05470584425097,1.7364111610890964,22.067551582522242,1.0364002483405297,22.767057309299435,0.17802733624869585,23.077561196419644,-0.8532389201594823,22.916272109880776,-2.0724737763105137,22.19299718767511,-3.4952945405773557,20.809870350186664,-5.137858765524429,18.661081728671228,-7.016862519955937,15.632607979073205,-9.149538765814231,11.601943434455695,-11.553655857074938,6.437832039066955,-14.247516171922877,-0.0
194,4,-1.0394732111666667,2.303511559993056,-1.0475136202139599,2.3114640791369485,5.008074192397482,4.937858794625766,7.804481371440197,9.216032998773738,-0.0,0.0,0.4997478301075902,0.13062883235027628,0.8691586697509197,0.4780198290886125,1.1212921132249833,0.9802380897813885,1.2697812591307287,1.5820366483300534,1.3284861641240162,2.235055861579595,1.3111718430835964,2.8978550837198513,1.2312232663736378,3.535792134843552,1.1014065080910933,4.120771500935175,0.9336814266550763,4.6308858479729995,0.7390674118219523,5.049977156413449,0.5275601951141241,5.367143644946895,0.3080948043020009,5.576216890884882,0.08854764462132335,5.675230533822441,-0.1242305185200675,5.665898101606531,-0.3243592618757151,5.553113261603404,-0.5068591231602247,5.344481569445829,-0.66757547734619,5.049888876124019,-0.8031017825022784,4.681108180924569,-0.9107069235869855,4.251444004630241,-0.9882699969334379,3.7754113421833835,-1.0342246028472735,3.2684449078648377,-1.0475136202139599,2.7466336342672104,-1.027554560318517,2.2264751279184165,-0.9742149433945575,1.724644908349906,-0.8877966963979036,1.2577756551015267,-0.7690283070911573,0.8422422606599516,-0.6190633544692581,0.49394915400464057,-0.43948403428975524,0.22811705377549435,-0.232308378478901,0.05906698345001755,-0.0,0.0,0.2545206430730768,0.06277163196804075,0.5278642973184574,0.25766048287501364,0.8161609397437669,0.5931308293560607,1.1150482823980536,1.0755893340518317,1.4196611164046207,1.709136208341797,1.724621733748257,2.495311308874226,2.0240315636679167,3.4328357447828903,2.3114640791369485,4.5173496197535155,2.5799589660625197,5.741146544401467,2.8220175013719624,7.092905538487688,3.0295990537086563,8.557420906938656,3.1941185996453574,10.11533062485762,3.3064451368728984,11.74284370996045,3.356900871681323,13.411467000298009,3.3352610594187713,15.08773169393204,3.2307543819611135,16.73291994777371,3.0320637542867392,18.30279177673563,2.727327462006598,19.747312442782,2.3041405423485317,21.01038047702568,1.7495563320265717,22.029556437002185,1.0500881161892086,22.735792465671132,0.19171082291678365,23.053162688387516,-0.8401372826859776,22.898594458746178,-2.0605529420102746,22.181600443449252,-3.4851663134334876,20.804011519742634,-5.130139472198418,18.659710446061624,-7.012165016057724,15.634366256863535,-9.148464787870909,11.605169325768768,-11.55678872194902,6.440567036667987,-14.255413817279935,-0.0
195,4,-1.0373436307638888,2.408676660756944,-1.0618701408097952,2.3464880458306174,5.0089104546871015,4.9276202138509895,7.7884922430971875,9.636784105819313,-0.0,0.0,0.4949025879995109,0.12923913710178836,0.8632044026934051,0.47379691606461166,1.1169226906860372,0.9733425836733884,1.268741512328418,1.5737344784610623,1.3316863393597111,2.2272715901792446,1.3188176348353917,2.89278659053539,1.2429556728687334,3.5355930193259657,1.1164454978750855,4.127304619806341,0.9509672747457533,4.645548358742955,0.7573937268719714,5.07359439239224,0.5456932214439557,5.399926280842154,0.32487456492236927,5.617773378863213,0.10296782583613692,5.724624894335589,-0.112965489576904,5.721741985701547,-0.3167999002468658,5.613680827770798,-0.5032978158148633,5.4078361167591265,-0.668051948946571,5.11401124518317,-0.807423552921942,4.7440185141967595,-0.9184807792165716,4.311310355027657,-0.9989404476987531,3.8306406352737206,-1.0471155730382877,3.317753720106427,-1.0618701408097952,2.7890980039441904,-1.0425819007864423,2.261560068387379,-0.9891133527927618,1.752215392111614,-0.9017906410374845,1.2780915709895497,-0.7813897376258975,0.8559402374876843,-0.6291290719628072,0.5020142383562571,-0.4466676344647356,0.23184708699260834,-0.23610753378467725,0.06003220789811522,-0.0,0.0,0.258646113872128,0.06379123603777624,0.5363541874674921,0.26182576705047667,0.8291687892834534,0.6026659013236231,1.132644355859182,1.0927741688143637,1.4418340942839274,1.7362654626398009,1.7512794918533094,2.5346537699244434,2.0550007100306136,3.4865938690666067,2.3464880458306174,4.587618484988296,2.6186945636966628,5.829871464884063,2.8640299351668275,7.201837571487221,3.0743554715913497,8.688069495958079,3.2409802957826974,10.26891267478532,3.3546585703219054,11.920228460558107,3.4055876817122472,13.613116150327938,3.3834072690332104,15.313634321940961,3.277198981635637,16.98252187178305,3.0754868512913904,18.57491908968899,2.766238168790832,20.0400890504884,2.3368647621726897,21.321139548367164,1.7742245826602991,22.35474575098369,1.0646235142265343,23.07087370575156,0.19381733293625603,23.392504791212684,-0.8529862476211911,23.235361172050023,-2.091125498717939,22.50763228691186,-3.5364826114287,21.10970237358671,-5.205481680441423,18.933879015838684,-7.115086765457792,15.864122679989823,-9.282800052167707,11.775777196695712,-11.726660128897436,6.5353011338746,-14.4652403899662,-0.0
196,4,-1.062197533763889,2.3895968596041666,-1.0844301962867327,2.352870374989702,5.008412370440084,4.9368449734130175,7.975098132395071,9.560448445044695,-0.0,0.0,0.5014792638322496,0.1309170008183095,0.875560576272983,0.4802413866107982,1.1342177628759456,0.9872369185838564,1.2900197275882404,1.597314874571404,1.3558498551169051,2.2622610915107613,1.3446390338116736,2.940325683250535,1.2691216848339248,3.5961846732425586,1.14162197007396,4.20078693846564,0.9738748620102808,4.731102830572149,0.7768842636747487,5.169792553061718,0.5608180979237634,5.504812886708777,0.334938405562957,5.728980326589715,0.107563084856265,5.839507341673005,-0.11394501956466614,5.837526533573286,-0.3231664573186746,5.727615186550064,-0.5145958470390954,5.517330266683652,-0.6835996405471719,5.216761503495796,-0.8263653879794299,4.838107888998112,-0.9398464443774068,4.395280837022037,-1.0217055114539435,3.9035354098561887,-1.0702598239016228,3.379129467536485,-1.0844301962867327,2.8390093389118856,-1.0636955667584365,2.3005196515164403,-1.0080541262369236,1.781134277751703,-0.9179916224143088,1.29820493769175,-0.7944569899807382,0.8687238164273517,-0.6388450917307078,0.5090965729656741,-0.45298606530394914,0.23492230111276052,-0.23914055856172203,0.06077731155222301,-0.0,0.0,0.26130901754925,0.06447451282323315,0.5412171708904334,0.26441138691941835,0.8357025505915191,0.6081237982531632,1.140279333469666,1.101798482363532,1.4499857031600265,1.7492607754153457,1.7593716263627328,2.551733556565757,2.062486975587291,3.5075901470503195,2.352870374989702,4.612101438014844,2.6235390395621456,5.857177680417154,2.8669797830676,7.231105481204841,3.0751412887470324,8.718280616743,3.239427669725819,10.29893730410849,3.3506932929865063,11.948874570495466,3.399238800830728,13.639180337404158,3.374808235544185,15.335953795737755,3.266587154878803,17.000026595878573,3.063201616267884,18.5866833178824,2.752717904724131,20.04538162489941,2.3226428815885196,21.31947244077355,1.75992483732258,22.345920432729965,1.0509547401849928,23.05502502373116,0.1815677829227571,23.37014210752481,-0.862954859252772,23.20740659323489,-2.0978841347587993,22.4754558658279,-3.5390411500053838,21.07515421391386,-5.2027951856351,18.899318246918536,-7.106061738416743,15.832443299353429,-9.2663006236519,11.75043080028993,-11.701514165003575,6.520316570743337,-14.430245491689286,-0.0
197,4,-1.0681015373402778,2.3856143984444445,-1.1061537049517862,2.382779082498488,5.0095385493483064,4.930960634429832,8.01942605295507,9.544515165567494,-0.0,0.0,0.5134410679972994,0.1339845152344938,0.8973111538586112,0.49183931770726014,1.1631269222956042,1.0116150834508388,1.3232795594542137,1.6373526365915294,1.3907153714898435,2.319440521207691,1.3786199422488223,3.0148131489107155,1.3001198250905357,3.6869948629510882,1.168013674224657,4.306001766063334,0.994541903626473,4.848118433125011,0.7912006925653902,5.295570368378547,0.5686027744881981,5.636115128505417,0.3363842791795598,5.8625754442869855,0.10315421769760803,5.9723366136503575,-0.12351881468464329,5.9668281999493615,-0.3370894146579274,5.851007007708839,-0.5319948746999028,5.632854793134853,-0.7035985889755693,5.322900537593255,-0.8481239767774615,4.933773647824781,-0.962584651792199,4.479791350290773,-1.0447154993571706,3.976580944823442,-1.0929082052660368,3.4407355313864447,-1.1061537049517862,2.8895003240736292,-1.08399305639633,2.3404856789596074,-1.0264774215940586,1.811402421963951,-0.9341371852625548,1.3198148913598942,-0.8079597447669268,0.8829072254343254,-0.6493751598975206,0.5172587510275811,-0.46024863662048554,0.23862479300193445,-0.2428787134323833,0.06171976807236314,-0.0,0.0,0.2652106361753422,0.06544425907761987,0.5491254477548576,0.2683305595971182,0.8476556426550725,0.617008226151144,1.156240433663069,1.117664652450241,1.4698359212251986,1.7740865203218374,1.782904293737697,2.5874155219794606,2.0894037055400756,3.555898839267929,2.382779082498488,4.674634785485732,2.6559540104477937,5.9353141160009395,2.9013237833637784,7.3259575712396225,3.1107496254867253,8.830650237762864,3.2755540535531185,10.429273307665872,3.386517310228321,12.097233790339875,3.433874775971006,13.805192689790523,3.4073152520474146,15.51879211034196,3.2959800004602253,17.198381697897574,3.088462425510098,18.798744766334824,2.772808285099236,20.268824401661533,2.336516326450342,21.55144978214826,1.7665392495936265,22.583062902088802,1.049284911909409,23.29344584096439,0.1706176975255901,23.60544867904646,-0.8841400140605558,23.434718125021703,-2.130206335520265,22.68942689098941,-3.583338361119149,21.270003824931454,-5.259830694869198,19.068864790148965,-7.17651404622111,15.970144264783086,-9.350753914997595,11.849427621947546,-11.800449381066095,6.573484041737989,-14.544032008929543,-0.0
198,4,-1.068883495986111,2.413466581048611,-1.1052418758634588,2.3991347042494118,5.009479280412138,4.928322347936104,8.025297086108289,9.655947918250812,-0.0,0.0,0.5202236960783493,0.13582814556085185,0.9076165274874821,0.4980780774369761,1.1743295007499432,1.023326293981991,1.3334258214775263,1.6544684855767742,1.3985075821216593,2.341082040545558,1.3833571569966105,3.039604890074912,1.3016083478563918,3.71334192118557,1.1664591887841438,4.332316955263912,0.9904346085248654,4.872993333595823,0.7852032027156424,5.317889266269036,0.5614485454442045,5.6551152589734,0.32879209343210675,5.877860278418564,0.09576205377492733,5.983851140420814,-0.1301992604807432,5.974806292229142,-0.3426980431369164,5.855901142337544,-0.5363302144747667,5.635257786583402,-0.7066094095887706,5.323467755343535,-0.8498889403017924,4.933152548864305,-0.9632836846369258,4.478563429548937,-1.0445964834399812,3.975219304662508,-1.092252264940972,3.439579585872084,-1.1052418758634588,2.8887476186436305,-1.0830765354236025,2.3401995591341698,-1.0257529764981783,1.8115333400804499,-0.9337287007286533,1.3202325031833757,-0.807906337347336,0.8834400792380386,-0.6496258336447581,0.5177382745064973,-0.46066308718542504,0.23893039264853042,-0.24323362376312394,0.06182212199454262,-0.0,0.0,0.26591826170736027,0.06560549680549557,0.5509332382057903,0.26910371686716267,0.8509765297106188,0.6190461907206392,1.1614872293444183,1.1218276150641076,1.4774004613889091,1.7814367011872625,1.7931368644763042,2.5992015159020077,2.102593268177074,3.573529854456955,2.3991347042494118,4.69964528148648,2.6755878069526986,5.969319524135519,2.9242355890097085,7.37060191099086,3.1368135291106003,8.887546530400945,3.3045068710379386,10.499937740188104,3.417949011209156,12.183014604502679,3.4672208383948826,13.907194768325782,3.4418508844579683,15.637798210481431,3.33081614627406,17.33477124554653,3.1225434449000007,18.95241107644361,2.8049111971690084,20.43909113470435,2.3652514860770535,21.73698738571186,1.790352328675137,22.781805722467315,1.0664600529898858,23.502510523978746,0.17928170822505313,23.82105441332643,-0.8860125552406078,23.652109215676507,-2.1447871880189697,22.902798087689415,-3.612939067390308,21.47242876648218,-5.306895478244077,19.252227868073067,-7.243612272491226,16.125076151540913,-9.440572222669118,11.965244655442982,-11.915783578994835,6.6381316068321805,-14.68777883362605,-0.0
199,4,-1.1194466426805556,2.4344044973055556,-1.1305339695342262,2.3727578631284327,5.010224646187779,4.929066477105196,8.404930858502755,9.739717642050309,-0.0,0.0,0.541154383348079,0.1413520904100901,0.9429028018168472,0.5179128056620937,1.2182368379407176,1.0631807307861485,1.3810656032910842,1.7173958228581558,1.4458296468775629,2.427901341993669,1.4271299654579286,3.1493158835277004,1.3393862661216023,3.843526682083027,1.1965362816905258,4.479521876899956,1.0117849163766621,5.033084596888637,0.79740850486086,5.4863752531976715,0.5646157896249514,5.827430149988311,0.3234636910084555,6.049604430759788,0.08282288371243285,6.15098562402984,-0.14961414161989436,6.133800940986752,-0.3672913124646935,6.003837414200427,-0.5647228405615059,5.769889400535256,-0.7374117936961102,5.44324333781816,-0.8817615339365362,5.037205313404406,-0.9949868337584705,4.566673246177452,-1.0750299141272204,4.047752464870241,-1.1204850562448994,3.497411244084782,-1.1305339695342262,2.9331714083575786,-1.104892848914501,2.372828346195953,-1.0437710718420128,1.8341945666635753,-0.9478407770682212,1.3348611441319274,-0.8182161111498998,0.891971899629058,-0.656440686880241,0.5220058426534792,-0.46448172411178734,0.2405641496887678,-0.24472939189849988,0.062158712483309085,-0.0,0.0,0.26645813697034637,0.06578261141389122,0.5509571449024995,0.2694674376008065,0.8493611326648636,0.619059790685646,1.1570774376875073,1.1203832088877848,1.469048019547311,1.776848905665666,1.7797413094761692,2.589221019328261,2.083144711585777,3.5553779441879705,2.3727578631284327,4.670070099164678,2.6415866939504635,5.9246745257899605,2.8821382765219714,7.306946714743615,3.0864164244488776,8.80077004680381,3.245917976191532,10.385903207296845,3.351629689088909,12.03772589824288,3.394025664324928,13.726983133574306,3.363065224156406,15.419528363115148,3.2481911669048493,17.07606563259912,3.038328331594472,18.651890951281366,2.7218824116981617,20.096633006502405,2.2867389654919026,21.353993336296405,1.7202625784909293,22.3614860468909,1.0092961409935681,23.050177141592425,0.14016021067152587,23.344423510824154,-0.9013475637002974,23.161611619621862,-2.1299529759295455,22.411895918313256,-3.5609057675054565,20.997936993999467,-5.209980114303258,18.814639474440472,-7.093475101967958,15.748889691656556,-9.228215194545866,11.679293109671544,-11.631550698960128,6.4759115190525955,-14.32135822640993,-0.0
200,4,-1.15493845525,2.388712728986111,-1.0911057816711962,2.3399472501046845,5.010894858428208,4.93055579645645,8.671407365122858,9.556911160017462,-0.0,0.0,0.521055870591697,0.13625999264043215,0.9052152113620353,0.49823605234687574,1.1668538670974924,1.0210533239631234,1.3206688658359362,1.6471193534575637,1.3813539834966593,2.3262021827722363,1.363313247916297,3.0153553453238966,1.2804194144550385,3.678710637557992,1.1458209097615681,4.287162171507841,0.9717974327907337,4.817966118742396,0.7696616019427696,5.2542799248658785,0.5497019232685578,5.5846629088380375,0.32116099482804333,5.802557427470717,0.09224222350608406,5.905766555056192,-0.1298616950050199,5.895940837218873,-0.33892484488837693,5.778083396886086,-0.5296342798702515,5.560079689897571,-0.6975310119813325,5.252255641446796,-0.8389495471884353,4.866965788587388,-0.950958833057461,4.418211404079225,-1.0313066990451214,3.9212873451491825,-1.0783692061102708,3.3924555016230555,-1.0911057816711962,2.8486421497048107,-1.0690205887578206,2.3071561908870515,-1.01213024882688,1.785425117114332,-0.9209377890933115,1.3007455487630692,-0.7964125017844972,0.8700453048607144,-0.639975271536563,0.5096541560078409,-0.45348883818949787,0.23508065618279086,-0.2392524079060952,0.060792730873733596,-0.0,0.0,0.26109808464746803,0.06443612167953688,0.5404312693722957,0.2641397461200027,0.833942743296429,0.6072329588349838,1.1371220540147644,1.0996963620389772,1.444996712158852,1.745140187370359,1.7521232091716643,2.5445710487483635,2.0525777884857277,3.4961541295639025,2.3399472501046845,4.594970753363849,2.6073200114795725,5.832771412745729,2.8472775951193734,7.197724429292945,3.0518866666127913,8.67416049065795,3.2126917062091005,10.242313362341624,3.3207083629440164,11.878057104487146,3.366417512312468,13.5526401412535,3.3397600162607635,15.23241653504869,3.2301321672203036,16.878574812823963,3.026381785376242,18.44686467918504,2.7168049296740175,19.887321933354517,2.289143177548147,21.14399188577288,1.730581425390174,22.154651546781544,1.027746160799053,22.850530835524005,0.16670415819321693,23.156033032803062,-0.867038449001227,22.98845467779225,-2.088536763974718,22.257705085680534,-3.513407431473268,20.86602564184089,-5.157828690392087,18.70770900814547,-7.038540209088014,15.66881835869656,-9.172842735207356,11.626906745530386,-11.578597588652183,6.450736679750678,-14.274226023288149,-0.0
201,4,-1.1175862699722223,2.316322007125,-1.1400987814498775,2.340094166976491,5.0111661464879935,4.927116529087652,8.390962971701875,9.267285836201392,-0.0,0.0,0.538383407640104,0.14056198716431714,0.9395027978477194,0.5154992849204486,1.2159119595538106,1.059274971494513,1.381025011523416,1.712859093778995,1.4487622537007803,2.424069749603695,1.4332153367542846,3.1477414209719816,1.3483424687111751,3.84573301410639,1.2077014628471365,4.486792700230498,1.0242254729675262,5.046299810077496,0.8100434974550972,5.505905754753199,0.5763453368009143,5.8530963690935796,0.33328876120621087,6.0806974133553044,0.08994521412453226,6.186343469186488,-0.1457205832367406,6.171928370091408,-0.3668423150305475,6.04305283530496,-0.5676204528885923,5.80848231382723,-0.7432727145058003,5.479625338865914,-0.8899717478611294,5.070040054287546,-1.0047748158097491,4.594974088444771,-1.0855497715300766,4.070940680507037,-1.1309010501292551,3.5153319576507553,-1.1400987814498775,2.946068552113595,-1.1130134795097564,2.3812833563236735,-1.0500581116106906,1.8390361501416612,-0.9521387215933197,1.337055091408071,-0.8206142018292611,0.8925006212224258,-0.6572652982453144,0.5217471689249819,-0.46427250718687296,0.24017810974017323,-0.24420219075023653,0.061989685655020665,-0.0,0.0,0.26500945127934916,0.06545969178751664,0.5471177853980208,0.26786144410483836,0.8422240527475527,0.6147460443335016,1.1458229813328964,1.1115032621402146,1.4529912530409368,1.7611663208981398,1.7583726556137758,2.5641991935108033,2.0561628262523213,3.5182763451413392,2.340094166976491,4.618054869298505,2.6034213810537294,5.854939220751894,2.838907959463776,7.216838942795928,3.0388138399548095,8.687919923634318,3.1948843705201697,10.248349804581684,3.298340634495479,11.874038209371367,3.339871135360641,13.536372477055481,3.309624794473042,15.201949568248988,3.1972051826988452,16.83230478253103,2.9916658854022793,18.38363787951432,2.6815068876273553,19.806537142335515,2.2546718607795864,21.045701864093967,1.6985462320644833,22.039663678210903,0.9999559219422529,22.720507095167594,0.1451666417068352,23.013589552327034,-0.8801163480032187,22.837261231713406,-2.0907481072009357,22.102584853435822,-3.502143594304039,20.713055610263485,-5.130277020735338,18.5643213717834,-6.991681041665831,15.543903254495923,-9.10344583299526,11.53091662688439,-11.48321809620289,6.395792595595877,-14.149200025057224,-0.0
202,4,-1.1112981132291668,2.3538085305208334,-1.1422195090801728,2.3673450085846848,5.0098102152617,4.934388062059863,8.343750786111453,9.417264261587,-0.0,0.0,0.5418733536963866,0.14147232314346056,0.9454740892684641,0.518820099462198,1.2232661890102967,1.0659727149194758,1.3887205100182647,1.7233599418746026,1.4559193074895809,2.43831601875576,1.4391802435340513,3.1652902320610328,1.3527134732093122,3.865877273068338,1.2103220280823344,4.5086866105416155,1.0251521148882674,5.069074333554917,0.8094964074548952,5.528763334047983,0.5746501934660625,5.875378415572467,0.33081753879594183,6.10192214616506,0.08706256568642777,6.206215310391738,-0.14870045892448597,6.190322986235406,-0.36968529569476904,6.059983903924165,-0.5701874517885615,5.824057133716653,-0.7455205024467888,5.493996547976119,-0.891941509817939,5.083360103717562,-1.006571248358912,4.607357933590363,-1.0873140312256375,4.082440603679072,-1.1327809656353238,3.525926740165701,-1.1422195090801728,2.955667553449118,-1.1154512995525054,2.3897445802482107,-1.0528194254626468,1.8461961838529939,-0.9551456068976454,1.3427679484042507,-0.8236971911965868,0.896682014774526,-0.6601634254688094,0.5244205695262696,-0.4666401521027073,0.24151905123226486,-0.2456218700425777,0.06236512067844371,-0.0,0.0,0.2669338312905564,0.06591937550749258,0.5514806321229742,0.26987164354780435,0.8495240698512428,0.6196518308267711,1.1565186186879093,1.1208900211894819,1.467476638678611,1.7768335583374033,1.7769550545635024,2.5881226630154326,2.0790421677657456,3.5525594034106476,2.3673450085846848,4.664870192099546,2.634977522717506,5.916462157574679,2.8745497885753024,7.295173860368512,3.0781583801608465,8.785020900937033,3.237377924149139,10.365937006687574,3.3432538481541276,12.013511196368226,3.3862962784343367,13.698721608342446,3.3564750177283145,15.38766655108061,3.2432155157093163,17.04129329464277,3.0353957339644158,18.615125075242442,2.7213438028339865,20.058986734572443,2.28883636747398,21.316729364083212,1.7250975239071886,22.325954273818976,1.016798251593143,23.01773655716062,0.15005625634168743,23.31634847786441,-0.889563854433433,23.138982864715906,-2.1170501335837706,22.39547666224519,-3.5479426541490997,20.988034753358175,-5.1983327200151,18.81095414135129,-7.084861972206301,15.750348554404946,-9.224721428522983,11.68387351502432,-11.635650487694667,6.4804518997041765,-14.33593592337001,-0.0
203,4,-1.1155843908194445,2.3160823003749997,-1.138152536673851,2.369483503839943,5.010870805141501,4.925980775414107,8.375932638656357,9.26632680245639,-0.0,0.0,0.5339421746686551,0.13946423117590553,0.9307528611229485,0.5110815807959539,1.2036898939553216,1.049568113589406,1.3666199228030744,1.696435475530347,1.4336829093845438,2.400210402525644,1.418986197327798,3.1164934681369267,1.3363363571557976,3.807874030830873,1.1990139477342403,4.443721683596793,1.0195932690508742,4.999876306867345,0.8098063940475196,5.45825914930871,0.5804484898798373,5.806426410615278,0.34131981262354405,6.037084870337139,0.10119882209604254,6.1475865362662105,-0.1321594415304502,6.139416408860106,-0.35200537595223125,6.017684561547396,-0.5525623387028977,5.790631034440023,-0.7289840503852667,5.469149662858117,-0.8773054798761877,5.0663349680207395,-0.9943900892768371,4.597054621375467,-1.0778757037017141,4.077548713555716,-1.1261207867596774,3.5250560527807155,-1.138152536673851,2.957466923020118,-1.1136179437616012,2.3930010964815445,-1.0527387351330821,1.849909380145129,-0.9562709473304651,1.346196560135968,-0.8254696903958497,0.8993632816757131,-0.6620594855362225,0.5261641656502554,-0.46821037052909237,0.24237931852472483,-0.24651977692624313,0.06259634286711123,-0.0,0.0,0.26792908324379333,0.06616680817610798,0.5534425312080962,0.2708620679455856,0.8523086777159561,0.6218370756374343,1.1598839494952655,1.1246245980499006,1.4711048450141682,1.7823310175897273,1.7804777532512155,2.5954238990586287,2.0820672564528335,3.561514061030415,2.369483503839943,4.675131543307339,2.6358691707202686,5.927495137793512,2.8738864364135126,7.306275387311103,3.075704330863514,8.795351152696876,3.2329867187222527,10.374560002993231,3.3368811147107085,12.019442798881446,3.378008457617197,13.700982919404979,3.346453913702409,15.3853406311385,3.2317587339407794,17.033583122332256,3.022913153137896,18.60141072727801,2.708350291729925,20.03887985299361,2.275941001899747,21.29012309562284,1.7129895872969092,22.293067001419857,1.006230318861793,22.979147889928218,0.1418246668277571,23.273026117450307,-0.894640830176413,23.092299119036106,-2.118156134815646,22.34721352839781,-3.544288790679484,20.940376638346027,-5.18918457733466,18.76646743015786,-7.069567800166175,15.711947369065594,-9.202741268178983,11.654771134922772,-11.606586006911748,6.464097432034563,-14.299560747938077,-0.0
204,4,-1.1183550895833332,2.3067430241249998,-1.146930063323743,2.340967789387795,5.008535775158982,4.938110442033752,8.396735355509803,9.228961642411385,-0.0,0.0,0.5335076341447073,0.13923799149124158,0.932094116138558,0.5110142348183285,1.2079317177252966,1.050869331165599,1.3740267863954452,1.700652778027305,1.4438833002930547,2.4088553809235065,1.43118462766382,3.1307775179488044,1.349503768916151,3.828545026883433,1.2120497851439949,4.470988997419662,1.0314552527636427,5.033408893496587,0.8196067028646858,5.497240125151575,0.5875173768624059,5.849647496102769,0.34523947888242873,6.083065057846316,0.10181156816468917,6.194701079809309,-0.13476414839695997,6.186024419143903,-0.35752014411839783,6.062245860622441,-0.5605028388810223,5.831805270396791,-0.738737591792334,5.505872870646414,-0.8881835088258524,5.097870719080141,-1.0056814230694056,4.623018616742836,-1.0888977414837664,4.0979071589982325,-1.1362663118511034,3.5400994384284683,-1.146930063323743,2.9677619373441426,-1.120683899370062,2.3993243441859575,-1.0579201394937157,1.853167337308528,-0.9595776748049359,1.347336765544176,-0.827095883350511,0.8992821019890423,-0.6623742139194483,0.5256165575767198,-0.4677381741285869,0.24189582819279407,-0.24591224532686481,0.062412132880965615,-0.0,0.0,0.26652856813170206,0.0658501863297761,0.5498427559532456,0.26932817568473255,0.8457504036615433,0.6177938932279783,1.1496913937478708,1.1164195746434302,1.456726257749385,1.7680031233363012,1.7615208511453238,2.572774746746006,2.058328097474884,3.5281951555919613,2.340967789387795,4.628744109180553,2.6028053748744577,5.865698570608445,2.836730561729334,7.226900177277247,3.0351364537206247,8.696512119545456,3.1898997990591242,10.25476584419591,3.2923627954939865,11.87769825558331,3.3333167648685644,13.536880276274413,3.3029878893723392,15.199137754706234,3.1910250961131355,16.826265776418836,2.9864900882355134,18.374737455889985,2.677849450289953,19.795408266740253,2.252968702362838,21.03321691793308,1.6991081401968844,22.026883710903757,1.0029202752148116,22.708607224800073,0.15044867678863671,23.00376008063947,-0.8728719829977124,22.830584435486468,-2.0822148766332664,22.099887758919483,-3.4933591445027123,20.714739349238403,-5.122687364056215,18.570167958295016,-6.987182518250598,15.552860812954371,-9.104424599244679,11.5408642488195,-11.492586965722378,6.40328610827133,-14.170432555097795,-0.0
205,4,-1.0892865583680555,2.312742297833333,-1.1897322189877815,2.380390046395798,5.010140636707811,4.931954982065712,8.178485565204829,9.252963911566416,-0.0,0.0,0.5513414814367412,0.1437362185643935,0.9660258492903538,0.5285560211973519,1.254969218365264,1.088798028621671,1.4303836657931994,1.7645986683420494,1.5053972058296001,2.5024452120004566,1.4936798922518675,3.2555397077341586,1.4090899082658728,3.9839804328994948,1.2653509515586336,4.654773802845627,1.075769330886862,5.241694612080039,0.8529961814781563,5.725015940234762,0.6088373036905936,6.091132024319249,0.35411052979645014,6.3320979849626,0.09854837073195875,6.445109687814651,-0.1492579371564439,6.431945466910042,-0.3818779699362484,6.298389199376626,-0.5930308497046585,6.053651553571693,-0.7775490170883084,5.709803354662544,-0.9313228172137106,5.281232096661378,-1.051231392297697,4.784129805729677,-1.1350649494611902,4.236017814346404,-1.181442954082164,3.65531159807711,-1.1897322189877815,3.0609266944482405,-1.1599682388693309,2.4719248921554122,-1.0927824735956775,1.9071983648606543,-0.9893376298158408,1.3851882355763305,-0.8512723460221716,0.923633194836614,-0.6806560730771171,0.5393432483112414,-0.47995438162664356,0.24799341628344349,-0.2520044393758134,0.06393221717656614,-0.0,0.0,0.2725150595246279,0.06735260005130043,0.5616458230553217,0.2752863295374704,0.8631393235615896,0.6310609316602804,1.1723727470697043,1.1397177784943915,1.4843381224762178,1.8038912410193617,1.7936246718733029,2.6236117727948143,2.094399862600217,3.5960998039767063,2.380390046395798,4.715550024654,2.6448614063230553,5.972906038115317,2.8806017696130968,7.35562568407465,3.0799036925484495,8.847437572377308,3.2345490876297793,10.428089536040416,3.3357955468095652,12.07308981764023,3.37436441880048,13.753441855140217,3.3404306230930088,15.435373542586381,3.2236141269539234,17.08006181757078,3.012972972219128,18.643353379980724,2.69699771365876,20.075482283152436,2.263607117482017,21.32078506569509,1.7001449646463094,22.317414015221317,0.9933778067296812,22.997049078079556,0.12949353019129564,23.2846088549098,-0.9058994038251215,23.097961052485353,-2.127772163782081,22.347632699128322,-3.5516753017670495,20.936520374655096,-5.193738148884216,18.75960065650239,-7.070667930266797,15.70364094124523,-9.19974866553194,11.646910764747076,-11.598839909273012,6.458893714131052,-14.286375376260192,-0.0
206,4,-1.1026877355625,2.362985630840278,-1.1720651631389962,2.335745628499531,5.007919801402665,4.933690219310232,8.279103105556853,9.453980578034448,-0.0,0.0,0.5345524269259707,0.13932122799259022,0.9375070636868683,0.5126109902558039,1.2193608503966733,1.056638270321792,1.391788333730965,1.7137295370478376,1.467290705655542,2.4322697416676715,1.458853680719954,3.1670294528944782,1.3796270441327536,3.879325873056716,1.2426357056336013,4.537031161802401,1.0605288537091317,5.114445604779901,0.8453706351734886,5.592055660403537,0.6084729649605142,5.956197905779723,0.3602688044857397,6.198649612588514,0.1102226403367889,6.316165422919002,-0.133226047987822,6.309977698701582,-0.36269090594054365,6.185275900396197,-0.5718429081748677,5.950678066931871,-0.7553948049403135,5.6177052969079835,-0.9090695072280804,5.200268166123283,-1.0295556578011191,4.7141722829603365,-1.1144532731165888,4.176648654728584,-1.1622120962879983,3.605913161713325,-1.1720651631389962,3.020758153937904,-1.1439600139846269,2.4401779538173747,-1.0784899321223105,1.8830288441215561,-0.9768275060363274,1.367722948896668,-0.8406626572343514,0.9119543017111704,-0.6721470281960839,0.5324543824590188,-0.47384628327641476,0.24477353840479016,-0.24870145523587828,0.06308403102308993,-0.0,0.0,0.26864326205476047,0.06640942572432114,0.5532956018824747,0.2713131995787878,0.8497069252718082,0.6216666577693485,1.153302422467669,1.1222193653816976,1.4591685760995092,1.775349509083366,1.7620339149529325,2.580889920891153,2.056245942544336,3.535943463265492,2.335745628499531,4.634686213155429,2.594040743535413,5.868157552204422,2.8241791637065825,7.2240368735505145,3.0187230848626547,8.686407133172379,3.16972489074096,10.235505895041465,3.2687052219113113,11.847464841693352,3.3066336088108232,13.494038948752035,3.273911867973655,15.142326661582983,3.160360320817699,16.75448247579332,2.9552067809131315,18.28742332351286,2.6470781683569298,19.692530117463708,2.2239945470245854,20.915345717456425,1.6733653393841816,21.89527047072237,0.981987451016038,22.565256348497133,0.1360450295773974,22.851500564930323,-0.8788894126352891,22.673139427443985,-2.0778527702037453,21.941943035225076,-3.4764882486230526,20.562011318305984,-5.091041616254571,18.429471796111187,-6.938356994602002,15.432179332848062,-9.03587235180522,11.449418078298315,-11.401614839295798,6.3516057063984945,-14.054196087931542,-0.0
207,4,-1.151350710125,2.3311276137569443,-1.1638276718032625,2.3734014092106333,5.0091108781817075,4.927280310947019,8.64447017261733,9.326521032436862,-0.0,0.0,0.5304848743840321,0.1382054828134927,0.9313422824390094,0.5088709809776794,1.2123635440102154,1.0495676166048375,1.3846800304293203,1.7031115709613778,1.4604112479681086,2.4181465927234016,1.4523098715267015,3.1495491247827636,1.3734186868345697,3.858658343365629,1.2367521659934086,4.513340350832173,1.0550126352592422,5.087901451756007,0.8403479417413932,5.562869664741491,0.604154449216434,5.9246663023140425,0.3569263363484773,6.165190638423688,0.1081497264576888,6.281340538396617,-0.1337617330484204,6.2744906893229055,-0.3614945604650977,6.1499480198998,-0.5688319101125707,5.9164013198767025,-0.7506246616749537,5.585379214488496,-0.9027429330245281,5.170727725741686,-1.0220135315531909,4.688115813955949,-1.1061484052598411,4.1545746436608875,-1.1536686052791445,3.588073921836107,-1.1638276718032625,3.007136549168449,-1.1365377328887563,2.430491024088058,-1.0723009766103806,1.8767595518350588,-0.9721485328182329,1.3641786370535356,-0.837588192632219,0.9103480732403824,-0.6705618150437649,0.5320036745305967,-0.47341273583026694,0.2448088063461487,-0.24886302008983316,0.06315973513032147,-0.0,0.0,0.2697287759526197,0.06663937084693664,0.5565132820518438,0.2725734545529935,0.8561726799341705,0.6253005988312466,1.1641422007579216,1.1301333787731023,1.4754565198838403,1.7900025956724293,1.784730823242217,2.6052523383583694,2.086140645147389,3.573425228505376,2.3734014092106333,4.689037475136847,2.639748441048917,5.943343788978952,2.8779180556047614,7.324092550103925,3.0801301625944313,8.815271883446398,3.2380726878521244,10.396847481420986,3.3428879806593255,12.044493129016312,3.3851612699042986,13.729314944098428,3.354911145694128,15.417570354654917,3.241581977073221,17.070382805715965,3.034038129073497,18.643453131430725,2.7205598111379703,20.0867684509696,2.288840371448126,21.3443093580512,1.7259848452316962,22.353756079137348,1.0185095672423163,23.046194179598174,0.15234266703455668,23.345820304133284,-0.887174721546716,23.16964835010015,-2.1152866897164473,22.427216391907983,-3.5478203580474297,21.020294602309164,-5.20118337447986,18.842594352703305,-7.092361207816957,15.779478619461807,-9.238914322380246,11.70767377646427,-11.658975304632271,6.49498281497451,-14.371245999143714,-0.0
208,4,-1.1955599158487105,2.4080482258725198,-1.1256495463404332,2.3410945990956455,5.008871419382042,4.932351452716158,8.976397844067003,9.634269824261962,-0.0,0.0,0.5103831908972525,0.1330302338335029,0.8950635026979651,0.4894252397377826,1.164281400645272,1.0088443084263465,1.3293018932701206,1.6363364976518546,1.40209496685788,2.322772773697038,1.3950277366488943,3.0251208158262717,1.3205784909723004,3.7065710059102055,1.191079908066531,4.336526489466646,1.018495968897507,4.890473133908261,0.8142346950897833,5.349746854510179,0.5889969289129067,5.701216343892426,0.35265996461901633,5.936898976983148,0.1141938847581726,6.053526812127393,-0.1183921451268766,6.052078373240271,-0.33807672396769667,5.937290428042493,-0.5388295098129182,5.717162371488046,-0.7155943910296758,5.402464137573754,-0.864256044804075,5.00625682626285,-0.9815934403398937,4.543433463642189,-1.0652238443487385,4.03028553233843,-1.113540818958349,3.4840991440008295,-1.1256495463404332,2.9227830155221226,-1.1013025574205435,2.364528803425543,-1.0408385833357046,1.8275028977606074,-0.9451268002101926,1.3295675262332427,-0.8155182238843248,0.8880280103584732,-0.6538054625953903,0.5194022735270992,-0.46219148654402936,0.2392082348395609,-0.24326755678288522,0.06176452420867915,-0.0,0.0,0.26427485885064445,0.06526780454931368,0.5458485755427908,0.2671601112922802,0.8406324315849348,0.6133202521898847,1.144144492370336,1.1092495181775255,1.451493136466514,1.7581065547832668,1.757358257336394,2.560497892366662,2.0559712308241447,3.514258725872218,2.3410945990956455,4.6142235711078925,2.60600225983126,5.851986859936355,2.843460781666005,7.215653889216915,3.045712303865086,8.689582807695947,3.2044593279134244,10.254118515803025,3.3108515763000077,11.885319473227794,3.355474982126274,13.554678467984209,3.328342783138004,15.228838409078357,3.218888624748718,16.869304173591484,3.0159615269126707,18.4321514780863,2.7078225369865896,19.86773366283984,2.2821428723365687,21.1203871833398,1.726003349679264,22.128136503239247,1.0258949003923092,22.822398981696516,0.16771997992531448,23.127690249637,-0.8632053070634503,22.96133047675906,-2.082148527846004,22.233151845924176,-3.504957833170658,20.84520747499986,-5.148058585052399,18.691481958733107,-7.0284498087221445,15.65760364482247,-9.163700559656903,11.6205587086959,-11.571946280914347,6.4484070500238495,-14.271885211800114,-0.0
209,4,-1.163122924484623,2.37290254568998,-1.1731306225750948,2.3612052443511287,5.0068801558308,4.937149775829219,8.732857277434741,9.49365679068656,-0.0,0.0,0.5223800131119177,0.13597517520561056,0.9195489463262343,0.5015023153825855,1.2003285677286288,1.0361183084662589,1.3749044024698753,1.6841243987363033,1.4545141500398662,2.3951909837309135,1.4511241220074713,3.12480299896623,1.377108220346742,3.8345435771578193,1.244942473998571,4.492220584716886,1.066925964909793,5.07184662552156,0.8549362942991837,5.553487863329191,0.6202248074242663,5.923000361426553,0.37325387933174853,6.17167451199556,0.12357592303538847,6.295808602350897,-0.12024837681854522,6.2962318328768925,-0.3506966508634885,6.177795438967662,-0.5613012073069844,5.948848292972616,-0.7466404510926404,5.620710781030492,-0.9023105104692527,5.207158125762621,-1.0248817902139526,4.72392184921507,-1.1118445951831726,4.188215851655117,-1.161547375803171,3.618291659434373,-1.1731306225750948,3.033025754390505,-1.146459016752745,2.4515404932621943,-1.0820541261934835,1.8928589053209728,-0.9810296892804031,1.3755925756203324,-0.8450313142257899,0.9176608540932452,-0.6761821960031078,0.5360387722324667,-0.47703618972986145,0.2465303118228708,-0.25053926460831566,0.06356307727963677,-0.0,0.0,0.2709306081925843,0.06696346989949395,0.5582701614595507,0.27366725528202085,0.8577071992931411,0.6272517329817673,1.1645956991457966,1.1326182880154767,1.4739428248074566,1.792259225657468,1.7803911863417758,2.6060801304760295,2.0781969627141597,3.5712122639926003,2.3612052443511287,4.681813272952274,2.622823887567454,5.928855145181708,2.8559970507348353,7.299898967488573,3.0531794198869444,8.778856585766379,3.206311945858184,10.345739725558932,3.306799721276857,11.976397493996524,3.345492436550345,13.642243450461166,3.3126676791786656,15.309973608444956,3.1980171870164313,16.941276823825504,2.990636037303863,18.492539046808997,2.6790146507816304,19.914542878978533,2.251033413432307,21.152163796309825,1.693959665395446,22.144064286102303,0.9944467745321715,22.82238701172463,0.13853499765143873,23.11244797353376,-0.8883461678854544,22.932430485239475,-2.101374428904938,22.193080638597444,-3.516330205828174,20.79740479028458,-5.149591451451457,18.64036947638428,-7.018127997166447,15.608604044130153,-9.13949561678069,11.580106188478348,-11.531829970280402,6.42395049297994,-14.213840563138355,-0.0
210,4,-1.0988839972291666,2.393449023361111,-1.1512676975582028,2.4163479181087117,5.006636882670441,4.930077934769746,8.250544211835086,9.575860422530404,-0.0,0.0,0.4800844840867661,0.12482683854174448,0.8484367898643191,0.4614562341018274,1.1129387967335178,0.9559501665755769,1.2823858401203325,1.55854863312601,1.366276307458933,2.2240738316587993,1.37460399239032,2.9122295012517783,1.3176600161392549,3.5877985951568783,1.2058488769414364,4.2207453015348335,1.0495211471285966,4.786229183449291,0.8588237090256345,5.264540042325515,0.6435672997513601,5.640962252687382,0.4131105155906021,5.905577026488997,0.17625922934752797,6.053010576111477,-0.05881952187982786,6.0821356380245275,-0.2846698481422047,5.995733411704342,-0.49460586644708765,5.800122713953773,-0.6827571864876918,5.504763045743742,-0.8441009428468401,5.121838274893433,-0.9744802865314589,4.665827686115109,-1.0706093972365893,4.15307116271735,-1.1300653665200602,3.6013351666230924,-1.1512676975582028,3.029385912963984,-1.1334466238331633,2.456575650002989,-1.0766019150599853,1.9024472367456722,-0.9814542611882812,1.3863612679485935,-0.8493916563701593,0.9271488633496837,-0.682413405982236,0.5427919706576086,-0.48307442637698006,0.25013170189618106,-0.25443239040340604,0.06460391026371572,-0.0,0.0,0.27629573624114573,0.06824991713029349,0.5701458422096011,0.2792234517496585,0.8768825045330604,0.6405454302637581,1.191492729056324,1.1574201039764476,1.50862278480324,1.83246004174818,1.8225741529164388,2.6655150826654963,2.127292058932471,3.653497357981295,2.4163479181087117,4.790198998310273,2.682917162397474,6.066099846254275,2.9197539508328054,7.468163241377353,3.1191642068111163,8.979618684201625,3.2729782950791795,10.579730877549242,3.3725244694191288,12.243555256190414,3.4086040100886765,13.94168062910592,3.3714687471012157,15.639959962559999,3.2508014473008027,17.299230625205375,3.035699342007196,18.875025604218017,2.714660896005968,20.317277294675364,2.275575772479211,21.570015476937684,1.7057178337012993,22.57106104408996,0.9917409331528351,23.251716939137832,0.11967719861403353,23.53645762435396,-0.9250625258138662,23.342618246112444,-2.1576864220824326,22.580084488946703,-3.5940179634696134,21.150983941526082,-5.250491024399913,18.9493796317861,-7.144144131210865,15.860966233656113,-9.292614119762465,11.762769307092443,-11.71412943260188,6.522847808407881,-14.427503254554685,-0.0
211,4,-1.1120981193333332,2.416108480756945,-1.2042277359520959,2.4238660939366587,5.007062501449114,4.933064724371618,8.349757321604558,9.666517795699802,-0.0,0.0,0.5227184547362153,0.13589243478891136,0.9235578927872893,0.5023956859111286,1.2100302222202617,1.0403807964445981,1.3911447194503128,1.6948594080559176,1.477142357221808,2.4156674858686302,1.4792020762354452,3.158008610483969,1.4091331317344657,3.882846334503366,1.2790673939656314,4.557142138886015,1.1011644085855936,5.153942228330409,0.8873402281958722,5.652322386395874,0.6490286690323457,6.037205046719017,0.3969809406319479,6.29906639670074,0.14110678744967708,6.433553600718202,-0.10964238146751953,6.441033122727786,-0.3473501999560133,6.326090772042084,-0.5651755025342223,6.097002712964541,-0.7573607502899071,5.765194546590125,-0.9192141763975838,5.34470298320674,-1.0470712454826663,4.851651844143448,-1.138240793200566,4.303751379098394,-1.190940746128112,3.7198273110798574,-1.2042277359520959,3.1193837146986505,-1.1779243051138986,2.522201830879592,-1.1125468077925804,1.947975222468619,-1.0092365633066291,1.4159802620504895,-0.8696963193747673,0.9447797914510858,-0.6961336195553094,0.5519568807050974,-0.49121223023029703,0.25387492764483427,-0.25801236016034684,0.06545986780052897,-0.0,0.0,0.278994672356971,0.06895886597661019,0.574790219851834,0.2817967374453224,0.8828589019267341,0.6457965398289985,1.1983245846211523,1.1658904498669151,1.5159546944552242,1.8444839114039837,1.8301473953815124,2.6812743838185025,2.1349151885807567,3.6730627350693714,2.4238660939366587,4.813555783337512,2.690183481135415,6.093159049742167,2.9266054908847208,7.498759287957009,3.1254048364906724,9.013496789905933,3.278369615817774,10.61652782195275,3.376785604514462,12.282777820981487,3.4114203519959254,13.982686177303544,3.372509268199835,15.68194355794611,3.249743775318487,17.341222788562852,3.032261506196402,18.91590432528387,2.708638459790281,20.35579731997919,2.2668829726751807,21.604857223967333,1.6944313318620503,22.60090079557891,0.9781448355140568,23.27531928437941,0.10430810169431726,23.5527904660854,-0.9413715717089353,23.350990102687803,-2.173763982786926,22.580303306116097,-3.608315109392085,21.14353619383354,-5.261045655633827,18.935628142922823,-7.148549196960766,15.843364876539228,-9.287990040635455,11.745092553450108,-11.697100899982006,6.510432977623491,-14.394180463579474,-0.0
212,4,-1.1708392857083334,2.4205803623263886,-1.1332698851673952,2.395961989932374,5.007286093699777,4.930928250663571,8.790792582336115,9.68440917893676,-0.0,0.0,0.5027678550135247,0.1308872786007545,0.8847560245020923,0.48262950685127043,1.1546908569674075,0.9969608073901507,1.322544399490636,1.6203014963879963,1.3992444870336895,2.304309342823474,1.396370922904162,3.0062817802847555,1.325852204948331,3.689405761262608,1.199676046184019,4.322858907925957,1.029624903701874,4.881771759412575,0.8270450907845862,5.347065882473312,0.602655084641115,5.705186166415172,0.36639565228125553,5.947747677176351,0.12732166987145943,6.071118054807582,-0.10646678583740724,6.075955780084468,-0.32785821786058383,5.966722969332234,-0.5307336168780407,5.751188981516039,-0.7099462928570636,5.439938336452378,-0.8612834865900831,5.045893512223847,-0.9814153136673146,4.583860325082559,-1.0678360448167306,4.070100948138459,-1.1188020374259182,3.5219372914767333,-1.1332698851673952,2.9573854948463176,-1.110837603905567,2.3948206886690997,-1.0516909599611026,1.8526699501433581,-0.9565563937764148,1.3491304942167202,-0.826661410714132,0.9019095611742294,-0.6637028080104075,0.5279821557668326,-0.4698226863029895,0.24336271690675193,-0.24759185680284418,0.06288691054789382,-0.0,0.0,0.2695482446984434,0.0665486172755328,0.5572321828244237,0.2725731981952801,0.8588099261631308,0.6260988185529311,1.1696101610005094,1.1329226490177322,1.4845217156717327,1.796396708445837,1.7979817317707054,2.617205020499969,2.1039631356977253,3.593134654335406,2.395961989932374,4.71884044933699,2.666985184973847,5.985603483870188,2.9095388198907375,7.38108354989117,3.1156175165782933,8.889066043023496,3.2766948230840405,10.489203777237368,3.3837147861589445,12.156754291529033,3.427084712719835,13.862313240353881,3.3966690934536437,15.57154445723598,3.281784628020972,17.244907258653885,3.0711962685319576,18.837381518915112,2.7531141843297045,20.29819100131641,2.3151915447942715,21.570525380556212,1.7445230161642873,22.5912613393425,1.027643871744641,23.290683070839528,0.15052962103367604,23.592202469729546,-0.9014039287979954,23.412079249353845,-2.1433002568477946,22.659141181290142,-3.590861426547461,21.234504617103305,-5.260347157686746,19.031295419887414,-7.168573723847064,15.934370405421237,-9.332912719005948,11.820039368987556,-11.771289730167426,6.555787753786291,-14.502182946785535,-0.0
213,4,-1.2089239739444446,2.4664648390208335,-1.1878807130354407,2.454578934698791,5.006240880234259,4.932011586998264,9.07673669006568,9.867986660678916,-0.0,0.0,0.5164188286736232,0.13427291903465766,0.9120068762800161,0.4962703157001754,1.1942765628087177,1.027384790591116,1.372285285418417,1.6731631132720952,1.4563363239093188,2.3840053347306562,1.4576549896997557,3.1157074329023406,1.3880572084311467,3.8298394454718725,1.2596263530382348,4.493959339315452,1.0844118476261388,5.081670233390458,0.8741601175060226,5.572534636485908,0.6400851790057546,5.951863835853899,0.3926828581214963,6.210403388144853,0.14158957908305853,6.343936880866803,-0.10451591406349667,6.352829935685346,-0.3379715193085769,6.241535085124915,-0.5521563795524269,6.018075984371599,-0.7414868232837948,5.693526732777727,-0.9013895676144941,5.281499155373756,-1.0282579425704537,4.797647960020521,-1.1193964578700044,4.259200906859477,-1.1729584310662033,3.6845186117767064,-1.1878807130354407,3.0926864149434614,-1.1638188426524512,2.5031389035877805,-1.1010852750319593,1.9353161853535283,-1.0005926793914652,1.408349850446978,-0.8638037063438088,0.9407757141669408,-0.6926880883124542,0.5502698681773086,-0.48968746664962015,0.25340425741879624,-0.2576879396174234,0.0654179056492788,-0.0,0.0,0.27965471895922867,0.06908127620069357,0.5771506467756662,0.28263048383309797,0.8879602922926461,0.6484531191536745,1.2071519823488335,1.1719900586672556,1.5293842232463382,1.856114180965747,1.8488975360573912,2.700923503776937,2.1595045369542003,3.7035297697464964,2.454578934698791,4.857841775890295,2.7270440090305046,6.154343050827573,2.9693610241529997,7.579863738290849,3.173517927199967,9.117346746104365,3.3310185869147317,10.745608370628979,3.4328727455381487,12.439093713176092,3.4695867882982534,14.16762727366268,3.4311553799914254,15.896159144691138,3.3070539761324134,17.584507242967515,3.0862321856593344,19.187096010641035,2.7571079415278548,20.652692002105006,2.307562422927935,21.924136746517746,1.7249356665615805,22.938077246367357,0.9960228028312201,23.62469444056046,0.10707085451203525,23.907429928759033,-0.9562239606442674,23.70271122337615,-2.208718476827939,22.919675767604822,-3.665824424448262,21.45989393252261,-5.343509913979402,19.217091183810357,-7.258300596293967,16.076869588860816,-9.427280531655912,11.916428817805564,-11.868092795445337,6.604286776955786,-14.598939845262972,-0.0
214,4,-1.2139896742291667,2.4788689149791665,-1.2039607764873088,2.4796197379108342,5.005035185166912,4.9297753662973385,9.11477053555655,9.917613662920502,-0.0,0.0,0.5063593054167768,0.13154819873471163,0.8966439227570181,0.48700428124955053,1.1777195981287532,1.009982655273673,1.3578835733031895,1.6478987480012213,1.4466034283077385,2.352620596101312,1.4542364319585532,3.080984350318191,1.3917439623902625,3.7951676485984156,1.2704136912480437,4.46292166052105,1.101599696649536,5.057668340422014,0.8964878468328177,5.558473808125911,0.6658910208490255,5.949911744934246,0.42007627670987974,6.22183234397915,0.16862411331204577,6.369052895589333,-0.07968143495291469,6.390985786414389,-0.31693401258900067,6.2912188200438806,-0.5361600589586365,6.077061567983716,-0.731350570094095,5.759070116019649,-0.8974722349781421,5.350561198311849,-1.0304606006241293,4.867125365190371,-1.1271978592688794,4.326147520225737,-1.185477835275118,3.746341871486124,-1.2039607764873088,3.1473070476812266,-1.1821205985576917,2.549105816527703,-1.1201872536789248,1.9718725109993778,-1.0190868601785703,1.4354499390651791,-0.8803821088344231,0.9590562604752997,-0.7062152423867694,0.5609811068950105,-0.49925558937922565,0.2583091485448737,-0.26265323925329626,0.06666841571703114,-0.0,0.0,0.28470168458609435,0.07034530538533067,0.5870616308449466,0.2876467946170676,0.9023168035449554,0.6595581664669511,1.2253387165307839,1.191260077489407,1.5506341274548077,1.8852778507049488,1.8723399859997372,2.7412980524438817,2.184213691309337,3.7559813256118604,2.4796197379108342,4.922769404180565,2.7515137927868047,6.231684766406023,2.992425163915421,7.669121886615925,3.1944385072242927,9.217629498221488,3.3491754880498643,10.855683671838527,3.4477769764235395,12.557451836292671,3.4808862219436927,14.292548126263716,3.438633330239296,16.025780631751065,3.3106212533298507,17.71689125747433,3.0859134127557004,19.320288982416574,2.7530229977982046,20.784777349317366,2.299903920846436,22.05327701936252,1.7139433666164021,23.06254420642215,0.9819558396481833,23.74288576496925,0.09017859325686031,24.017871652294293,-0.9757316891473063,23.804045423821478,-2.230701094638834,23.010633354235708,-3.6902396973420806,21.539252709849787,-5.370441920975113,19.28361963148586,-7.287986170577539,16.129257023755137,-9.460133848111752,11.95320278709133,-11.904727857138214,6.623718673893497,-14.640190691870842,-0.0
215,4,-1.1757972695625,2.4949873056458336,-1.1683973771998173,2.5275482595409997,5.007646487833521,4.924503899524135,8.828017680793742,9.98210112755974,-0.0,0.0,0.5078394677571836,0.132104064433893,0.8956948648771346,0.487832564694911,1.1715587999685195,1.0091256947247975,1.3448581774757018,1.6422910376317381,1.4261400487567621,2.3386432369025076,1.4267406558506739,3.0549816737870725,1.358454439648036,3.753901983162986,1.233218270073358,4.40394528687437,1.062823777059628,4.97959608996523,0.8586676196430255,5.46114548679615,0.6315460893386154,5.834440392941735,0.3914969058510995,6.090541829829399,0.1476877359680574,6.225315871424083,-0.09165187803611614,6.23897989163016,-0.31926065725410513,6.135624522162801,-0.5288446484770777,5.922728613974498,-0.7150526611006626,5.61068088702862,-0.8734354269536314,5.212318227024714,-1.0003951794450938,4.742487057216761,-1.0931313254032906,4.217631109372865,-1.1495866669583141,3.6554063806784627,-1.1683973771998173,3.0743221493402997,-1.1488487615965286,2.493405618088016,-1.090837826567508,1.931886999274152,-0.9948428687899741,1.4089015554082722,-0.8618997045824475,0.9432051595234332,-0.693583766325206,0.5529002361490524,-0.49199707647623475,0.255169390958685,-0.2597590362055267,0.06601455548775356,-0.0,0.0,0.2836432834904313,0.06999805713643176,0.587031129946258,0.2869368216448891,0.9055238677671298,0.6595494309551391,1.2339846900560167,1.1941247821768861,1.5667826591495775,1.8942597060290962,1.8977959693385797,2.7606127058244483,2.2204154569539236,3.7906593921521563,2.5275482595409997,4.978449715408316,2.8116214670793718,6.314367033331107,3.064585575959872,7.784888963073943,3.2779175473005626,9.37234986954238,3.4426232810337942,11.054704744274469,3.5492393415965924,12.805294140447204,3.5878338056116146,14.592609755811825,3.548006142555902,16.380060200534345,3.4188860824502014,18.125736453142252,3.1891314670152795,19.782176495479444,2.846925120118305,21.296128625806855,2.3799708078948845,22.608312975968346,1.775488387507142,23.653180801143854,1.0202082654570237,24.358671165964445,0.10036530155504986,24.645964715298735,-0.9983076967325817,24.42923428849096,-2.2905867422610218,23.61539220907382,-3.791763553966947,22.103834155144565,-5.517652423114989,19.786179586220417,-7.4845969335617575,16.546008768461242,-9.709476423075087,12.258596500098003,-12.209712088066325,6.790642691615469,-15.003272650436726,-0.0
216,4,-1.1575331348402778,2.5221121261875,-1.161705175392796,2.5167500791283026,5.007263140258687,4.932863461337797,8.69088851029297,10.090623804649567,-0.0,0.0,0.5052598523746188,0.1314666690384805,0.890588613853505,0.4852627906526942,1.1643350187814632,1.00345108555571,1.3361289675654682,1.632600174707087,1.416598951045526,2.3243555049508173,1.4170728836175535,3.0358642483101557,1.3492764055120945,3.7300494084845983,1.2250419889923934,4.375735249115185,1.0560407019124924,4.947632485903665,0.8535463157758011,5.426197096051962,0.6282387312721387,5.797380782529987,0.39005064036073306,6.052293862663156,0.14805821513220496,6.186802524988548,-0.08958630164455635,6.201082049806277,-0.31568466392904615,6.099145892785013,-0.5239916596023755,5.888367781692578,-0.7091903953376235,5.57901054542185,-0.8668512922594073,5.183771678187973,-0.9933817631406826,4.717352008276138,-1.085972544375577,4.196050587834304,-1.142545357521291,3.637386249975704,-1.161705175392796,3.059744291596959,-1.1426990335262388,2.4820454419758127,-1.0853821779500445,1.9234336037276083,-0.9901914411760663,1.4029786931751573,-0.8581251101961709,0.939391129450622,-0.6907281776026555,0.55074499289656,-0.49008171157524283,0.25420747469193655,-0.2587950932501689,0.06577287449504789,-0.0,0.0,0.2826547860854588,0.06975233492345509,0.5850084323964758,0.2859407447343275,0.9023934253029572,0.6572687741676951,1.22964149074711,1.189980761573113,1.5610901164334403,1.8876130652221645,1.89058957921464,2.7507486835531365,2.211510274769529,3.776775474829181,2.5167500791283026,4.95964806179037,2.7987414392549548,6.289653362204852,3.0494578875730425,7.7531795331167634,3.2604196971467343,9.332487968608014,3.4226984341655124,11.005487858600688,3.5269202166106193,12.745512707211619,3.563267547178432,14.521098128221437,3.521479650044581,16.29576018462578,3.3908513009895485,18.0277735191482,3.160230195704588,19.669948531425625,2.8180129494994843,21.169406892411136,2.3521398616523777,22.46735474352528,1.7500886084830973,23.498853002807934,0.9988670507059768,24.192584288119523,0.08500535303510894,24.47061606368785,-1.0054523819261272,24.24815971662761,-2.2869567667983226,23.433325370530163,-3.7744618803655166,21.926872340426858,-5.483433941669096,19.62195522457185,-7.42985975079803,16.403865711401682,-9.63025476063205,12.149770253159444,-12.10167066590195,6.728443820052685,-14.861702418456346,-0.0
217,4,-1.1751957345208333,2.534009090708333,-1.2007754196839606,2.5364869485741868,5.006907226440898,4.941216846808267,8.823501288282108,10.138221923761924,-0.0,0.0,0.5258699956030917,0.13680265089589963,0.9272945350092177,0.5051192908778462,1.212537037788885,1.0447252631583086,1.391341779158049,1.6999101902709297,1.4746228093165732,2.4201417578588007,1.4741335726802607,3.1605684902922864,1.402132427635069,3.882355690942676,1.271058386126104,4.55285612770241,1.0932298645683252,5.145623848100781,0.880577112859431,5.640285396423893,0.6444163498506659,6.022287398029813,0.3952706202063698,6.282542748758663,0.14273920090327796,6.416999360393761,-0.10458572289001535,6.426155541252651,-0.33915915516296397,6.314544740454316,-0.5544863784268568,6.090209790433106,-0.7450966750947531,5.764183283861815,-0.9064959190561728,5.349986717344139,-1.0351060911520193,4.863156930833766,-1.1281989391748202,4.320804529884742,-1.1838297172541792,3.7412056746370856,-1.2007754196839606,3.1434260267044674,-1.1784803751350856,2.546973827460843,-1.1170106527530221,1.9714780101929268,-1.0170175613124874,1.4363868271134488,-0.8797096499916044,0.9606825626405466,-0.706832050095979,0.5626083546179379,-0.5006517018889516,0.2594038097597982,-0.2639469393838792,0.06704685348219813,-0.0,0.0,0.28740877204358767,0.07095989800334389,0.5940060000998234,0.29060955936781774,0.9150303216128979,0.6673730948606946,1.2452378358658658,1.2071730607053386,1.578908147857052,1.9131906742808893,1.9098510110054363,2.785629204752939,2.231413425451966,3.8214808073499844,2.5364869485741868,5.014296971496522,2.817514916281626,6.35396261516206,3.0664992520925867,7.82647370029012,3.2750065493270695,9.41371808365189,3.4341731431411695,11.093259167164781,3.5347089369555253,12.83812178148216,3.5668998060205275,14.616579633170081,3.5206084640805124,16.39194357285354,3.385273742859394,18.1223499006954,3.149908294781965,19.760547915796852,2.8030947842265768,21.253685935323716,2.3329806797517643,22.543095053949884,1.7272717979712888,23.564069980375603,0.9732247785391487,24.245646370608846,0.057638689068571565,24.510374172655897,-1.0331540307923681,24.274086599637748,-2.3132970746742223,23.44566445383841,-3.7974200176397344,21.92679562896583,-5.500648111498724,19.611729718686036,-7.438611947209316,16.387027753601195,-9.627456823403973,12.13130717422238,-12.083851681539942,6.714982222678692,-14.82499749092342,-0.0
218,4,-1.2047928066944444,2.542595201069444,-1.1952876384807802,2.536467821910003,5.008064457131565,4.935567943631971,9.045719423340024,10.17257377065231,-0.0,0.0,0.5216271413942332,0.13567850199528927,0.9202615606062031,0.5011188595276332,1.203994916320387,1.0367818712848351,1.382357894359706,1.6875456765286387,1.4660257722805832,2.4033526149641977,1.4665074814887376,3.1397042109270297,1.3958306437663117,3.857999176424274,1.2662342852339252,4.52571538383047,1.0898798851314846,5.116442360769154,0.8785900727174304,5.609775865709261,0.6436226018397178,5.991090353361863,0.3954851918796156,6.251208458111047,0.143794466013351,6.385988840009892,-0.10282034064280085,6.395854718667698,-0.33677080129259795,6.285285109787728,-0.5515240951841757,6.062289228067881,-0.7415853294859861,5.737881897959115,-0.9024547909835304,5.325574396239633,-1.0305680541152227,4.840891285849219,-1.123226659498383,4.300919861189308,-1.1785262352473203,3.723895155507572,-1.1952876384807802,3.1288203339739273,-1.172995157694419,2.5351198859433457,-1.1117442451852562,1.9623214049258415,-1.012199814154269,1.429760877443509,-0.8755649555580677,0.956306191836785,-0.7035590650480591,0.5600938803655691,-0.49840382831483493,0.25827476132583027,-0.262815262778021,0.06676499747137982,-0.0,0.0,0.2863458481161251,0.07068948131666325,0.5920366288275092,0.2895727246911033,0.9123969623466693,0.6651737546667903,1.2422621679250379,1.2035565433850026,1.5759797312237331,1.9080806783401663,1.9074119745003202,2.779158062702596,2.229939875654702,3.8140112439576823,2.536467821910003,5.006433897271935,2.8194289769943977,6.346553854021675,3.070790881992795,7.820598888806301,3.282060892546281,9.410665282422807,3.4442910709676497,11.094488982365373,3.5480821931961732,12.845219001136769,3.5835865898026933,14.631192536843546,3.5405096106263425,16.415711177415172,3.408109578077642,18.156817463342204,3.175196169615622,19.807071035306517,2.830127241296634,21.313323581420324,2.360804168447017,22.61649182113374,1.7546658341826122,23.65132781499477,0.9986814402781695,24.346185966224677,0.07934234712706432,24.62278617586863,-1.0173468297683135,24.395972722298847,-2.305877629619493,23.5734685524373,-3.8012474256157063,22.055624790963247,-5.518969145738059,19.73516539029383,-7.475080823410083,16.496926954294242,-9.686154788039891,12.217593869287297,-12.169306331263556,6.765428964599998,-14.942201712902646,-0.0
219,4,-1.2122497252222222,2.5551892833541667,-1.21511864526166,2.551282731828017,5.008629126883682,4.933127640592907,9.101706803402536,10.222960962078266,-0.0,0.0,0.5329446981192706,0.1386989894485256,0.9387617532708608,0.5117475455670956,1.2264090561162735,1.0577581849475632,1.4062090899140203,1.7201762217629162,1.4895332259581053,2.4478839540934585,1.488473981266743,3.1956433614253914,1.4155199435593586,3.9243750042613827,1.2832468469083766,4.601277898161173,1.1040362884734682,5.199801407576728,0.8898309614562122,5.699485318095695,0.6519322601198757,6.085687939972716,0.40084295721601065,6.349224234617354,0.14615464524317434,6.485936541840469,-0.10352297299204934,6.496219658478053,-0.3405958696509909,6.384520031392068,-0.5584887892888053,6.158826007436791,-0.7516244966853262,5.830162785749451,-0.9153859787778909,5.412102283108618,-1.0460678642253662,4.920294838447727,-1.140822437846347,4.372026761424736,-1.1976045551907264,3.7858053047249567,-1.21511864526166,3.1809707670977465,-1.1927699352198151,2.5773341080734435,-1.130621112107817,1.9948376247752673,-1.0293548919806168,1.4532358275574482,-0.890242407592032,0.971793563485151,-0.715116943289727,0.568998583711506,-0.5063523186669698,0.2622860491806606,-0.2668451229247105,0.06777284790262776,-0.0,0.0,0.2902827482771342,0.07168181221703124,0.5996178628878449,0.2934607835785989,0.9231446209376907,0.6736675420884395,1.255535471807445,1.2180853020300604,1.591004035063114,1.9297184732123687,1.9233125635941863,2.8085651333065127,2.245778881065406,3.8513931016122456,2.551282731828017,5.051519338405442,2.8322714340758313,6.398592350290048,3.080764701715513,7.878377220171868,3.288358494466743,9.472542810977734,3.4462277657413853,11.158450623919306,3.545128000184277,12.908944732024212,3.575395463696566,14.692142163049196,3.5269461248330414,16.471223076172116,3.3892732445770086,18.2042200658066,3.1514436690418357,19.843805933842077,2.8020928945483536,21.337079297758468,2.329419005236719,22.62534744466618,1.7211756088525976,23.643905898005006,0.9646639160198005,24.32181423162263,0.046724121986697814,24.58166774227675,-1.0462737423544224,24.339364673290433,-2.3284393210458,23.50386876628925,-3.814371638700983,21.976967002058295,-5.519168841492635,19.65302247327997,-7.458437824118909,16.418722409313826,-9.648303606457226,12.152821444694261,-12.105418338705004,6.725880287463997,-14.846969830216281,-0.0
220,4,-1.1992492899305556,2.5468737714375,-1.2166503034199085,2.5783049201486876,5.009562329262563,4.92662085830571,9.004098078170887,10.189691742354476,-0.0,0.0,0.5345875865762874,0.13916088982382763,0.9411188170127271,0.5132368100020532,1.229021788910734,1.0605017714159521,1.4089036120295424,1.724250081833213,1.492269530418565,2.453315996167186,1.4912379065270593,3.202451515666917,1.4182596919249915,3.9325624597807627,1.285850133098577,4.610807027384199,1.1063395939176053,5.210564721478323,0.8916494853193884,5.711286731847607,0.6530983037030549,6.098241624044261,0.4012416103340206,6.362172400500588,0.14574838018434258,6.498882574991068,-0.10468548651839954,6.508769715702705,-0.3423874864045833,6.396324865267011,-0.5607254643865273,6.169615294792332,-0.7540956120694147,5.839766234130921,-0.917887186847794,5.420454678978626,-1.0484303676770503,4.9274253293911245,-1.1429338187276048,4.378035442680718,-1.199418116071952,3.7908321797525297,-1.2166503034199085,3.185163151868209,-1.1940836367900889,2.5808185338452003,-1.131805234881897,1.9977014135638322,-1.0304930419115181,1.4555220212988924,-0.891382367233964,0.9735110737748693,-0.7162413761902477,0.5701475697565555,-0.5073543032504015,0.26289684963858667,-0.2675108322977003,0.0679554384145833,-0.0,0.0,0.29139292957970986,0.07193853613850791,0.6023879580277569,0.29466268961847114,0.9282112740389707,0.6768006131180387,1.263596366258542,1.2244703209576704,1.6027858064529337,1.9410337504081794,1.9395339333110047,2.826851934732305,2.2671104653656764,3.879041752758467,2.5783049201486876,5.091234694090988,2.8654316138335947,6.453337989973461,3.120334955938917,7.951298330370019,3.334394730031284,9.566868237864437,3.4985310561007723,11.277375014607507,3.6032087559376174,13.055492032068006,3.638440882716716,14.86901200351136,3.5937912243709316,16.680621771578004,3.458375642542397,18.447678061099722,3.220862161308737,20.12198359134323,2.86946976979063,21.649562911595268,2.391965948271853,22.97043731765038,1.7756629673930648,24.01839822181132,1.0074130436512767,24.72077838247891,0.07360246160698428,24.99822044808811,-1.0398552060518766,24.764442330797262,-2.3475266348092396,23.925998994816233,-3.8644668862260287,22.382040319617612,-5.6062279888082776,20.024064776825053,-7.588867803786875,16.735668738919586,-9.82895902219037,12.392291315969137,-12.34359814723448,6.860954691605869,-15.150414326292271,-0.0
221,4,-1.2230920840833333,2.5785482160902777,-1.2136453466535053,2.557532171525343,5.008472190521629,4.932911053718632,9.183112448920845,10.316416839900205,-0.0,0.0,0.5361569356515333,0.13956585467708404,0.943854842797363,0.5147384361226862,1.2323892213795227,1.0635530344749498,1.4123271541116684,1.7290228503785978,1.4952071037424737,2.4597001588473884,1.4932340817095782,3.21008576134804,1.4189803842339035,3.9408870181543207,1.2851006933925355,4.619129502667351,1.1040689545821245,5.2181313697327045,0.8879431105020932,5.717352900540641,0.6481624785935852,6.102136402840181,0.3953812481358142,6.363353713118435,0.13934018021621908,6.496979941833553,-0.11122292241709693,6.503612770738905,-0.34862503796843286,6.387956491166028,-0.56625477105234,6.158289023172583,-0.7585585252200685,5.825928389548284,-0.9210016204441067,5.404712623750801,-1.050010865948126,4.910504038326968,-1.1429054541554056,4.360725412452873,-1.1978228189588025,3.773932256196385,-1.2136453466535053,3.169422156086062,-1.1899326631300444,2.5668795398452997,-1.1268628185969838,1.9860521809554943,-1.0251842380873784,1.4464544679719693,-0.8861789699433684,0.9670918712570351,-0.7116366691530612,0.5662010594198771,-0.5038379662329164,0.2610006094229692,-0.2655454095313036,0.06744805781229164,-0.0,0.0,0.2890785950228951,0.0713729265545003,0.5974898288922192,0.29230338920764853,0.9205494135537249,0.6713068494071613,1.2530867923022821,1.2144351461613727,1.5894435757969219,1.9250329218435216,1.9234732554516305,2.8034935780715484,2.2485422526752927,3.847015424283789,2.557532171525343,5.049358660433993,2.8428429942192732,6.40060373448339,3.09639688655693,7.88691146485997,3.3096422539180104,9.490285143287005,3.47355769755114,11.18833465471958,3.578655555202167,12.954042483714174,3.614984760716746,14.755531330718561,3.572132816566528,16.55583294368775,3.4392267353426047,18.3126576829175,3.204932866692534,19.978164280260312,2.857455581838544,21.498729226290404,2.3845348367132817,22.81471521758806,1.7734426757948563,23.860238117433454,1.0109787715163894,24.56293192278412,0.08346511878152629,24.843711284342863,-1.0232599788903254,24.616531190843418,-2.3238484850282664,23.788143499724487,-3.8334496171952925,22.257850070861355,-5.567717096079963,19.917252335147452,-7.542816513038475,16.649997203095793,-9.775432681392003,12.331519288341985,-12.282776848321134,6.828779485484755,-15.082593657562505,-0.0
222,4,-1.2524751805486112,2.506754709611111,-1.2388415927540604,2.485414208757507,5.007827802721176,4.93356563897901,9.40372403037864,10.029180892705014,-0.0,0.0,0.5414247281328688,0.14075839270736756,0.9565280496420833,0.5203613460709989,1.25305291563382,1.0775147842004327,1.4402822847196481,1.7551912189889578,1.5287785225037098,2.5013360336049124,1.530094468381564,3.269435883308539,1.4564681339184595,4.018938041774472,1.320512750893097,4.715515454867898,1.1349133520531167,5.331178000313549,0.9121402638376535,5.844235853719926,0.6641887931108443,6.239125789860929,0.40235295574234736,6.506115545466735,0.1370392958138524,6.640904859174549,-0.12237529872322636,6.644144305952931,-0.36764027432630086,6.520894404857981,-0.5916835626377926,6.280047611432324,-0.7886225513473373,5.933734714829848,-0.9537392493803127,5.496734960632888,-1.083426513607662,4.985906134552968,-1.1751130419456741,4.419647170521232,-1.2271749896510817,3.8174019283015457,-1.2388415927540604,3.199208951871079,-1.2101012183074473,2.5852985518907885,-1.1416129802635764,1.9957356566368822,-1.0346276445472917,1.450104658174791,-0.890920158215362,0.9672309699220332,-0.7127348966711629,0.5649331625989473,-0.5027437042016755,0.2597992634593858,-0.26401603703877974,0.06698096823037183,-0.0,0.0,0.2854872308502235,0.07056153677040214,0.5882612271025615,0.2883704196911622,0.9037659820101193,0.660946668945639,1.2270649469560553,1.1934376175253778,1.5528287752206331,1.888424687874476,1.8753209273688192,2.745723461853043,2.1883820949479285,3.7621762221738435,2.485414208757507,4.9314365736812595,2.7593646236915235,6.2437460916057566,3.0027109189157457,7.685703200683544,3.207446621820947,9.240024674867842,3.3650680566426536,10.885300273764555,3.466562432418314,12.595741109968563,3.5023972178698712,14.34092238129568,3.4625108003047913,16.085521112439572,3.3363043890909787,17.789049539467303,3.1126350991501526,19.405584744141535,2.7798101339107517,20.883495108443917,2.3255819782194727,22.165164116904045,1.737144508080213,23.186711988491307,1.0011299243178744,23.87771557318425,0.1036064201764555,24.160926902518185,-0.9699235024684442,23.951990739526952,-2.2345241478814337,23.159161432233777,-3.7058272455758696,21.683019336595038,-5.400032140716644,19.416187039723656,-7.333905616489472,16.243045582319684,-9.524781403100114,12.039450850415909,-11.990559422433284,6.672450280639942,-14.749704812191748,-0.0
223,4,-1.2516181410694445,2.4617884142847224,-1.2056908871972545,2.4419466604434197,5.0088576407364975,4.933727022829502,9.39728928191385,9.849276928358575,-0.0,0.0,0.5489193096132817,0.14303201857811218,0.9634847504587942,0.526519521467347,1.254298425866418,1.0858854609300534,1.4330433180088546,1.7621353413426404,1.5122074856362675,2.5023290781899026,1.5048038837126372,3.259913491193752,1.4240941924793311,3.9949153815425387,1.2833239950346247,4.673999077259483,1.0954755895527948,5.270395735264968,0.873043740762583,5.763714582512242,0.6278387871991054,6.139648705239627,0.3708206949757503,6.389589995854793,0.1119668138528404,6.510169455808181,-0.1398248416523292,6.502740203333448,-0.3767960705095327,6.372821177892605,-0.5923533211347979,6.129519570960763,-0.7810589711139402,5.784949347256864,-0.9385926925888884,5.353661788305622,-1.0616880047495705,4.852101796433643,-1.1480502870051994,4.29810083763726,-1.1962632366160504,3.710414065174653,-1.2056908871972545,3.1083056153047552,-1.1763818318054067,2.5111826020489176,-1.1089812840196756,1.9382752487442385,-1.0046552104668356,1.408358115065923,-0.8650291741238032,0.9395056562370343,-0.6921429426348334,0.5488744320983757,-0.48842051425160943,0.25250411763415104,-0.2566541167940604,0.06512992892087931,-0.0,0.0,0.2780165323943914,0.06869244385336082,0.5734894637304955,0.2809281340251698,0.882116209050494,0.6443765126205903,1.1991796517420725,1.1644528650749344,1.5195297369602037,1.844106442342787,1.8375658451278627,2.6835995328005935,2.1472207561886707,3.6802780927174537,2.4419466604434197,4.82833485797716,2.714703388510723,6.118566013727664,2.9579488233563547,7.538122529507127,3.1636313157567724,9.07025721082764,3.323183840860636,10.694068405787078,3.427519595729524,12.38424116300655,3.4670287339517385,14.110786485003956,3.43157595288354,15.83877917325975,3.3104986827867835,17.52809462700455,3.0926056680364766,19.133144842441556,2.766175773445771,20.60261376492627,2.3189568899949933,21.87919207358411,1.7381648515773307,22.89931142451705,1.010482306539257,23.592878142828408,0.1220575143099699,23.883006332450282,-0.9414969416790956,23.68575036336045,-2.195105517904146,22.909836695502,-3.65423113357384,21.456395005098084,-5.3348766273898365,19.218688589928146,-7.25358621947062,16.08184404369193,-9.427446948474241,11.922580204366957,-11.8740900547515,6.608936396319165,-14.611692282605333,-0.0
224,4,-1.2651297168055555,2.4463704179027776,-1.2174105436154465,2.4703633265247635,5.009321201341199,4.930399912389366,9.498735706889947,9.78759164494224,-0.0,0.0,0.5470361759424335,0.1424171499410107,0.9625341009043757,0.5251046228529693,1.2559348832405088,1.0845945161140225,1.4379739107278149,1.7624734751752702,1.5204169909080398,2.5059649529509778,1.5157755574546865,3.2683738787826253,1.4370113554622523,4.009385861336738,1.2972411531065162,4.6952183025027585,1.109451844705086,5.298626041473708,0.886235762405855,5.798769210308287,0.639555035647344,6.1809556655977795,0.3805423779946159,6.436274436167226,0.11934373658470171,6.561139849805726,-0.1349941183944269,6.556768144797771,-0.3745906022380235,6.428609263321723,-0.5927551067462741,6.185756089073809,-0.7839721732213867,5.840351680349557,-0.943854580968692,5.4070122419651,-1.06907214963445,4.902279965812286,-1.1572645574207439,4.344115812570053,-1.206946237161626,3.7514381868428575,-1.2174105436154465,3.143709621408628,-1.1886390709779948,2.5405703039351972,-1.121220450741974,1.9615147218712197,-1.0162813782209204,1.425605934012176,-0.8754311648277869,0.9512209740610729,-0.7007199027500381,0.5558205571491751,-0.49460941365695865,0.2557364584840851,-0.25995554019868417,0.06597051290463574,-0.0,0.0,0.2816300923966215,0.06958510635904193,0.5809168766741656,0.2845750962034761,0.8934422463488221,0.6527107043581002,1.2143756426734975,1.1794210475996039,1.5384603333457705,1.8676140099323346,1.8599991129489248,2.7174595886853328,2.172840128148596,3.7261660972303132,2.4703633265247635,4.887749419230676,2.745467857728468,6.19279571478219,2.99056061951538,7.6282181077344084,3.1975460366501136,9.177007952376341,3.3578170838137984,10.8179813013885,3.462247510027772,12.525521188250917,3.501185187256887,14.269316306648552,3.464446485627187,16.014096625161166,3.341311568436292,17.71936642403936,3.1205204987742925,19.33913518684484,2.7902700536037277,20.821646726470078,2.338211148595066,22.109106874731,1.751446786372857,23.137410018660347,1.0165304509871897,23.83586472548242,0.11946488160133784,24.12691866221264,-0.9542988319451674,23.925882984767906,-2.219861880201173,23.140656345050964,-3.6928781324638975,21.671448642224092,-5.3895543363297955,19.410504625790246,-7.326650146607013,16.241827442626043,-9.5214780070167,12.04090220725093,-11.991902904251585,6.674419663901785,-14.756342010874086,-0.0
225,4,-1.2837831212083333,2.433133855479167,-1.2481732805536017,2.4389546860086697,5.007654262959545,4.939067031862095,9.638787557780867,9.734633978827166,-0.0,0.0,0.5567341347988461,0.14486567812610956,0.9811308050094883,0.5346690911933709,1.2822201291160016,1.1054377322883524,1.4703839011802302,1.7980621859321864,1.5571014908763665,2.558909340641258,1.554678438240185,3.3403038705060273,1.4759660037954636,4.100871419320409,1.3340794431525254,4.805740926736715,1.1421223480678775,5.426607310162582,0.9129240505870407,5.941659297835482,0.6587967790688625,6.335380629963825,0.39131888894369826,6.598236102658398,0.12114994063906673,6.726256963656943,-0.1421174646998012,6.72054285490755,-0.3900654464949942,6.586699653986242,-0.6155162512217109,6.33423398277237,-0.8125554078540875,5.975925626266022,-0.9765149946559413,5.527198491946693,-1.1039216090434205,5.005508994865772,-1.192415567734895,4.429767956236374,-1.2406492620496228,3.819808463546211,-1.2481732805536017,3.195907974091048,-1.2153188226209444,2.578368627753602,-1.1430841134861158,1.9871556486610606,-1.033031146930446,1.4415901865785157,-0.8871973439362828,0.9600902105325199,-0.7080248623820269,0.5599512362970551,-0.49830853959518184,0.25715774819106374,-0.261161959004194,0.06621607084053381,-0.0,0.0,0.2814645134950762,0.06960152392248857,0.5792128286856547,0.2841802678136744,0.8889037789205001,0.6508067046603365,1.2058514754834477,1.174295561772682,1.5249995444462432,1.8570271185600156,1.8408938865161537,2.6987551797099543,2.1476555223865224,3.6964013931346353,2.4389546860086697,4.843836262001064,2.707986969096435,6.131647689526225,2.947452015454361,7.546898218280805,3.149535017605807,9.072872311075068,3.3058910786765567,10.68881509709963,3.4076323638203414,12.369664001835257,3.4453178700920173,14.085774615907926,3.4089455835370823,15.80264205618067,3.287946759691379,17.480618947616133,3.071182051829008,19.074631018842272,2.746939214358181,20.53389116677347,2.3029321220184658,21.801612712312323,1.7263008652584428,22.814722444211466,1.003612705533528,23.50357393410147,0.12086369916654618,23.79166150375759,-0.9365191766316993,23.59533513626007,-2.183675537991375,22.823516545555595,-3.63630886888772,21.37741655339561,-5.3106836555441275,19.1502538678017,-7.22362246211163,16.02697531205009,-9.392503012942344,11.88397751658324,-11.835255332836894,6.5888300571685825,-14.570358984703054,-0.0
226,4,-1.2756478389236112,2.418333767152778,-1.2128328825505046,2.4307891052276434,5.009451213406007,4.936449463043614,9.577706946601614,9.675420860573409,-0.0,0.0,0.5560251722050258,0.14489198989420043,0.9757196598377041,0.5332955348838953,1.2697816242606326,1.0996665595599044,1.4500481231267859,1.7841065088118297,1.5292087746290166,2.532860590673963,1.520514787424136,3.298671327392664,1.43749160959702,4.040987203528184,1.2936624634017517,4.7260300764556495,1.1022891559824872,5.326728423512809,0.87613580385175,5.82252650237681,0.6272604363738309,6.1990821502681355,0.3668387615723054,6.4478682623747305,0.10502357457014373,6.565694938192474,-0.14915773914246774,6.554170778740151,-0.38786647050441686,6.419122726993034,-0.6044770909037464,6.169994021602621,-0.7935652623012404,5.819239155404647,-0.950863461180936,5.381733133426288,-1.0731899876107522,4.8742098433408945,-1.1583583993028321,4.314741127857612,-1.2050751057303168,3.7222644281463917,-1.2128328825505046,3.116162964984168,-1.1818074288872813,2.5158986775291328,-1.1127628971569619,1.9406948568112945,-1.0069707598568018,1.4092628264262095,-0.8661446582158574,0.9395652687656664,-0.6923922150301072,0.5486078946423384,-0.48818335818447234,0.25225103417486944,-0.2563336006715886,0.06503324405946055,-0.0,0.0,0.2773128396282163,0.06853178573616522,0.5717394099998256,0.2801672325250991,0.8790350932037042,0.6424182694765954,1.1945552831862256,1.1605754203628151,1.5132336028545987,1.8375023703069397,1.8295605611393357,2.6734197036105485,2.137563596294119,3.6656782849216807,2.4307891052276434,4.808523139966682,2.702286775972268,6.0928489185314145,2.944596323423622,7.505948124009956,3.149736572431597,9.031253302513656,3.3091967286338835,10.648074328674308,3.4139296160578514,12.331331828578795,3.454346631489607,14.051287661378568,3.4203141599144264,15.773273253890947,3.301151205394437,17.457416456656897,3.0856280115460235,19.05836747175244,2.761965470761906,20.52502429583808,2.3178351482269335,21.80025802820255,1.740359773390811,22.820638313281663,1.0161140764938765,23.51615911978812,0.13112587021365738,23.80996500311654,-0.9291227038352343,23.618077952757847,-2.1796938272090856,22.849124890642642,-3.6361926047301867,21.40406585823149,-5.314765650348798,19.175922908478732,-7.232099687142031,16.04950970234295,-9.405420182292342,11.901161797286845,-11.852490031946218,6.598467606333141,-14.591608306222717,-0.0
227,4,-1.2857159417222224,2.4045294010069447,-1.208527845896796,2.421374805550886,5.00905650901845,4.930412212893951,9.65329939082566,9.620191489843643,-0.0,0.0,0.5510152987277646,0.14351459155544163,0.9682671230266057,0.5287129498039342,1.2616631847598567,1.0911320140375296,1.442381042800952,1.7715908809779197,1.522595602476403,2.516758576722598,1.515188246562168,3.279580569369774,1.433447624700531,4.019557343773254,1.2907720896281798,4.702873369151224,1.1003835728386493,5.302379743496659,0.8750622546938435,5.7974385979949075,0.626910591747507,6.173641841244338,0.3671540153680473,6.42242081287819,0.10598386172166932,6.540566655756377,-0.1475541294596759,6.529683457717776,-0.38562496556053255,6.395597253485445,-0.6016250861236123,6.147743700690721,-0.7901629730653059,5.798555662505039,-0.9470061523377651,5.362869192088248,-1.0690024838996766,4.8573627930935,-1.1539843035323005,4.3000406825377,-1.2006638763571673,3.7097664957278362,-1.208527845896796,3.105849812180139,-1.1777370880408025,2.5076843416610637,-1.1090368167525702,1.9344337879118942,-1.0036801455556452,1.4047593955355209,-0.8633667603760636,0.9365819775550941,-0.6901970290644591,0.5468707368651882,-0.4866408296062261,0.25145130566033563,-0.2555196420162678,0.06482598279280061,-0.0,0.0,0.27640380443612417,0.06830865980833892,0.5698198804831388,0.2792412507552229,0.8760037516206383,0.6402586768549864,1.1903199962185822,1.1566026818176456,1.5077220273542076,1.8310953711441382,1.8227312464025855,2.6639284218744166,2.129416535379971,3.652441918976059,2.421374805550886,4.790893176849402,2.691713102647397,6.0702162075249255,2.933032585644431,7.477772700021943,3.1374145465222965,8.997095495048626,3.2964085208103997,10.607625592262906,3.4010224496736288,12.284443728838985,3.4417147900046556,13.997997531443513,3.4083884254050836,15.713825180281436,3.290386204207955,17.39227644300517,3.0764879172723925,18.988231845515124,2.754908525045458,20.45082065187115,2.313297447667123,21.72313823108856,1.7387387414688347,22.74196329769373,1.0177519982818086,23.437475427743475,0.13629381909969215,23.732973173941282,-0.9202402702678841,23.544593033258057,-2.1670135776822623,22.781029458349337,-3.6197457776547544,21.34325604996873,-5.294710304249119,19.12424802117381,-7.2087316755378215,16.008705984905813,-9.3791828087069,11.872781083897507,-11.823982373694035,6.583801455174656,-14.561592223357575,-0.0
228,4,-1.2417359807569444,2.3969931569444447,-1.205714067252793,2.450334577657931,5.01056245921994,4.929088510841342,9.323092914715572,9.590040013648307,-0.0,0.0,0.5544455530391982,0.1445280513225147,0.9720406767061871,0.5316297728202868,1.263877205801128,1.0956030593339343,1.4421075891016621,1.7765682798340963,1.5196648607531056,2.5209290555907047,1.5099756311845418,3.2816909065218867,1.4266747966894386,4.018636470332918,1.2833301705888838,4.698360225768199,1.0931847048472727,5.294169621539009,0.8689233454750025,5.785863196101728,0.6224707546296309,6.159399602415708,0.3648250360330845,6.4064743079487725,0.10593114791892502,6.524022960951907,-0.14540412549183135,6.513671816855086,-0.381555865399223,6.381156039781865,-0.5960857989650648,6.135726032538614,-0.7837126858326131,5.789560202774891,-0.9402545614288537,5.357199861467558,-1.0625502584397375,4.855018504974631,-1.1483681083968575,4.300733871029674,-1.1963094943833688,3.7129672371647504,-1.205714067252793,3.1108507860044847,-1.1765721172326085,2.5136807707558853,-1.1094480199542396,1.940611855522754,-1.005417062509234,1.4103864513045192,-0.8660164799233481,0.9410920933562662,-0.6932103197777213,0.5499398062715467,-0.48936686562108955,0.2530568301592528,-0.25724679587695687,0.06528786787438894,-0.0,0.0,0.27883104155075744,0.06888746577482854,0.5753032511487497,0.28177352161425523,0.8850619988066074,0.6464074956607844,1.2033285662930642,1.1682559191899695,1.524887084513881,1.8502872207989591,1.8440717070559558,2.6927499221147406,2.154754531710155,3.6929445905640437,2.450334577657931,4.844990007620852,2.723727968966214,6.13958412363043,2.967359360921477,7.563760415436918,3.1731545681312214,9.100640260533355,3.332534305048345,10.72918190777635,3.4364089236620012,12.423926572761943,3.475174023352433,14.154742125336982,3.4387068091616713,15.88656477416742,3.3163630829025936,17.5791390932367,3.0969747635388214,19.186756680253247,2.768847846910736,20.65799368854093,2.319760728661982,21.935447432486324,1.7369628271923805,22.95547223183441,1.007173455093649,23.647914631506982,0.11658089757380914,23.935848110427465,-0.9491583351990914,23.735307374260895,-2.2049201080210667,22.95502231222554,-3.6661131335384782,21.496151686466515,-5.34867933450101,19.252016613252607,-7.269094108503772,16.10783388791436,-9.444366505880085,11.940449199525494,-11.892039329597312,6.618070276475603,-14.630189164702863,-0.0
229,4,-1.2106180306944445,2.392227143006944,-1.1900275257691346,2.4023978758923854,5.011131676883701,4.9320170390972,9.089455858011044,9.570971847252498,-0.0,0.0,0.561212865537548,0.1464807290790045,0.9802604356863975,0.537512778633852,1.269952359519245,1.1051775325461786,1.4438821259360022,1.7881686272861674,1.5161507133914227,2.532114838688864,1.5010923296501395,3.289765035251396,1.4130088009607276,4.021037897454694,1.2659188505941095,4.692942300079697,1.073328207226405,5.2793773005880436,0.8480261017738213,5.76082355742581,0.6019131200942281,6.123940644980185,0.34586446282600364,6.361087002024997,0.0896313561634895,6.469780965980777,-0.1582183282884031,6.45212231006402,-0.39032114469777945,6.314193747888286,-0.6005037785829744,6.065460908029786,-0.7837382219259051,5.718187325002459,-0.9360727564316283,5.2868781790191735,-1.054546011943679,4.7877630887281235,-1.1370916225582806,4.238324535041463,-1.1824405937485147,3.6568748090542402,-1.1900275257691346,3.0621810423863343,-1.1599054869686978,2.473135131773603,-1.0926728003457291,1.9084633523293386,-0.9894134932221478,1.3864692049320162,-0.851651819253621,0.9248025131670804,-0.6813201945382583,0.5402478601986183,-0.48073913797807016,0.24852598631835884,-0.2526073637908727,0.0641025956417501,-0.0,0.0,0.27362705915834457,0.0676080399479357,0.5644284817236493,0.27649167917146245,0.8681580619186134,0.6341935132497714,1.1801557799591007,1.1460301380283888,1.4953343267265617,1.8148818795324073,1.8081657968561646,2.6409758040489844,2.11266902734216,3.6216622203998123,2.4023978758923854,4.751185077428917,2.6704305929669694,6.020446770072434,2.9093603393010703,7.416767917339884,3.1112868306646364,8.923642682723694,3.267809047144659,10.520490186380483,3.370018919183106,12.182402520117757,3.408495891573502,13.87988982909442,3.3733022651658757,15.578622874062411,3.253979220667393,17.239173438817843,3.039543437043469,18.816752901652215,2.7184842267557574,20.26094924824241,2.27876112015467,21.515462767062207,1.707801840974635,22.51784063699475,0.9925006236030096,23.199210590024105,0.11921683039390218,23.484013809168424,-0.9262261662744248,23.289737202608105,-2.158541867193147,22.526645178682816,-3.59298132046465,21.097511032548052,-5.245333608862089,18.897348043322808,-7.131926169972435,15.813140370128872,-9.269624966567774,11.723573826190517,-11.675834522985095,6.4987666018742924,-14.368497841977193,-0.0
230,4,-1.1890198112430557,2.4098795784722222,-1.1923473922094059,2.3959575541701246,5.011981427667543,4.933461967857657,8.927294005686392,9.641596814186553,-0.0,0.0,0.5717991224144584,0.14931191011478775,0.9972475303281871,0.5474006683223744,1.2897277002542837,1.1243931814382342,1.4635009784310653,1.8173408115190615,1.533382712610318,2.5705776158145475,1.514421413670094,3.335916781176442,1.4215909139573177,4.072689520754798,1.2695041390726756,4.747635104248568,1.072156510526697,5.334654864767074,0.842706016558205,5.8144468073023425,0.5932955348211107,6.174040619805631,0.3349210494118255,6.406255213718251,0.07734706314435104,6.509102170126989,-0.17093204875177948,6.485158483362977,-0.4026885067681071,6.3409307318114845,-0.6119213639775494,6.086230358994101,-0.7937880708186535,5.733576343503762,-0.9445158066421465,5.297637504410244,-1.0613011150919984,4.7947224127643535,-1.142205762800298,4.242320738569371,-1.1860555644849484,3.658696177797697,-1.1923473922094059,3.0625281039400947,-1.1611679322002237,2.4725968922559463,-1.0931261626848519,1.9075064867893563,-0.9893001440689884,1.3854371498882863,-0.8511976226300325,0.9239213239906309,-0.6807291792668447,0.5396359905730475,-0.48019219014354236,0.2482056735033097,-0.2522636617369104,0.06401116138119879,-0.0,0.0,0.27315808913362,0.06749574645061433,0.563377148339948,0.27600382469632256,0.8664202851570869,0.6330125480534963,1.1776353067324912,1.143788466058559,1.4919424728666046,1.8111656548253343,1.8038224460245085,2.6353289131983124,2.107304831723375,3.613591068483448,2.3959575541701246,4.740164753609359,2.662877197827308,6.00592911010756,2.900680361527215,7.398191914469603,3.101496012885039,8.900447633087975,3.256958792085423,10.492131894452683,3.358203191015802,12.148372835477167,3.3958585221766295,13.839739738521372,3.360044588473647,15.531989331781665,3.240367967220146,17.18581008164183,3.0259188273855853,18.75656476356073,2.705268206782484,20.194031559449535,2.2664656843801625,21.44214389494402,1.6970373915109456,22.438729199725632,0.9839843138970119,23.115246747992035,0.11378084388023041,23.396524714040194,-0.9276264511667914,23.200496559301662,-2.1548198725799965,22.437936851619607,-3.5829114698207416,21.01219660462826,-5.22754377511663,18.818938214359452,-7.1048904096292445,15.745870061267604,-9.231656574849206,11.672480838388164,-11.625079440859505,6.469773660029869,-14.302928441498274,-0.0
231,4,-1.18052305775,2.393141635625,-1.1878462115306303,2.4029568302593747,5.010481029361296,4.93507486197535,8.863499428162028,9.574630606466696,-0.0,0.0,0.5705530917076315,0.14902917235652294,0.9943397903291137,0.5460862349754676,1.285193101763523,1.1212093510832517,1.4576750163148482,1.8115484439417353,1.5267676279080096,2.5616521498136944,1.5075751378151718,3.3236027860104915,1.415042850072238,4.05700632462716,1.263698807081315,4.728847297112425,1.067423306131271,5.313221277487761,0.8392510516553615,5.7909600971358755,0.5912099940539146,6.149167157306335,0.33419986901851284,6.380681987256622,0.07791202792358128,6.48349436319898,-0.16920962578249876,6.460128667279779,-0.3999687775018451,6.317018579137462,-0.6083821153203229,6.063890593380735,-0.7896159900834878,5.71317229909816,-0.9399016019864819,5.279438020239617,-1.0564366577282325,4.778900580478348,-1.1372813911189588,4.228953967144911,-1.1812561148610083,3.647767877848782,-1.1878462115306303,3.0539318461084957,-1.1571188811543625,2.4661440768465086,-1.0896542651620493,1.902938388382281,-0.9864919651400813,1.3824417556654136,-0.8490926226718817,0.9221547910553267,-0.6793132124960647,0.5387479343982381,-0.4793940510615509,0.24786697553895276,-0.2519552110053199,0.06394262231800406,-0.0,0.0,0.2730766653160591,0.06746510267602213,0.563476859280587,0.2759662305826105,0.866986728730139,0.6331292927664129,1.1789631941841907,1.1443665154404976,1.4943210671229363,1.8126585782892832,1.8075210875395773,2.6383305238012653,2.112559152313731,3.6188219758861506,2.4029568302593747,4.748452293257197,2.671753138539785,6.018181298627467,2.9114974790253947,7.415366191406258,3.11424359252817,8.923515189430828,3.27154437437593,10.522038369709083,3.3744473982573737,12.185996100153206,3.4134910098839004,13.885845381059974,3.3787008725162773,15.587184350836917,3.259586868960048,17.250495157113694,3.045140286639785,18.83088535224452,2.7238312322090907,20.27782794058697,2.283606238989206,21.534900182515283,1.7118860440490578,22.539521245291425,0.9955635220085367,23.22268878202191,0.12100176995782116,23.508714515411743,-0.9259676573451769,23.314958901512497,-2.160046360146401,22.55156494899148,-3.596470551312433,21.121191270702095,-5.251012356094161,18.918744445807196,-7.139980952191641,15.83111077189624,-9.280223549745099,11.736887487107728,-11.689126212617932,6.506113542028129,-14.38461452415755,-0.0
232,4,-1.1857463402847221,2.3917165928819446,-1.2178112090857591,2.432919272509411,5.010674310296163,4.9337138404797285,8.90271641884739,9.56892920640743,-0.0,0.0,0.5758894880457159,0.15030402163536388,1.0059233850880362,0.5515732381335917,1.3030470649364803,1.1340705086520615,1.4811408914312754,1.8347785954711926,1.554697757335534,2.5977869356267056,1.5385069695474518,3.374518457843612,1.4473517846182067,4.123801456242693,1.2957276182589632,4.811795113793803,1.0975876000560083,5.411780698753842,0.8661215513148786,5.903833658003765,0.6135734862512633,6.274394643990361,0.35110129894665837,6.515759722161485,0.08868042306525584,6.6255113844729845,-0.16494893302963667,6.605912350860207,-0.4022936501452295,6.463283371184167,-0.6170834433194079,6.207384363412319,-0.804216956074401,5.850815389029622,-0.959685744411107,5.40845043620767,-1.0804840571928527,4.896913089549351,-1.1645119960329229,4.334099265777823,-1.2104787382202584,3.738748607446477,-1.2178112090857591,3.130063096899223,-1.1865720989183905,2.5273691284386124,-1.1173896249463007,1.9498177061423545,-1.011400092203177,1.4161165798163817,-0.8702032063076072,0.9442878914150803,-0.6958292803428514,0.5514451428081969,-0.49071695575022123,0.2535838667645458,-0.2576997899622481,0.06538114950616773,-0.0,0.0,0.27877226566172,0.06889540070629228,0.57461557891312,0.28161964725224936,0.8831310364606131,0.6456252558867835,1.1995142102347727,1.16606427309075,1.5185460126752435,1.8455832614458543,1.8345830470045108,2.684113569364482,2.141547846267157,3.678656734337662,2.432919272509411,4.823065036755005,2.7017232469319334,6.107817330649488,2.940523909090407,7.51979034388899,3.1414152533060364,9.04202567604994,3.2960132583638257,10.653492737626028,3.3954485077059595,12.328847877083765,3.430359287713694,14.03818993816369,3.390885148109278,15.746812482536926,3.266660908536212,17.41495290484174,3.0468110971972537,18.997538659564107,2.7199448098169112,20.44393081275809,2.274150979375106,21.697665126300397,1.696994048604803,22.696190878014445,0.9755100379835692,23.370607617215484,0.09620300187295036,23.645400051605918,-0.9549581353267942,23.43817125760735,-2.1925423724760074,22.6593744018345,-3.6316590656239573,21.21204315626651,-5.287960015636569,18.991520983614247,-7.177641224518711,15.885189462364133,-9.317444337247155,11.772195813019247,-11.724657787544466,6.523179778236926,-14.417117667359168,-0.0
233,4,-1.1868663214722224,2.396398024451389,-1.2116920907104107,2.4390214224861784,5.011730363170369,4.933466841954517,8.91112536312831,9.587658970379456,-0.0,0.0,0.5768535714781629,0.15058648733665145,1.0069132974241373,0.5523804533442863,1.3032882610216905,1.1352134650994283,1.4800819668091871,1.835734941703387,1.5520401839052294,2.5978212075135,1.5342064423207373,3.372809981641297,1.441594501508765,4.119566481148428,1.28888653441834,4.804391837630208,1.0901649570706893,5.400788708273923,0.8586846421579535,5.889102647743425,0.6066905994507785,6.256060782589469,0.34528409142203526,6.4942313602624635,0.0843376926932763,6.601428624706535,-0.16754279298428534,6.580087076355679,-0.40301410392554976,6.4366275047661645,-0.6159555730370886,6.180834374952101,-0.8014014650831836,5.825260469252725,-0.9554542460158575,5.384670490780761,-1.0751872971128782,4.875531013336149,-1.1585447721158215,4.315550084880834,-1.204244981126206,3.7232662548025415,-1.2116920907104107,3.1176839949305855,-1.1808992730072652,2.5179505052626285,-1.1124248991298997,1.943067721394188,-1.0073220798285172,1.411632878112132,-0.8671008748812683,0.9416010910700953,-0.6937018339371112,0.5500639355225426,-0.48947916728635743,0.2530387720942172,-0.2571917225687442,0.06526445973555123,-0.0,0.0,0.27853238739202746,0.06882350070413666,0.5744341643293531,0.2814295860499209,0.8833198508944113,0.6454239935044086,1.200382071680342,1.1661145821289,1.5203833355270298,1.8462983415801169,1.83764771521762,2.6860442515208285,2.146052705375547,3.6824720164846423,2.4390214224861784,4.829526810323183,2.7095152291215547,6.117750224622724,2.950026809500735,7.534047641781283,3.1525736896622893,9.061452257778532,3.3086921773309315,10.6788859712121,3.4094316893209258,12.360917340535632,3.4453494341878415,14.077516795094695,3.4065054218367554,15.793809270290984,3.282457777728663,17.469824424498047,3.0622583456837713,19.0602445857683,2.7344485690936087,20.51415056986028,2.287055645079123,21.77476550725486,1.7075889495337995,22.779196815004557,0.9830367330487058,23.458176448799286,0.09986308854669813,23.73579957088436,-0.9559948087491877,23.529261769868988,-2.1991291893934064,22.74859496855254,-3.644663907796548,21.296402155331457,-5.308256394186117,19.067591073300893,-7.20609934641828,15.949106998706021,-9.354922169701466,11.819664736887784,-11.77199217426719,6.549479959336868,-14.475115542790999,-0.0
234,4,-1.1764251630833333,2.4009996420694444,-1.1984488414792656,2.431596930192702,5.013223588112402,4.926992236348691,8.832731975721162,9.606069409707082,-0.0,0.0,0.5707977358323374,0.1490501323713103,0.995481678584272,0.5464379989043656,1.2874352488322816,1.1224047830579558,1.4609960410678593,1.8141379427028956,1.5310750708452427,2.5661527257642818,1.5127914331263432,3.3304866505008257,1.4211339885846657,4.066717618568952,1.2706600235194327,4.741821742226941,1.07523862766753,5.329891410549376,0.8478438906006098,5.8117373460501005,0.6004001132662186,6.174400233476056,0.3436783134060286,6.410597866337391,0.08724063798011572,6.518132713885579,-0.16057288282306867,6.499282548822327,-0.39262233400492574,6.360193581894425,-0.6029185704666455,6.1102917699728305,-0.7865545489251563,5.7617239558098765,-0.9396248852782505,5.328836583717421,-1.0591402749971264,4.82769617421046,-1.1429422348478935,4.275652708993521,-1.1896223367162286,3.6909446689159475,-1.1984488414792656,3.0923427011745335,-1.1693024991315164,2.498827730050246,-1.1026223194213216,1.929298691099375,-0.9993613605061309,1.402304864484759,-0.8609520311111304,0.9357979056404604,-0.6892800361854299,0.546899022326415,-0.4866658886934542,0.25167723989467705,-0.2558528284030739,0.06493526025832057,-0.0,0.0,0.27732018175321466,0.06851545015394747,0.5721214375932748,0.2802360088897524,0.8800006239805744,0.6428188842117456,1.1961330134498869,1.161614541078975,1.5152664079017468,1.839454476520405,1.83171451733952,2.6764358520404086,2.139349932185319,3.6697027020629758,2.431596930192702,4.813223578727816,2.701424288827918,6.0975655956386765,2.9413382194747117,7.509664904357006,3.143375498984082,9.032593684878258,3.2990968447255247,10.64532376131687,3.399580559162,12.322486971731418,3.4354164569679124,14.03413243052534,3.396700079976703,15.745480826250851,3.273027201206654,17.416675899152093,3.0534886175933837,19.002533242925242,2.726665230862844,20.452286574896057,2.280623416475245,21.709331618640483,1.7029106812434411,22.710967743207775,0.980551610746586,23.388137503548204,0.10004410783130821,23.665164227367658,-0.9526440767636906,23.45948779423161,-2.1920785213128724,22.681398753104297,-3.633361018267886,21.233770924427674,-5.2921321697944155,19.01179263214539,-7.184573697398781,15.902696709626184,-9.32741047108672,11.785489421154312,-11.737912265255433,6.530678437493653,-14.433895250232318,-0.0
235,4,-1.1613098473541668,2.381086079625,-1.204132031019707,2.4232589884082616,5.0107613285659545,4.9307798008951975,8.719244491133352,9.526397984653894,-0.0,0.0,0.5722238159016112,0.14937176670984914,0.9989022072169024,0.5479582080384231,1.2929498214060466,1.126162929478062,1.468345740590458,1.8211289660639043,1.5397509280093742,2.577175173066367,1.5221366348691596,3.346043548640127,1.4304359315107373,4.0869660616186065,1.2792290077213464,4.766565282529842,1.0824708279576876,5.358607945340104,0.8532671978500059,5.84363424485268,0.6037024597470987,6.20848800171122,0.34471911655773685,6.445773704225511,0.08604694100265578,6.553265887735569,-0.16382320232319508,6.53329448693141,-0.3976273364236539,6.392126947723246,-0.6092857302287724,6.139364333370765,-0.7938375958080853,5.787364747956399,-0.9473608619588049,5.350703453049562,-1.0668840613616755,4.845675342918937,-1.150296342715026,4.2898421711883445,-1.1962604199532916,3.701624211693348,-1.204132031019707,3.0999339408820847,-1.1738883025548217,2.503847841274478,-1.1060663754366755,1.9323114943415882,-1.0017127797448626,1.4038726780629183,-0.862343371119647,0.9364371172170352,-0.6899131490552572,0.5470417587592872,-0.48679495386071947,0.2516408718246763,-0.2557658578739405,0.06490082418378966,-0.0,0.0,0.2769333671466649,0.06843094720388519,0.5710677669751569,0.2798024399008537,0.8780343549785763,0.6416396871652332,1.1930546300136489,1.1591813996896863,1.5109317427817412,1.8351728334980206,1.8260410006131689,2.6696542648626727,2.132320035829553,3.659744616594622,2.4232589884082616,4.799420159680147,2.6918909544001193,6.079288364045107,2.9307828698889327,7.486357076813855,3.132026935388039,9.003799274430994,3.287232635850617,10.610713674439742,3.3875193749172046,12.281881510656827,3.423509716469748,13.987519777994095,3.385323209870651,15.69303124521248,3.2625707654558216,17.358751519382515,3.044349542169944,18.939693427759362,2.719238308190754,20.38528896333976,2.2752932367682224,21.63912902105766,1.7000441023434654,22.63870113335396,0.9804908455825323,23.315125397262527,0.10310047973529973,23.59288877041635,-0.9461956856494117,23.389577900499845,-2.1820045243791713,22.615610641518487,-3.619473294626695,21.173966400601614,-5.2742915770725824,18.95991545063625,-7.162692964289511,15.860747336578621,-9.30145651428389,11.755498496553313,-11.707907980332164,6.514679212602214,-14.399920828804348,-0.0
236,4,-1.1740189559097223,2.4253549277847224,-1.2200286180448807,2.4061887752841447,5.010045579796984,4.934366757854477,8.814665902578982,9.703511558791517,-0.0,0.0,0.5753115678218083,0.15004052131153314,1.0069194336042424,0.5513521479964637,1.3065644017857156,1.1349592157986161,1.487232076967686,1.8380820194060659,1.562804603921646,2.604672400964916,1.5477112083830238,3.3857745034825677,1.456587123105089,4.139712497592814,1.3039501672802,4.832111806546068,1.1039037761193506,5.435764880281274,0.8698744936738841,5.930356788015682,0.6143907157733471,6.3020696191446754,0.3489077410658496,6.543087664416642,0.0836819953592173,6.651027347242861,-0.17230521841497035,6.628316688471824,-0.41137669677044125,6.481548611301384,-0.6271457164083929,6.220830647401149,-0.8144664842281513,5.859150746638709,-0.9693566740377776,5.411775192790437,-1.0889006837016946,4.895690433481481,-1.1711421328402076,4.329096315189955,-1.2149733782834127,3.7309541166932996,-1.2200286180448807,3.1205891719998693,-1.1865856788574056,2.5173449502199885,-1.1154800255990596,1.9402833016929424,-1.0080330500809864,1.4079241865941476,-0.865995403286782,0.9380175063497879,-0.6915050929055845,0.5473395478986014,-0.4870592980481799,0.25150689372231805,-0.2554983440695747,0.06480131218069166,-0.0,0.0,0.2759178340351174,0.06820649805239191,0.5683879377949886,0.2786785616862747,0.8731798282442592,0.6386501791321767,1.1856826116478045,1.1531457573834347,1.500885950153835,1.8247852126821824,1.813360227129665,2.6535793036397566,2.1172367691343257,3.6367150299292517,2.4061887752841447,4.768331295696925,2.67341342261831,6.039285315567958,2.9116154612801552,7.436910435573029,3.1129924858959686,8.944766165255182,3.2692219678757786,10.542381283966513,3.371450054946397,12.204990906215077,3.410282086042714,13.90326837875415,3.3757747285748927,15.603052845245658,3.257429617993632,17.265073260541786,3.044188363666237,18.8446695722011,2.7244287778446896,20.29151171674046,2.285962183796437,21.54931700610501,1.7160316631773047,22.555566408712885,1.001311109985443,23.24122016117657,0.12790496777911062,23.530433082742277,-0.9186514626335374,23.34026990542772,-2.153391246798271,22.58042087919044,-3.5919146622470253,21.152917863341358,-5.250387746206335,18.95185107274273,-7.145540615318347,15.863086609861247,-9.294665617917222,11.76398488115897,-11.715615370802977,6.523119968217597,-14.426800724673097,-0.0
237,4,-1.1821846639166667,2.367498076652778,-1.2346840181666372,2.3828640484133614,5.009514528303303,4.934039428496669,8.875974953490731,9.47203425322994,-0.0,0.0,0.5813857022517417,0.15156245262140874,1.0186940876679795,0.5573632528827802,1.3231691954539675,1.1481099622688384,1.5074388277231634,1.8604924600195247,1.5851637341832685,2.6377875813287264,1.5706809720404071,3.430286458815435,1.4786515857587215,4.195544211025291,1.3237222903993666,4.898456577758877,1.1202103491018462,5.5111728246304486,0.8818201681871115,6.012858678299482,0.6213991389063789,6.3893270835015,0.3507388141265094,6.632557997528237,0.0804255790067673,6.740131019567798,-0.18025738215626114,6.7145961577339515,-0.42337763941810586,6.562808289279765,-0.642354042269632,6.2952497974513335,-0.8319160394191039,5.925363533165902,-0.9880294690082841,5.4689148488192565,-1.1077976450709621,4.943397294363769,-1.189346934982367,4.367492027978433,-1.2317056434044116,3.7605864619568043,-1.2346840181666372,3.1423534844416885,-1.1987617609170964,2.5323890343994497,-1.1249877700575142,1.9499030246630729,-1.0148951613820456,1.4134566671603646,-0.8704330600672416,0.940738127725479,-0.6939153423271709,0.5483680312642218,-0.48798548068987463,0.25172651761414233,-0.2555959239873182,0.0647941644849123,-0.0,0.0,0.275245876354626,0.06807089355306531,0.5662719238942064,0.2778777333492515,0.8688787608836046,0.6362748912568958,1.1785171228165754,1.1479304842080456,1.4902651803238154,1.8151458316134488,1.7988048261228933,2.6376632628049315,2.0983980233014723,3.6124620433460226,2.3828640484133614,4.733542669516703,2.645558231247495,5.991700137850257,2.8793525934838997,7.37428704623577,3.0766186221682994,8.86496754125194,3.2292122800489627,10.443463209584763,3.328461250832978,12.085292035226743,3.365154339965328,13.761501522791553,3.3295328968498805,15.438397033040323,3.2112840887021803,17.077266300030743,2.999535835814517,18.634101008726425,2.682853209610713,20.059316214257123,2.2492360955577926,21.297468284557578,1.6861179302976699,22.28697195074169,0.9803653342011027,22.959816957057708,0.11827847526171745,23.241284716460747,-0.9144079834706347,23.049665299825627,-2.1325234838703957,22.295975017128296,-3.551459834407412,20.883674787635968,-5.187169231800345,18.708389443041362,-7.056162125996608,15.657628062115728,-9.17550499812219,11.610505397263438,-11.562818108695156,6.43746442168395,-14.236273262425417,-0.0
238,4,-1.1754690433055555,2.3944630540555556,-1.2321634340477228,2.3960528828447423,5.009698521470451,4.930555062552488,8.825553321269684,9.579917419900887,-0.0,0.0,0.565235770899603,0.14730497887616717,0.9915535833740708,0.5420741190432657,1.2898568328747915,1.117515905258851,1.4722886537711344,1.8126139890961463,1.551902378657397,2.5726650019433994,1.5423297864367544,3.3496505752537407,1.4574580326393491,4.102445218961697,1.3111251927288723,4.796866929178019,1.1168430304418941,5.405582047304634,0.8875539225046439,5.907879793060815,0.6354268802154076,6.289334872842014,0.37169542367518826,6.541378493788096,0.10653785309495284,6.66079893620326,-0.1510015884681735,6.6491925861092,-0.39305388437117067,6.512385130600027,-0.6129332341965211,6.259840670203582,-0.8051171157900681,5.904074046449391,-0.9652039561613767,5.460078967198942,-1.0898538371673325,4.944781757435337,-1.1767172713298508,4.376527938816585,-1.2243565340024132,3.7746064566619,-1.2321634340477228,3.1588142804313626,-1.200276818409203,2.5490623111273014,-1.1295025736954163,1.965022017039375,-1.0212384174697489,1.4258109577255458,-0.8774053508382857,0.9497143166919688,-0.7003872512640755,0.5539387263423584,-0.4929797008609622,0.2543940252799975,-0.25834875920826567,0.06549813676345488,-0.0,0.0,0.2782422535462811,0.06881542291294195,0.5722459229477284,0.28087084965122144,0.87757315061173,0.6429503333057928,1.1894742770182325,1.1595414498226448,1.5028750349790827,1.832676451008303,1.8123582970496315,2.66176559581385,2.1121417550990467,3.64342028098484,2.3960528828447423,4.7712642773872185,2.6575024436003014,6.0357320338257425,2.8894576704234263,7.423853609156371,3.0844160793971596,8.919026316466011,3.2343806937245474,10.500773598096576,3.330837269900261,12.144491992419663,3.3647339383284565,13.821187303671516,3.326463507540042,15.497201250752298,3.205848539023683,17.133929958979568,2.9921291814989077,18.68753568171828,2.6739536599772427,20.10865310883201,2.239371245279296,21.342091548197462,1.6758274817382879,22.326534166522418,0.9701614218378969,22.994235356600395,0.10860460337407639,23.27071716862795,-0.9232184957866977,23.074465610413405,-2.140288781177684,22.31662749077673,-3.5581898832568815,20.90070835629204,-5.193104736264948,18.7222719566019,-7.061811590540961,15.66864156960878,-9.181679630209128,11.618603425822284,-11.570664344059168,6.442112391232372,-14.247302774330862,-0.0
239,4,-1.1991026310555555,2.380093029798611,-1.2406051470558164,2.3783480278519336,5.010210269386944,4.927556668629286,9.002996946900165,9.522424928851448,-0.0,0.0,0.5725412588041913,0.14916772089598876,1.004989115730493,0.5491823207732677,1.3077949448463728,1.1325416883291413,1.4928735559276582,1.8373499262134665,1.573243538748749,2.6079597132715153,1.5626609879037758,3.3954326239121198,1.4752595594104758,4.157817375406693,1.3252086279641704,4.860252167180002,1.1263998011027543,5.474902796676573,0.892170190565414,5.980752914655523,0.6350686701085914,6.363266451927294,0.3666689511043933,6.613944771493778,0.09743082833411042,6.7298023957251285,-0.16339142939752616,6.7127852317905266,-0.40779666196914116,6.56915416730235,-0.6290451503276681,6.308854914027453,-0.8216336105114448,5.944892282784584,-0.9812433586646047,5.4927239454992405,-1.104668266007652,4.969685439739893,-1.1897288412662552,4.394454918033809,-1.235178222775632,3.7865631053965725,-1.2406051470558164,3.1659512117247863,-1.206338178186677,2.5525772067017476,-1.1333546975825695,1.9660689197568801,-1.02319740398357,1.4254208671852902,-0.8779003746663067,0.9487305105873389,-0.6999260945046227,0.5529687886343899,-0.4921142684835189,0.253779210806952,-0.2576426954801076,0.06529953065653298,-0.0,0.0,0.2770303990142815,0.06853241432680401,0.5693760486410127,0.2795845596872558,0.8726721835977742,0.6397352243465896,1.1822508218254444,1.1533056032341562,1.4931237428733661,1.8222036571021851,1.7999608738555202,2.645758749883695,2.097065552959817,3.6205446391272056,2.3783480278519336,4.740189603326438,2.6372983907238994,5.99517313120296,2.8669599686127114,7.37260915392599,3.0599039915472455,8.856016261806092,3.208206164821857,10.425075708987105,3.303425585516788,12.055378275667124,3.336586274824211,13.718161234444265,3.2981614516365805,15.380036765633525,3.1780605516318294,17.002713197765207,2.9656189001560613,18.542710426568817,2.6495898754256406,19.951070800985473,2.2181393487378784,21.173066669695928,1.658842157633278,22.147905666578907,0.9586803531351504,22.808434687185013,0.10404296012507314,23.080843377890503,-0.9192730024083821,22.88436783049731,-2.126060479786001,22.130995051853226,-3.5316995378164964,20.725168663504125,-5.152153913608106,18.563496182317163,-7.0039671344158085,15.534458140420895,-9.104258354401507,11.518119222006291,-11.470718036470352,6.385841525320847,-14.121603585043431,-0.0
240,4,-1.2074428415833334,2.3754406074305554,-1.2285909287394985,2.4248625015771963,5.007529639865517,4.934355813221405,9.065616182296214,9.503811226705164,-0.0,0.0,0.5577705017785013,0.14531908105578248,0.9793258084425385,0.5350596630144229,1.2752003722193923,1.103691388672191,1.4571344395908392,1.7912649345393734,1.5377706660979407,2.543939567677471,1.5303437909635507,3.3143568419890284,1.4483736432859977,4.061859543212628,1.3053713190378908,4.752560033365859,1.1145675625355382,5.359266880825423,0.8886711419270207,5.861282887036175,0.6396633169408711,6.244091110603308,0.37863242867811975,6.49894803468482,0.11565034523361786,6.622404469964242,-0.14030981900457934,6.615775069471923,-0.3814174015331225,6.4845765000197275,-0.600993699461792,6.237952523745783,-0.7934928349479206,5.88810173376277,-0.9544600876312964,5.449720748909618,-1.0804738073618165,4.939472595560447,-1.1690765753337353,4.3754870432871265,-1.2187005357063023,3.7768970043962105,-1.2285909287394985,3.163412866106557,-1.1987309559738117,2.554934835715755,-1.1297702956587088,1.9712020220451887,-1.022958916029055,1.4314759914590836,-0.8800873183763901,0.9542558481540535,-0.7034339643561277,0.5570214219485616,-0.49572036867880065,0.25600084143395385,-0.2600741304710616,0.06595858369156747,-0.0,0.0,0.2806410917102112,0.0693883108758102,0.5776452861365322,0.2833701430950978,0.8864717568978404,0.6490058485936178,1.2022419735155576,1.171001100840032,1.5197330253487176,1.8515366036686367,1.833365891048298,2.6900931593695017,2.137189628303577,3.683269809699396,2.4248625015771963,4.824593263605272,2.6896310602746,6.104317334964222,2.924308129459649,7.509211609041986,3.12125058674991,9.0223390167141,3.272337681881195,10.622822404001429,3.368950520237916,12.285600529446533,3.4019531888885277,13.981174196924904,3.3616758627071275,15.675343435266724,3.237900096594144,17.328936771440965,3.019846393140337,18.897533717185613,2.6961640367118656,20.331181608241057,2.2549231063590853,21.57410791035557,1.6836085210689609,22.564429046911506,0.9691159303906399,23.233856718930692,0.09774923925826581,23.507402588053786,-0.9447804546472179,23.303082084364416,-2.1733547321342535,22.531617989827975,-3.6034467446009137,21.09614433946917,-5.251119324476506,18.89191107977684,-7.133022492891307,15.805989829614353,-9.26639052282642,11.716981004575919,-11.669038694709359,6.494722491921964,-14.359359860533756,-0.0
241,4,-1.2405370862986111,2.3562833551180558,-1.208509932439718,2.3525876307049565,5.009728714377762,4.930649652659414,9.314091480752804,9.427165694490704,-0.0,0.0,0.5608015992038166,0.1461060490178715,0.9844308005762111,0.53792997738498,1.281048879519114,1.1093604510905495,1.4622323858913076,1.79973369074321,1.5406491462308731,2.5544608505971924,1.5297219790727463,3.325489870676555,1.443290860217416,4.071598360832365,1.295283816222421,4.7585193315970375,1.099406283219214,5.358906595533236,0.8688579524572743,5.852151362119935,0.6160851134581495,6.224065822054619,0.3525750950811445,6.466453187890539,0.08869754668904603,6.57658651209657,-0.16640496342719868,6.556620423273565,-0.4048770900077132,6.412960533355665,-0.6201642389102491,6.155614589773072,-0.8069845117593977,5.797547513621714,-0.9612660324909899,5.354059442682469,-1.0800579183861723,4.842202061801409,-1.1614237218852572,4.280244199728604,-1.204326006786145,3.6871932702222283,-1.208509932439718,3.0823749778227505,-1.1743924654172724,2.4850700700081196,-1.102962311905437,1.9142039819757326,-0.9956940533198065,1.3880830764249568,-0.8544784302147607,0.9241698296201983,-0.6815693698012945,0.5388886894903071,-0.4795472576743527,0.24745431898591116,-0.25129713992436953,0.06371440295146888,-0.0,0.0,0.27086504431087916,0.0669774327461159,0.5575098765856655,0.2734968190251969,0.8558200464475444,0.6264334644871057,1.1613329929809302,1.1305193971750171,1.4692136198171768,1.788163282559104,1.7742287407858932,2.5992577864083053,2.0707216297302478,3.5609741410270837,2.3525876307049565,4.667544217191811,2.613251528479471,5.910030817074315,2.845647152189812,7.276087195301475,3.0421994912383994,8.749707001854631,3.1948094431930065,10.310965938801836,3.29484118734307,11.935756449868437,3.3331120821152647,13.59551673360834,3.2998849162245896,15.256955301907261,3.1848622983114563,16.881772208323635,2.9771829438782467,18.42637795594626,2.665419607744297,19.841610970642805,2.2375784114642947,21.07245439956517,1.6810993250957624,22.05775287168064,0.9828575787076888,22.729929740588815,0.12916579890304647,23.014705222428677,-0.8942233123740035,22.830815744759217,-2.1021139167242775,22.089734736612396,-3.5098637333671223,20.695395015577606,-5.133380604407869,18.54391286445507,-6.989119027304032,15.523313837081988,-9.094076732317623,11.513260289566041,-11.465791366455841,6.384780598419877,-14.122337331087493,-0.0
242,4,-1.2303159601597222,2.3549383729930558,-1.25781640971257,2.368688465768648,5.009642095375573,4.9302173253219985,9.237350120139416,9.421784605955253,-0.0,0.0,0.5738006900649509,0.14934727576710033,1.0100912465474043,0.5508716899192148,1.3180737927525132,1.138044823384788,1.5085722125601932,1.8493575529494108,1.5937117040121942,2.6290518659920363,1.5865793638626937,3.427687202697552,1.5008775644948058,4.202534816095541,1.3505810300199088,4.9177993089779655,1.1496076555324954,5.544671743986903,0.9115122496497542,6.06122353015897,0.6492114480879988,6.452154651177343,0.37474693353529204,6.708413656361271,0.09909269129108021,6.8267100657760125,-0.16798973920836782,6.808942278922871,-0.41804618196849086,6.6615655386803025,-0.6439754554552857,6.394924832108397,-0.8400287091681015,6.022576723750864,-1.0017677369809865,5.560622039025967,-1.1259894084102662,5.02706819058427,-1.2106246255557815,4.44123602510858,-1.2546207667808669,3.8232216951446336,-1.25781640971257,3.193419593215092,-1.2208163225894442,2.572108166466363,-1.1448734314014932,1.9790967399413313,-1.0317829030691168,1.433428506881166,-0.8837918247047577,0.9531326892423756,-0.7035263708426877,0.5550175345288884,-0.4939369554879735,0.25449522777502337,-0.2582607361340955,0.06542984345383596,-0.0,0.0,0.2770855890951756,0.06856876382846315,0.5689752030646316,0.2795544447876387,0.8713739301076721,0.6392971149020925,1.1796930613620664,1.151916874651267,1.4890257371185456,1.8191610176683934,1.7941198499817703,2.640238259666077,2.0893498090728944,3.611639073697895,2.368688465768648,4.726941899978978,2.6256802073331063,5.976605574481617,2.853415953637187,7.3477487547435905,3.0445105522863694,8.82391742753763,3.1910828630566273,10.3848417780867,3.2847386545898547,12.006183802464626,3.3165563035678947,13.659277071695874,3.2770751862802863,15.310860024822958,3.156286580910152,16.92280409415826,2.943626851820736,18.451837862405114,2.6279726603771763,19.849268329528776,2.1976379362975966,21.060700236296036,1.6403723454466692,22.025754258432343,0.9433610010550894,22.67778475575064,0.09322518274625233,22.943597638236366,-0.9239761508573359,22.74316879848686,-2.1227442466600674,21.989363458613862,-3.518138005271129,20.587656690406156,-5.125771135560552,18.43585529027301,-6.961809135689235,15.423821124844258,-9.042966199746498,11.433196008372505,-11.38650213013469,6.3371281283508205,-14.010219318954288,-0.0
243,4,-1.2112652924097222,2.358247730520833,-1.217199862680345,2.3758244382658336,5.008522452277299,4.934807605636835,9.0943155715131,9.435024890358612,-0.0,0.0,0.5406576671445814,0.14070212541544022,0.9523760623482487,0.5191587489708576,1.2440724394409972,1.0730668731942605,1.426036104113055,1.7449363405145724,1.5096452330292192,2.4827061855335444,1.5070637297613527,3.2402138261157023,1.4309319139668477,3.9775105757813956,1.2940640647478483,4.661023698410981,1.1091643016446533,5.263571381292057,0.8885701467634937,5.764242230234358,0.6440305854802605,6.148154941748698,0.38652277944338986,6.406116550522423,0.12610903073720434,6.534199079267394,-0.1281666409796746,6.5332546413794415,-0.36834472274072866,6.408388262565411,-0.5875829007259321,6.168406145235716,-0.780159630839424,5.825255060251568,-0.9414533061239342,5.393466252478153,-1.0679017235830266,4.889614880210578,-1.1569463287999042,4.331803706937512,-1.2069653865325911,3.7391776046265868,-1.217199862680345,3.1314734440582987,-1.1876754482938092,2.528608144488608,-1.1191238211434893,1.9503060241191772,-1.012905915856643,1.4157651263113453,-0.8709396410494195,0.9433608933606966,-0.6956341224324932,0.5503844288608287,-0.48983215287158427,0.25281164798229033,-0.2567620930273462,0.0650988823386207,-0.0,0.0,0.276557713955942,0.06839983145810313,0.5687112500471605,0.2791586573936353,0.8719645937885275,0.638962699438977,1.1815238154517247,1.1521759338155755,1.4922876978925477,1.8206890826876094,1.7988320686108163,2.643762285620957,2.0953892995151544,3.617858667391666,2.3758244382658336,4.7364667536032385,2.633609361279856,5.9899104018441065,2.8617962063085454,7.365145580188658,3.0529911694466376,8.845543911871717,3.1993295548560985,10.410663398887333,3.2924527611273646,12.036007130342334,3.3234876892036245,13.692771073149489,3.2830288732141795,15.347582238403886,3.1611234742678844,16.96222862610414,2.947259142149379,18.49338238599158,2.630354642302803,19.892317606714748,2.1987530648386633,21.10462407296969,1.6402173764695567,22.06991822370082,0.9419280422527968,22.721552415554985,0.09048242829639663,22.98632345460273,-0.9281043044483287,22.784181214123464,-2.128397095006144,22.027938013458588,-3.5255379272785654,20.622979297369753,-5.135242062956637,18.466976030319707,-6.973793773810125,15.449599107684003,-9.058041756944794,11.452235987145258,-11.405394389032308,6.3477096586537565,-14.033814949127272,-0.0
244,4,-1.2282165263958333,2.3550461116875,-1.2357851552161339,2.36393725813697,5.009072220615747,4.928837248348008,9.221587336139958,9.42221565365672,-0.0,0.0,0.5601572535512731,0.1457980698197577,0.9860673127772377,0.5377723390063047,1.2867891406455525,1.1109918690790757,1.4729627937025724,1.8054630879579394,1.5564908957925512,2.5668419465018317,1.5501974718208789,3.3469805565225825,1.4674782875674823,4.1043005414826705,1.321956248434765,4.803992275746454,1.1271543449779151,5.418045717922538,0.8961971035119586,5.92512442452765,0.6415495255128665,6.310299333403995,0.37480013933412365,6.564662822240905,0.10649215793442349,6.684846209896437,-0.15399599203401015,6.672465182943188,-0.3985221254633035,6.533517598360255,-0.6202074008533472,6.2777568416832334,-0.8134245530799346,5.91806161031133,-0.9737539703591216,5.469819916481849,-1.0979149391243086,4.950341569776937,-1.1836794186401038,4.3783097056283875,-1.2297752769452461,3.773278336086204,-1.2357851552161339,3.1552196134530455,-1.2020461667661195,2.5441216485879155,-1.1295546006328123,1.9596353806642561,-1.019878780211735,1.4207671672568094,-0.8750822849026296,0.9456124280908694,-0.6976589091932962,0.551124785086692,-0.49048002000147917,0.25291463754788696,-0.25675437757547587,0.06507093459371523,-0.0,0.0,0.27597273279696644,0.06827557465788861,0.5670678309168918,0.27849472044869233,0.8689016028863554,0.6371348317931571,1.1767931466234445,1.148407686005079,1.4857489010523217,1.8141071925192775,1.7904427227846273,2.6334482392438097,2.0851928822537937,3.6028947511206106,2.36393725813697,4.715975745938178,2.6202078597146863,5.963088775708084,2.847105636160137,7.331290664723228,3.037276351232122,8.80407588996537,3.1828881218149374,10.361143293545274,3.275611047754428,11.978152072804125,3.306599204947308,13.626468167804411,3.266475137973832,15.272902267111494,3.145316875040453,16.87944069158442,2.9326473972074028,18.40297040364009,2.617426425024511,19.79499933734651,2.188044336991952,21.001373163293664,1.6323180032601439,21.961989500966904,0.9374883019129554,22.61051047847467,0.09021908119055959,22.87407442171273,-0.9234026636338026,22.673007337729338,-2.117865617800622,21.920534744227517,-3.5082321812302975,20.522494291668565,-5.110135891775281,18.377049528189676,-6.939778398921119,15.374405071560348,-9.013926127963295,11.396523377064748,-11.349906753964005,6.316843225404059,-13.965605585274817,-0.0
245,4,-1.2346149955833332,2.3351067768263887,-1.2305860440019472,2.3547146618591355,5.008908936492178,4.932404293929273,9.269627759926856,9.342441116708375,-0.0,0.0,0.560033724576833,0.14578811015061915,0.9854140594714494,0.5375813123949651,1.2853694979611512,1.110289393903689,1.4706769426326836,1.8038359411934286,1.5533472435748106,2.5638551572531854,1.5462881623567004,3.3422252295876635,1.4629584654118037,4.097430397780156,1.317026390959091,4.794750624746561,1.1220448265168612,5.40628418994133,0.8911541696695019,5.910814369477572,0.6368220215844217,6.293536417397703,0.37062661839749117,6.545665092005313,0.10308833760258704,6.6639457923137755,-0.15644911420157084,6.650093858257888,-0.3998889126195402,6.5101867133371405,-0.6204062292133605,6.254032367038977,-0.8124337168168615,5.89453552887394,-0.9716142108387731,5.447079481115438,-1.0947282226880284,4.9289382253781895,-1.1796039175571102,4.3587295769683925,-1.22501686325963,3.755916117070224,-1.2305860440019472,3.140357454617403,-1.1966715996682173,2.531914254047281,-1.1242786130106168,1.9501020375345957,-1.0149701331797507,1.413790894619201,-0.8707915708198704,0.9409459057557236,-0.6942076727905317,0.5484022563259318,-0.4880525035670281,0.2516686151244745,-0.25549222813297057,0.06475230195530207,-0.0,0.0,0.27465810476393965,0.06794821254858378,0.564427415170849,0.2771782598401218,0.8649607108718614,0.6341713066180105,1.171607504315858,1.1431596580462424,1.4793980679258105,1.805971321155708,1.7830236451658803,2.6218655680041376,2.0768141688730557,3.587357928933989,2.3547146618591355,4.696033670011008,2.61026132600761,5.938349354637468,2.8365581482571702,7.301422548147305,3.0262546748119212,8.7688100939095,3.171525436632873,10.320275672559285,3.2640513557258015,11.931547558406896,3.295003326931878,13.57406761729067,3.2550280559960405,15.214732658118955,3.134236142202369,16.815629266723878,2.9221923221377972,18.33376322602535,2.607907738568592,19.72078457088497,2.179834062784404,20.92270924845881,1.6258592775635836,21.87963826318856,0.9333049185364539,22.52547508636431,0.088924571652718,22.78764200872464,-0.9210965686152481,22.586796014897985,-2.1111412638130846,21.83654466360829,-3.496159087138707,20.44316236950747,-5.0916647215535225,18.305307402512305,-6.91373583405824,15.313739849245149,-8.979010642231822,11.351040718749397,-11.3046852722531,6.291332320860891,-13.908510991862068,-0.0
246,4,-1.233152539746528,2.347647441763889,-1.239651017054279,2.3610072794059542,5.0075853441648155,4.935626068156328,9.258647477595108,9.392614592673445,-0.0,0.0,0.5551756614419032,0.14445288042613763,0.9783940881765468,0.5331731250728295,1.2784279136996686,1.1023079348410363,1.4655340616006423,1.7927730643573014,1.5511721042187312,2.550925635716338,1.547702255364029,3.329090581317044,1.4680737834859348,4.085933248877313,1.3255141031449418,4.786675967600965,1.1332281721345359,5.403161349829988,0.9041170756485604,5.913769735540458,0.6505237555393174,6.303202405935811,0.3840126641366634,6.562145888879891,0.11518863206508387,6.686835709676054,-0.14644156460976213,6.678540146618463,-0.3925635024618398,6.542985788797835,-0.6161059979167549,6.289746872526013,-0.8112513944677009,5.93161948196419,-0.9734098836941616,5.483999823618324,-1.0991638897426068,4.964283098004945,-1.1861894118714054,4.391296237402551,-1.23316152409565,3.7847742322164537,-1.239651017054279,3.1648862025375686,-1.2060185319696204,2.5518140226914126,-1.1333116071540863,1.9653833545394064,-1.0231689662111356,1.4247445037689197,-0.8777352414960109,0.9480986330146345,-0.6995882379169821,0.552463544463384,-0.4916798624008512,0.2534724424300704,-0.2572910078057039,0.06519873924530226,-0.0,0.0,0.27633630800476444,0.06837445484950883,0.567590090493942,0.2788240662917858,0.8693602962688667,0.6377188539162737,1.1769622668206035,1.149157989139586,1.4854109399653774,1.8148240243267477,1.789399309222341,2.633827469895717,2.0832737013460445,3.602539743479895,2.3610072794059542,4.714413259304428,2.6161729923293193,5.959788084007671,2.841916988333577,7.325685145153834,3.030933301889996,8.795586435390465,3.1754404223892165,10.34920300920399,3.267160165777951,11.962231825839314,3.2972991039483723,13.606102660021191,3.256532664132915,15.247716392829432,3.134991893490576,16.849176020871468,2.9222527922772077,18.36751169550988,2.6073280509873533,19.754401037650567,2.1786609802548407,20.955885878807162,1.6241213941842212,21.912086465816625,0.9310031950082174,22.556914043149884,0.08602340639678793,22.817782600121202,-0.9246775885576879,22.61532044580876,-2.115534833318983,21.86308215611846,-3.5015568167790483,20.467261327890636,-5.098322911739575,18.326404475967127,-6.9219803964920645,15.331126321569167,-8.989241199881624,11.363826644392308,-11.317378488087579,6.298408806223497,-13.924223190716472,-0.0
247,4,-1.2390059828263889,2.3523304065,-1.2248418551696225,2.3655816208043836,5.006897769932536,4.940497917376297,9.30259578428046,9.41135049063448,-0.0,0.0,0.5411183271004646,0.14076412675600797,0.9543892407813345,0.5198018217940104,1.248321280515812,1.0752560678514163,1.4327664977219021,1.749869123305541,1.5186853826661764,2.491596791870914,1.5178858112183353,3.2540982577125406,1.442745974425263,3.9970909645357118,1.3059315876841915,4.686565098675052,1.1201176004109303,5.294857383274615,0.8977241142200365,5.800588891587888,0.6506752512496476,6.18847621875127,0.39018830817098726,6.449029388144642,0.12659874546172026,6.5781531036270895,-0.13077549326757335,6.57667022829159,-0.37372900732701697,6.449787576456132,-0.5952240971264949,6.206524233961303,-0.7894087264962187,5.859121744615372,-0.9516014873412215,5.422453765989704,-1.0782488512383437,4.913450407837973,-1.1668606167132194,4.3505496490737485,-1.2159296518451712,3.7531852102506016,-1.2248418551696225,3.1413172391973156,-1.1937817976920497,2.535009311038467,-1.1236388516620412,1.9540526702214351,-1.0159178353302178,1.417636429927433,-0.8726573710093232,0.9440606364286983,-0.6963583157139214,0.5504877174042607,-0.4899238166203093,0.25272685728296523,-0.25661179563816394,0.06504525650167674,-0.0,0.0,0.2760368148061962,0.06828433877206198,0.5673384659407051,0.278582525429224,0.8694609325971715,0.6374278847352725,1.1776694326835575,1.1490594856313008,1.4869245909765407,1.8152735563625524,1.791863330192641,2.635266597029182,2.086776060438341,3.6054679487270556,2.3655816208043836,4.719360338104248,2.62180125806016,5.9672876024151424,2.8485327296422382,7.336249394037949,3.0384254078837833,8.809683154665224,3.183657053598362,10.367234035332762,3.275912730568066,11.984513722672656,3.3063661558930884,13.632849322450896,3.265663629265992,15.279023559863376,3.1439105591772,16.885007595198488,2.9306605058837323,18.407687736835683,2.614906588164117,19.79858727425359,2.1850750508686234,21.003584563842505,1.6290207598807052,21.962628390475427,0.9340243769172102,22.60945150694882,0.08679096523422263,22.871283128811413,-0.9265502143740261,22.66856103937074,-2.120444942688614,21.914643842928594,-3.5099125219852843,20.51552379637791,-5.110543680190954,18.3695405519416,-6.938498059437866,15.367096057920682,-9.010501426064867,11.390370790043123,-11.343842717004774,6.313041423063011,-13.9563710169545,-0.0
248,4,-1.2414977897777777,2.3559636854236112,-1.1988889270515084,2.3404341148342254,5.00924935425375,4.931283923754314,9.32130455014804,9.425886740000578,-0.0,0.0,0.5501359269223213,0.1432774138889098,0.9667028821081601,0.5278647954168002,1.2592963146041198,1.0893099591459714,1.438962353554639,1.7683335470611872,1.517884073165349,2.511477134900281,1.509046104816348,3.2715884609740025,1.4258919042611313,4.008136532712002,1.2819875606025037,4.68735644054314,1.090704999167197,5.282230418768932,0.8649358002663656,5.772317735710431,0.6168446813888104,6.143451083750182,0.35766907643918083,6.3873210254992,0.09756835740344746,6.500972554322175,-0.1544767043009966,6.486238860724438,-0.3907164115734903,6.349136989523537,-0.6046411003410752,6.099248370974066,-0.7909529408513907,5.749104455887059,-0.9455080843144452,5.313594191202281,-1.0652371282363988,4.809406176141187,-1.148051732792301,4.254514364290229,-1.192744585405345,3.667712401915593,-1.1988889270515084,3.068198328784431,-1.1667426707841866,2.47520855141088,-1.0971608938774904,1.907697795363156,-0.9915192759233479,1.3840601583021646,-0.8516499610758347,0.9218853787321807,-0.6797903886465769,0.5377439371099453,-0.47854488281810426,0.24699452989269965,-0.2508582209936739,0.06360771196898986,-0.0,0.0,0.270441629158516,0.06687338757927189,0.5565584073084316,0.2730559726153669,0.8541141593681632,0.6253401798564685,1.1585322348714269,1.1283158311850232,1.4648795780955146,1.7841960390943132,1.767848651246863,2.592634551130241,2.0617382560680815,3.5505337408137945,2.3404341148342254,4.651842917157738,2.5973898917731524,5.8873470100211085,2.8256091683043296,7.244445986513382,3.0176287353267464,8.706925572011713,3.165503436018737,10.254719997643257,3.260792684314469,11.863667584844986,3.294548697048319,13.505260017544167,3.257306410346955,15.146386153860398,3.139075001176584,16.749071201410704,2.9293309006354176,18.270212031585814,2.617012164111331,19.661309345610128,2.190514052346085,20.868197334604336,1.63768567447913,21.830771401854815,0.9458275472518961,22.482714441593085,0.10168993198906565,22.75122209738981,-0.908528178718823,22.556727356560287,-2.099179540700269,21.81262477589202,-3.4851687075339086,20.424994579151885,-5.0819517399203376,18.29232681841915,-6.905535653008032,15.305245749239388,-8.972477667847393,11.346234533608076,-11.299884322361969,6.289360354444853,-13.905410487509455,-0.0
249,4,-1.2337706552430554,2.3475396450972226,-1.2170752788352937,2.3473589519997793,5.008855922536155,4.939773607556324,9.26328835802014,9.392183313033089,-0.0,0.0,0.5615995234888828,0.14627894634488608,0.9865544682279698,0.5388159644007833,1.284799124894547,1.1117071320417629,1.4676866569614857,1.8043827180551733,1.5476813675596988,2.562240609883348,1.5380345503934372,3.337121292155955,1.4524551456292534,4.087618996375619,1.3047858027637758,4.7792291028474585,1.1086942338015227,5.384337000984098,0.8773889189041262,5.882058355655448,0.623367242794212,6.257945020938493,0.3582029022993519,6.503574584850624,0.09237784836890836,6.616044570020315,-0.16483792939333022,6.597394473726439,-0.40545776229942554,6.45397992321468,-0.6228022963605023,6.195823107832634,-0.8114801112838416,5.835962273948614,-0.9673311965591312,5.389820496556962,-1.087341244962589,4.874610367396654,-1.1695357459081712,4.308786971451928,-1.2128630824197075,3.7115569433614364,-1.2170752788352937,3.1024469021128684,-1.1826138421943189,2.5009305167844333,-1.110506495021993,1.9261101324497882,-1.0022787493554164,1.3964464449929441,-0.8598824480270295,0.9295281998353492,-0.6856417806656788,0.5418732427289625,-0.4822159860877164,0.24875233598568164,-0.25257703085401,0.06402779398879999,-0.0,0.0,0.27193629602873554,0.0672560683442277,0.5593409732976976,0.27451616777238463,0.857997262086331,0.6284742156382663,1.1633452026637021,1.1336307179338838,1.4704624691643233,1.7921164292561809,1.7740445858432345,2.6035062272779785,2.0683854703377107,3.5646231444951373,2.3473589519997793,4.669332893686027,2.6044016770836276,5.908329486338128,2.832497626859738,7.26891270071374,3.0241643355154832,8.734758232643983,3.1714407956014763,10.285681379272475,3.2658769725563643,11.897395082075198,3.298524809373919,13.541263105199516,3.259930581338103,15.184049059729077,3.1401284534793388,16.78766191214838,2.9286350955686546,18.30889854183399,2.6144452176211126,19.699183841656623,2.1860279004513266,20.90430879005795,1.6313236089643968,21.86416686348739,0.9377417893098,22.51248910529413,0.0921589639571712,22.77657812099999,-0.9190827493120134,22.57704122993994,-2.110176757808279,21.827522968982098,-3.4958528076713873,20.434437114781982,-5.091377536800095,18.29669836612885,-6.912554805959109,15.30545380677877,-8.975725841252903,11.343814251167547,-11.297769216302969,6.286585560051691,-13.896100698415891,-0.0
250,4,-1.1951764515625,2.346863701923611,-1.1891195605107743,2.323959218272852,5.008883385183572,4.935151735622977,8.973518751228253,9.3894789573435,-0.0,0.0,0.5555715676241669,0.1448012192582181,0.9741402870682379,0.5327288403068702,1.2662643016759625,1.0978600938341627,1.4438120682244007,1.7798915600807332,1.5196478554547714,2.5247164489034986,1.507304717189076,3.2848410448504852,1.4206557124893213,4.0196367566552125,1.2735938465387042,4.695429529087087,1.079730720193606,5.285433499381604,0.8521231355653023,5.769540601819165,0.6030358145139103,6.133982191668409,0.3437468615246461,6.370882476166176,0.08440060825179409,6.47772637660905,-0.16608993539629419,6.456766176247313,-0.4000914809794767,6.314391757472125,-0.6112528881520273,6.060488319281598,-0.7944672698698954,5.707803242992091,-0.9458013886703641,5.271340431661579,-1.0624011946704113,4.767796299743848,-1.1423827684955181,4.215047026084808,-1.184717537600246,3.6316921187460087,-1.1891195605107743,3.0366551499347554,-1.1559411250921858,2.44883899425654,-1.0860811209472527,1.8868302219927684,-0.9809088484507451,1.3686455221940914,-0.8422043000131765,0.9115121159892356,-0.6721146140490034,0.531673950312017,-0.4731254161375903,0.2442158734733597,-0.24804512741931425,0.06289880948073345,-0.0,0.0,0.267562427379363,0.06615352875345501,0.5508636416033303,0.2701874731663701,0.8457801858908867,0.6189550664520519,1.147827059033166,1.1171581550777085,1.4521398137692492,1.7671619817825865,1.7534563771606806,2.5688009117184425,2.0460993389991495,3.5191751599500085,2.323959218272852,4.61243889076072,2.5804790255695353,5.839580264362403,2.8086402894546474,7.188194126398413,3.0009506030385333,8.642248090220338,3.1494326675088176,10.181842768941227,3.2456147563684423,11.782966888420248,3.2805224917701863,13.417247965366336,3.2446718075794974,15.051699175700602,3.1280629683120273,16.64846297387123,2.920175515371489,18.16455195869697,2.6099640193067115,19.551587418690414,2.1858545270332512,20.755535931641894,1.6357416046051063,21.71644434059363,0.9469858881120884,22.368173381626683,0.10641206691015792,22.638130198105,-0.8996927657730883,22.446999940872203,-2.0855804500176593,21.70847662391417,-3.4660428306748154,20.328993379633108,-5.056412602097418,18.207452236555426,-6.872563958689945,15.23495352445555,-8.930913078399179,11.294524996998565,-11.248418461723857,6.260850749614561,-13.842581145055458,-0.0
251,4,-1.1812652573194444,2.367745879638889,-1.2318487943623988,2.3555297664764123,5.008304295895802,4.927544092258093,8.869071945713603,9.473025678902316,-0.0,0.0,0.5548344526111484,0.14442645476551835,0.9766617353059596,0.5326578211160486,1.27487727927412,1.1004788924958726,1.4601957064908457,1.788713105251164,1.544376160726711,2.5438140448487254,1.5399382070665026,3.318316896209015,1.459876425784116,4.071147203531111,1.3173806817075184,4.767788077035909,1.1255680749693577,5.38031022176599,0.8972318419567158,5.88727197187111,0.6446119716364846,6.273499013631298,0.37919195821183416,6.529755772700587,0.1115257981140652,6.6523225751508805,-0.14890109825382164,6.642494644992014,-0.39377412037727083,6.506020672376031,-0.6160129242555076,6.252499911685913,-0.8097957657583418,5.894757349331774,-0.9705461278816631,5.4482162315481695,-1.0948850406985056,4.9302860380575115,-1.1805543878258404,4.359781805744467,-1.2263180561015359,3.756387649937886,-1.2318487943623988,3.1401736234992694,-1.1976089631800417,2.5311710115937904,-1.1247329510454194,1.9490071415173107,-1.014917987199703,1.412597136960209,-0.870328569812949,0.9398870438608333,-0.693517972439832,0.5476405792590251,-0.48736851772682105,0.2512604702029331,-0.25505070694489895,0.06463491588140226,-0.0,0.0,0.27409088085756794,0.06780972949433348,0.5632667942790736,0.27660659019416706,0.8632950478747988,0.6328869099221669,1.169643107857216,1.1409567527289752,1.4774517162897562,1.8027754199313704,1.7815056170202572,2.617784828711195,2.0762036762013594,3.5827240367358923,2.3555297664764123,4.691428969274725,2.613025398340643,5.934617991636587,2.8417647469669345,7.29966437536517,3.0343324461295653,8.770356959110263,3.1828043032398248,10.326650434110718,3.2787309264705162,11.944406718333251,3.313124139367369,13.595128848094621,3.2764459820716136,15.245688733159666,3.158600053215703,16.858050008464755,2.9489249253113745,18.388987086485262,2.6361893626511286,19.78980137911691,2.2085890791304443,21.006035524135477,1.65374478978362,21.977186323839902,0.9587013309902003,22.636416985527838,0.10992764785213381,22.910269146758562,-0.9066825285624583,22.71837507365832,-2.105809467756378,21.973170337826637,-3.502705821429525,20.579607206229884,-5.113194710947901,18.43486891803378,-6.953667612879225,15.428084971669138,-9.041082118390719,11.440047503507678,-11.392959627945114,6.342928805301562,-14.027383030334757,-0.0
252,4,-1.166479381375,2.372939086611111,-1.1584663795311743,2.3089677787964504,5.007864821555431,4.940570779165373,8.758057931952417,9.49380298588731,-0.0,0.0,0.5433575112291963,0.14166363877741694,0.9518933458201849,0.5208792695060716,1.2363874952839908,1.072876914450218,1.4087795251974364,1.7385782451209366,1.4818775975428398,2.46510429987246,1.4690560928771832,3.2061344625577015,1.3839514116028413,3.9221133998316673,1.240165377955182,4.580307412652168,1.050985334013212,5.154716293336317,0.8291294517609061,5.625851194067465,0.5865249324416723,5.980393076371752,0.3341255197012469,6.210749852552063,0.08177306990087159,6.314533141335981,-0.16189419286707962,6.2939774194785985,-0.3894865620689776,6.155325062468831,-0.5948633012505377,5.908200205781329,-0.7730935864497371,5.5649925104586515,-0.9203849721318574,5.140268906119013,-1.0339878949413812,4.650227467077662,-1.1120854188805147,4.112203112942538,-1.1536772793385588,3.5442302257089304,-1.1584663795311743,2.96466294413819,-1.1267544092025723,2.391850170858942,-1.0593514288450163,1.8438594403319524,-0.9575023417298663,1.3382418554107665,-0.8228313788165605,0.8918292973857271,-0.6573042075991726,0.5205549445749438,-0.46320613474130906,0.23928863078270649,-0.24313412733788717,0.06167954251231657,-0.0,0.0,0.26295795786754955,0.06498542287423202,0.542157486322041,0.26566691334802006,0.8336512606301217,0.6091941048847207,1.1331040885318218,1.1006469662581122,1.4357698862504107,1.7428360952515571,1.7364695343060532,2.536091681999211,2.029570369481843,3.4780417842497875,2.3089677787964504,4.563380859990317,2.5680691287819646,5.7836296752546295,2.799780086371109,7.126887775132592,2.996493260258044,8.57757970037735,3.1500790059687596,10.116196073461362,3.2518781859076316,11.719030585321619,3.292696649614673,13.357913802229264,3.262801192550592,14.99994459243791,3.151916758198937,16.607219852588408,2.949224663532162,18.136563099772083,2.6433616483676317,19.539252390142128,2.2224195721822952,20.760747930924364,1.6739456056565234,21.74041967039228,0.984942787276752,22.411275079818342,0.14187083690835,22.699687282047993,-0.8693528621299591,22.525123632291304,-2.0633521835308346,21.799874816943852,-3.455291136859519,20.42878450461623,-5.060872747663037,18.30897955896314,-6.896337970709895,15.329600804300272,-8.978464659127134,11.37153432140834,-11.324566604737017,6.307143241470641,-13.952492658877008,-0.0
253,4,-1.2183427885138889,2.3848110768402777,-1.2584264606928992,2.341485969726542,5.008671864176911,4.9361268570781895,9.14745420549426,9.541301186292891,-0.0,0.0,0.5664470743246753,0.14742261389036115,0.9975761554336031,0.5438846724234307,1.3026956303145865,1.123989252245594,1.4925360608785379,1.8273608263755534,1.5789610506505312,2.599284782111811,1.57466637813258,3.3911989960326405,1.4928773680578378,4.161034148236007,1.3470530624811414,4.873404095692509,1.1506043199650684,5.499651544966577,0.9166316487516871,6.017757491275831,0.6576874538024907,6.412125503071746,0.38556647762722507,6.673254036977128,0.11112751571777267,6.797311675933834,-0.15585108435041103,6.785631577634517,-0.40678018350692624,6.644142538453284,-0.6343315689360076,6.382754899562484,-0.8324721885923431,6.014719968059873,-0.9964615942009637,5.555981574798713,-1.1228146793148146,5.024537705772063,-1.2092333680583807,4.439828712708702,-1.2545124903761937,3.822166381974388,-1.2584264606928992,3.1922151647750594,-1.2216043446759093,2.5705332999860206,-1.1454012836668728,1.9771776455510754,-1.0317739638782728,1.4313720920408406,-0.8831668893433611,0.9512357954058153,-0.702414767344166,0.5535644309729729,-0.4926645402580984,0.25365545126326106,-0.2573187282016139,0.06516703146023345,-0.0,0.0,0.2754645644584641,0.06819247146566489,0.5650421176175955,0.27781795008291393,0.8644788252418798,0.6348791468820962,1.1692742547377386,1.1431914443025821,1.474648751339104,1.8042516664162584,1.7755068563597267,2.6170894295488987,2.0663993504167646,3.578099761580609,2.341485969726542,4.680856837126303,2.594500308984098,5.915909565126297,2.8187179338901833,7.2705603970195565,3.006928305689711,8.728629126801119,3.15141077985576,10.270203666971621,3.243914681232093,11.871379847253754,3.275643271590559,13.5039922346604,3.237241302056529,15.13533784822788,3.118785770306928,16.72789446794253,2.909779469237396,18.239035037628515,2.599146909511885,19.620739452833124,2.1752322142534433,20.81930481923584,1.6257986130259576,21.77505507304164,0.9380291987203214,22.422050677288663,0.09852865092751942,22.687798949722012,-0.906674330045871,22.492965439841825,-2.0921240951604543,21.75108665470075,-3.47293480468918,20.368284333977442,-5.064787019164345,18.24298139327628,-6.883924240531421,15.265619588724064,-8.947149495038188,11.318378903881447,-11.271822027255922,6.27489861990341,-13.87585415591385,-0.0
254,4,-1.2403710418333334,2.3588435733125,-1.2458038716795188,2.3486452303795757,5.009649982559819,4.9312569850577574,9.31284480029758,9.437408775434534,-0.0,0.0,0.556365533302874,0.14476461258512865,0.9805741790463807,0.5343305453075222,1.2815932794345886,1.104799651243903,1.4697461836115424,1.797106668627138,1.5564566289590427,2.5576341464004586,1.5539776809563983,3.3386953369779553,1.475113587284392,4.098879455032604,1.332942123972022,4.803257687345873,1.1405442255391498,5.423451929225113,0.9107469906743675,5.937571439006584,0.655885581734053,6.330025499211489,0.3875890740446565,6.5912228129605595,0.1165948889228336,6.717170787132626,-0.14740404829353526,6.708990053117557,-0.39587597298488664,6.572361485104603,-0.621528310611156,6.316924467853279,-0.8183459688781382,5.955646071214003,-0.9815904884563756,5.504180927776512,-1.1077625759621728,4.980240836307556,-1.194532510624792,4.4029913567440015,-1.2406446850212778,3.7924899611008356,-1.2458038716795188,3.169176818892249,-1.2105515134700244,2.5534252943676963,-1.1361403208387428,1.9651550570437717,-1.0244147390518799,1.4235067178836232,-0.877703544864007,0.9465734271773038,-0.6987291413729974,0.5511821517304532,-0.4905362725858959,0.2527155246852709,-0.25644109526720943,0.06496425324939235,-0.0,0.0,0.27500362290184627,0.06805927250250013,0.5645572799325357,0.2774299753907049,0.8644049636384371,0.634333703393045,1.1700235615759282,1.142798405220698,1.4765930580512299,1.8045175820019397,1.7789631778874806,2.618693594972942,2.071618702009602,3.5818638794934463,2.3486452303795757,4.687709864178231,2.603696723623641,5.926849169509996,2.8299657500311772,7.286612222727362,3.020157015866804,8.750804799409512,3.166464470504513,10.299458216915406,3.2605520531763696,11.90856899191779,3.2935379801844396,13.549829763456954,3.255982352986342,15.190353200858713,3.1378777904889263,16.792390485244997,2.928642745098858,18.31304579286064,2.6171171441397276,19.70398803279617,2.1915599996225845,20.911160912153573,1.6396486445305072,21.874492226515493,0.9484792782262694,22.527603108466042,0.1045685337128224,22.797517815573777,-0.9061441875218245,22.604374503790957,-2.09829383355823,21.861137313538624,-3.487086460432408,20.473309993823314,-5.088295787031187,18.338651203919913,-6.918259673878439,15.34689156137866,-8.993876627255782,11.379452448031374,-11.332602407183876,6.309166540806928,-13.952446797899189,-0.0
255,4,-1.2098679940243056,2.3525189608750003,-1.2567140133990733,2.375270930413671,5.0078702304046026,4.9404141306252365,9.083824498629086,9.412104870761,-0.0,0.0,0.5549258868397268,0.14433987063309323,0.9790406246916281,0.5331147834646254,1.2809353935829024,1.1030026077967146,1.4706190174223621,1.7953419214456774,1.559250257149605,2.5567747381861867,1.5588554863782336,3.339751287238894,1.4820417028854547,4.1028920767599075,1.3417134741102703,4.811207118240392,1.150800983995469,5.436176129538378,0.9220050034759801,5.955696775378824,0.6675634570699123,6.353910618220015,0.39904335198301,6.620918551763762,0.12716116014047985,6.7523991950769755,-0.138365772214254,6.749145136954566,-0.3889346793322203,6.616533091428308,-0.6171381337548626,6.363944948682216,-0.8168092899798517,6.004157310513919,-0.9830318141184355,5.552717265839745,-1.1121159964567982,5.027321748201538,-1.2015440450259434,4.447216699355638,-1.2498891124382803,3.8326303736789296,-1.2567140133990733,3.2042524799938845,-1.2224566354457516,2.5827675983568255,-1.1483095577223796,1.988447655120437,-1.0361012772484417,1.4408044841797625,-0.8881857044384855,0.9582999625381269,-0.7073453326256728,0.5581081733133202,-0.49671188649731074,0.25592173690312436,-0.2597065229834103,0.06579298040088788,-0.0,0.0,0.27850819215270317,0.06892783114144012,0.5716938208827425,0.2809557290344084,0.87519780452868,0.6423427945602487,1.1844051222280576,1.1571056686731174,1.4944158753534376,1.8268835919644362,1.800011422358872,2.650787648323542,2.0956181418061064,3.625232385582887,2.375270930413671,4.74374917345542,2.6325780732302873,5.996781594953155,2.8606886740732302,7.371463872247448,3.052263433160157,8.851383819331534,3.1994492193396624,10.41633211970992,3.293857610672097,12.042039879894984,3.3265473669239505,13.699906441285712,3.2880106444962682,15.356719374306651,3.16816266019206,16.974368456059548,2.9563344463123236,18.509555268468343,2.641268307486706,19.913499865960205,2.21111558186041,21.13164576411325,1.6534363192875372,22.103364303897916,0.9552005116238793,22.761659257656046,0.10279054070237671,23.03287236787388,-0.9179954553277564,22.836390351239647,-2.121939559548783,22.084353760047488,-3.524399622879683,20.681367971186898,-5.141304569219125,18.52421646937464,-6.9891496152542105,15.501576504996269,-9.084991530639728,11.493737136596687,-11.446444037071405,6.372319612140545,-14.091673420940378,-0.0
256,4,-1.2271397701284723,2.3379878137291668,-1.2249032612312434,2.3952116316389294,5.008624890572687,4.927698476026836,9.213502929404005,9.353967749188906,-0.0,0.0,0.5388425403157483,0.14014910019831292,0.9508651530126916,0.517697310496324,1.244414612950863,1.0712613130111133,1.429169053226586,1.7439733196611675,1.5159024088145587,2.4840888394057288,1.516229595761072,3.245471503220781,1.4423406484601777,3.987947381814163,1.3067316993522673,4.677525262293227,1.1219402779811871,5.28648319180522,0.9002919802263735,5.793325228458157,0.6536651155622222,6.182615755830728,0.3932794335718315,6.4447018988285985,0.12951437795050363,6.575337474096261,-0.1282385771188329,6.575224420802533,-0.3716861604819823,6.449489647296992,-0.5937043020815337,6.207116530894937,-0.788369915574158,5.860350764023007,-0.9509554634158459,5.4240997382019245,-1.0778902412507188,4.915343167529376,-1.1666940007658653,4.352570249175332,-1.2158897571615048,3.7552555196290442,-1.2249032612312434,3.1433819574250466,-1.1939566076039672,2.5370161186831095,-1.1239628457539688,1.955936484507786,-1.0164273843285065,1.4193130187695082,-0.8733606063725052,0.9454333743144209,-0.697204629645686,0.5514693468277391,-0.4907757186915804,0.253276070651561,-0.25722260781588935,0.06521601882650584,-0.0,0.0,0.27714420873272033,0.06853790279614412,0.5701698793129747,0.2797927862757998,0.8747358736219942,0.640632928584326,1.186183750454671,1.1556775217995654,1.4995159776133777,1.8271327610521289,1.8093705427170246,2.6546160655113797,2.1099936122622704,3.63496705336455,2.3952116316389294,4.762044653998284,2.6584039980996206,6.026510371602417,2.8924771877568327,7.415598217060686,3.0898409854289235,8.912872206552864,3.2423872580365667,10.497972596589879,3.341471531245026,12.146352199136901,3.377897476335225,13.82900421096434,3.341904289699124,15.512183012557761,3.2231568496936847,17.157119357614388,3.010738462872299,18.719731297352098,2.6931459612984785,20.15033207641307,2.2582868818249864,21.39333610954249,1.69347844380733,22.386964009442345,0.985448040618902,23.062947493667448,0.12033496958188607,23.346234858054608,-0.9163068582022508,23.154697570434816,-2.1395054645596296,22.398838414469502,-3.5648668186965558,20.98150150144664,-5.208570503922495,18.797584368909796,-7.087365194368088,15.733752299449046,-9.218564073516832,11.66815492065135,-11.620040302076196,6.470145087450506,-14.310222620505828,-0.0
257,4,-1.2518079818680556,2.355050012409722,-1.21393182347238,2.3650536180625537,5.008375462814733,4.925690037733103,9.398714627906786,9.422231259909948,-0.0,0.0,0.5469307222583014,0.1423479587822546,0.9630817665252835,0.5251250174989543,1.2574220030523124,1.0851201303619757,1.440319139961081,1.7639668625543103,1.5232735677104865,2.508777458819468,1.5186289842266156,3.272637585971732,1.4392705066138176,4.014952812665009,1.2983209113879832,4.701643238781925,1.108845304678936,5.305187933845446,0.883573908963792,5.80452585271767,0.63465173369436,6.184824523915467,0.37342262978486723,6.437131888061215,0.11025358247320036,6.557930018506139,-0.14559691246624906,6.548611895101855,-0.386064838304927,6.414903760298234,-0.6043218906606007,6.166255756638518,-0.7947751913516061,5.815222508430443,-0.953030783680298,5.376853159103533,-1.0758277770989317,4.868107309344858,-1.16095094058679,4.307309606031595,-1.2071297903428488,3.7136517424455526,-1.21393182347238,3.1067466813294966,-1.1816566385323304,2.5062362960098654,-1.1112364274012823,1.931450557945052,-1.004146904812679,1.4011140083018379,-0.862331327257329,0.9330935747706446,-0.6881389676689625,0.5441807976874095,-0.4842783345616745,0.24990112541268455,-0.2537845872350073,0.06434301405298808,-0.0,0.0,0.2734340572470503,0.06761959185228052,0.5625753640586976,0.27605365346699606,0.8631711340043914,0.6321058437968639,1.1706421231112598,1.1403725822936293,1.4800622452549028,1.8030748779621402,1.786135228229169,2.6198791659399894,2.083169664870915,3.5877060184386753,2.3650536180625537,4.700526225614291,2.62522973737152,5.949144271120391,2.8566716469483038,7.320969656167274,3.051862175799289,8.79977685807546,3.2027738279051663,10.365454950748129,3.3008517347166046,11.993748073646259,3.3369991988331287,13.655988022765607,3.301565826385643,15.318820262751785,3.184338156856455,16.943924634928496,2.97453263184376,18.487731972706527,2.660790696885965,19.9011377439646,2.2311758006291442,21.12921372891339,1.6731720407509945,22.110918619811386,0.9736842034337276,22.778808302498454,0.1190389501487029,23.05874645450566,-0.9050130803979215,22.869615974654653,-2.1132944683121275,22.12303164757097,-3.521197697685934,20.723054345372816,-5.144681498546368,18.56590697906794,-7.0002669895034915,15.539692334310216,-9.10503374198824,11.524112860007696,-11.476615865290931,6.390192423316191,-14.13319819172239,-0.0
258,4,-1.244557821923611,2.353460989048611,-1.21941307085626,2.356289113850633,5.006918852487005,4.942099363986442,9.344279614461012,9.415873795946595,-0.0,0.0,0.5513161996607209,0.14356044758694447,0.9695559416718915,0.5291288351964902,1.2645370183151992,1.0925666556800433,1.447267118282112,1.7749521689787655,1.529686649222262,2.5231116475782023,1.5244014299601298,3.290019164428621,1.4444130321028859,4.035061828266568,1.302853872164059,4.724171097148856,1.1127333877918089,5.329824161512137,0.8867008579706084,5.830922360278951,0.6368297030754464,6.212556189687342,0.37442744577987663,6.465668715992407,0.10987490702879629,6.586631140941898,-0.14750240501298506,6.576745903939011,-0.3895284625034243,6.441694012547212,-0.6092350745876692,6.190944206357618,-0.8008841864115236,5.8371419733929635,-0.9599552442111242,5.395496228803591,-1.0831003151384668,4.883180518482918,-1.16807128223236,4.318763857230602,-1.2136249485616641,3.7216837632273503,-1.21941307085626,3.111770819090113,-1.1858650129779749,2.5088303873660656,-1.114070739097541,1.9322832276856532,-1.0056712273629562,1.4008630356030383,-0.862762154641436,0.9323656685932664,-0.6878150491154722,0.5434422995622664,-0.4836182523214867,0.24942710017667813,-0.25323820779683753,0.06418934746630822,-0.0,0.0,0.27251515673066223,0.06740365140169711,0.560458568759811,0.2750881349225388,0.8596923021661501,0.6297457044427317,1.1657604462151423,1.135921452302884,1.4738565419698872,1.795846278232651,1.7787898390529822,2.6092531801077707,2.0749524774833428,3.5731768291773522,2.356289113850633,4.681737295611456,2.616269977011974,5.92590941365935,2.8478678815575904,7.293279650413274,3.043539362591461,8.767792511164972,3.195209824103356,10.329488524518219,3.294262407386536,11.954235746789616,3.3315301725536606,13.613456547394986,3.297291130330564,15.273851217391835,3.181265648383865,16.897119707203853,2.9726157734850616,18.439682564936348,2.6599460470621374,19.85240192579829,2.2313054387123965,21.08030320337436,1.6741900738053226,22.062297958581365,0.9755464830254333,22.73090827320047,0.12177515074250525,23.011992831215892,-0.901265816238368,22.82447481100548,-2.108257038540228,22.08007161229442,-3.5144143376894905,20.683026381012358,-5.1354854095260905,18.529841250078952,-6.9877467501415955,15.509012182110043,-9.088000867653749,11.500765278735297,-11.453573797735958,6.376794408561992,-14.102312928774689,-0.0
259,4,-1.213668133673611,2.3462199502916667,-1.207807812855832,2.375208962433514,5.007942515010083,4.934638363755809,9.11235637302784,9.386903395585504,-0.0,0.0,0.5386155209410238,0.14022038688677962,0.9480259160246837,0.5170745029354678,1.2377607471779186,1.0682945172991336,1.41840101839868,1.7366480794370416,1.5013793178377224,2.470415019723566,1.498760394528183,3.2237589689209347,1.4230086845566556,3.9569857222390783,1.2867497101293934,4.636683539699348,1.1025325338763925,5.235744107192329,0.882600547848063,5.733266505526404,0.6386777655903865,6.114350156766079,0.3817773943896245,6.369786216869848,0.12203871651034724,6.495660101389493,-0.13140284980044148,6.492880573468916,-0.37050920688008576,6.366652882922705,-0.5883951556181338,6.125914631470633,-0.7793467974023882,5.7827532167085485,-0.9388055507658429,5.351822828955202,-1.0633224264652956,4.849777102146351,-1.1504886199410607,4.294730822504305,-1.1988493168780474,3.7057608341139354,-1.207807812855832,3.1024527551911927,-1.1775266611769353,2.504496642317533,-1.1088316999172998,1.9313315819575871,-1.0031236327853412,1.40183654778792,-0.8623005231581273,0.9340628515839358,-0.6886932627494834,0.5450021637166657,-0.48501491311780964,0.25038334684180125,-0.2543238605398796,0.06449114611747374,-0.0,0.0,0.2742673342948194,0.06781676134650957,0.5644812742853658,0.27692684232386,0.8663308808773259,0.6342391284812807,1.1751779032830323,1.1444258767999946,1.4860385047715416,1.809754667740507,1.7935614972971279,2.6299102863187978,2.092004463717515,3.60180513867628,2.375208962433514,4.719377454556383,2.6365758172067655,5.973377075635136,2.8690413035136437,7.351139082999642,3.0650548588053743,8.836345876323588,3.2165587726233693,10.408778587505305,3.3149701575248263,12.044058900010896,3.3511653658871423,13.713382460833794,3.3154669024360732,15.383245124831623,3.197632788275194,17.015163271728053,2.986848258820911,18.565389394771447,2.671719624104109,19.984624086984063,2.240270083511583,21.21772545538297,1.6799372659260987,22.203416883726092,0.9775722578936928,22.873993947254284,0.11943988437779716,23.155031164321286,-0.9087799835634593,22.965089154248034,-2.1219903044223183,22.215422661568635,-3.53567411632479,20.809689806375626,-5.165891331449308,18.643662830162096,-7.029275222678908,15.604940527100197,-9.143028728619797,11.572662482214483,-11.524920682330649,6.417225180092798,-14.193282049805818,-0.0
260,4,-1.1984371824027777,2.3549377520833334,-1.203155043116092,2.3496987102102667,5.008500644187567,4.933296141172133,8.998000683833006,9.421782121780833,-0.0,0.0,0.5489426269862651,0.14296279724347782,0.9648926531015325,0.5267690657865837,1.2576527382807319,1.0873169510777982,1.4382541110870644,1.7657232714538424,1.518700498226759,2.5088746726249593,1.5116952364237994,3.2698461686747615,1.4303604674231676,4.008180893196491,1.2879570378851426,4.690029273180368,1.097613278213963,5.288150043029936,0.8720702666963293,5.781779465550203,0.6234505155894149,6.156378766850634,0.36305622687662603,6.403273068952265,0.10120231068398645,6.519197947207398,-0.1529118213203797,6.505772051597892,-0.39128913096731377,6.36891588527797,-0.6071796815363538,6.118237688099081,-0.7950843773108182,5.766407294732958,-0.9507209559526184,5.328537738015922,-1.0709574768283696,4.821592239145292,-1.1537202459385174,4.263831162999084,-1.1978842963302043,3.674309726425833,-1.203155043116092,3.072433032427008,-1.1699494893193227,2.4775707234425735,-1.0992844175325813,1.9087295674064348,-0.9926775085580483,1.3842789272883373,-0.85206549724086,0.9217215429551902,-0.6797415490048869,0.5375004817052691,-0.47831224125250066,0.24683248127127674,-0.250673032561248,0.06355810739575705,-0.0,0.0,0.27024504999798543,0.06682177810498537,0.556299269225933,0.27288170562651887,0.8540763762418665,0.625076805618933,1.1591400216607772,1.1281746080442208,1.4666753136983326,1.7846310302396864,1.7714604101708777,2.5943939679294057,2.0678395838587207,3.554693001934373,2.3496987102102667,4.65981621233028,2.6104437350527823,5.900875465370524,2.842982365798545,7.2655617355041535,3.039708992430006,8.737892084161151,3.1924926773344757,10.297949875603235,3.292667945244941,11.921619700489261,3.331028044302781,13.580318326636492,3.297820325113789,15.240722824651279,3.1827433864115147,16.864496839086733,2.974945655050088,18.40801580429926,2.663025097771884,19.82209174514357,2.235029797433819,21.051698160034718,1.6784591634559471,22.03569535950099,0.9802655826682033,22.706556527403585,0.1268563508746998,22.99009468374081,-0.8959042435904938,22.80519065599809,-2.1026927857084243,22.063522108629982,-3.5087246267960026,20.669293635622683,-5.129751862451642,18.518967887349046,-6.982061436484487,15.50099767835895,-9.08247339820268,11.495559005757324,-11.448339329403904,6.374284896995148,-14.097540948674327,-0.0
261,4,-1.1913118080972223,2.350174223416667,-1.2123654631375285,2.359696965636234,5.009865109762571,4.927707004628987,8.944502574949727,9.402723898611882,-0.0,0.0,0.5460813680092442,0.1421368422938871,0.9614748346532174,0.5242917505452009,1.2553075968705845,1.0833443657131703,1.4379976045841136,1.7610696607484675,1.5210206488946438,2.504726360706181,1.5166513167441475,3.2675220043481983,1.4376869726390893,4.008943847156291,1.297164362006159,4.694949505155043,1.1080786079198828,5.298016091442194,0.883114268964573,5.797051469903062,0.6343976832406846,6.17717598940436,0.37327896824580287,6.429387479131339,0.11015071762347697,6.550126158924837,-0.14569138135505658,6.54075920445934,-0.3861430329887099,6.407006772807808,-0.6043404791928135,6.1583321564846285,-0.7946664704928952,5.807318301242432,-0.9527176456644229,5.369051222698965,-1.0752398848712061,4.860528046751844,-1.1600395454586778,4.300103750664164,-1.2058790891696596,3.706986545346069,-1.2123654631375285,3.1007875918472325,-1.1798388020568098,2.50112673872641,-1.1092677446723895,1.927292485987845,-1.0021561077974317,1.3979516150323548,-0.8604640361032031,0.9309019594212576,-0.6865452143670756,0.5428606218089542,-0.48310041023712613,0.24927948936660907,-0.2531465763532329,0.06418003815936597,-0.0,0.0,0.2727284704336837,0.06744534697970424,0.5611283096360764,0.2753420975028757,0.8609765225995949,0.6304835545065791,1.1677192725069518,1.1374696688313897,1.4764498199276461,1.7985362207198574,1.781884404773931,2.6133723944031595,2.078337422249064,3.5789260667459644,2.359696965636234,4.689196736488958,2.6194015477632577,5.935016490835687,2.8504185789264556,7.303819752277225,3.045224976968388,8.779402785530522,3.1957901167045955,10.341674088789823,3.293561190246755,11.966396861845944,3.329450944680107,13.624924751918364,3.2938276857929276,15.283932040770193,3.1765073824290937,16.905139366588255,2.9667476717173016,18.445035982070348,2.653243547209191,19.854599445136508,2.224124506390198,21.079013527845433,1.6669529380332893,22.057385017990246,0.9687235407824085,22.722459980574047,0.11586357994005725,23.000339945802686,-0.9057661921360236,22.810198398241234,-2.110870106795828,22.063997859407127,-3.5147157756747482,20.666207783724353,-5.133132028154873,18.51352342536701,-6.982506686289974,15.49458578066367,-9.079784256751637,11.489702666765869,-11.442463604007877,6.370570961414271,-14.088595655364378,-0.0
262,4,-1.1981742663472223,2.356471255423611,-1.198150319221466,2.364129845564058,5.0069312722321255,4.936555388653547,8.99602668062081,9.427917457775314,-0.0,0.0,0.5459413559386708,0.14215708949215414,0.9600245377734248,0.5239563724732157,1.2517183271713685,1.081776071934029,1.431806053645372,1.7570678334672714,1.5121225450316245,2.496949316095423,1.5052699059691017,3.254659569440277,1.424321745486378,3.9898690074241605,1.282525615645216,4.668840640901565,1.093013398184058,5.264444114031951,0.8685291292700996,5.756028906998185,0.6211831876388481,6.12916768705694,0.3622407817098954,6.375285024837324,0.10195117809401119,6.491190309169994,-0.15057789463037308,6.478536433351297,-0.3874586755383241,6.34322744710583,-0.6020553402984474,6.094798695592224,-0.7889729114411129,5.7457919337992935,-0.944008918390776,5.311145584075255,-1.0640754670153159,4.807616909650666,-1.1471004846437998,4.253248736963101,-1.1919171880678692,3.66688887181537,-1.198150319221466,3.0677659259755092,-1.166106549164523,2.475121261807092,-1.096674875680628,1.9078934429117171,-0.9912410661830549,1.3844491060066362,-0.8516184411169526,0.922352587205022,-0.6799957226010975,0.5381658913784217,-0.47890139718109787,0.24727056358696323,-0.2511831082293205,0.0637035450109127,-0.0,0.0,0.2711743568384211,0.06703722433244781,0.5585408777490536,0.27387495097570275,0.857958006220101,0.6275885534057908,1.164920932322528,1.1330927348214075,1.474538728593569,1.792954240241811,1.78151081592016,2.6071929169972012,2.0801038523704145,3.5730710747103798,2.364129845564058,4.684871567835293,2.626926034782502,5.933665358805318,2.861336876815128,7.3070695381129385,3.0596982993154045,8.78899690038239,3.2138242541921747,10.359398223034752,3.3149955067283026,11.993998384871668,3.35395052848688,13.664027411736383,3.3208783183704935,15.335947458626041,3.205412951503236,16.971176642942954,2.996629645502496,18.52581054035715,2.683042134414517,19.950342049332903,2.252601148956852,21.1893802273393,1.6926938151949114,22.18136860429014,0.9901438003738897,22.858303388876124,0.13121205279427883,23.14545190231583,-0.8984019987821521,22.961071502146943,-2.1135589024966572,22.21612919600505,-3.52967739656056,20.814022091552527,-5.162732461287994,18.65029878325486,-7.029253278585632,15.612381738853735,-9.146321154600367,11.579290717378974,-11.531567449916498,6.421367225583794,-14.20317155190774,-0.0
263,4,-1.1790215091111111,2.3416968799791666,-1.190594683937254,2.3502596927541184,5.008752560157597,4.925041281171774,8.852225632690793,9.368807213226471,-0.0,0.0,0.5398802665558119,0.14058261881136164,0.9493276804259184,0.5181330382927776,1.2377978857592062,1.0697402908700353,1.4160277819999452,1.7375518643363672,1.4957730158380502,2.4693498802269622,1.489522655846036,3.2189898560244625,1.4102022944580008,3.946693434827937,1.2708770393563762,4.619192162629052,1.0844655788943078,5.209725076431577,0.8634756984403119,5.6978982794917705,0.6197702713015671,6.069419552634947,0.36437087867674134,6.315725115226887,0.10730392028258191,6.43351866822418,-0.14250848029827462,6.424244650096895,-0.37731308349514286,6.293518132908282,-0.5905483980906319,6.050533010951274,-0.7768305908857324,5.707468231243083,-0.9319087276934044,5.278909021274466,-1.052596499248707,4.781296682713522,-1.136687826198655,4.232416857784296,-1.1828634258452073,3.650932535143971,-1.190594683937254,3.0559646907385902,-1.1600501533937762,2.4667205341479352,-1.092008840956607,1.9021669571392157,-0.9877832639017033,1.3807449967663383,-0.8491541533528061,0.9201199152117889,-0.6783177079982442,0.5369608098664992,-0.4778454936595204,0.24674342452430173,-0.2506564499700923,0.06356995062717634,-0.0,0.0,0.2705510528462062,0.06688751649520568,0.5570993339310459,0.2732191013290752,0.8554149716613468,0.6259499941854938,1.1609224728382026,1.1298347291865585,1.468683844131448,1.78725023245138,1.7733792662576426,2.598009817468693,2.069286459076651,3.5591671466160153,2.3502596927541184,4.664809750830745,2.6097092148107794,5.905842130552376,2.8405816849568,7.269758801011031,3.0353420460737452,8.740407899291272,3.1859571150927666,10.297746147774353,3.2838810542376455,11.917586078701836,3.320042781827453,13.571336478607524,3.284835301900065,15.225737020117293,3.1681068717077325,16.84258802241564,2.9591538834287965,18.378476229848527,2.6467153087041364,19.784497428801178,2.218968539232311,21.005976642988458,1.6635264511237817,21.982186562169584,0.9674355227084308,22.64606477337818,0.11717484297268715,22.923930280286516,-0.9013441409614062,22.735199717595385,-2.1027772753383362,21.992103594867082,-3.5023468735169923,20.599402838867366,-5.115840520145668,18.45410584562227,-6.959609599179575,15.445186203020135,-9.050567625155454,11.453301201621164,-11.406188444194369,6.3505112149131495,-14.044504359485485,-0.0
264,4,-1.1916667955659723,2.365257429611111,-1.1833959248518129,2.3499810015598372,5.008798193925977,4.928958722140222,8.94716786065136,9.463069732524572,-0.0,0.0,0.5360353750818921,0.13964399522680512,0.9415113117046956,0.5142684018218657,1.2265614575556132,1.0610785197930623,1.4023651859404993,1.7226176502592028,1.4809055882755542,2.4472300929040123,1.4747157500939243,3.1893999125537675,1.396620569620514,3.90996142289623,1.2594815363412597,4.576181008581003,1.0759519129963877,5.161713629292455,0.858249570341336,5.64644103386202,0.6179542090665195,6.016202223774702,0.3658347851869569,6.262429861051482,0.11171160257336145,6.381708903322397,-0.13564420804371233,6.3752755589978,-0.3685731168650583,6.248475519595805,-0.5805529145282231,6.010200255503493,-0.7661910574519079,5.672318971115958,-0.9211885697187178,5.249121730581484,-1.0422815189293493,4.756786504836936,-1.1271665844809637,4.212879731859208,-1.174417165678694,3.6358967181470705,-1.1833959248518129,3.04484510643135,-1.1541687681721666,2.4588718992552194,-1.0874241922695917,1.8969322910030537,-0.984400813511682,1.3774968758379051,-0.8468248615306297,0.9182926543634797,-0.6768585302297498,0.5360726001730283,-0.477059369251844,0.24640828601000603,-0.25035036670485694,0.06350011793413082,-0.0,0.0,0.270388712805042,0.06684167940513644,0.5568812732855016,0.2730745455897231,0.8552080567050506,0.625697232991273,1.160755157033373,1.1294879739567942,1.468550893960139,1.786829241861762,1.7732490950964854,2.5975247967054247,2.0691101838574024,3.558607782286993,2.3499810015598372,4.664139014516988,2.6092741763140617,5.904995036169379,2.8399477266550432,7.268645888760269,3.0344854599321622,8.738922864257013,3.184878599423988,10.295776747637662,3.282608954608334,11.915027248061845,3.3186338397994994,13.568104445828821,3.283372850236459,15.221783160283488,3.166696523341826,16.837911177396503,2.9579168468961283,18.373132272468958,2.645779525000612,19.77860493095361,2.2184578759317897,20.999717616069432,1.663548211815706,21.97580136240538,0.9680665366632449,22.63984039591685,0.11844639478403438,22.918181397529093,-0.8994622959654108,22.73024194392817,-2.1003935840159875,21.988218578073134,-3.499665143676792,20.596794885694557,-5.113177387640507,18.452849884016473,-6.957412150869943,15.445166966003564,-9.049431049326856,11.454143587954986,-11.406873602331393,6.35150184022916,-14.047955193458176,-0.0
265,4,-1.2325183459375,2.38174383090625,-1.186315529302217,2.3564060933444364,5.007257843465672,4.935920528333655,9.2538858793978,9.529029557083684,-0.0,0.0,0.5254941887534135,0.13677178330098674,0.9255245776664046,0.5045760233731951,1.2090985684982962,1.0428806312908774,1.3863608579984228,1.6959509453419137,1.4683601715571484,2.413360658393562,1.4668049679508772,3.1503830828930495,1.3938144925405689,3.8682588452583793,1.2616713289838375,4.534339228471083,1.0825814752181917,5.122107422220704,0.8684478844058783,5.611082931987507,0.6306632533714623,5.98661733504126,0.3799274768782239,6.239592382854687,0.1260944976308612,6.366034001926461,-0.12194779915002292,6.366657856533957,-0.3563624633842143,6.246363609664067,-0.5704127033600513,6.013695679933221,-0.7584769075763114,5.680288036631403,-0.9160327107118609,5.260309392200987,-1.039614844761135,4.769923138516901,-1.1267525495666664,4.226773722734529,-1.1758927989314414,3.6495081272234677,-1.186315529302217,3.057337985485153,-1.1580465179966957,2.4696448903619457,-1.0917726821866505,1.9056288355377515,-0.9887635149074766,1.3839976052268523,-0.8508012867266666,0.9226933420399317,-0.6801216351936797,0.538651465523247,-0.47936530959980106,0.24758652367957698,-0.25154116472126126,0.06379935213003694,-0.0,0.0,0.2715815044321753,0.06714117532864644,0.5592077290302696,0.2742573977715542,0.8585630452627524,0.6283055709369312,1.1650039222083495,1.1340032635982313,1.4735454262318353,1.7936615916376883,1.7788433253158944,2.607010201030005,2.0751729741734883,3.571012450290932,2.3564060933444364,4.679669464247872,2.6159864673790723,5.92381226655849,2.846905477159091,7.290881684270252,3.0416782540646996,8.764696144008262,3.1923211050128995,10.325207838898708,3.290330714037269,11.948248034061669,3.326665484748572,13.60526249579196,3.291729254757687,15.263038177953051,3.175357492861777,16.88342238395526,2.966805985965495,18.42303565139453,2.654741937301595,19.832979587772932,2.2272373310979745,21.058540829113145,1.6717643707964214,22.03889220810292,0.9751927667489559,22.706792113500438,0.12378863288587229,22.988282905822263,-0.8967852522730209,22.802389132591227,-2.101468059234294,22.060816165166475,-3.5057986217428203,20.66764976268568,-5.125912459434547,18.51905696002495,-6.978538295456701,15.502988577991804,-9.080994232670532,11.498883566394095,-11.451183728818986,6.377375314636983,-14.107591488449257,-0.0
266,4,-1.25773900575,2.3747735635833336,-1.225080427889467,2.3468423423289684,5.006554846620141,4.937279218898991,9.443245419949276,9.501142475996726,-0.0,0.0,0.5406784595021354,0.14057206723335314,0.9549864283777291,0.5196067112731744,1.2505998957978115,1.0757673535047851,1.4367610824375672,1.7519573105159814,1.5240141944760888,2.4960381212361074,1.5239161688500589,3.2614090390257817,1.4487332336458971,4.007437909312766,1.311133561734716,4.6997389356892,1.123885634744738,5.31029781431672,0.8995712142571914,5.817449347146949,0.6503210300202005,6.205716899834703,0.387580382371496,6.465526903872712,0.12191073414494344,6.5928149310827,-0.13716803897933172,6.588542567621914,-0.3812917934986552,6.458146231463161,-0.6033217149715097,6.210940059596748,-0.7973705918212662,5.859494924400135,-0.9587891464616989,5.4190144823741955,-1.0841177335094032,4.906726972005246,-1.1710102147909451,4.341308426053024,-1.2181377397242033,3.742349302630885,-1.225080427889467,3.1298725807667167,-1.1922145911003432,2.5239074330833766,-1.1206022495549897,1.9441189714892997,-1.0118884498192693,1.40949148473217,-0.8682104609351405,0.9380601866544891,-0.6921214765834753,0.5466848203269399,-0.48653011894311654,0.25085748936150926,-0.25465591096302254,0.06453673178679707,-0.0,0.0,0.2736702185035799,0.06770723750115362,0.5623243349068133,0.2761690291732058,0.8616619882921541,0.6318137413257897,1.1670977915518017,1.1388490743802435,1.4737400997258174,1.7991144586225358,1.7763654704057805,2.61192168365181,2.069390479885466,3.5738820319877496,2.3468423423289684,4.678718965959978,2.6023295482405455,5.917066083205283,2.8290135057930343,7.276250605906647,3.0195819438999054,8.740063104012812,3.1662246266451546,10.288514479035692,3.2606117400835535,11.897581461733598,3.2938751479280257,13.538942015316792,3.2565925740507793,15.179702098325796,3.1387746574012865,16.78211524113012,2.9298547380362856,18.30329634004216,2.618681169656418,19.694930985627362,2.1935119118566018,20.90298152812149,1.6420111313053953,21.86739095277654,0.9512475321738578,22.521785499777383,0.10769413925736061,22.793176823873416,-0.9027707305290259,22.601664353327898,-2.0948615538686246,21.860138380090635,-3.4838829666043787,20.47398429591151,-5.085726606483945,18.340788284057602,-6.916867604327843,15.350044684143931,-8.994360869113724,11.38286516844042,-11.335837287932245,6.311689801469319,-13.959499939024195,-0.0
267,4,-1.2203925260416666,2.380235627326389,-1.1856057336998738,2.3625950451803197,5.0056711653145936,4.936416861655283,9.162843864583149,9.522995441951696,-0.0,0.0,0.5218071963055299,0.13572417227724312,0.9205727362350133,0.5012910302144701,1.2042972682085005,1.0371154790354071,1.3824042826065657,1.6879789428835836,1.4654729555824935,2.403675224188657,1.4649476626983358,3.1395164396845847,1.392836544524179,3.8566904602870222,1.2614112982088062,4.5224674448669715,1.0829195947275305,5.110258974693731,0.8693202031975309,5.599538687439915,0.6320490957905897,5.975637917053449,0.3818226106881764,6.229433446922111,0.12848131835995227,6.356946920504004,-0.11912424007282942,6.358876654654494,-0.3532070887372694,6.240082595594687,-0.5670797407717192,6.009044074670292,-0.755157107344852,5.677308071230613,-0.9129319254303387,5.258943134095303,-1.0369286375392088,4.770011225199643,-1.124641594564993,4.2280667808662376,-1.1744630436501975,3.6516894410729464,-1.1856057336998738,3.060054316861,-1.1580242378010561,2.472541430819229,-1.0923383435561131,1.908384103824038,-0.9897611559105809,1.3863545648231272,-0.852033919318614,0.9244839006908359,-0.6813690019922786,0.5398126037595293,-0.48040198725925715,0.24816738022820828,-0.2521533748718832,0.0639595227868585,-0.0,0.0,0.27234407373020825,0.0673264507954442,0.5608377365631401,0.27503747265981077,0.8611148945893804,0.6301299328199628,1.1684794133594294,1.1373354857589744,1.4778940808345578,1.7989530179842945,1.7839647994015038,2.6146743304594837,2.0809212272981727,3.581400979087273,2.3625950451803197,4.693050794778417,2.6223969330292523,5.940353171560647,2.8532932174998296,7.310632723696334,3.047783002236036,8.787581356619594,3.197876435335996,10.351019163400712,3.2950746094122763,11.976644845676214,3.330351439035906,13.635776567557096,3.2941377240451475,15.295084288646155,3.1763074893057426,16.916314696237976,2.9661665940767747,18.456009876838966,2.652443527523255,19.86522084371239,2.2232822501766947,21.089216980444142,1.6662369024191392,22.067192380040733,0.968268177942717,22.731969963232505,0.11574114995339838,23.009704155602435,-0.9055756620306525,22.81958279669196,-2.110510189108815,22.073528849844042,-3.514485864660154,20.675902382525685,-5.133520004863151,18.523203195477237,-6.984221673345633,15.503774396632608,-9.083789165664792,11.49750714300344,-11.450007229971616,6.375546710732104,-14.101244121774284,-0.0
268,4,-1.2192327760972224,2.381257628416667,-1.2257031779353524,2.3904578335045485,5.005203392687003,4.928564948453183,9.154136332017892,9.52708432777991,-0.0,0.0,0.519188312568935,0.13476171383681315,0.9215089150859427,0.499699920791484,1.2126891453032145,1.0377377569935935,1.4001558757696664,1.6950952609123648,1.4928111419975068,2.4220849776493867,1.5007677347036286,3.1737848415174543,1.4350575884722616,3.9105715148109548,1.3073258025995937,4.598503801074897,1.1295226375111163,5.209552064074901,0.9136049503864087,5.721675549841131,0.6712573340310035,6.118754953524719,0.41364173550205396,6.390392344582999,0.15118257147354397,6.531594523146993,-0.1066076477139557,6.5423588969560535,-0.35125936346228437,6.42718293255158,-0.5754331309551113,6.194519078578933,-0.7729645464373142,5.856196778869745,-0.9388705565202271,5.426831863486854,-1.0693223473506286,4.923241383382636,-1.1615910942035461,4.3638790624357755,-1.2139733891273266,3.7683032432972032,-1.2257031779353524,3.1566857707526186,-1.196856609623483,2.5493669315958565,-1.1282554502111135,1.9664585455144157,-1.0213737696351959,1.4274947059629604,-0.878251593947012,0.9511275689128973,-0.7014182186927199,0.5548639926868592,-0.49382696423445666,0.254837717178209,-0.258802351788522,0.06561108592708136,-0.0,0.0,0.2786210174334031,0.06891578735384345,0.5728140612615183,0.28121791768009946,0.8780501192000272,0.6435719377664711,1.189513612129789,1.1603075977844146,1.5020902927179791,1.833272839757849,1.8103488022017198,2.6616800838449386,2.108517463364988,3.641942036966687,2.3904578335045485,4.767495026344697,2.649636430827295,6.028608596913358,2.879095893608361,7.4121807813111555,3.0714266471014118,8.901519035707533,3.2187399523092357,10.476107322408867,3.3126430060829195,12.111360205991929,3.344216564661354,13.778365114603677,3.3039953814124163,15.443614107969632,3.1819515903457765,17.06872659821848,2.9674810335531645,18.610164500943952,2.6493924244361162,20.018941265297773,2.215899158866816,21.240326156832758,1.6546135313459225,22.21354505814615,0.9525430798780455,22.871478921732074,0.0960887682664119,23.140360866868757,-0.9289552857500265,22.93947276610723,-2.1374008171121783,22.18084202348521,-3.5446634163534267,20.76893911078047,-5.166759766020272,18.60037630326082,-7.020304320524074,15.563607944523895,-9.122505610967131,11.538632472140275,-11.491162328438026,6.396696352092484,-14.14465931258268,-0.0
269,4,-1.2138779784444444,2.376709383409722,-1.1991181365298935,2.3815900284902183,5.005718335599355,4.93020174583566,9.113931911086224,9.508887424930142,-0.0,0.0,0.5030616485792377,0.13057621575430078,0.8929857472988718,0.4841957515984574,1.175487089731303,1.0056494181074573,1.3578499380630762,1.6429855030497735,1.4487200269118692,2.3482443508513877,1.4578581369221273,3.0780788444572034,1.3958674621404794,3.7942445996074357,1.2739073931951186,4.463949921414671,1.1034060772139302,5.060061845363593,0.8957832461052952,5.561170572105206,0.6621933932077417,5.951520019276208,0.4132975139082471,6.220816804070647,0.1590694307839367,6.363933540086457,-0.09135964495251744,6.380524753626004,-0.3298170244230374,6.274574956108056,-0.5491657998490976,6.053898501496233,-0.7433461384932906,5.729609949424272,-0.907384647086955,5.315581953275411,-1.0373766844610506,4.827905443235785,-1.1304468648546253,4.284364325785439,-1.184692964761409,3.7039342930754198,-1.1991181365298935,3.1063127974837363,-1.1735558603716036,2.5114849084567337,-1.1085915320207516,1.9393276855610757,-1.00548405259238,1.4092538867890252,-0.866090291609609,0.9398942734779842,-0.6927948362593279,0.5488164535418988,-0.4884470048819508,0.25227710748134463,-0.25630667085198644,0.06500356036253112,-0.0,0.0,0.27651425264089863,0.06837320384775453,0.5689677034946242,0.2791724299648569,0.8727948237492785,0.6392381489863534,1.183135620698462,1.1530545313115923,1.494829540038267,1.822601031364955,1.8024018774580737,2.6471989923315564,2.1000441594622252,3.623349885873375,2.3815900284902183,4.744562554038719,2.6404881520227406,6.001167587814067,2.8697735823525057,7.380117716255102,3.062038840499847,8.864773757282084,3.2094058038245636,10.4346762707699,3.3034992614373504,12.06530354099437,3.3354227817443163,13.72781689246611,3.295737326414516,15.388794612188901,3.174442855110516,17.009955920033523,2.9609630021299225,18.54787650908244,2.6441327729831823,19.953697183811332,2.212189106414509,21.172827071100418,1.6527640738908478,22.144642782295904,0.9528804411415904,22.802184777683756,0.09894929110647603,23.07185203988343,-0.9232305995107815,22.87309600989182,-2.128471931083976,22.118114586807597,-3.532196883335034,20.711546845657114,-5.150434209266848,18.550168991453837,-6.999815653146706,15.522591944350323,-9.097571895277602,11.508960841924461,-11.461528196549732,6.380656650734755,-14.110099887170433,-0.0
270,4,-1.184731017798611,2.3772195660694444,-1.1768987379917557,2.3786876555110457,5.002500161119421,4.932444791865096,8.89509326382643,9.510928595597164,-0.0,0.0,0.48330462923126166,0.1253207639987826,0.860520534041493,0.46561396921068765,1.1362435301130769,0.96891718815845,1.3166155987263395,1.585957929832821,1.4091680924545102,2.270889567349941,1.4226205283400917,2.9819373715417417,1.366645023859539,3.681934911015291,1.251607269664631,4.33873634036844,1.0882952337128615,4.92549564135309,0.8876466236246022,5.420809455287368,0.6604855567769268,5.8087255302137875,0.41727793850908423,6.078623808752287,0.16791374810383908,6.224981621939596,-0.07847720184410716,6.247038159001313,-0.3136713968017674,6.148376194458054,-0.5304571560339377,5.93644084148894,-0.7226993331894739,5.622015782876582,-0.8853651250697585,5.218676998541484,-1.0145148728094817,4.7422425380664155,-1.1072632758318655,4.210234540714301,-1.1617174539049846,3.641366718227973,-1.1768987379917557,3.0550671629427635,-1.1526549716415835,2.471042906884365,-1.0895695497009248,1.9088893888659764,-0.9888725386598061,1.3877450831310678,-0.8523581544555741,0.9259891331749767,-0.6823117489653823,0.540977977657735,-0.48144837780067057,0.2488156529508343,-0.25286405700677506,0.06415166749825509,-0.0,0.0,0.2733805315847731,0.06757279874165362,0.5632036348327455,0.27612267498052745,0.8650856694314187,0.6327880164127151,1.1743251439191402,1.1424364325950636,1.4858872108113665,1.8075022262492595,1.794382447471689,2.627814613718084,2.0940415724763404,3.600414252457712,2.3786876555110457,4.719356437817799,2.641707235678857,5.975500076454244,2.8760215820694657,7.356282207192629,3.074059125282477,8.8454784065185,3.2277298725937937,10.422949876404063,3.328402404709169,12.064378364556609,3.3668838488283135,13.740990314676003,3.3334030390157303,15.41927179479292,3.217596916110878,17.06067581644572,3.008500088629524,18.621323649676224,2.6945373741322673,20.05170167286513,2.2635190663792772,21.296355186507377,1.7026386249152545,22.293580479519065,0.9984724573067663,22.9751162775316,0.13698145638557255,23.265835535079802,-0.8964860382856907,23.083438365947675,-2.1171901675898464,22.338146744635473,-3.540994655904773,20.932401461630864,-5.184361346808802,18.760561679016327,-7.064344395364106,15.70860731271195,-9.19858430753562,11.653844364045364,-11.605301984874131,6.464613236232005,-14.303292902123934,-0.0
271,4,-1.1892973068472221,2.3954397904375,-1.1913781624428477,2.405801092022695,5.003656540846735,4.926732558325534,8.929377473783605,9.583825207855348,-0.0,0.0,0.4791489344291034,0.12410416294186329,0.8558338736724039,0.462061581033364,1.1334700840809582,0.9634203194892444,1.3171919692877574,1.579870483566373,1.4137099342613615,2.2660706322031356,1.4311094994785167,2.9803877266779426,1.3786047900913776,3.685524684387765,1.2662601285721482,4.34901610986867,1.104694148518872,4.94357984895202,0.9047806785145251,5.447319212700624,0.6773597051168612,5.843777637312057,0.4329701186357509,6.121853824685697,0.18161379696991622,6.275590742876538,-0.06744196315419258,6.303856019986752,-0.3058194284268341,6.20993408252977,-0.526141381725617,6.001051806543783,-0.7220992154299,5.687859506051853,-0.8884815699953823,5.283887920415478,-1.0211686267301427,4.8049997092561645,-1.1170982523635506,4.268851110595606,-1.1742106598009332,3.694376177362115,-1.1913781624428477,3.1013026761354436,-1.168326081699033,2.5097055578382013,-1.1055500688706517,1.9396010713842646,-1.0042341712783165,1.410582190811229,-0.8661730309688799,0.9414940985178273,-0.6937007368644793,0.550146994223826,-0.48962810166545856,0.253062431564127,-0.25718951289967074,0.06524865922282463,-0.0,0.0,0.27797725779976074,0.06871508776478844,0.57245310917208,0.28072875995391,0.878824724190598,0.6431525441341939,1.1921786996422385,1.1607189602017123,1.5072859011642483,1.8356252666547959,1.8185891544132593,2.6673727905722946,2.1201850354059952,3.652598573725996,2.405801092022695,4.784896715233281,2.668769850732365,6.054627465180728,2.90200092561336,7.4487127938151865,3.097952456072684,8.950417798836796,3.2486029646323877,10.53911789438462,3.345424558762242,12.190052230218777,3.379358214205109,13.874064205479772,3.340791684543568,15.557330261955824,3.2195403944690173,17.201078366901868,3.004831501709653,18.76129773028051,2.6852911616131596,20.18844135503096,2.248934903058303,21.427123003518737,1.683160926335847,22.41581009200578,0.9747460624934279,23.086513911424433,0.10984408742473803,23.364478429950214,-0.926013940308911,23.167868772594453,-2.1479176549037517,22.407460305354792,-3.571574000399282,20.98632908458696,-5.213302798428365,18.7995442725277,-7.090031548751641,15.73386297187154,-9.219289713264729,11.667427798966443,-11.619202700609824,6.469467398193849,-14.308485734750565,-0.0
272,4,-1.1899151330555555,2.3719473663472224,-1.1620730673330428,2.4165136836576497,5.003115846902258,4.936808660022991,8.934016182200452,9.489835249481605,-0.0,0.0,0.4636376577897979,0.12012490474137734,0.8275368395117562,0.4470057662708928,1.095555944896563,0.9316733626264488,1.2730532531231233,1.527467123268192,1.3667533460411432,2.1907537998450533,1.3845667635222214,2.881567292262131,1.335372530084757,3.564148584780541,1.228774579243526,4.207369940132997,1.0748438297294884,4.785033222758454,0.883857721195274,5.276038140783962,0.6660484060250667,5.66442197456672,0.431369557839859,5.939277673649782,0.18928997539119385,6.0945617592827555,-0.051380039757779924,6.128807023042997,-0.2826259961229878,6.044757396490406,-0.49732915392451865,5.848943512800161,-0.6893303176163652,5.55121742891275,-0.8534605992485796,5.164263871674195,-0.9855436446058049,4.703103444651893,-1.0823745997821421,4.1846007653509325,-1.1416813187469297,3.626987786065413,-1.1620730673330428,3.049409845792772,-1.1429814059310999,2.4714995057575595,-1.084597185423326,1.9129810626963135,-0.987806806325956,1.3933068638451689,-0.8541301717071439,0.9313251566985402,-0.685662167819772,0.544978146212222,-0.4850190480708206,0.2510281353475755,-0.2552907593753269,0.06480902561497694,-0.0,0.0,0.2769314055984536,0.06841786813434046,0.5712084215985682,0.2798243087524241,0.878180815752067,0.6417440979726828,1.1928533092435694,1.1592903723952874,1.5098881371890003,1.8349930531759253,1.8236005394062673,2.6686267563136643,2.1279479294560586,3.657034832356468,2.4165136836576497,4.793946602965744,2.6824866348689738,6.069785370779307,2.918637437903649,7.471465344598667,3.117292990839369,8.982176212392117,3.2703100519867063,10.581154678052101,3.369049094225862,12.243442825216741,3.4043492988799695,13.939633658877847,3.3665054243328227,15.635604585682607,3.245247104482313,17.292239916673655,3.0297209518959916,18.865143708460486,2.708475671035332,20.304344403236417,2.2694502362164912,21.55399279215052,1.699965062264668,22.55205482112961,0.9867159955824316,23.230000696041866,0.115770879779727,23.512491638471747,-0.9274315984817217,23.31706550733155,-2.1580811040088066,22.553822346946546,-3.5919932160427086,21.125110759383364,-5.245605680334798,18.925215836063433,-7.135973652422535,15.840049227624712,-9.280764207920868,11.746841786264321,-11.698250364686295,6.513839084487531,-14.40730482856635,-0.0
273,4,-1.2025288480451388,2.3759049077916665,-1.16965135452167,2.3730270788453116,5.001863495208558,4.93893120388882,9.028721368061248,9.505668828604655,-0.0,0.0,0.4625484577937318,0.11977943919954445,0.8269237909447327,0.4461779233853347,1.0965582825861233,0.9309049389798477,1.27634466951164,1.527753879602918,1.3725451721689552,2.193311779377306,1.3926494863476468,2.8876105431690013,1.3451890780237559,3.5746958982001784,1.239517037654834,4.223094465259615,1.0855640571300469,4.806164328649559,0.8935817724609139,5.3023199616143355,0.6738847815588723,5.695128027107095,0.43660213108890134,5.973276122990088,0.19144801332797054,6.1304216958227284,-0.05248011870995217,6.1649328532003125,-0.28686974086368155,6.079536440445987,-0.5043236915445609,5.88089134090024,-0.6984511416657354,5.579106403328455,-0.8639197052171669,5.187222670281562,-0.9964713828423156,4.720678744012253,-1.0929067302934092,4.196776336430773,-1.1510428386507627,3.6341605322932966,-1.16965135452167,3.0523263179097135,-1.1483828785305017,2.4711597652331267,-1.0876837425122443,1.9105191601884752,-0.9887105015604178,1.3898585191454922,-0.853246619547008,0.9278934783786983,-0.683624896413051,0.5423075337676969,-0.48265827443744547,0.24949506388106804,-0.2535808266264955,0.06433646347525498,-0.0,0.0,0.2741394359765379,0.06776462932545495,0.5645798083730283,0.2768579163965871,0.8667638343933152,0.634303354910329,1.1758376525715037,1.1447717258071912,1.4866447362743287,1.8104316393346662,1.793712042785315,2.6307950329992393,2.0912298857354017,3.6025541110893546,2.3730270788453116,4.7194069734536,2.632542887374829,5.971869955198234,2.8627972466323857,7.347075450449886,3.056360574479674,8.828554691954613,3.205324330033146,10.396005579532368,3.3012732684168293,12.0250461767567,3.3352601263153536,13.68695491661358,3.2977832588872773,15.348398870423381,3.1787675468125713,16.97115164342274,2.9675487115646786,18.511802573598178,2.6528610231380787,19.921458939745172,2.222828260311873,21.14544284454068,1.664957689518456,22.122984343717338,0.9661367630048769,22.786912257975715,0.11263219733647299,23.06334394370557,-0.9099089243295986,22.871375123873523,-2.116456382483372,22.122770701560913,-3.522592726203605,20.72165730352579,-5.144508170943857,18.5642181357396,-6.998994776711927,15.538390581218247,-9.10344015993457,11.523566835157007,-11.475820956703274,6.3902977546170305,-14.134696219947584,-0.0
