day,phase,tiltx_11m,tiltx_19m,pcnn_pred_11m,pcnn_pred_19m,q_AB,q_BC,fe_q_AB,fe_q_BC,pcnn_slope_0.0m,pcnn_defl_0.0m,pcnn_slope_0.5m,pcnn_defl_0.5m,pcnn_slope_1.0m,pcnn_defl_1.0m,pcnn_slope_1.5m,pcnn_defl_1.5m,pcnn_slope_2.0m,pcnn_defl_2.0m,pcnn_slope_2.5m,pcnn_defl_2.5m,pcnn_slope_3.0m,pcnn_defl_3.0m,pcnn_slope_3.5m,pcnn_defl_3.5m,pcnn_slope_4.0m,pcnn_defl_4.0m,pcnn_slope_4.5m,pcnn_defl_4.5m,pcnn_slope_5.0m,pcnn_defl_5.0m,pcnn_slope_5.5m,pcnn_defl_5.5m,pcnn_slope_6.0m,pcnn_defl_6.0m,pcnn_slope_6.5m,pcnn_defl_6.5m,pcnn_slope_7.0m,pcnn_defl_7.0m,pcnn_slope_7.5m,pcnn_defl_7.5m,pcnn_slope_8.0m,pcnn_defl_8.0m,pcnn_slope_8.5m,pcnn_defl_8.5m,pcnn_slope_9.0m,pcnn_defl_9.0m,pcnn_slope_9.5m,pcnn_defl_9.5m,pcnn_slope_10.0m,pcnn_defl_10.0m,pcnn_slope_10.5m,pcnn_defl_10.5m,pcnn_slope_11.0m,pcnn_defl_11.0m,pcnn_slope_11.5m,pcnn_defl_11.5m,pcnn_slope_12.0m,pcnn_defl_12.0m,pcnn_slope_12.5m,pcnn_defl_12.5m,pcnn_slope_13.0m,pcnn_defl_13.0m,pcnn_slope_13.5m,pcnn_defl_13.5m,pcnn_slope_14.0m,pcnn_defl_14.0m,pcnn_slope_14.5m,pcnn_defl_14.5m,pcnn_slope_15.0m,pcnn_defl_15.0m,pcnn_slope_15.5m,pcnn_defl_15.5m,pcnn_slope_16.0m,pcnn_defl_16.0m,pcnn_slope_16.5m,pcnn_defl_16.5m,pcnn_slope_17.0m,pcnn_defl_17.0m,pcnn_slope_17.5m,pcnn_defl_17.5m,pcnn_slope_18.0m,pcnn_defl_18.0m,pcnn_slope_18.5m,pcnn_defl_18.5m,pcnn_slope_19.0m,pcnn_defl_19.0m,pcnn_slope_19.5m,pcnn_defl_19.5m,pcnn_slope_20.0m,pcnn_defl_20.0m,pcnn_slope_20.5m,pcnn_defl_20.5m,pcnn_slope_21.0m,pcnn_defl_21.0m,pcnn_slope_21.5m,pcnn_defl_21.5m,pcnn_slope_22.0m,pcnn_defl_22.0m,pcnn_slope_22.5m,pcnn_defl_22.5m,pcnn_slope_23.0m,pcnn_defl_23.0m,pcnn_slope_23.5m,pcnn_defl_23.5m,pcnn_slope_24.0m,pcnn_defl_24.0m,pcnn_slope_24.5m,pcnn_defl_24.5m,pcnn_slope_25.0m,pcnn_defl_25.0m,pcnn_slope_25.5m,pcnn_defl_25.5m,pcnn_slope_26.0m,pcnn_defl_26.0m,pcnn_slope_26.5m,pcnn_defl_26.5m,pcnn_slope_27.0m,pcnn_defl_27.0m,pcnn_slope_27.5m,pcnn_defl_27.5m,pcnn_slope_28.0m,pcnn_defl_28.0m,pcnn_slope_28.5m,pcnn_defl_28.5m,pcnn_slope_29.0m,pcnn_defl_29.0m,pcnn_slope_29.5m,pcnn_defl_29.5m,pcnn_slope_30.0m,pcnn_defl_30.0m
21,1,-0.21107119355319148,1.5170824494184398,-0.22970355242238738,1.5394082902315513,5.05260965846849,4.786916367139323,1.584746177618813,6.069638268167834,1.0355592527240098e-05,2.5900728946151337e-05,0.03361269018130908,0.01279968851581097,0.028273231694850947,0.026867753240348666,0.07935307959286177,0.0517047095037359,0.14240206576784803,0.10789479803256045,0.18478689511249638,0.19042080821408625,0.21577880872192856,0.2908479378704645,0.2401527831329216,0.40513878519446156,0.2556948929670654,0.5295109992841627,0.26233815696306045,0.6593212863356142,0.26366426299314466,0.7909927353769453,0.2585214634697194,0.9219628490815369,0.23954798295205965,1.0471360939710506,0.20905249200628423,1.1595404183243594,0.1754924626278387,1.255747666870176,0.14220765518222014,1.3350077177050954,0.1151348189485983,1.3991423461527628,0.08295073602446143,1.449285836360373,0.0342818037274931,1.4792066504252626,-0.024856000843205193,1.481864737654866,-0.0902938367047779,1.453304785919464,-0.15957379689403797,1.3909224182931434,-0.22970355242238738,1.2936082224064023,-0.29920003852912797,1.161293781920128,-0.3618325187595343,0.9955062293457526,-0.40550822321330193,0.8026580644908888,-0.4226549966661506,0.5944466936818618,-0.4080442045756809,0.38520556132708494,-0.3436155556039892,0.19465212434872567,-0.20644399819204187,0.05389037715588597,0.00026783733461926696,-2.823315225870537e-05,0.2453663101131767,0.06057317194963745,0.4935057353038036,0.24574703268259496,0.7254356114073849,0.5512459039442705,0.9412284905943296,0.9685084431065829,1.1400721119200978,1.4897332551275655,1.3102798794020811,2.103780595588329,1.4433384512472005,2.7937556783094735,1.5394082902315513,3.5409831829898146,1.5959145887695252,4.326594542119391,1.6070632075511995,5.129304971444636,1.57128214462341,5.925817401261993,1.490091324365989,6.693030058438328,1.3637311622179842,7.408387289513799,1.1923310151658613,8.049210432258421,0.9823859680523264,8.594271861094647,0.7425503630878116,9.026681476729406,0.4735835361137766,9.331957387872597,0.17759171804829366,9.495686389948744,-0.13364233174565887,9.507029724849492,-0.4511959073385677,9.361065035410242,-0.7753474584624801,9.054690088500458,-1.1010858227255576,8.585398060421763,-1.4162044164420755,7.955428054319236,-1.7164046243473183,7.171759950934639,-2.006188770314964,6.240624713210443,-2.269513673148473,5.16982918872927,-2.476296388165153,3.9808351982339323,-2.622148001455948,2.7034059431581356,-2.699729749555677,1.3710626354334616,-2.78517088220364,3.089705229803712e-05
22,1,-0.2622841550555555,1.7076861817222222,-0.2856800324819859,1.6573139345979822,5.030562150314395,4.798596120955985,1.9692588324210336,6.832217591453881,1.0990917791826899e-05,2.4224404591515436e-05,0.03293825628072267,0.012295449561855463,0.029234746562911123,0.026490262453569606,0.08282586915902944,0.0522802756978343,0.1528002572573208,0.11177081334231671,0.20483061318583237,0.20183901986464473,0.2465947580387503,0.3149522459522692,0.28190468127332546,0.4474037117767701,0.3072164638859487,0.5951713350158181,0.3214036751343153,0.7527304354651111,0.3278432195567381,0.9153151114652196,0.32485531917122257,1.0790676201489822,0.3035359181147142,1.2370295219660807,0.266448603840925,1.379912341172166,0.22393140700641093,1.5026550420311833,0.18052626532654734,1.603610334546049,0.1439356865436155,1.6844999980951607,0.10100790222525959,1.7464850231112208,0.03841287098169342,1.782062036736202,-0.03618539560167654,1.7829479463030737,-0.1173518784274189,1.7447873308954434,-0.20178974178698278,1.6650418080571612,-0.2856800324819859,1.5431121075990768,-0.3671348807879178,1.379731882036111,-0.43877228825074793,1.1775607978137408,-0.4865627915328091,0.9449804240410862,-0.5021683153718287,0.6963951236642616,-0.48024342494081246,0.44896296423169446,-0.40078267274960044,0.2256831853268918,-0.23874908108767917,0.06214952137177441,0.00030757858266495207,-3.2385534305541924e-05,0.27919376326125084,0.06910813048186457,0.5570278705959245,0.27886871578904626,0.812220431511045,0.6222117710698144,1.0454463361065738,1.08744587200533,1.2564019080910234,1.6640391873355835,1.432760370698252,2.3380491111239525,1.5660065879726928,3.089540898948217,1.6573139345979822,3.897098399837051,1.7047825628392153,4.739574969590164,1.7029959893635656,5.59363537618104,1.6511547675994878,6.43420881793751,1.5517239967096967,7.236871459942834,1.4056610961987985,7.9781685326443705,1.2137106763608265,8.634837891349186,0.9833177090708806,9.18544972206114,0.7240216951471475,9.613410542416695,0.43679724693517713,9.904806449669195,0.12399792867037206,10.045867207533584,-0.20190426697240202,10.026644047462984,-0.5316412707165319,9.843402199312422,-0.8656992222769982,9.494236223827192,-1.199025197981781,8.977768037812972,-1.519131740220954,8.297471173568287,-1.8218813430594187,7.461612004261909,-2.1122743418489747,6.4775089625131335,-2.373976132278066,5.353963858287136,-2.576315495392417,4.113738227698675,-2.7153476308841453,2.7879081797781424,-2.784075065152173,1.4111345641142914,-2.8611741319327786,3.174018647781543e-05
23,1,-0.3068887537291667,1.751308311201389,-0.33131818199209845,1.7275897749935953,5.045769931927621,4.774649005612395,2.3041551584533826,7.006743733080014,1.2079866596078767e-05,2.4400987673787784e-05,0.034316954178815966,0.012632458617146836,0.03151544895623231,0.02770708481614438,0.08971117195331564,0.05556491577953328,0.1679430624464967,0.12049652524981823,0.22865912081280235,0.22031728575078316,0.27881449069692554,0.34745837768715027,0.32177633752546203,0.49798269339825724,0.35301010747059736,0.6672581761036507,0.37079871721851954,0.8487102351316432,0.37873853690627457,1.036449506177536,0.3749240778185703,1.2255635277588186,0.34932946535111753,1.4076457438284447,0.3050544511741985,1.5717068074859537,0.25416231017690066,1.7116905844922994,0.20212688203704007,1.825581882777846,0.15793453697727192,1.9153330808681261,0.10682771814040909,1.9823574674540279,0.03395559946250916,2.018342792624858,-0.051708493031698874,2.014238982487076,-0.14380246841002853,1.9655690833018913,-0.23846049907289452,1.8699995796854565,-0.33131818199209845,1.7274351389390155,-0.42025674808415736,1.5392950027715615,-0.4971264712526516,1.3091325966961065,-0.5465988425788455,1.0467877843420341,-0.5599087493241476,0.7685978426730116,-0.5317522226840176,0.4936763035504363,-0.44090695074013525,0.2472333243879871,-0.26107656055685824,0.06782870262771429,0.00033468773871997437,-3.5211960837743664e-05,0.30185832095965154,0.07485728969032976,0.5988877888683259,0.30094262655072734,0.8684332726395939,0.6690007296055387,1.111784755676901,1.1650299049145367,1.3291821285718954,1.77655842252561,1.5081009291925314,2.48776305456549,1.6402405051215279,3.2767851474776384,1.7275897749935953,4.120573640409605,1.768791887902514,4.9967118761294875,1.7587374241032867,5.880784700029824,1.697125072693928,6.746836337036066,1.586970969474746,7.569833633431587,1.4296038444839603,8.325946932660338,1.2260507095834157,8.991691573125994,0.9842253028153555,9.545596480249106,0.714094945264559,9.971274638763562,0.41666522957304936,10.25513089107454,0.0943514680547031,10.383712092825462,-0.2400235432992197,10.34749698563951,-0.5770247303412688,10.143331719134647,-0.9172934100524776,9.769879765402955,-1.2557614054869848,9.226280151002088,-1.5797517962712566,8.51659002049307,-1.8851974149022503,7.649703956098071,-2.1773819721593117,6.633458829050044,-2.439726499919248,5.477136784146254,-2.641074889553536,4.204217416685227,-2.7776652764178267,2.8465570873888364,-2.842609852139249,1.4395404251012787,-2.91630911390944,3.235182101717678e-05
24,1,-0.31041459513888886,1.7611046540972222,-0.3349282398330987,1.7438855479894513,5.008818840117077,4.791236537414121,2.3306275709265667,7.045937553924383,1.02412442861321e-05,1.7175884115614297e-05,0.026199488451710343,0.009330613925703248,0.026060229612733778,0.02137034079146779,0.0752280182199447,0.0445577390104174,0.14607548811873208,0.10006383484704119,0.20696906172014237,0.18874965465651694,0.2613677810179348,0.30599600290178003,0.3106629465660102,0.44931101129363027,0.3494829812279792,0.614894125533542,0.3750021722490123,0.7965356610857,0.38973442113207596,0.9881274713171507,0.3914066796406991,1.184165497498029,0.3698761309324061,1.3755728736929056,0.3277777313567951,1.5505375055753658,0.27711566034872115,1.7020137385324028,0.22378539995731872,1.827111192878374,0.17732892447939375,1.9271540418718545,0.12333971599007881,2.0031816253061274,0.046919776294750706,2.0465623397580117,-0.04278043652461933,2.047945853496124,-0.13913631248093583,2.0026792524448624,-0.23804755803345343,1.9083739604550307,-0.3349282398330987,1.7649973820950413,-0.42751943296795064,1.574120407395423,-0.5074317947795431,1.3395325529963096,-0.5589482035253577,1.071475636482815,-0.5730894146641667,0.7868516949917781,-0.544460827153052,0.5053982675916762,-0.4514204668164536,0.2530647068525078,-0.2672063054427771,0.06940799388499774,0.0003423670019813812,-3.6016018824023424e-05,0.3084729120489351,0.07652224607763165,0.6112949708902369,0.30741679084978474,0.8851684257433909,0.6828246241095649,1.131367883880607,1.1879927653962616,1.3501580976020522,1.8097242333590862,1.5288953519292199,2.5314379630126504,1.659366670385158,3.330495999869509,1.7438855479894513,4.183181518464739,1.7813916806000636,5.066574360034314,1.7670542411988122,5.955894011031049,1.7009155235558793,6.8249751512300705,1.5863274431596648,7.648749266839957,1.4248807657074056,8.403501635056806,1.2178050320177478,9.065977084353749,0.9731779304906255,9.615026189697595,0.701042260155482,10.034646116294658,0.4023843174286417,10.31163750791467,0.07957123269758849,10.432924288228838,-0.25465061537614203,10.389332417174577,-0.5909659374555811,10.17800564195105,-0.9301441983111328,9.797841351282129,-1.2672376496933568,9.248150664604879,-1.5896888010139574,8.533102702289932,-1.8935312863022267,7.6616479169431,-2.184121261556181,6.641636224576528,-2.444947498053381,5.482328656209559,-2.6448989910186356,4.20715316874108,-2.780205955642899,2.847905945898149,-2.8439503648198188,1.439921407442799,-2.9165026042299105,3.235396734743416e-05
25,1,-0.33575680108333333,1.7632573528541666,-0.3300285248612828,1.72579128778458,5.007333523487402,4.772773005896405,2.5208996934593197,7.054550205636224,1.0083383716513626e-05,1.7582932082547807e-05,0.026377928493555438,0.009454853122260177,0.025900431536242368,0.021483838138660186,0.07467934056612614,0.044519745809852726,0.14439801074345454,0.09949603012152482,0.20381138603291285,0.18697744081441492,0.2567434709325203,0.3022737169842011,0.3047760848993817,0.4429481274084688,0.34274615090666244,0.6053542697795524,0.3679446976544698,0.7835254341466645,0.38282634524824755,0.9716082446948618,0.38509720697082195,1.1643206948975278,0.36472498565550165,1.3528396376983065,0.32416029201966573,1.5256056210432616,0.27503808815523184,1.6756619869683789,0.22305935322749595,1.8000717647915199,0.17757474090928507,1.9000088872243472,0.12444492951820768,1.9763699407191397,0.04899140439542344,2.020543248567319,-0.03980273444330809,2.0231944591831903,-0.13538574895320582,1.9796154265239474,-0.23365996802051328,1.8873504859326706,-0.3300285248612828,1.7462999682011375,-0.4221867549087587,1.5579839532166917,-0.5017708790976078,1.3261509372588498,-0.5531638266445258,1.0609654329616784,-0.5674252068098514,0.7792136895970474,-0.5391967575041752,0.5005069544667403,-0.4470690523881687,0.25060615221020605,-0.264601731975645,0.06872706828189899,0.0003389709803928359,-3.5657548237615286e-05,0.3053219591368074,0.0757474303422964,0.6048859507838248,0.304248602547093,0.875683408987119,0.6756726329616165,1.1190696388244643,1.175383126069184,1.3354092292266537,1.790333397118031,1.5122878217440487,2.504178683172452,1.6416452410426305,3.2946228673572038,1.72579128778458,4.1383241772683625,1.7636539966459779,5.012728489285001,1.7503872443633957,5.893418601542277,1.6859339425649247,6.754565009576914,1.5734989329188147,7.571370069866626,1.4145431022572004,8.320319150937136,1.2101798910356847,8.978297445746872,0.9683383478162463,9.524230658682376,0.6989367526993283,9.942117542575279,0.4029399207088923,10.21872428861041,0.08270571728052555,10.340938028402944,-0.2490765867747426,10.299530149098908,-0.5831038408297207,10.09156760449159,-0.9200841138232831,9.715886492005968,-1.2550470681475832,9.171761864892432,-1.5754672663040714,8.463321522910206,-1.8773654766050796,7.599465704152181,-2.1660340436974983,6.5880180600691025,-2.42505995510519,5.438214815421873,-2.623566491389796,4.173361250461897,-2.7578571103065475,2.8250554394311385,-2.8211263803265982,1.4283800868130956,-2.89315837773259,3.20950002145564e-05
26,1,-0.31424548188194446,1.7035439469861111,-0.32364157675881183,1.7171477205609995,5.019668444160651,4.76875116497863,2.359390297951266,6.815645079867796,1.0681057048593918e-05,1.9607976316344712e-05,0.028732649743266565,0.01039872662164561,0.02753366800065896,0.02332389185409966,0.07900028505148085,0.0477536061987198,0.1509442263163504,0.10554843532398041,0.21020211309617495,0.19634626950756526,0.261503915352418,0.3144756961431301,0.3069772673620486,0.4569238438775566,0.34174455283457317,0.619648802814395,0.3635441624404969,0.7964666735972549,0.37529870698981227,0.9815490790473821,0.37498679637445115,1.1698249066590918,0.35284572381486157,1.3528051015362093,0.31160715044739196,1.5194156356558657,0.2628677238526481,1.6632509386688137,0.21209457744996246,1.7818501982123076,0.16826153899036636,1.8767046058826786,0.11720998501812738,1.948904884223487,0.044403231621780774,1.9901023614679643,-0.04144591298834837,1.9911902949212164,-0.1340694042686337,1.947533570280626,-0.22959977126445844,1.8566266885697833,-0.32364157675881183,1.718207997344171,-0.41399814976583194,1.533560013081162,-0.4924616049489523,1.306134501307233,-0.5435986173693999,1.0457050883774877,-0.558437715624311,0.7686227017358107,-0.531476086088858,0.49412061248958045,-0.44132579589703635,0.24761752402369683,-0.2615517854751387,0.06796206295911655,0.00033539347040296703,-3.5286268854476165e-05,0.3024222455075599,0.07500619273231429,0.5996004151832365,0.3014358792142167,0.868606471942884,0.6697461960661111,1.1106869454124901,1.1655739475364408,1.326152973103392,1.7760952852098197,1.5026760619406299,2.4851998788011755,1.6322511740989818,3.270869241600144,1.7171477205609995,4.110039870514071,1.7562690290459566,4.980415872264647,1.744753364470309,5.857831894435312,1.6824598075888184,6.716686904430859,1.5724603377036066,7.532355158344369,1.416081483954043,8.281426028069827,1.214294237837237,8.94082108348756,0.9748410548375532,9.489420568007489,0.7074679081948737,9.911083289769618,0.4130477277271572,10.192370069873592,0.09385624445317838,10.319922746480025,-0.23750853439742683,10.284221774814048,-0.5717651454731494,10.082012158175242,-0.9095801845550756,9.711815994716538,-1.2459393641243997,9.172616625482373,-1.5682492096172558,8.468276191922014,-1.8724202385043798,7.607474708175883,-2.163635623405024,6.597872336726655,-2.425361734973543,5.448596050309607,-2.626530788574906,4.182920360304101,-2.7632691183800437,2.832507728191633,-2.828609039586342,1.432593042640232,-2.9024910138503666,3.2198531184685836e-05
27,1,-0.317198505993007,1.6764221308321678,-0.3261979408335685,1.7070758006907467,4.988147774393727,4.77888308368717,2.381561933945939,6.707134422920118,1.036381795261367e-05,1.6986435663218866e-05,0.026151668306373842,0.009281820933691082,0.026153331518063514,0.02134113913015786,0.07543977699293372,0.04459855154813198,0.14644213158679012,0.10025568582887999,0.20714556193965586,0.18909797100479486,0.2607867078328408,0.30626910266540397,0.3086855150978659,0.44897109795106815,0.3455267316330135,0.6130918380932348,0.3686782657638466,0.7921745009807964,0.38089307703261827,0.9799762793665698,0.38017920584979537,1.1709836218953995,0.35682785500069447,1.3562891022283943,0.3137756559967595,1.5244544764480752,0.26300531260093873,1.6688681033917072,0.2103130395219134,1.7870450699599865,0.16492945322124758,1.8806038572257602,0.11269951348220467,1.9508291054829707,0.03912570943533528,1.9895587961052983,-0.04692246481600773,1.9879325599879731,-0.1391249738946589,1.9416171715790005,-0.2336483298291288,1.848411472875193,-0.3261979408335685,1.7083240891044156,-0.4147185684193734,1.522845996052064,-0.4912042936825589,1.295554585732637,-0.5405309903240633,1.0362204043683532,-0.5540283655124837,0.7610316596904149,-0.5264252904128366,0.48892933303475333,-0.43666608816110525,0.24490564448412744,-0.2586421640235487,0.06720057997710134,0.0003316136904052602,-3.4888872195785514e-05,0.29908292324045527,0.0741705408205279,0.5932754374762984,0.2981576812116567,0.8600323296119929,0.6627108390215863,1.1005924349688139,1.1538431832657825,1.3151980173192288,1.7590748158209928,1.4915129528950282,2.4626235193288544,1.6214401899066935,3.2427796224935697,1.7070758006907467,4.07671654176033,1.7472060079358323,4.942298972437934,1.7369067710767014,5.815480209439809,1.6759747870912998,6.670747515704539,1.5674341941034393,7.483534436670738,1.412600122968902,8.230474693890297,1.2124477349496914,8.888534254124728,0.9746907813136819,9.436633085110582,0.7090336517913249,9.85864914407486,0.4163451316816783,10.141151086659802,0.09887420526689317,10.270784640635986,-0.23087396541168514,10.238003330965682,-0.5637006686263377,10.039477145595313,-0.9003121781618111,9.673624564543752,-1.235765021613007,9.139300293846713,-1.5575620312309044,8.440193148841416,-1.8616563522505525,7.584772508405665,-2.153229405244037,6.580481277799875,-2.4158057102815547,5.436218006157924,-2.6183539245380985,4.174995902869586,-2.7568955120121084,2.8282363490227556,-2.8243280295873014,1.430992335164745,-2.900384276345936,3.217516055545256e-05
28,1,-0.35556019303472225,1.6840630794375,-0.31998095610076044,1.6882468027336377,5.009704185158319,4.791275178431582,2.6695857797534304,6.737704807593547,9.809910350747605e-06,1.5491548472074918e-05,0.024284390535981498,0.008557046685876537,0.024712447743502772,0.019866906543639994,0.07150080681060025,0.041876033126045334,0.1398006509195505,0.09482949593013329,0.19926128480434405,0.17998977215358652,0.2525012610801443,0.29309530594521305,0.300486477840399,0.43165680496426145,0.33787728915762116,0.5917971569337819,0.36190460863159235,0.7672662319714366,0.37505069620545484,0.9519156355491668,0.3752886647554935,1.1402343008265208,0.3531159074013692,1.3233785938776406,0.31131379455038233,1.4900062805276897,0.26156972823124774,1.6334556538093479,0.209635765565905,1.7511187253037168,0.16465237369327224,1.844449682527061,0.11289642404209999,1.9146388645624293,0.040219965927149166,1.953676140914404,-0.044684758818364555,1.9528762686807584,-0.1356067313929877,1.9079950074896772,-0.2287763643187971,1.8168858422330811,-0.31998095610076044,1.6795719921635412,-0.4072128177599243,1.497528722595261,-0.4826233341577144,1.2742735154792837,-0.5313510638773019,1.0194036249441831,-0.5448490170785939,0.7488299452387301,-0.5178996820043205,0.48118481564590426,-0.4297422455973821,0.24107227151517752,-0.2546166153321442,0.06616031765236059,0.0003265205530670381,-3.435405888797393e-05,0.29455794229966215,0.07304354860814476,0.5844260142002891,0.2936675599172246,0.8474472423855872,0.652834834902773,1.084919303456,1.136875573587372,1.2971664113577974,1.7336459025989261,1.4721060593071922,2.4277889760671565,1.6017868577597056,3.1981333928122626,1.6882468027336377,4.02240689705149,1.7302094298700306,4.878991712866427,1.7226819516263878,5.744331350470186,1.6652778397591816,6.593341837154187,1.5607700344888222,7.401772647679019,1.4102342738214249,8.146449029825428,1.2144108610883413,8.804412097112568,0.9807351793264688,9.354529079593375,0.7186724367151315,9.780489322938926,0.42897640495118555,10.06858553071357,0.11380186017766965,10.205140274232045,-0.21445173230753675,10.180231176711409,-0.5466014078638172,9.99011820447802,-0.8832849401848065,9.632826978381607,-1.219495169684948,9.106854306139946,-1.542659407560344,8.415563417233184,-1.8486044241018158,7.5671484918738185,-2.1423742706520223,6.568846084516696,-2.4073892776095818,5.429408651870291,-2.6124954370495406,4.171757086568179,-2.7535727470496982,2.8272894490670013,-2.8234086539464984,1.4310987066501906,-2.9017016657124826,3.218977516068901e-05
29,1,-0.32000745111458334,1.7035169005208333,-0.31310626570024386,1.7164055901291966,4.970835411086971,4.786334398325642,2.402651808739476,6.815536870679342,8.36713562053824e-06,1.1408080871499903e-05,0.019235785214645598,0.006590931713136638,0.020796728379141476,0.015872017583592243,0.06080911952804578,0.034488304736051696,0.12195996645539847,0.08013772171011584,0.1785916681365905,0.15551560746202395,0.2317792601294563,0.25818692694422,0.28162891658583855,0.38677597713851425,0.32267851849952284,0.5383335591060096,0.35162837221805604,0.7073996897010323,0.37011381278414834,0.8882416196661561,0.3757614458553112,1.0754398695191578,0.3590174418066264,1.260186359214161,0.3219360310349378,1.4309945733669671,0.27556326690846233,1.5806558902054646,0.22561784050695946,1.7058711119437937,0.18134955553277038,1.8074154897107442,0.12953773164643004,1.8859636686778938,0.05615684355152217,1.9331763965584052,-0.030215106705756903,1.9400090613684737,-0.12326512850397817,1.9018545275677576,-0.21903710768096585,1.816280979123417,-0.31310626570024386,1.6831272473609233,-0.40327023637230497,1.5037872416394187,-0.48146996684653237,1.2817946649663468,-0.5325785516807818,1.026884051916553,-0.5478508875501276,0.755225326494377,-0.5219438976695361,0.48578437876525016,-0.4338285622973361,0.24358919062906922,-0.2573758184303959,0.06690377845507892,0.00033038548484919594,-3.476608113251761e-05,0.2984125357401102,0.07397322763359987,0.5926769866230606,0.29761215098014066,0.860192654589386,0.6620300070075841,1.1020595124435253,1.1535491014978365,1.3183935353949072,1.7599315034510725,1.496710397335601,2.4655707855287536,1.628733902100596,3.2488492536871774,1.7164055901291966,4.08694741773774,1.7583699582496306,4.957664836108727,1.7495558735166228,5.836816641874307,1.6896467006507503,6.6986851479165574,1.581597601118659,7.51845415174943,1.4266724632743193,8.272478589128497,1.2258147264383719,8.937423465497545,0.9867790485263057,9.491908053928475,0.7193546325874265,9.919545689849926,0.42444210435273333,10.206670823894484,0.10433891800252915,10.33970939804736,-0.22830693446159062,10.308943702534501,-0.5641756590377461,10.110945591079318,-0.9039407348978163,9.744070971697079,-1.2425815893789374,9.207133959995518,-1.5674629216679463,8.50384082088804,-1.874481121092213,7.6427327868474535,-2.1688471566878422,6.631324785235725,-2.433934781984268,5.4786062443746495,-2.638454456030813,4.207803072701641,-2.7784132474107404,2.8506139965891624,-2.8466738602545076,1.4423884330394965,-2.9236277881468715,3.2433010465777095e-05
30,1,-0.3012205112847222,1.725286326451389,-0.32769175869988354,1.7183805232509568,5.000742212810367,4.788961898751412,2.2615973588956404,6.9026333503431845,1.0430860231711227e-05,1.7036708944333974e-05,0.02627670734780483,0.009319119121853495,0.026330518423490087,0.021449760523004645,0.07596690148558498,0.044867097049483905,0.14754699983513409,0.10092996003055647,0.20879817986555263,0.1904648789906005,0.26289748665295615,0.30858122302055574,0.31111364151965093,0.45242558183964904,0.34804513645084917,0.6177939872929744,0.37101349937965006,0.7981013083164926,0.38279702068919613,0.9869723906411761,0.3814185821855459,1.1787759089843022,0.3571520085752703,1.3644818417132403,0.3130495295135277,1.532547854113783,0.26128216374883634,1.6763443769727733,0.20776393982199276,1.7934434665078027,0.16181963339179845,1.8855766591395873,0.10923522437343125,1.9541514993455869,0.03550195857602454,1.9910991197978567,-0.05042687849426503,1.987678242245508,-0.14221070367237096,1.9397031738927466,-0.23604334077385744,1.8451169737033815,-0.32769175869988354,1.704050280504167,-0.4151855570508054,1.5180787228580317,-0.4906293832425873,1.290816642733718,-0.539056232273066,1.0320043258514517,-0.5519461359423943,0.7577193602675381,-0.5241304094961161,0.48672982814734495,-0.4346642244842436,0.24380380110060806,-0.2574869485393232,0.06690877254951218,0.0003302522529769687,-3.4748599262671034e-05,0.2981062813803,0.07390797238771812,0.5919452998180044,0.2972863696795101,0.8591648190678437,0.661255329719266,1.1010006356655924,1.1522400584433181,1.3176302383642573,1.758152605000992,1.4965844337251872,2.463555746753271,1.629546778966948,3.246994859928964,1.7183805232509568,4.08578250010618,1.7616396611046583,4.957807553206944,1.7541538795468397,5.838927023102512,1.695506684337583,6.70341474463985,1.5885643122296482,7.526398577524331,1.4345129987338157,8.28413603439615,1.2342294387726873,8.953158339992251,0.9954266263139057,9.511923150343232,0.7278763474141511,9.943868429741919,0.43245717659575117,10.23514414055273,0.1114534220944964,10.371981271428815,-0.22246001967054035,10.344470299535367,-0.5599287077880354,10.149009217008286,-0.9016169024598485,9.783790502775743,-1.2424724229498734,9.247472519867372,-1.5697867615185441,8.54363327068129,-1.879405078183216,7.68072005676355,-2.1765292391038313,6.666166284975668,-2.44441427132886,5.508903792103912,-2.6515401399213228,4.232198492753392,-2.7938005800350494,2.8678749026400814,-2.8639200658910253,1.4514767643231485,-2.942730596690597,3.264492597352219e-05
31,1,-0.3152620701944444,1.8036754719305554,-0.33710311075928,1.774111892589018,4.966438726938682,4.784959785626395,2.3670229569386247,7.216257542219978,8.676922896388182e-06,9.109657103663816e-06,0.01762549925681182,0.005754256034935206,0.020747663065982636,0.014715973869435479,0.06118310282901836,0.03335425302712993,0.12573839975140816,0.07990002844469818,0.18807628217436048,0.15854252513875802,0.247556762359401,0.2675263720112289,0.3033619936194276,0.40552480531664165,0.3491764665348578,0.5692061668796086,0.38112567397322833,0.7523480054528479,0.4008598596112102,0.9483200578521288,0.4059556775198165,1.1508387751971643,0.38635908808383895,1.3500687967655651,0.3445659506031862,1.5334193947360715,0.292786706787526,1.6930590729535273,0.23743255857408846,1.825513095258444,0.18856588196463683,1.9317832464959723,0.13208633523739546,2.012809423524296,0.05311897216609737,2.059927262601644,-0.03905425135541497,2.063785501591198,-0.13767379135144023,2.0198055910934563,-0.23856353742699762,1.9257238135302468,-0.33710311075928,1.781661498638169,-0.4310600833855321,1.5893439709756119,-0.5120336990475394,1.3527062180684033,-0.5642280567655964,1.082161671912172,-0.578642759346871,0.7948131471803945,-0.549870327238063,0.5105990754551408,-0.45604216127592295,0.25572291747413506,-0.2700432110355234,0.07015528019782555,0.00034613603936413005,-3.641507002654615e-05,0.31206030871992696,0.07739767196668894,0.6187904826337627,0.31105686083136,0.8966462396405638,0.69120617166872,1.1469011901022625,1.203123114313916,1.3697914300283887,1.8336479455528525,1.5524532025574176,2.5661721367996653,1.6864775845266349,3.3779146262849813,1.774111892589018,4.244954163687854,1.8141783070721142,5.144127305803288,1.8016617124543401,6.05032952755834,1.7364836310313632,6.936991870733605,1.621927812506597,7.77859836438102,1.459493107557652,8.550948818294813,1.2503140915985096,9.230251776675255,1.0025024613477942,9.794801651417,0.726196576679772,10.228082313703574,0.42233434624904326,10.516394742028188,0.09326899544479246,10.646134162785849,-0.2480419660271341,10.60764816489046,-0.5921014401425406,10.397716560094391,-0.9396838834210681,10.014910580702034,-1.2857173656332022,9.458231137890058,-1.6173266304853733,8.731656954959735,-1.9303884315010467,7.844082335384598,-2.230314667852029,6.803310513350133,-2.5001259075596542,5.618623851758325,-2.70782142538583,4.313863431323412,-2.849363515675415,2.9215226780532957,-2.917479998989555,1.4778119385843531,-2.994540466629927,3.321967387989402e-05
32,1,-0.3614348272569445,1.8178309342430556,-0.35104330748647833,1.8383945463535212,4.943228711764229,4.750317972216072,2.71369319191069,7.272891600433818,6.958376632860391e-06,3.913786941852975e-06,0.011391290581886919,0.0032897535748900746,0.016235202193528978,0.00982637296471119,0.049190458877040544,0.024608493969570676,0.107110377281384,0.06323805164348209,0.16908971741541773,0.1322550845568729,0.23226638292277185,0.23254158924521787,0.2944742940189518,0.3643943698873147,0.34877224701410214,0.5256843953367107,0.3901847950792979,0.7109779141858007,0.41910045938494256,0.913806301226531,0.43236312760082696,1.1275397932803974,0.41924309089041045,1.341684068697903,0.3812975282932649,1.5425605270301523,0.33049959731102063,1.7209255948386293,0.2736496868906003,1.8719503092734968,0.22163684115286916,1.9955969835913951,0.16046488650502705,2.0920650815593387,0.07479297211174628,2.1517754934718685,-0.025599710902481226,2.164463393394845,-0.13330058591577823,2.1249648872906906,-0.24352867095850314,2.030731549602731,-0.35104330748647833,1.881918138287174,-0.4531852280912482,1.680541364167872,-0.5408549284520989,1.4310828693395705,-0.5972219586029646,1.144962483430031,-0.6127956619953902,0.8407013072923891,-0.5820465617847699,0.539763569391366,-0.48219128784704834,0.27010765828182254,-0.2851070687769454,0.07402780909091074,0.0003649241914230081,-3.838229766656299e-05,0.3283273158733268,0.08148160766207349,0.64980552114047,0.3270630310074269,0.9397006575774453,0.7258444946558902,1.1994778036994296,1.2617652857131127,1.4295252114308423,1.920473373107295,1.61653792205,2.684078042997697,1.7519543181068506,3.5283277714441827,1.8383945463535212,4.427907474787948,1.874902985658265,5.358430171678363,1.8565466058735265,6.29362535658874,1.7835675154948494,7.205851977550519,1.6597057562168702,8.068727957048843,1.4868295296682168,8.857397981603697,1.2664167688210748,9.547584090546483,1.0071445848586134,10.117315444544518,0.7197079606601787,10.55011474163533,0.4052225419077234,10.832504185730215,0.06623715474248683,10.951169820529023,-0.28383487533747076,10.896920427496948,-0.6352494609590853,10.667196184786778,-0.9888747469798359,10.261252214915901,-1.3395962212812407,9.678744647040142,-1.6743652411689731,8.924376338646326,-1.989158760698188,8.007797032178381,-2.289694592026597,6.937443306790483,-2.5588377378121665,5.723169414752394,-2.764267551082192,4.389557240945417,-2.902234396631656,2.9698348693058105,-2.9656856364746504,1.5008334918745907,-3.038471080039997,3.370701366298352e-05
33,1,-0.3573329055208333,1.8380143245000002,-0.34063994097582795,1.8343167527936715,4.963423396189609,4.7754908147478465,2.682895503781089,7.353642569461162,7.11146931034784e-06,6.0816430099898435e-06,0.013388736501763032,0.004184342195130729,0.017108786507226383,0.01133968000223608,0.05127142179669862,0.026838963619996048,0.10877286053283503,0.0665218092221379,0.16812187419455848,0.1357725507271219,0.22782375958754475,0.23472186988377922,0.28647899892665907,0.36345687273560245,0.33769356822079755,0.5199479524376811,0.3769321779737653,0.6991153162967962,0.4047308515310532,0.8949941208874969,0.41798122486587097,1.1014901207332406,0.4061279908183369,1.3087057885849345,0.37051751147208406,1.5035766588663337,0.3225563124388882,1.6772484205914864,0.26863463782428926,1.8250406187523647,0.219205576197109,1.9468412474999306,0.16053971878910978,2.0427116088266875,0.07755609596236376,2.103129760816752,-0.020306580803649416,2.117844743906567,-0.12584186524661373,2.0815510960426615,-0.23435274878670445,1.991496770671692,-0.34063994097582795,1.8475978989450639,-0.4420021116829221,1.6516359948529984,-0.5293841515895485,1.4078644359548096,-0.5860800004796622,1.12742398138063,-0.602575266175831,0.8285255770597778,-0.573269712523194,0.5323602492074039,-0.47555035266324147,0.2665938914218468,-0.2814912726912735,0.07311383944960519,0.00036060314273609636,-3.793293493860634e-05,0.3247964597194483,0.08057946346147626,0.6434625291530047,0.3236538781984061,0.9315241473274826,0.7187644684269616,1.190401138730106,1.2503348763069637,1.4204435785770666,1.9044652764437247,1.608374311612991,2.663720762259837,1.7455329262430401,3.5042942218583857,1.8343167527936715,4.40122886965254,1.8735462265334044,5.3303818476417275,1.8580493722134919,6.265613294469655,1.7878015766738973,7.179284865311475,1.6663021294976161,8.044888147388919,1.4952306766578745,8.837334054342646,1.2759301814835249,9.532029536431995,1.0170279376375198,10.106640586948778,0.7292624299736241,10.544327014987738,0.413820331458724,10.831278985334437,0.07336044241782778,10.953892983531432,-0.27851041226008566,10.90276445846522,-0.6318523005749773,10.675222882020208,-0.9873965027970063,10.270494626765785,-1.3398769992188178,9.688276089788403,-1.6760822997784295,8.933392308766228,-1.99190820165384,8.01567923941094,-2.2930592308715365,6.9437788707799495,-2.562334663452249,5.727767614348898,-2.767396784319514,4.392480635362602,-2.9046451525889716,2.9713618314117762,-2.9672059904083237,1.501375974290897,-3.039121322325918,3.371422695985728e-05
34,1,-0.37359308836111116,1.8445832572222223,-0.3357278585555787,1.821864029420775,4.975050855798021,4.784182610351794,2.8049787789534526,7.379923965997721,8.393129961687173e-06,9.541223390461925e-06,0.01770263722345294,0.005860376195126644,0.020411480387953644,0.014742073253936559,0.06017787528889546,0.03308245250964455,0.12328041639279949,0.07878023262295794,0.18415909377807746,0.15581569641782472,0.24262904038102923,0.2625652734055203,0.2980673483905517,0.3979775467467282,0.34430191613947236,0.5590827322340146,0.37742072302398527,0.7400523242011392,0.39885769245270974,0.9345801681222683,0.4060049689601207,1.1365986327700117,0.3886457782925768,1.3364107152956093,0.34893713671251564,1.5214399658303357,0.29880798868910524,1.6836984733408407,0.24458200089737203,1.8194674627249174,0.19635114935387396,1.9294896307581328,0.14005942435437796,2.0144758824223596,0.06072634871128573,2.065513491317714,-0.03237975525068141,2.0729644081840717,-0.13242475938813425,2.0319840819577992,-0.23512596026555424,1.9400871675372706,-0.3357278585555787,1.7972360239830487,-0.43188180157824374,1.6050597271462177,-0.5150021612234199,1.3674665723477584,-0.5690060916415097,1.0949658045841688,-0.5846867887603623,0.8048866685138991,-0.5564862530093991,0.5174731865063451,-0.46214053105505043,0.2593606928803386,-0.2739824399819701,0.07120738089116008,0.00035154719277925086,-3.699079494319053e-05,0.3174048182246771,0.07868872459660489,0.6302671903769929,0.3165320591594576,0.9146073232752476,0.7040302266761665,1.1715874232090706,1.226599913471653,1.4012793402837445,1.871173442736002,1.590325750629983,2.6210670745700635,1.7298467950994314,3.4531627567162544,1.821864029420775,4.343033262457534,1.8649321733662474,5.266897992814595,1.8537018200792794,6.1988753042075695,1.787935939597654,7.111489348702931,1.6709212827816173,7.9782846477264755,1.5041762452234744,8.774131156719296,1.2888990218650773,9.474321490314523,1.0335216255836208,10.056323410819987,0.7486024288537833,10.50299886417159,0.43523612930981714,10.800173569771262,0.09597572769989997,10.933834904894686,-0.2557122778366241,10.894104341676764,-0.6099545788973388,10.677781983429556,-0.9674851724490459,10.283551395706281,-1.3230446451390299,9.710564130188768,-1.663382125244393,8.96310542759559,-1.9842892782602934,8.050509456496266,-2.291374966471481,6.980968389635024,-2.5672554857729977,5.764168423294222,-2.7791807286802714,4.4247072600716395,-2.9231503290097183,2.996000245228451,-2.9918392003002645,1.5152055306916778,-3.0697883981586482,3.40544301312573e-05
35,1,-0.3476100688958333,1.8014455048333333,-0.3391845010163519,1.8444380438464534,4.947325265794226,4.76766099951724,2.6098953566852328,7.207335750503751,7.923457757950943e-06,6.8601473618673e-06,0.014896621793039844,0.004681898181739397,0.018709814896216547,0.01256695936464766,0.05567891354179456,0.029449064356710797,0.11683995634600894,0.07229134762371645,0.17833505931575822,0.14618204312817076,0.2386733122452064,0.25045464266844175,0.29656126126963683,0.3844831527867575,0.345553797961646,0.5455181946710935,0.3814026305190285,0.7278050331333795,0.4052366836323288,0.9249406087345667,0.41433808101550995,1.130656467942918,0.3983945856332254,1.335015426083143,0.359393550163483,1.5251270751469757,0.3092728122993344,1.6926426230160974,0.2544955936391345,1.833525217065273,0.2053774722626589,1.9482929421903856,0.14786384299388453,2.0375055915176143,0.06681519395650284,2.092036633377817,-0.028404669069228523,2.1020168301597857,-0.13082979964168812,2.0624379392965486,-0.23605468436556754,1.970710404371937,-0.3391845010163519,1.8267608985719435,-0.43776892613470614,1.6322419378016462,-0.5230218001121062,1.391152910960504,-0.5785277924758375,1.1142344265028552,-0.5948724050548536,0.8191918680842489,-0.5663820981659401,0.5267131997550855,-0.4704138776931675,0.2639912498535886,-0.27886869673716536,0.07247280385915439,0.00035775310402836154,-3.764228182314039e-05,0.3228817076328492,0.08005665144062739,0.6408431562740635,0.32194349347231643,0.9294292858885513,0.7158287051730622,1.1898103939265925,1.2466927327923898,1.4220751870505148,1.9010583345688774,1.6127033182146142,2.661789634006912,1.7527694351891672,3.5052510876213137,1.8444380438464534,4.406530051405076,1.8863619870062056,5.341428067931968,1.8732461361357262,6.283677770999198,1.8049817447747254,7.205461382033033,1.6850172751225625,8.08005799861636,1.5149924025291668,8.88214436794209,1.2962054653747037,9.586872235253232,1.037245801281136,10.171630948553936,0.7488171972845636,10.619286899020826,0.4320360388035283,10.915711552200902,0.08948016887881938,11.04694203898035,-0.2652718906559653,11.003185734225443,-0.6222904068986125,10.781378274558419,-0.9823563806013447,10.380336633943749,-1.3402042079536884,9.799329904995606,-1.6825140949527944,9.042784317214013,-2.005089197344065,8.120194692773568,-2.3136251922096425,7.0398823672043775,-2.5906355916420947,5.811655587090519,-2.80315320255136,4.46033336583143,-2.9471892618692204,3.019600108379276,-3.0153987140586347,1.526892092466253,-3.0929898815776875,3.4311813652528644e-05
36,1,-0.3766330716597222,1.8558315328333335,-0.3542918626480237,1.8551659586781823,4.964536524053994,4.777816435312923,2.827803314274445,7.424926769982614,8.027809522594122e-06,7.088926895069415e-06,0.015235892603519994,0.004802237070763714,0.019096748805370198,0.012853291369210942,0.056905046173950015,0.03009877053071466,0.11958697861998939,0.07391735046258092,0.1829288210257523,0.14963039569522407,0.24545058136399028,0.2567313930042958,0.3057860320282484,0.39475414034752493,0.35721001541354624,0.5610170899724088,0.3951847905060122,0.7496801477597957,0.4206962307944764,0.9541473494613524,0.4307886743768576,1.1678791047863617,0.4146642579155082,1.3804743572512657,0.3742732607065121,1.5784142494860285,0.32197294446438546,1.7528523407867853,0.26453652675637457,1.899428742916471,0.21276882032664057,2.0185530656767283,0.1522032469151388,2.1107334284336146,0.06725994616041985,2.166488171450219,-0.03220169567101576,2.175633774430971,-0.13881452264489,2.1331018472682763,-0.24789335578976548,2.0363981775579965,-0.3542918626480237,1.885684923009161,-0.4554415517302024,1.6829385068679414,-0.5422954455560336,1.4325638266383849,-0.5980565544053932,1.1458841680341265,-0.6132642630889694,0.8413074189226761,-0.5823758168349087,0.5401784529637775,-0.48252048549967846,0.2703608297178913,-0.2854049052844552,0.07411828979601517,0.0003654804068623596,-3.844441563562076e-05,0.3291074182008233,0.08165362897974271,0.6519321680127967,0.3279383947080908,0.9436976456982642,0.7282305336773914,1.2057927095597063,1.2667123823640807,1.43849090802591,1.9292305090885176,1.6282722899743445,2.6980105874521274,1.766343666847731,3.5487997483714313,1.8551659586781823,4.45618392156958,1.8936304930146985,5.3956027065072,1.8766420788145797,6.3405308443528305,1.804344828794855,7.263005246145731,1.6804440547229178,8.136290580911684,1.5067867186042734,8.935165847013044,1.2848470588585021,9.634979009298831,1.023388254670445,10.213403293041113,0.7332301893475557,10.653664989008872,0.41552064342332395,10.942030408936464,0.0728511331157464,11.06494061339205,-0.281208566256364,11.013010327639664,-0.6367998850194788,10.783562769880728,-0.9948022348627549,10.375757810393859,-1.3500558117237558,9.78915722443217,-1.6893793697002024,9.02841928631156,-2.008718986453249,8.10319794571067,-2.313878123581637,7.021911393121421,-2.587531039869155,5.794403454993233,-2.796944665742452,4.445423538844521,-2.938266645727993,3.0084924894332614,-3.004269071229296,1.5208157241204476,-3.079847987191926,3.416602499949809e-05
37,1,-0.36550779675,1.8942847326319443,-0.36688509240649864,1.898733086565633,4.9328796899422365,4.7825369403678675,2.7442735033545214,7.57877273472937,6.877378752655409e-06,2.9648122198378608e-06,0.010507659808329331,0.0028952403454395753,0.015874982324550424,0.009163047998992101,0.0484006776120933,0.02366108023306749,0.10684056574106532,0.061960867322294916,0.17069906392908019,0.13126761369870474,0.23662374967651656,0.23301664790325902,0.3021543560530136,0.3678605244169174,0.36002489584198877,0.5338817467847943,0.4048680363378825,0.7256721048407739,0.4367979638059892,0.9366173707942793,0.45235925145304956,1.1598146682112016,0.440256409753627,1.3842753751821653,0.4018510121344545,1.5955981080331167,0.3494671738826749,1.783885062885425,0.2902336898645316,1.9438179939752398,0.2356188341726757,2.075112869998379,0.17116498332744232,2.1778025880807554,0.08091815640454614,2.2417667480933736,-0.024833908940948505,2.2561975832700067,-0.13821742185130192,2.2156683735380494,-0.2540994873387731,2.1175533293472957,-0.36688509240649864,1.962116172601031,-0.47371019844213125,1.7516176698594754,-0.565033506284619,1.4909253339278123,-0.6233336000406147,1.192150179207225,-0.6388509493915567,0.8747657602288984,-0.6060246725496093,0.5612280654365095,-0.5014106904360683,0.280639126977996,-0.2961158949074287,0.07685793716463689,0.0003786702768752108,-3.9822738654091274e-05,0.34035103342105616,0.08448892993241497,0.6731130964948839,0.3389585307728418,0.9728115132580076,0.7519063504826436,1.2410976743685191,1.3065569801621095,1.4784601762413305,1.9879601440700723,1.6711616154379503,2.777532385784567,1.8103476231261577,3.650115428513438,1.898733086565633,4.579452447309013,1.9353234991591715,5.5402468834056755,1.9150085222428197,6.505249136798998,1.8380616937146088,7.44579481885777,1.708410271720835,8.33454267133339,1.5280699357812488,9.145766441951931,1.2986802412927505,9.854385103187507,1.0293613665992294,10.43776829735411,0.7313226779598526,10.879042892900358,0.4058446835168191,11.164506254547911,0.05568686762808398,11.280687408225877,-0.305183874361309,11.21843581246271,-0.6666525476359259,10.975491860858432,-1.0296035195556474,10.551484361138789,-1.3887711811979415,9.94645660614149,-1.730765530456494,9.165639267745895,-2.05155254961365,8.219316547222386,-2.3571296496062555,7.1164668422259245,-2.6300183906156462,5.8674662240851445,-2.8372565796960423,4.497732177710717,-2.9752802945731194,3.041426576934392,-3.037131767992712,1.5362647914821572,-3.1088116017303618,3.448732977129418e-05
38,1,-0.3598941982222222,1.8976205868680556,-0.3325046175978557,1.9155655241228668,4.949590787188491,4.759131219616036,2.702125976447489,7.592119028819248,4.853489388201001e-06,8.914169466517771e-07,0.006541044098284674,0.0015890002718057976,0.011427972620402465,0.005888186912783862,0.03574589918454142,0.01647026440847179,0.08236956138795341,0.045442591977536445,0.13697907732996806,0.10007460262670868,0.19631587533057623,0.1832165633237963,0.2579049244754118,0.29679552191932096,0.3152028074425621,0.4403988883132282,0.36282473083196765,0.6103504453573092,0.39993254613578066,0.8014866599301546,0.4227460081684552,1.0079656734874383,0.42041557979123273,1.219964889061032,0.3930222190118182,1.4241201599094857,0.3509366802316647,1.6106149374707919,0.3004545323978089,1.7735587779291921,0.2522518656764362,1.9116540001861986,0.1932152761671866,2.024016239820207,0.10822820168418591,2.100345496181645,0.006610221548628941,2.1295271315559337,-0.10419418786723658,2.1054308796016574,-0.21911585407109394,2.024635881471291,-0.3325046175978557,1.8866000670157255,-0.44125164189961325,1.6928623383029755,-0.5357343088985143,1.4476621536696237,-0.5983938304283077,1.1624911407772989,-0.6190516321253499,0.856311550530987,-0.5916312529793614,0.5513264814022527,-0.4924561483401138,0.2765720206358465,-0.29225371198817396,0.07596483914130889,0.00037506191548524316,-3.9464145192277635e-05,0.3384760160311076,0.08392874844482309,0.671473692136055,0.33743840460348784,0.9730639158955185,0.7499835036336923,1.2442985385103698,1.3054643721829529,1.4851885353332523,1.9893344140598022,1.681578271762466,2.783194905586696,1.8242243113448573,3.6618675375478813,1.9155655241228668,4.598907129257263,1.954417980099625,5.568715649095145,1.9355273350546094,6.543658173314204,1.8591044790639464,7.494631879452785,1.7290903591271254,8.393846588444182,1.5475426068175975,9.215142755948182,1.3161630672771378,9.933030820460385,1.0442050352322574,10.524518949717306,0.7430394031086516,10.972451640429808,0.4140296069206848,11.262906140269976,0.060019355466338825,11.382226966544899,-0.3048559102256616,11.321143093124373,-0.6703506632688997,11.077356603370845,-1.0373227355341732,10.65049398405308,-1.4004386696546451,10.040613753476249,-1.7461753994601685,9.253016285524415,-2.0704508992831236,8.298106992335155,-2.3793098477439787,7.18497858612536,-2.655111290163442,5.924136352991562,-2.864576134404097,4.541268449539656,-3.004083038152205,3.0708980700479698,-3.066582147571822,1.5511482376835681,-3.1388848685133195,3.4820944912488154e-05
39,1,-0.3495693117986111,1.924501913298611,-0.37146145269586556,1.9422759752710517,4.953036805531266,4.763069482335764,2.6246055719871686,7.699667519453066,7.343165505422341e-06,5.394058769411384e-06,0.01310539235921828,0.0039748590883636956,0.017516281943261436,0.0111826233608218,0.05284746644195063,0.02710339985358862,0.11373452641304105,0.06833077722969538,0.1780775872477277,0.1412636890485274,0.24366332821378187,0.24663362188811405,0.30858945660828746,0.3848544281513032,0.3656806490679581,0.5539039987472699,0.40971509228745956,0.7483161161064205,0.441030953441214,0.961520781589878,0.4561428609428092,1.1867210393912113,0.44350063496129044,1.4129446776994583,0.40455037781830633,1.6257467965840764,0.3518238108131208,1.8152899251032766,0.2924329201414918,1.9763521660707077,0.23789193847378634,2.1087597658344666,0.1733234809545501,2.2125777766257984,0.0824172653217932,2.2774775612159037,-0.024406546753904267,2.2924043233404454,-0.13919527467315462,2.2517509981822053,-0.2567707192576498,2.1527338783273766,-0.37146145269586556,1.9954926837627216,-0.48035088224813194,1.7821944258780713,-0.5737016516327146,1.517665932871782,-0.633615708589031,1.2141285838518405,-0.6500582003207305,0.8913397647089596,-0.617246430203008,0.5721484024366164,-0.511141383321165,0.28624061851620497,-0.3020970536493913,0.07842914367593234,0.00038654872148864277,-4.065492566230042e-05,0.3476706332596967,0.08628953746079093,0.6879344461614672,0.3463062901873057,0.9946295716831413,0.7684401041091595,1.2693015321137733,1.3356212710196413,1.5123359092243935,2.0325810786654603,1.7096034323938276,2.8402870215252802,1.851997733043437,3.7329497228824815,1.9422759752710517,4.683638660623297,1.9794319515293999,5.666403426972407,1.9582741568047044,6.653308035181623,1.8791301122901172,7.614990752459312,1.7460674425007423,8.523468009984368,1.5611990766477175,9.352433643684439,1.3262492136203132,10.076266472416169,1.0505746848063393,10.671871479974843,0.7456518753984562,11.122051332713935,0.41280589479851176,11.412857772601676,0.05486543477618942,11.530586174943307,-0.3139064359776294,11.465946795965849,-0.6831876697998354,11.216684674822401,-1.0538882181446785,10.782469642094021,-1.4206408039382337,10.163390875212935,-1.7697854222408291,9.364828685277066,-2.0972109921282085,8.39731808925702,-2.409044424624093,7.270058289180766,-2.687444803058612,5.99367351837589,-2.8987544117890467,4.594144343041981,-3.039318947428401,3.1063844264843077,-3.10201525575007,1.5689445592016011,-3.1746500448833808,3.5217702710546096e-05
40,1,-0.35505566158333335,1.9681505751180555,-0.36440611843889553,1.9524267270148703,4.957535182053974,4.762313779696626,2.665797701069564,7.874299813324224,7.76431294283802e-06,7.3788706526644334e-06,0.015236215724211468,0.004860984264150394,0.018811277596165212,0.012829562166173224,0.0562010131836489,0.029846542500597973,0.11833582823340374,0.07316335374857247,0.18175386849699965,0.14823490331326233,0.2452607858223594,0.2549547531342436,0.30754508230992345,0.39333039781353013,0.3617699947809175,0.5611426458532666,0.4031134647480322,0.7529110482665728,0.4322474886473833,0.9622438900943121,0.445855344373854,1.1826451985634867,0.4325611158933098,1.4035224022484698,0.3939166517419648,1.6108931857643283,0.3422948564134755,1.795366971482294,0.2845561150649563,1.952062192489719,0.23187659961744642,2.080992076350881,0.1693888024448756,2.1823082157612097,0.08089194489630781,2.2458329679461286,-0.023435323142160156,2.260623207675231,-0.13585951377964184,2.2210553934679305,-0.25136286271150415,2.124239722512628,-0.36440611843889553,1.9701335495750403,-0.47213219770838344,1.7606752752414545,-0.5649048732466857,1.5004282973447822,-0.6249535898578694,1.201286238002601,-0.6422079153547509,0.8826507319659541,-0.6107573483091258,0.5670657236112872,-0.5065402848609012,0.28395261359315205,-0.29981309050430127,0.07787348533809091,0.00038409099988987285,-4.0404362799345994e-05,0.3460123988700277,0.08583800485503157,0.6856244434254731,0.34481766702856886,0.9927117999513838,0.7658536922227172,1.2686688045568224,1.332363458841308,1.5137325868183837,2.0294859879624845,1.7136211921178863,2.838524990940312,1.8590107231864479,3.7339347826553517,1.9524267270148703,4.688913252754454,1.992644470776534,5.677526673376745,1.9742472275659029,6.671744814107866,1.897358472646889,7.642002572479107,1.7658867369205111,8.56002227081487,1.581815130415222,9.399132290013315,1.3467680870691616,10.133287265867391,1.070089980589557,10.738937405277513,0.7633149918078986,11.198446394191496,0.42778986603072433,11.49744885622603,0.06639351196084756,11.621834831626456,-0.3064357766510566,11.56196572801918,-0.6802030724331797,11.315333368683582,-1.055741895314301,10.88141399673315,-1.4275498610116595,10.260149008622346,-1.7817419001402595,9.456865955323245,-2.1140787266040353,8.482143516692565,-2.430680506345784,7.345250022985301,-2.7134521352080827,6.056927125173532,-2.9283093310689585,4.643469939594401,-3.0715130507973383,3.1402310322947042,-3.1358377532537305,1.5862573231697124,-3.210064518635997,3.561057016642647e-05
41,1,-0.3853655117847222,1.9440109249999997,-0.35877967189756793,1.9225001985186332,4.938313856211721,4.77841438246976,2.893367453446717,7.777720392612515,7.04370280419645e-06,5.03174666760283e-06,0.012460352857651335,0.003757747761699656,0.016806129928575008,0.010650292039823584,0.05076565019132692,0.02593510768156596,0.10951003618059774,0.06558991564901955,0.17181286532231774,0.1358940946086951,0.23543737914302856,0.2376401728369925,0.2984873074272426,0.3712716419597104,0.3540013876494281,0.5348587480752971,0.39690236197079487,0.723129447829767,0.42748850502964314,0.9297292237084956,0.44238298403238513,1.148074786459167,0.4304159062417084,1.3675452879523742,0.39296283080839217,1.5741556765846578,0.3421315575486802,1.7583662369757866,0.2848097836430816,1.9151011798979163,0.23215868150562738,2.044175725202747,0.16978197184720045,2.1456441524793415,0.08184185474932416,2.2094878602930383,-0.021621423370993362,2.224959003593358,-0.13294695940906726,2.1865632898898344,-0.2471561027339259,2.09152095890076,-0.35877967189756793,1.9398687554973786,-0.46501042809863624,1.73359637706357,-0.5563877624773153,1.4772696920093573,-0.6154556700279376,1.1826544239583567,-0.6323431243191634,0.8688870411034756,-0.6012740938378859,0.5581759782190665,-0.4986017405727599,0.2794793565204024,-0.29507945818470477,0.07664138291299993,0.0003779955495897334,-3.976268798486967e-05,0.34049282339092024,0.08447055879909196,0.674658127186246,0.33931215431198963,0.9768278374019019,0.7536111087933722,1.2484156672280853,1.3110650825227788,1.4896902142644104,1.9970851543472177,1.6866268534610893,2.793324521280092,1.8300681135654897,3.674708418463501,1.9225001985186332,4.614930333819157,1.9627052871063806,5.588535230201657,1.9453267592893777,6.567995390920156,1.8704452181577917,7.524255830897404,1.7418553694573795,8.429505151719352,1.561450101552154,9.257484802801406,1.3307643285921382,9.98252178846018,1.0589334221620426,10.58136745399286,0.7572587426312983,11.036565187494631,0.42701870572010486,11.333853620643916,0.07100658720733981,11.459200226965581,-0.29658069145779814,11.402959292884445,-0.665410402142555,11.162501767390955,-1.0363051605640685,10.737152042916343,-1.4038331117266962,10.126694231974435,-1.7542769468577222,9.336231116583786,-2.0834195054327376,8.37606016853936,-2.3972675577599194,7.255203041136117,-2.677914805970695,5.984153706668277,-2.891626582983701,4.5887926789787405,-3.0346169190516306,3.1039889241201,-3.099651004789042,1.568309210061347,-3.1744447102789564,3.52154251050386e-05
42,1,-0.3641708671319444,1.900765518375,-0.3579979258661593,1.9130369409375083,4.9502342500182035,4.769323893046869,2.734235685941862,7.604701467323255,6.99681725719371e-06,4.9031885522397915e-06,0.01229410702822325,0.0036943835484490343,0.01667106585207995,0.010518535416328577,0.050373215428484254,0.025682595020044895,0.10876464490995949,0.06505102791148626,0.17079021125527027,0.13490993344418334,0.23419831108593192,0.2360885327399302,0.2970895362496387,0.36905781551457634,0.3525300470696346,0.5319237400629045,0.39543882309444545,0.7194581503165666,0.42606890077203874,0.9253365032799716,0.4410263141540684,1.1429866943033902,0.429163247174394,1.3618032340323465,0.39181791833570595,1.5678156740331732,0.34104755148733706,1.751470928927271,0.2837428702871086,1.9076702057373824,0.23106311078957142,2.0362050943815073,0.168698698480714,2.137124497463847,0.08089449347362429,2.200455251611312,-0.02231479381373377,2.215511469005108,-0.13326676711431928,2.176857258094577,-0.24698021075841967,2.081774090076355,-0.3579979258661593,1.9303569201125197,-0.4635266217803058,1.7246475478069698,-0.5541646470430528,1.4692483498375415,-0.612581089143946,1.1759139429390268,-0.6290192330861228,0.8637063781707262,-0.5978054353046587,0.5547094156586697,-0.4955099376958258,0.27768097366771843,-0.2931505426479423,0.07613377294567954,0.0003754480924908558,-3.9493774419702664e-05,0.3381529956795828,0.08389230627874512,0.6700269196696247,0.3369812961563481,0.9702356981279816,0.7484581858885223,1.2402595177036977,1.3022082290265766,1.4804112521431734,1.9838491229640516,1.6767625493978693,2.7752788677399103,1.820170987910479,3.6517008508961464,1.9130369409375083,4.587065189244845,1.9540599436580286,5.5561283751452075,1.9378045965227155,6.531536012935264,1.8642430731015127,7.48435961268947,1.7370608650089046,8.386858047474494,1.5580701402681194,9.212795088109088,1.328748479168511,9.936486308794167,1.0581818951588629,10.534645111005627,0.7576492009682835,10.989757509450827,0.4284471591142457,11.287504388186424,0.07339434732349007,11.413807980045588,-0.29329751140833277,11.358987103540532,-0.6612710573360429,11.120386042813392,-1.0313100737298628,10.697319240434506,-1.3979600352532084,10.089577472535833,-1.74750592666896,9.302274689799429,-2.075729067392496,8.345717844857315,-2.3886202086388137,7.228943661001756,-2.6683205285641973,5.962457757339593,-2.881218464085239,4.572104644500933,-3.0236022847986104,3.0926675392688514,-3.088331369711496,1.5625817426142932,-3.1628626752971454,3.508694081722007e-05
43,1,-0.35311747524305553,1.8800700282430556,-0.3566696423891782,1.8872691492281957,4.971280360063048,4.785252611201246,2.651245580798854,7.521901657114197,6.984846385277254e-06,6.209547167953838e-06,0.013421948339523196,0.004214359960156308,0.017134451192916775,0.01137573353801818,0.05155529988925363,0.026936341167146553,0.1099052719559815,0.06694165305023111,0.17090020268180955,0.13713642233289242,0.23302599677398325,0.23805030483417775,0.29472864013374755,0.3701281847515577,0.34926281556878774,0.5315718705882596,0.3916749202051222,0.7173304525291454,0.4222147992206995,0.9212887930833434,0.4374416345507427,1.137064118783413,0.42622215460566415,1.3542342112434511,0.3897653036727319,1.5589938481915149,0.3398776415237674,1.7418471423899642,0.28329635263155106,1.897652550523423,0.23105403273600025,2.0260847311100956,0.16899248668284914,2.127075621827022,0.08149697456575992,2.1906312870213274,-0.021464604096223222,2.206054158752813,-0.13223765839364407,2.167871866106269,-0.24580581576528507,2.07334028067806,-0.3566696423891782,1.922547193314015,-0.46198021455606875,1.7175530510708699,-0.5523288729847383,1.4629973096427913,-0.6104355748971687,1.1706584802033795,-0.6265875102018208,0.8595969940645659,-0.5951829169513871,0.5518707476901173,-0.49301823135771056,0.27614141894939914,-0.2914606984260821,0.07567410858532247,0.0003730186498827835,-3.923336545874503e-05,0.33561345729833186,0.08328828475264172,0.6643433977045611,0.3343407731286766,0.961051709295133,0.7421122246721833,1.2273439903538563,1.2903450401138534,1.4636853751806358,1.964573291305527,1.6564589832626673,2.7467287922154235,1.7968076175979204,3.612208882510886,1.8872691492281957,4.5352607987875455,1.9266805986063518,5.4910005429446995,1.9097606068022412,6.452510813637805,1.8365339563707528,7.391354891149528,1.7106529891675617,8.28028475652135,1.5338911218661113,9.093537065917232,1.307672882269265,9.80588054659274,1.0409165209685658,10.394429655485299,0.7446987878743369,10.84196931064325,0.42025705085673143,11.134412840747608,0.07034029166453241,11.257893452082481,-0.2910550248619476,11.20286779053288,-0.6537214582967216,10.966714468209906,-1.0184277526359007,10.548754475477908,-1.3797824680362596,9.948782825380071,-1.7242436776859498,9.171851499997455,-2.0476335442415357,8.228142261493659,-2.355842358472296,7.12659304163667,-2.6312482736449954,5.877597886984875,-2.8407138598623822,4.506677804828655,-2.980597976084454,3.0481615114894463,-3.0438928543921278,1.5399653203433945,-3.116817686084585,3.457614468504647e-05
44,1,-0.35507301486805554,1.9221036202083335,-0.36035182376892827,1.9020720349974891,4.964888952629145,4.764462289326094,2.6659279914761784,7.690072278584904,7.607707822919077e-06,7.436432159811526e-06,0.0151217618241606,0.004846985160880371,0.01857746964281775,0.012728330003207076,0.05550132966498279,0.029536214453442,0.11673980645439243,0.0722880296015015,0.17920547166111106,0.14632159684179594,0.2418131998407115,0.2515401397149042,0.3032761602633007,0.3879820511142452,0.35682712354921486,0.5534840759843203,0.397650796514702,0.7426463179861347,0.42632237441794146,0.9491316863005885,0.4395155473371763,1.1664619194146768,0.4260081359161958,1.3841053243524089,0.3873335897217595,1.5881884784905396,0.33573090740596745,1.7693733515360752,0.27805521336910216,1.92280255890647,0.2254082920327055,2.0484890145158117,0.16325305304723509,2.146629989430448,0.07575814013735355,2.20730930495906,-0.026971347866341516,2.2199097188167727,-0.13727558808613013,2.1790828229747667,-0.25020701164264325,2.0821859692819564,-0.36035182376892827,1.9293708403935046,-0.46496288413959147,1.7227129844607718,-0.5546908909853989,1.466824964636306,-0.6122871025307671,1.1734381778230027,-0.628078533974127,0.8615478740339408,-0.5964582985764117,0.5531346110194787,-0.4941091070330562,0.2768111641477067,-0.2921938493093578,0.07587598270416106,0.0003741103119589965,-3.9351335132926764e-05,0.33683627596163973,0.0835733543352598,0.667244924368959,0.33564021594458976,0.9659679523629433,0.7453546048754288,1.2345009460918295,1.2965985390245927,1.4731680073653042,1.9749874895658706,1.6681179238116675,2.7624398980781693,1.8102777782219823,3.634220424736914,1.9020720349974891,4.564362286438079,1.9422471524536549,5.527720131899677,1.9254435024089327,6.497070443301646,1.8516851708003585,7.443649006313445,1.724685858989111,8.339897810413154,1.5462899475628125,9.159778107677889,1.318001843545681,9.877819394983211,1.0488753380179856,10.470949512027275,0.7501265073971337,10.921840849612796,0.42304354573300007,11.21634206331511,0.07042016223442218,11.34054009219513,-0.29364402838625453,11.284883494761967,-0.6588853039517129,11.046788440479508,-1.0261037134544166,10.625616475671913,-1.3899049408664625,10.021191382480602,-1.7366940583529202,9.238611210213405,-2.062301327440045,8.28811943786356,-2.3726878889745513,7.178690505575865,-2.6501357989544623,5.920750855367749,-2.8612825414412524,4.53995009717945,-3.0024391348052073,3.0708115486682157,-3.066506453537747,1.5514879139708606,-3.1403062849518855,3.4836713446665695e-05
45,1,-0.3685951586527778,1.8413191172638887,-0.34742957798836355,1.8648553400353831,4.953044988856851,4.766385326099316,2.767453762545694,7.366864590871898,6.743108928102806e-06,5.466011407509367e-06,0.01250628196301851,0.0038583701202824935,0.016391786739436018,0.010645205324127759,0.04943910786382029,0.02554713859401421,0.10604679134590778,0.06404239214642296,0.16573897675843638,0.1319681029188022,0.22673672169016446,0.23001706061646646,0.2873722378854835,0.35867943217756615,0.34100318040767097,0.5162099138421036,0.3827371031724963,0.6976604390310727,0.41277916548778965,0.8970182528169336,0.42778053185106907,1.1080020820175511,0.41689847191915635,1.3203986558150138,0.38132350506207924,1.520700765733854,0.332608450734031,1.6996161477707852,0.2773667417588352,1.8521206228243257,0.22639536198369825,1.9779076244775375,0.16587540244769028,2.076930222726829,0.08053561499349961,2.13944432332554,-0.019921682789866904,2.155004121749224,-0.12805596521828527,2.118250090961073,-0.23900498549050622,2.0264688669214315,-0.34742957798836355,1.8796955316575688,-0.4505723212287971,1.679877347305307,-0.5392440536596887,1.4314728899681177,-0.5965199141728558,1.145925008577283,-0.6128366237935416,0.8418212533655318,-0.5826228114371694,0.540719551244521,-0.48302245723371473,0.27069768386491133,-0.2857851700524966,0.07422072071543893,0.00036600695195884454,-3.8500205601753566e-05,0.3296066176922578,0.08177570439004915,0.6529880321308955,0.3284465595612315,0.9454176638455456,0.7294259578159069,1.2084059946055639,1.2689787729163762,1.4423436822758375,1.9330974088687738,1.6337508659036677,2.7041946151819904,1.7737958241565113,3.55820336281632,1.8648553400353831,4.469864484157007,1.905661719318442,5.414713677476334,1.8908788593858368,6.366219931320253,1.8204000209167073,7.296288259720963,1.6977102446608163,8.177933540479303,1.5244552843259083,8.985580136501795,1.3019500477687882,9.694128327668546,1.038940989775615,10.280755631390909,0.7463447052065488,10.728219599423026,0.42536354909047663,11.022358024539193,0.07870649512991808,11.149217450727228,-0.2797541201625252,11.099124563722905,-0.639873089330081,10.869274042876727,-1.0023772170607592,10.458802511681572,-1.3618817138079986,9.86733467718729,-1.704902653728656,9.099731398161373,-2.027238389265275,8.165970168801,-2.3346870911199855,7.074820226709587,-2.6097007389915805,5.836520728356507,-2.8193010329602637,4.476362386145407,-2.959802461579975,3.0284188574573205,-3.024182539523163,1.5303605478844253,-3.09809821842028,3.436848207981119e-05
46,2,-0.4850443115070423,1.9766021841056338,-0.558484711676924,2.028641958713706,5.114268736341238,4.840598117554752,3.641767053554961,7.908113538714206,2.742773660627841e-05,6.511829682002919e-05,0.08598049786034066,0.032508307321943375,0.07345022152364557,0.06881832289542436,0.2060612135962646,0.13330231562472317,0.37060266379669715,0.27940870869007267,0.4800629786581583,0.49409238750755863,0.555853302770425,0.7540230254901055,0.6087782034654949,1.046239624970597,0.6324139638834837,1.3578665956255624,0.6270425690138399,1.6737392816561443,0.6031390421147413,1.9818953062511155,0.5596467227687625,2.2737440844619763,0.48127743674602436,2.53553857331665,0.3777254746005272,2.7507148615616943,0.27233693729278413,2.9131328459283408,0.17444138011434432,3.02414671628473,0.09761592931361247,3.0914346672327597,0.016456296883885817,3.1210001471200126,-0.09148620572095416,3.1031295862570825,-0.2107766394690015,3.0277245429492528,-0.3317320406082636,2.8920883232753978,-0.4493495134275591,2.696538741226671,-0.558484711676924,2.4441921727647777,-0.6575527526865456,2.139676750962692,-0.7368240317150849,1.7898663701855546,-0.7776255050170243,1.4093424428329997,-0.7710582441176107,1.0201835137622963,-0.7128683304046378,0.6467381806330545,-0.5780634460414963,0.32001400317324624,-0.33605989408753395,0.08683655189663778,0.0004250650897565591,-4.463093862826214e-05,0.37751703975052386,0.09402325724710886,0.7401396098047675,0.374887069472178,1.0618458576632746,0.8271406619353736,1.3464341662140034,1.4305748670379608,1.5959004811355268,2.1678425931307475,1.796438144623488,3.0182757838489858,1.9394519601237605,3.9546006192312237,2.028641958713706,4.948801285405676,2.0634086801044607,5.974206155559524,2.0385361117595338,7.002225042425113,1.9544547053717236,8.002851532790705,1.815357188876476,8.947528221616112,1.623257128740868,9.8093855554527,1.3796839896291075,10.562150534046499,1.09411036540221,11.182044611248934,0.7781987371442003,11.651293317229696,0.43299930660743957,11.95534957606081,0.06117057017801094,12.079761420155474,-0.32261872734185537,12.014556503629906,-0.7077611759626276,11.757010854384246,-1.0953452219955386,11.306332708214704,-1.4798319090099699,10.662114844074162,-1.8469247574309557,9.829467655427218,-2.1922673958379404,8.818912328226451,-2.5222107625025005,7.639600794210484,-2.8179080536924253,6.302227376756818,-3.043779981545938,4.833696663461557,-3.195690243741824,3.270431808009414,-3.265826022711623,1.6528372214506897,-3.3464597059877432,3.712365866563221e-05
47,2,-0.6169575535972222,2.1175313715694446,-0.597548181115644,2.1270008766409445,5.1524519947678655,4.82751270175557,4.632186459730519,8.47195183877499,2.641904059271417e-05,5.894768741688927e-05,0.07970027981544861,0.029828339654140744,0.07004225413219548,0.0640056939165938,0.19756392990211663,0.12565175385129926,0.3607763730074245,0.2668331190081538,0.4760788603460635,0.47783977889415236,0.5615044346004011,0.7380813427991558,0.6259062853073077,1.0359430951599151,0.6614971330001636,1.3591342572605147,0.6671002981748552,1.6923592387384458,0.6521973800692977,2.022888950675794,0.6150549864407605,2.3409852936058715,0.5392552542528859,2.6313060244153634,0.43413032540451424,2.87523263537445,0.3239939411314097,3.0647807854671005,0.2191749077850437,3.1999490113483113,0.13478415965538904,3.287729211656353,0.04454528645000774,3.333721914591198,-0.07533230014736568,3.3270163018057257,-0.2082505653051649,3.25632321753876,-0.3434779979749078,3.1183945462649265,-0.4752244184648011,2.9134144451072315,-0.597548181115644,2.6447837249227817,-0.7084024936707463,2.317718653327349,-0.796999615020822,1.9400124867227235,-0.8429315006459539,1.5279152461984193,-0.8365089620944324,1.1058596777062286,-0.7732624112701898,0.700715712175581,-0.6264654646133268,0.3464480202855331,-0.3636549110510974,0.09390763117398404,0.0004591984581813361,-4.819985867183791e-05,0.40670505611321106,0.10137934020335217,0.7950519865632674,0.40348308942549177,1.1368608693881779,0.8884552351790789,1.4363288828022112,1.5333173435612442,1.6958181574601956,2.318249993591082,1.9009436824847745,3.220025340271687,2.0431299756598618,4.208604503129289,2.1270008766409445,5.253483227186126,2.1526138183569374,6.325931473898343,2.115179973782893,7.395541415652404,2.015904915372812,8.430781198887034,1.859899756403078,9.402010581018553,1.649898878017922,10.281693079998108,1.3880593413411237,11.043211693322501,1.084730719875948,11.662812900882841,0.7523615246272637,12.1231954254373,0.39222690322259113,12.410533961529076,0.007217987368709169,12.511181020659881,-0.3874581528864746,12.416172736566821,-0.7809630318861708,12.124014969891919,-1.1745897451734417,11.635132018700178,-1.5628317226670896,10.950254497096202,-1.9312806844653998,10.075669375534089,-2.2758060478797355,9.023060270577934,-2.6032126205719592,7.802546589241969,-2.8945736505123025,6.425671253025511,-3.1140809880409757,4.920322322410181,-3.2580651383078205,3.323828887293036,-3.3190999557934733,1.6773016045164817,-3.3911073915388243,3.76189526931356e-05
48,2,-0.5902701636597222,2.152376491173611,-0.5713074446342423,2.1085815190142205,5.121042690362477,4.825364373927062,4.431814545012474,8.611362370806,2.473289269672382e-05,5.3893541483038e-05,0.07350503535144255,0.02741028459881887,0.0651818135802062,0.05908930643238395,0.18408592207514138,0.11648745194270242,0.33756624059720536,0.24832010393103934,0.4476394617473114,0.4462572195738599,0.5304765452104262,0.6915567411573039,0.5939962330985318,0.9736106434596494,0.6305798405257138,1.2810155477264766,0.6387998869803524,1.5993842075331557,0.627376577471277,1.9166089143117544,0.5945115231657434,2.2233161665641252,0.5244010681208089,2.5047280213620153,0.4256941635109352,2.742834751854768,0.3215119703972531,2.929680473320484,0.22178814653045867,3.064932445032216,0.14112964380030601,3.15499964887105,0.05441702201144891,3.2050201368067466,-0.06131799098437442,3.2042731156891056,-0.19021885345605083,3.141610103251133,-0.32196215998903466,3.013593502739552,-0.4509290369637972,2.8200997835211665,-0.5713074446342423,2.564137517921721,-0.6810256334300492,2.2505115164211964,-0.7694917091446853,1.8865771660362913,-0.8166624565920652,1.487984707635567,-0.8128229304357824,1.0784680328769154,-0.7533160411037192,0.6842821263558843,-0.611706747408894,0.33876199176720384,-0.3558058840488564,0.09193841434805886,0.0004499932662145389,-4.72451091759279e-05,0.3993176419863286,0.09948336487620646,0.7818450707807187,0.39636135244496756,1.1196539817145827,0.87365951104626,1.4165916284393651,1.5092326952808344,1.6747520601511698,2.283915269303741,1.8797502354123825,3.1750757791762356,2.0229069642896595,4.1532604939474975,2.1085815190142205,5.188448645676605,2.1366637102167885,6.25227857032575,2.102269901737711,7.314652382891971,2.0064499181238467,8.34428750906445,1.85413772839843,9.31170588080572,1.6479349520220663,10.18945473602874,1.3898818438858647,10.95094157804986,1.0901536205543416,11.572366033400414,0.7610390544325847,12.03628972486479,0.4037622042315032,12.328698622192755,0.021153711952813358,12.435734918160389,-0.3717014126477105,12.348176075389027,-0.7640215573700967,12.064218958604018,-1.1570733355477445,11.583975523105702,-1.5453544915264505,10.907872665093237,-1.9144742299178616,10.041884356280317,-2.2602503656529174,8.997387955745127,-2.5894020764810466,7.784235407614821,-2.882981960703129,6.413730414528315,-3.1051313816175465,4.913531332627031,-3.2520227468678575,3.3207939443248358,-3.31607268573832,1.676534308450107,-3.3910622808209787,3.7618452627634386e-05
49,2,-0.5673504128194444,2.1938434358541667,-0.5992215623016294,2.1788836519610704,5.106974503898638,4.833903419010542,4.259730486905547,8.777265914409437,2.5288156806523826e-05,5.353854558319084e-05,0.0738433771168236,0.027407901874085785,0.06625460773912573,0.059440918171045666,0.18746671212031146,0.11783168347937883,0.3456886962294191,0.2524750553433134,0.4612898390734278,0.4558452018512812,0.549727853466745,0.7093736688426532,0.6184872517151503,1.002392082646377,0.6592384348761283,1.3231432823020173,0.6700896449751709,1.656564101943173,0.6598458069428181,1.989785813977672,0.6265601440142774,2.312704177934795,0.5537097458318112,2.6095590955828203,0.4503109980823016,2.861199548955078,0.34066703513425717,3.0590075236937895,0.23537670417503997,3.2024275952484866,0.14991803220724703,3.2980599074568406,0.058119142946805404,3.351254850356321,-0.06399219077218124,3.350805807211698,-0.1997166170486562,3.285100980406748,-0.3381553283678477,3.150650539129611,-0.4733620103595771,2.9474731185880025,-0.5992215623016294,2.678890125564825,-0.7135640957898177,2.3501110641911276,-0.8053490913779747,1.9690058906263963,-0.853733908595977,1.5520818277196466,-0.8487381618593162,1.1242227069924018,-0.7856961400500314,0.712854018929569,-0.6372907954956665,0.35267769820590456,-0.37030529316903626,0.09565399410519738,0.0004679514913868949,-4.912442867880401e-05,0.41484763134717517,0.10338110592929706,0.8116069474313165,0.41166824345262043,1.1613942034547209,0.9069352875743651,1.4683267214707776,1.565950602399468,1.7346676814896003,2.368628586069692,1.945568163642565,3.291327703192111,2.0921063704925063,4.303367971131293,2.1788836519610704,5.3735219152940505,2.2058665212533652,6.472322370862185,2.1680866560909764,7.568545519543717,2.066741156875118,8.629790614623273,1.9070593747573954,9.62558356262896,1.6918604476199335,10.52760874515923,1.4233878902696402,11.30850556571547,1.112294622348895,11.943867847709411,0.7713914941253015,12.415927353906286,0.4020319158571915,12.710503412940636,0.0072206754093667525,12.813619354482576,-0.39741741608006564,12.716119142180377,-0.8007463323993348,12.416519508295151,-1.2040748975493494,11.915314069392481,-1.6017473035976968,11.213317475660194,-1.9789931944259684,10.317043242518949,-2.331585029409735,9.238534927164793,-2.6665021629210277,7.988229954804239,-2.9643675226801975,6.5780198100897405,-3.188540961421622,5.03652736131773,-3.33532273478597,3.4020205879030434,-3.397176923426931,1.7166075777894034,-3.4702800628666695,3.849724771356136e-05
50,2,-0.5704325913472222,2.191261397451389,-0.6109030515011082,2.154098338737295,5.11275804281954,4.841816080886768,4.282871828736278,8.76693553381253,2.5116216179959708e-05,5.213333307972239e-05,0.07249081712248699,0.02681324616957179,0.06565970091555001,0.05842269458569312,0.18608740861348916,0.1163339381412907,0.34466540784115,0.25029387582984175,0.4622492896121729,0.4536002888151305,0.5534224857441513,0.7082742137260489,0.6251461460930621,1.003879592693517,0.6686961548214626,1.3286751737075633,0.6818147792174193,1.6674197144684098,0.6730952344603925,2.0069183719973953,0.6404584587298336,2.336664293670873,0.5671700440331836,2.640407357966199,0.4622699872729663,2.8984403326353565,0.35039029067426014,3.1016935897745648,0.2424429412065628,3.249319340746817,0.15431334217864953,3.3478144590077408,0.059701501942373884,3.4025185212997,-0.06554702398405311,3.4020844221128628,-0.2043962888366737,3.334813219253282,-0.34567868896120985,3.197296667028371,-0.4832676209601898,2.989738975441624,-0.6109030515011082,2.715732488614135,-0.726360942820153,2.3808050007165056,-0.8184847645007677,1.99318034129936,-0.866277299639354,1.569796816489968,-0.8598160576999743,1.1360001672412605,-0.7946167103437334,0.7196052585440478,-0.6434223858763637,0.3556404594470782,-0.37321934457966405,0.0963487539116644,0.0004709067364658934,-4.942181961249707e-05,0.4165579977979386,0.10387479685574283,0.813282262403162,0.4130846912887856,1.1612816684615235,0.9088106552278901,1.4649328601265077,1.5670058341839344,1.72677517495393,2.3669067133399544,1.9323127104294446,3.284345617254509,2.0730790272166035,4.288322860074762,2.154098338737295,5.34751494618654,2.1757374866850907,6.432560750878171,2.1334435371164924,7.512548303971539,2.028751125039523,8.55558108843827,1.8671177117150413,9.531829095815025,1.6515405867645787,10.4137199469039,1.3843886790259319,11.174715526823316,1.0762581891779541,11.791254475191689,0.7397837127585077,12.246344041074757,0.376262657978002,12.526517467388567,-0.011401756473298432,12.618486716117399,-0.4079369146421863,12.513669861349683,-0.802524711361289,12.21097193957319,-1.1965747269856928,11.711177001459607,-1.5846556725142578,11.01532364502811,-1.952404286447122,10.129980745474201,-2.2957976172150927,9.067078067354133,-2.62178010460651,7.836914265106194,-2.9114522769487197,6.4511652693633685,-3.128997075645828,4.937858272826872,-3.2708508802904688,3.334433560946889,-3.329661389317974,1.6820707483597221,-3.399654407536197,3.7713768006927886e-05
51,2,-0.5886136334930555,2.1835395064791667,-0.5815722986762978,2.1862083950192046,5.087362817704809,4.843106702906608,4.419377130860677,8.73604130985945,2.275387279134051e-05,4.619868936577382e-05,0.06484012664453613,0.023888980343663,0.05935706445610523,0.05232690619337706,0.16864048365550893,0.10474189317020861,0.3143230073564713,0.22653655706347584,0.42485933175047713,0.4126953645254108,0.512796172618805,0.647747580060431,0.5840134970377283,0.9227957421723757,0.6299995131617524,1.2275114111408114,0.6480589100494074,1.548062126360575,0.6456389934966713,1.8722192221306593,0.6203751504296463,2.190022149878247,0.5560132381880536,2.4858966532569493,0.46046770601598197,2.740716111740286,0.3567988483367622,2.9451789928244945,0.25543756929385336,3.097739199803014,0.1718040270764301,3.203929459637722,0.0809014895758762,3.2683036886692234,-0.04066872573552031,3.2794056503513747,-0.1766596109830483,3.2253344787122114,-0.3162322334852244,3.102162259070786,-0.45330152063540136,2.9095080863290588,-0.5815722986762978,2.6503704196311406,-0.6986466910445703,2.3297425991028926,-0.7933444053753721,1.9553735657442732,-0.8446967979013834,1.543708075831522,-0.8424966281979903,1.119656386298765,-0.7818786775683064,0.7107844649617244,-0.635422483112479,0.35200763994848017,-0.36976879350341635,0.09555524638362395,0.0004677510714914596,-4.911058228788791e-05,0.41512436279278514,0.10341904372540273,0.8127831429717848,0.4120492422341436,1.1638157186166278,0.9082066400676585,1.4721158854637773,1.5687731423235618,1.7397789482684156,2.3736816293990306,1.951786069461468,3.2992253996948406,2.0990815373332588,4.314580170878172,2.1862083950192046,5.388326725623726,2.213102987931488,6.49078629076492,2.174782924857055,7.590511160815253,2.072479142660966,8.654880900541132,1.9114928704285354,9.653229459158892,1.6947244833935735,10.557088342661764,1.424507737223088,11.33898615709241,1.1116166110186785,11.974458316955236,0.7689829089184184,12.445741497413676,0.39803666453125713,12.738709268081907,0.0018561420178491753,12.83947431269033,-0.4038440608795865,12.739011908612014,-0.8078741319358724,12.436008272954455,-1.2115317596767616,11.93114097152226,-1.609147232246623,11.225413734680748,-1.985942952362606,10.325535997128794,-2.3377191395274544,9.243742433302879,-2.671497142662518,7.990642375240843,-2.967932418345032,6.578281090613009,-3.1904543313585148,5.035412013461926,-3.3354678887550557,3.400388020783161,-3.3955473545805823,1.7153473657383942,-3.4668673667690753,3.845938905776381e-05
52,2,-0.6235377209027777,2.141751012861111,-0.6213714524464313,2.15953193236873,5.142145403287207,4.826573186549439,4.68159109335213,8.568851293172838,2.5149779040569307e-05,5.0695896895826564e-05,0.0713089548000774,0.026251636184503054,0.06532243825351014,0.05754447078217936,0.18541181916570962,0.11519459655466739,0.34505936220373556,0.24900230234344245,0.4651505251127725,0.45309678912648765,0.559289436272346,0.709956968151581,0.6338928005145971,1.0092286779636765,0.6797871324748357,1.3390148327866511,0.6943800859858791,1.683712825580417,0.6862085489607633,2.0296687246588636,0.6531628825346504,2.365913088625427,0.5783137204438682,2.675667162501206,0.4709314143348276,2.93867647265952,0.3562206242157844,3.1455594940212945,0.24546821622506546,3.2953878300800783,0.15495733154863375,3.394782610960295,0.05806628996413973,3.449247242549553,-0.06963429423494574,3.4473836047223854,-0.21075558389339452,3.3774866512246127,-0.35391504870062,3.2363028014379465,-0.4928910578994211,3.02425784455552,-0.6213714524464313,2.7452062680223674,-0.7371639040963165,2.404939966512969,-0.8290766931550951,2.0119417085769244,-0.8760451747098755,1.5834433191965096,-0.8682514854822181,1.1450788229526552,-0.8013741131301854,0.7248726582990269,-0.6481579522276745,0.3580189710979568,-0.37560497101041773,0.09693728299445917,0.00047358767526404333,-4.969817554441365e-05,0.4186136313416459,0.10440897005398571,0.8168561628816214,0.4150496109277528,1.1658655062482686,0.9128331685407093,1.4701759902538996,1.5734965870958775,1.732429129718316,2.3761316688161904,1.9381268741478628,3.2964484442345228,2.078805717623709,4.303320377781516,2.15953193236873,5.3653104492947925,2.1806850721973277,6.4529598658203335,2.137702931443888,7.535257475645695,2.0321390797588634,8.580208932268555,1.8694909833223876,9.557902396355532,1.6527918328220592,10.440703183155694,1.3844496661941406,11.202028461821874,1.0751329947361732,11.818299329314645,0.7375509446866154,12.272545252735387,0.37302975563605684,12.551347413323702,-0.015495884982857687,12.641477930917466,-0.4126932642957269,12.534439066895604,-0.8077148520933167,12.229245182928894,-1.201983080348606,11.726791849887304,-1.590066274987411,11.028224463592805,-1.9575939084464375,10.14022243552712,-2.300569569437515,9.074822183090282,-2.6259810965053796,7.842409264340598,-2.914937949135193,6.454732496096528,-3.1316451400776875,4.939888473058413,-3.2726154748800007,3.3353601086122286,-3.3305708992338525,1.6823319956460192,-3.399804027202599,3.771542771075668e-05
53,2,-0.6183611960704225,2.1304079629929578,-0.6007668079907289,2.1742028909032918,5.102623875249156,4.823022154308568,4.642725164736643,8.523469310417799,2.308239389831594e-05,4.517572536637504e-05,0.06435698165254138,0.023566259680653553,0.05978613153206007,0.05202718808181245,0.17021344031713806,0.1048686990438959,0.31921743519457796,0.2281985811134236,0.43425003629624603,0.4179080077401066,0.5268196319155576,0.6588207820853649,0.6021935672821664,0.9419535053458254,0.65119446758723,1.256572874054729,0.6707219496173454,1.5881536089980468,0.6683008599716802,1.9236993576858485,0.6415668187643317,2.2525340095855184,0.573955500778586,2.558266215309559,0.47384855134764614,2.820947661307705,0.3652637903308938,3.0308755068260758,0.25917667055886345,3.186463437181244,0.17158766320579802,3.2935039498272367,0.07690644339807688,3.356839372233996,-0.0487375273190185,3.3649278582601156,-0.18853597280229364,3.3058490012125676,-0.33132071618267595,3.1759079564185613,-0.4708611654245851,2.975057712129676,-0.6007668079907289,2.7066969682840227,-0.7186651163607884,2.3762318156030564,-0.813265989366725,1.9918342481454325,-0.8633997451674114,1.5704648213526828,-0.858943786840251,1.1375879671273146,-0.7952487165481422,0.721228804368576,-0.6448534179158386,0.35671315133430703,-0.37447427120349713,0.0967048114939865,0.0004728789449737135,-4.96349265721532e-05,0.41870416526007725,0.10438167009005132,0.8180987438486906,0.4153180190176802,1.1689852515641859,0.9141689019206132,1.4756043624514135,1.57695613212049,1.7403784667323237,2.3829313479415912,1.9485810398965848,3.3078545388951714,2.091542615203417,4.320536627992849,2.1742028909032918,5.389395277683978,2.196834146301438,6.484771173412699,2.1547639922873834,7.575396691949052,2.0494838284606827,8.628976300562321,1.886475399016503,9.615279009669141,1.6687644626885352,10.506346385652854,1.3987640327236994,11.275269483966827,1.0872197615637524,11.898161692753558,0.7469544253561443,12.357797685303948,0.3793414865379487,12.640545079525955,-0.012620447790628342,12.732983894111301,-0.4134329633036555,12.626482541638012,-0.8121070667619751,12.320005979866103,-1.210017829355067,11.814444344531173,-1.6016359599768109,11.110967916975271,-1.972426270377079,10.21635122564517,-2.3183169671867554,9.142792054523397,-2.6463164021555436,7.900843883435604,-2.937363811331112,6.502448694591529,-3.155389909388891,4.976028900572472,-3.2969121253357137,3.3594568786328507,-3.354653228160265,1.694312448309839,-3.4236310847623512,3.7979750984861066e-05
54,2,-0.6314199040902778,2.1244712968819446,-0.5821828811985506,2.1450754906424683,5.076293148929598,4.815144897449134,4.740771408142619,8.499717525650562,2.2656945273491058e-05,4.471873855717728e-05,0.06347410128346341,0.023278237286334616,0.05874273336514099,0.05128958932615565,0.16710387968897236,0.10318828326020156,0.3127333612037154,0.22413352007246856,0.42442576507592383,0.409758174448716,0.5137846363507865,0.6449517549996058,0.5861780569181405,0.9208050484513743,0.6328116543495025,1.2267915674991654,0.6508173194840516,1.5487656869240247,0.647630491291835,1.8741382159343816,0.6209976609455019,2.1926166161686242,0.5548434864228001,2.48836693311513,0.45735534733063254,2.7421157597363734,0.3518740960188422,2.9445590799769232,0.24903048059473548,3.0942699036556776,0.16432490359568067,3.196970797344664,0.07286047277804425,3.2574392591136476,-0.04856682331642617,3.2645248126743516,-0.18366901265807492,3.206696566234068,-0.32165539524820896,3.0803885343649617,-0.456539338369702,2.8855473116798778,-0.5821828811985506,2.625432320566736,-0.6963455340021709,2.3052193195908894,-0.7881200710775114,1.9327398376215787,-0.8369813901604349,1.5243364140304327,-0.8330815377246269,1.1046052548066383,-0.7718290709986505,0.7006525409999752,-0.6263863883580406,0.34673296232194034,-0.36410439749895407,0.09406128762745547,0.0004602225849402786,-4.831461797163291e-05,0.40809265578042186,0.10169117882583269,0.7985273425612988,0.40498773558001055,1.1428439001240982,0.8923116591133843,1.4450549983545184,1.5408440998986934,1.7073594835741783,2.3308452916199953,1.9151180979958315,3.239062936641128,2.0595217854494536,4.235304074165141,2.1450754906424683,5.288823596175018,2.171727966186144,6.370598593780761,2.13457386059476,7.449868734146844,2.0347833752459143,8.494709243226154,1.8775045297485218,9.475089976381982,1.6655190816078225,10.363107410369524,1.4010479292691438,11.131802807895545,1.0945989274592849,11.75713406060995,0.7588083914436344,12.221605504583003,0.3950298572902663,12.511264798529249,0.00624264651014607,12.612370788523657,-0.39214974054360197,12.515938989963173,-0.7891710925334469,12.220547433243036,-1.1861049104427137,11.726724614901812,-1.5773825693973882,11.035316524200155,-1.9484708530142063,10.152777929423934,-2.295223018389923,9.09100173371739,-2.624525209322902,7.860291947045289,-2.9173267190046546,6.472374804999811,-3.1375994283135413,4.955430211526906,-3.281734131405082,3.347113864821849,-3.3423417368541104,1.688845420830457,-3.41405630917653,3.7873534407326586e-05
55,2,-0.582887319607639,2.1485804236180552,-0.5744722866464234,2.1658514235263193,5.087300624652597,4.835288716554799,4.37638332441559,8.596174826508337,2.2307299584290198e-05,4.5566418177080966e-05,0.06382009240216395,0.023532009812611665,0.05833998042385525,0.05149788277124437,0.1657823243132797,0.10302222505458188,0.30898324452510667,0.22274900670678796,0.41771924074066447,0.4057585993974495,0.5044164229816114,0.6369117163340443,0.5748857625213463,0.9075597631462605,0.6207624745218026,1.207655150897596,0.639375252816989,1.5237010235381987,0.6380008007982109,1.8437603497939996,0.6142500203075358,2.1580988571437443,0.5520384922884901,2.45142218580063,0.4590119749111192,2.704881282217423,0.35773612982159564,2.909224899955488,0.2583992227666301,3.0627820897085276,0.17618425584103567,3.17083077133673,0.0864325053855051,3.2376835982720893,-0.03404114822577855,3.251832588383434,-0.16925759349921582,3.201286496809918,-0.30849647169030436,3.081917368819673,-0.4456801163261932,2.8931209566941822,-0.5744722866464234,2.6376786093205817,-0.6923728872940252,2.3204049717165582,-0.788125318829282,1.9489174574324832,-0.8406736897756709,1.5395653476408742,-0.8396418994247749,1.1172281284667733,-0.7800152881946631,0.7095266760638986,-0.634328512268676,0.35148009385578655,-0.369252079062468,0.09542399630188357,0.00046710330464925273,-4.90413452172472e-05,0.4143995370812029,0.1032526838733281,0.8108572227055385,0.411244177589225,1.1600614478803581,0.9060093444460965,1.4658493985111638,1.5640993726447228,1.7303579832212799,2.3651097207852705,1.9387768203230886,3.2850578401588693,2.0823426529316515,4.292975885797868,2.1658514235263193,5.357438712629899,2.189509512003156,6.448888329371123,2.148635628826264,7.536143983278328,2.044685801202097,8.586987515004937,1.8830931033635459,9.571242343866519,1.6668566845229218,10.460985030947272,1.398368197206119,11.22933160658019,1.0883075091736076,11.852399844175798,0.7494291964829318,12.312930925796449,0.383104126256244,12.597241575660552,-0.0076815586752554885,12.691861605447741,-0.40749609561652156,12.588087958397235,-0.8053829387691626,12.284785002169599,-1.202692364136724,11.782743175816186,-1.5939001868903533,11.083040759979461,-1.9645010381982715,10.19234867774552,-2.310404471071963,9.122756148380088,-2.6385679473668486,7.884729172849107,-2.929954488099611,6.490132265371232,-3.148526623375697,4.967287949153823,-3.2907264515635366,3.3539825683113498,-3.3492074213494365,1.6917446912418677,-3.418786000410755,3.79260025461236e-05
56,2,-0.5745005421180556,2.1537741190833333,-0.580615124211074,2.178564310635522,5.07811608275257,4.814652428510137,4.313414459051177,8.616954087886876,2.3422387007284547e-05,4.940125728024514e-05,0.06830403320751287,0.025321756645380684,0.06157495882843206,0.055022391144191045,0.1745557456979673,0.10934402486212827,0.32314655214472104,0.23496603599206078,0.43347379201588854,0.4255828141393169,0.5196169280777901,0.6645348943439215,0.5882974656582134,0.942382354048289,0.6313806167637643,1.2485204238538787,0.6466652256520425,1.5690513428477746,0.642050894134941,1.891933451735534,0.6153224944347844,2.2075453613162384,0.5502849829408889,2.500688979220873,0.45494105433348403,2.7526593367879033,0.35218094046377935,2.9545631525090115,0.2521124589958178,3.1051287570744384,0.16983114712035113,3.209997037569913,0.08020110360985819,3.2737065406422903,-0.04023686129032583,3.2847505289908683,-0.17540801806328077,3.2311165839283706,-0.31459855409862025,3.108685419340949,-0.4517730119467801,2.9168422501284077,-0.580615124211074,2.6583440423273994,-0.6986444602283953,2.3379697603079777,-0.7945402250268223,1.9633082271018234,-0.8470933074105145,1.5507387600981446,-0.8458232550990312,1.1252400986058908,-0.7856377191463948,0.7145710788432803,-0.6388416290894087,0.3539608904662052,-0.37184964903690815,0.09609219483442205,0.0004703486090106845,-4.938122679249778e-05,0.4172128102824863,0.10395881482314298,0.816224240311508,0.41401271434917525,1.1675327792731864,0.9120059021048061,1.475040750567873,1.5742753869536448,1.740946437627585,2.3802445751190295,1.950402779329801,3.3057620065179494,2.0946522564271075,4.319677210541339,2.178564310635522,5.39040613634966,2.202375182250839,6.488261054811257,2.1613928293681184,7.581933355812041,2.057080588105006,8.63907508553034,1.8948839212476967,9.62938641398063,1.6777894465519134,10.524821178950942,1.4081643766094478,11.298361751467452,1.0967011343918671,11.925987707005858,0.7561784563205118,12.390314857027425,0.3879364330121419,12.677533189612218,-0.005057374359410465,12.774028739432108,-0.4073126742544456,12.670965055850413,-0.8078233060760156,12.36710556636405,-1.207950368099486,11.863147237724148,-1.6021334398442986,11.160076540058755,-1.9757619559922597,10.26451110461356,-2.324692591064306,9.188531761957138,-2.6559019959145433,7.942599215990729,-2.950191657655649,6.538596109352537,-3.171215166725517,5.0049987295401905,-3.315321097323025,3.3798461617739672,-3.3750426919746617,1.7049812526311274,-3.4458975783792423,3.822676254441097e-05
57,2,-0.5903885409791667,2.156626539076389,-0.5929767981955212,2.180501874748585,5.09119804024252,4.8285982566554555,4.432703335194349,8.628366228046678,2.3747778355270365e-05,4.9094013831182566e-05,0.06840890203936019,0.0252794507775547,0.06214736224468672,0.0551554238499941,0.1763424902560181,0.11000262327602393,0.32745802479141406,0.2371150705123361,0.4406506582222362,0.43060418968731745,0.5295268319164216,0.6738381318894762,0.6005394153576519,0.9572477720689112,0.645187625995417,1.2699367356830402,0.6610733108429704,1.5975609286309975,0.6562001248799642,1.9276151488619435,0.6283601313111554,2.2500644899537403,0.561127663984419,2.549223834295263,0.46280484092662666,2.8058878389424318,0.35691233933923483,3.0109398297954333,0.25389972972611163,3.1631172507694316,0.1692350266748269,3.2682617414638244,0.07733832092456962,3.3311172110180367,-0.045605975821851864,3.3401068152228186,-0.18314895349452925,3.2831828015310958,-0.3243561858350761,3.15636034783287,-0.46309355324887,2.9592265078184523,-0.5929767981955212,2.694786157615232,-0.7115393960890061,2.368076245217662,-0.8073803760376006,1.9869528332154351,-0.8591534650014622,1.5681274819228113,-0.8564429906713251,1.1369352534441513,-0.7943062388883876,0.7214236938265328,-0.6450124216531569,0.35707866675397143,-0.3749865178274984,0.09686638074347317,0.00047387093047042265,-4.974385339489138e-05,0.4198621495768553,0.1046525506994841,0.8206571295241689,0.41651588189199984,1.172870283851883,0.9169846963566771,1.4806032983390556,1.5820032456673803,1.7462092926703987,2.390699159695486,1.95489844065082,3.3186745225464476,2.0979979749107613,4.334563357752177,2.180501874748585,5.406621670480561,2.202730586910623,6.505055928151798,2.1600496465807253,7.598484736524421,2.0539971599931732,8.654519800854262,1.8900998589060933,9.642861048003642,1.6714152423677238,10.535500258557496,1.4003814856163674,11.305492287697158,1.0877785634195423,11.928928783521059,0.7464633615589652,12.388580898455364,0.37782588703804276,12.670825298682672,-0.015115212213572876,12.762258934330037,-0.41682410792996166,12.654281852923738,-0.8162825831127112,12.345908688882362,-1.214855408593502,11.838088456491462,-1.6069960259528735,11.132056241575082,-1.9781440678358226,10.23466285384926,-2.324221015187362,9.158191307208746,-2.6522459796201594,7.9132780471877116,-2.943139988540822,6.511948019667498,-3.16080297416953,4.982722335062871,-3.3017684117141255,3.3635750468096957,-3.3587771558423456,1.6961802024309074,-3.4269690744104495,3.8016780571443226e-05
58,2,-0.5703733431111111,2.214697589479167,-0.5781771839709811,2.1917516920441655,5.1133613590110265,4.849123182958787,4.282426986339136,8.860700515436609,2.3054572469729532e-05,4.839395058113356e-05,0.06704238876253528,0.0248333456748242,0.06057845621912597,0.054022203790281435,0.1718164118485676,0.10747768454698496,0.3184856556449447,0.23121032149318052,0.42791171199232875,0.419234260090217,0.5138232221710901,0.6553262826764106,0.5827583379564787,0.9303199806595468,0.6265961888761369,1.2338569361759444,0.6430335895527637,1.5522717593589292,0.6397526764694683,1.8736675066543953,0.6144481566787892,2.1884817110263723,0.5509306024399905,2.481566584513357,0.4569829080968117,2.734220737831481,0.3552665756343542,2.937422220228373,0.25585240380274776,3.089711360794142,0.17384073935049807,3.1965301333747234,0.08428197259341819,3.262266753940333,-0.03620336752989499,3.275345566874953,-0.17159068075871114,3.2236815164538424,-0.3111492287672677,3.103072415301706,-0.4487990533613169,2.912838600588887,-0.5781771839709811,2.6556948998919037,-0.6967601145272586,2.3364012200751034,-0.7931968613329883,1.9625455255300712,-0.8462498288112772,1.550520436446876,-0.84541233553329,1.1253321759526438,-0.7855747208269115,0.7147777098222639,-0.6390111290902292,0.3541349588748497,-0.37206869219643784,0.09615970822543941,0.0004707640881217745,-4.942741329047315e-05,0.41777206658060584,0.1040835476201976,0.8177115707815171,0.41463369858051735,1.1703133342024843,0.9136787319580216,1.4794798000305012,1.5777379010621755,1.7473843148054389,2.386413775156689,1.9590665290439009,3.3157005143699285,2.1056112116957473,4.334521466598629,2.1917516920441655,5.41129264142482,2.217565571382492,6.5162553857877255,2.1781697759611793,7.617940565909243,2.0748742443027335,8.683751057098723,1.913023992930543,9.68307548901314,1.6955243935574627,10.587511884911178,1.4246899983838177,11.369651061174563,1.1112666700304645,12.005078398756263,0.7681510202937983,12.476064886289377,0.3967316953734007,12.768498886590432,5.4393914455368734e-05,12.868488652375083,-0.4061785564462492,12.766993718031651,-0.8107784978538604,12.462681953184699,-1.2150433969805632,11.956212087552345,-1.613288612118947,11.248571891259912,-1.990701248263499,10.346467901969762,-2.343050796670755,9.262149700034342,-2.6773430497731243,8.006252247783157,-2.9741809240551995,6.5908607124033445,-3.1969092892750006,5.044806697623381,-3.3419038150499176,3.4065497657647774,-3.401717226637825,1.7183494839899127,-3.4726925472948427,3.852401012460397e-05
59,2,-0.57649681409375,2.2519396759027774,-0.5894986550445426,2.2074327915921694,5.121580680298429,4.838021675320064,4.328402692782712,9.00970098210855,2.399445429674455e-05,5.154357193283552e-05,0.07076568734738574,0.026311153387278102,0.06333810461085297,0.05695875981923381,0.179377222246426,0.1128128368902146,0.33103362159840943,0.2416940722969905,0.4425405230191211,0.4366094739530437,0.5289471650198344,0.6801821576326951,0.5974991747392857,0.9626762053463361,0.6401628657245246,1.2733200686426922,0.6549161966824605,1.5981081714296164,0.6499006836662706,1.9250075802497666,0.6228620560831841,2.2444691642515626,0.5573170750010988,2.5412673184302497,0.4612893420683655,2.7965847117386455,0.3578292708882286,3.0014893687858324,0.2570282126929003,3.1546944584237684,0.1740932001013273,3.261856797363324,0.08348123699411183,3.327479426206083,-0.03866160680752795,3.33976523318182,-0.1760631265896508,3.2863783212380935,-0.31783956367138994,3.162985757750114,-0.4578156043576379,2.9688266393782325,-0.5894986550445426,2.706595865891131,-0.710279546059723,2.3810844647112606,-0.8085456771069353,1.999986936537497,-0.8626042137671928,1.5799937258635581,-0.861691667908614,1.146600502907826,-0.8005716068664868,0.7281701529441131,-0.651027674005792,0.3606885029145347,-0.378906693694186,0.09790893458114944,0.00047917877230979476,-5.0306058117297076e-05,0.42486296053647354,0.10587974486638095,0.8307691832653721,0.42153314987000295,1.1876173547669955,0.9282413721812407,1.4993951620932182,1.6016691947617363,1.7683901168865448,2.4206396974666764,1.979595334124359,3.360374886370508,2.124244815803627,4.389038385400636,2.2074327915921694,5.474425063115477,2.229540444927643,6.586328033031406,2.185947109563139,7.692965550253909,2.0782725241384954,8.761570912984524,1.9121547958166523,9.7615178199472,1.6907187140930915,10.664518016223964,1.416445834421269,11.443370753568901,1.100226226671409,12.073947815354137,0.7550311447211028,12.538864167040101,0.3822404801135726,12.824366454021174,-0.015125172377534581,12.916910593169614,-0.42140162789899,12.80778949311238,-0.8254803677779234,12.495975014028263,-1.228755165514269,11.982384070251463,-1.6256306478393476,11.268216512419135,-2.001388677955573,10.360345322023498,-2.351890529286612,9.2711389257838,-2.6842146314721185,8.011310041075928,-2.9790411802978634,6.592985677952049,-3.1997979568446384,5.044997221980332,-3.3429027480747044,3.405772579863424,-3.400934339548018,1.7175220990125304,-3.470175254391292,3.84960845530882e-05
60,2,-0.5991789445833333,2.2913631531875,-0.6323902444286925,2.2643068547255902,5.083808004929643,4.838909757752921,4.498702670664629,9.167428893655694,2.3300620587889122e-05,4.488824182759612e-05,0.06440351372587579,0.02351273499712393,0.06031345688577991,0.05212002973838555,0.17207474708946413,0.10548325987544668,0.32431041243066355,0.23048219671223966,0.4438401218160001,0.42382245612446273,0.5417474606597944,0.6708343150628368,0.6229745426010315,0.9628839831757985,0.6777172116004073,1.289348607381315,0.7022913654486255,1.6354881576299596,0.7039995902799566,1.9878926001684134,0.6800471790189745,2.3353480817693795,0.6128553722341603,2.6605398405859337,0.5106996804181412,2.942242678937207,0.39842415939594344,3.1697326508780126,0.28756093045234543,3.3407292670689395,0.19508889894570058,3.460744882652583,0.09438294912015525,3.5344171983306105,-0.03963185481919345,3.5492369909506336,-0.18922465741624075,3.492299834987541,-0.3424475921770751,3.359421656782724,-0.49249902912096427,3.1503687456446703,-0.6323902444286925,2.868663070287201,-0.7593994399556271,2.52006182704525,-0.8613861927072202,2.1133487273471734,-0.9157561183819802,1.666705175606349,-0.9116840240269288,1.2073920802402351,-0.8442485586857202,0.765406785424673,-0.6844382624868849,0.37845948607359214,-0.397235506142611,0.1025543044998005,0.0005012440887760814,-5.26043348778957e-05,0.44320199952667316,0.11053771402233042,0.8645982001269086,0.439387966673152,1.2330983368160158,0.9660788032556783,1.5531964070844833,1.66445151587768,1.8275635733138935,2.5117920000715084,2.040934726918,3.4817935542936445,2.1846173242802522,4.541004116476646,2.2643068547255902,5.655796226020533,2.280804669198952,6.794816980192076,2.2297588699718305,7.9252921812245445,2.1132605658352075,9.013642669066801,1.9374943151817314,10.028695983779635,1.7059967243309488,10.941861042889945,1.4215893148548455,11.725813619038336,1.095637954683516,12.356501641263032,0.7415208427505384,12.816856401520042,0.3606759300997026,13.093554378219471,-0.04381759025559712,13.173491080569574,-0.45604866154932144,13.048481811417833,-0.8648375706957957,12.718117762934963,-1.2717599801273325,12.18389516580955,-1.671281136788658,11.447520557307248,-2.048628461611545,10.5163833002156,-2.3997937515667016,9.403358716667688,-2.732118543691688,8.1195526764941,-3.0261749789808614,6.677428150812414,-3.2451216421559725,5.106284249013451,-3.3855404530983546,3.445032962399715,-3.440103615552805,1.7363153916003724,-3.506224387720522,3.889599198929854e-05
61,2,-0.6430413209583333,2.2627058161458335,-0.6268138191385676,2.244047756842401,5.134716756480869,4.82613043055496,4.82802630849227,9.052774828783637,2.5477894663079914e-05,5.4093089743640123e-05,0.07459329542036838,0.02768415219947257,0.06704966755636957,0.060067704843023824,0.1899677333867224,0.11920356156336509,0.3511254280294834,0.25580623112354584,0.47010782751129643,0.4627220841368424,0.5624474258161719,0.721611175301962,0.6355758131884159,1.02206857648083,0.6807831617691134,1.3524837334800153,0.6958085230944832,1.697736666089671,0.6892880704979685,2.0447711406800018,0.6588884789344964,2.3831835253161886,0.5872365017207333,2.6965873023885494,0.48310488485259706,2.9648782424356046,0.3712336513220998,3.1785846128926756,0.26253151367647226,3.336468304864478,0.1732101899455228,3.4447296459262864,0.07630979766437498,3.508383010010638,-0.05315054776123626,3.515277531418009,-0.1977632954521351,3.452817397713254,-0.3459537918057247,3.3169318910826884,-0.4912165484365732,3.107339419656932,-0.6268138191385676,2.827372256481535,-0.7501508902930509,2.4825059897317887,-0.8493096367950197,2.0811669015665766,-0.9020387277897927,1.6410262557313493,-0.8976207701995758,1.188710691639985,-0.8311134000649966,0.7535814236774797,-0.6738357907233149,0.37264681849060693,-0.39115742642895784,0.10099387663721292,0.0004936887247751175,-5.1813690892507755e-05,0.4366962778370448,0.1089014183010635,0.8522964066912357,0.43300346999026207,1.216254279020767,0.9523533980834727,1.5330522514599882,1.6414296327981812,1.8053461458103452,2.4781253228424283,2.0180453348935488,3.4367890825027003,2.1624602272779527,4.484683769701458,2.244047756842401,5.5888284347831965,2.263400213251546,6.718396769896597,2.2159819199264725,7.841049431658753,2.103611527799321,8.923529031356733,1.9321766263331832,9.934837702446188,1.7049748186645346,10.846423509695827,1.4246300884533507,11.630894773851114,1.102298982611158,12.264030823500715,0.7512118093120986,12.72849927787237,0.3727868351538584,13.010672851446301,-0.029897887173422257,13.097143245336332,-0.44095329629325547,12.979413994887118,-0.8491551853552217,12.65676675877376,-1.2559728531785481,12.13042961180279,-1.6557920071491918,11.401889696709157,-2.03378050718176,10.478349451545059,-2.3858401756254684,9.372533488385578,-2.7192127996136066,8.09544732934201,-3.0144445301057554,6.65948776576341,-3.23470441626906,5.093885689534137,-3.3765323477675837,3.4374946273580007,-3.43258710873987,1.7329090028176743,-3.5001011587864155,3.882806466839796e-05
62,2,-0.6380900843958334,2.2453505446875,-0.6264470035681682,2.2343052024624406,5.145227530670372,4.840817209580055,4.7908518694567,8.983338774178746,2.6571751881372515e-05,5.829051623185504e-05,0.07934741188260858,0.029610133529070593,0.07030197439609769,0.06378587182614348,0.19865648018052606,0.12571458072148736,0.36449696622262484,0.2680229254474678,0.4838432050634953,0.48185698313184794,0.5741901906532108,0.7471805370723901,0.6440615210293068,1.052738978986235,0.6851562894021797,1.386394357743433,0.6958093827204074,1.732736410440873,0.6852937435286333,2.0787484823639684,0.6514890801558935,2.414288659369447,0.5770577307473419,2.7232666972029973,0.47110554128814114,2.985965908457931,0.35852728814890544,3.1934525115578025,0.25005698087002604,3.345006008332852,0.16165242495531693,3.4472378968851625,0.066082019716387,3.5054295769877197,-0.06166197462920259,3.507623008391076,-0.20422101009767854,3.441409221006081,-0.35015292662944286,3.3028537788123558,-0.49309371589596196,3.091742749929368,-0.6264470035681682,2.811403642821682,-0.7477232108163684,2.4672458500704373,-0.8451466941972465,2.0675722593420174,-0.8966711172389967,1.6298399596896538,-0.8916935963702957,1.1803755001213343,-0.8253101027931342,0.7482094258948053,-0.6690117921642905,0.3699727489411915,-0.38834749863689866,0.10027060670510422,0.0004901774372043307,-5.144619047337336e-05,0.43367890374357976,0.10814157822448944,0.8466272490801032,0.43004870233619347,1.2085485151475255,0.9460288238086003,1.5238857117834643,1.6308649518254021,1.7952434346928157,2.4627209170719615,2.007567765660704,3.4162157499469883,2.1521413704951957,4.458891357761914,2.2343052024624406,5.558005501480611,2.254569787771904,6.682917565496225,2.2083491146153524,7.801443883014277,2.09738566467456,8.880451939213758,1.9274849950409227,9.889027323865047,1.7018892492920514,10.798666647445868,1.4231811805849448,11.582004118782468,1.1024525575726078,12.214819356157609,0.7528758966063895,12.679746438372241,0.3758663480371681,12.963109681690499,-0.025505660354729984,13.051453124149699,-0.4353991845978551,12.936217738231027,-0.8426146245401891,12.616601182337604,-1.248603670896614,12.093747827859493,-1.6477593764736953,11.369065961619764,-2.025281668503358,10.449667176576813,-2.377069189011435,9.348175990579275,-2.7103318911940057,8.075509491806914,-3.0056532051209683,6.643978251764919,-3.2262635237964443,5.082694684917607,-3.3686679499039016,3.4303891053075364,-3.4254925360021358,1.7295476213842427,-3.4937476521228468,3.875758270679862e-05
63,2,-0.6315149230069445,2.2286126663055557,-0.6303845813369382,2.2271003214287304,5.119024406115193,4.845221804603248,4.741484820818474,8.9163728243756,2.5548183427264158e-05,5.500624887077205e-05,0.07547058713628549,0.028066695971667468,0.06754658169253916,0.06074918424080663,0.19132509774498693,0.12032063731526148,0.35313239879137925,0.25779593637190523,0.4721807699161206,0.46574536067354977,0.5644649629737938,0.7256559522000815,0.6376018686668752,1.0271209323536858,0.6828876408569964,1.3585662983825104,0.698035993000104,1.7049009880772297,0.6916411165762549,2.05308192303099,0.6612765946238089,2.3926860836322525,0.5894482961753291,2.7072503149404796,0.4849030977665975,2.9765524790176645,0.37243625050753626,3.1910157610892362,0.26301564003631706,3.349324011505819,0.17295434344057695,3.4576424435090845,0.07527466263946277,3.520976168190811,-0.05500851499873052,3.52714693041527,-0.20036466085091945,3.4635662252858603,-0.34912477551347326,3.326229025626321,-0.4947226216851676,3.114956476981805,-0.6303845813369382,2.833208614352022,-0.7535133123878072,2.4865978065682905,-0.8522001931154117,2.083684930049235,-0.9042358042081269,1.6422648333673964,-0.899001266490715,1.1890522630011289,-0.8316785789894241,0.7534394279548501,-0.6737450645346209,0.37239718652885373,-0.39080390269825854,0.10087708983051231,0.0004929262527970317,-5.17282903476992e-05,0.43565124634816416,0.10866786084134343,0.8496125653370571,0.4318590471223644,1.2114959265212373,0.9493638148381399,1.5258940969997434,1.6354726596896665,1.7955761533292687,2.4679415919960586,2.0056511088935745,3.4210600471465265,2.1476309945677516,4.462137933795913,2.2271003214287304,5.558322867776622,2.2447813541351014,6.67897779105288,2.196283871714951,7.792024122486012,2.083513848154385,8.864525610846083,1.9123892002734537,9.86583304470056,1.6862277174341869,10.76775435708164,1.4076572477000924,11.543265920884297,1.0877501175998197,12.16849747440985,0.739611870561854,12.626408308241079,0.3646209675208003,12.903620530054337,-0.03420147723826787,12.986958686992107,-0.4411420312712298,12.868099945120921,-0.8451198019936288,12.546410758779976,-1.2476338398950648,12.023164719477244,-1.6431616262395,11.299871331233069,-2.0170487626878306,10.383682593298175,-2.3652746688199273,9.287201271529145,-2.695047814424191,8.021308558320928,-2.9871265525311848,6.598247872931156,-3.205048633619002,5.046925310136709,-3.3453960077457205,3.4057709337657496,-3.400890167605424,1.7169198394131924,-3.4678506312730835,3.8470296290526405e-05
64,2,-0.6234256471874999,2.2205390813958332,-0.6313096292080944,2.2402810320330655,5.14070305214327,4.8307794155093715,4.680749631336835,8.88407152133954,2.6087001634690063e-05,5.533200751244607e-05,0.07630160639088891,0.02831993380977739,0.06853276155518664,0.061434127663189356,0.19405355392581766,0.1218577883978349,0.35829085300807895,0.26132201734091354,0.47897307744559775,0.4722986958157931,0.5720146906404662,0.7358290565939712,0.6450477514344304,1.0410813880006624,0.6892622207611229,1.3760226755241196,0.7024673392258826,1.725089032988903,0.6935851291048575,2.074879909573581,0.6603924486658445,2.4147627405154166,0.5854695079627373,2.7281166908243097,0.4780152194291729,2.994680880224142,0.36332846889907494,3.2051118891718757,0.2525554053711196,3.358488910200012,0.16204921050171867,3.461432581783935,0.06457481899993167,3.5193420732361727,-0.064897716324573,3.520337442886229,-0.2087536281548599,3.452159122236989,-0.35540247472896763,3.3111327314955887,-0.49844129930686754,3.0973466600404422,-0.6313096292080944,2.8144326470459844,-0.751625310052037,2.468066429197343,-0.8477471681871301,2.0667564423446834,-0.8978311946285888,1.6280836310446292,-0.8915365855706427,1.1783787403107706,-0.8241909102165219,0.7465509518815238,-0.6675139641041407,0.36899806317386175,-0.3872557603688759,0.09997731890571857,0.0004886794294571664,-5.128819859428812e-05,0.43236373935892897,0.10780968517859484,0.8443186886898415,0.4287884489979532,1.2058963428345204,0.9434981272325488,1.5216356825127926,1.6270771240822985,1.7941545686303404,2.4580669802592157,2.0083502071991552,3.4114581446092505,2.1553479169648266,4.45511223889844,2.2402810320330655,5.556511959838031,2.2634443918438323,6.685136020134192,2.220018188437802,7.808807463426993,2.1115265232628517,8.894285404629189,1.9436001623732913,9.910448697844348,1.7193355441443359,10.828507981404718,1.4411990231686453,11.620744671705863,1.1202507658330965,12.262546174429211,0.7696965608051038,12.736159314965771,0.390943651131531,13.027529419969035,-0.012921761638513485,13.122817430833418,-0.42592624338644364,13.01311850836114,-0.8367450317868178,12.69735715947379,-1.2467990287289812,12.176440793477019,-1.6503928948310693,11.451563700297203,-2.032549760995395,10.529694477167563,-2.389079009210684,9.423388766022764,-2.727210333663378,8.143504234891044,-3.027301506905388,6.70232710206854,-3.2521751089049147,5.129129201507743,-3.3982357193450627,3.462924046741416,-3.4579687614827073,1.7465514945562677,-3.529306671226075,3.915205385902895e-05
65,2,-0.60043614525,2.2444873485416665,-0.6449493073286705,2.219456212407279,5.1756127628877815,4.822146168307477,4.508141874174405,8.979885245096199,2.724022418963092e-05,6.005341138348977e-05,0.0816143755833624,0.030475211149036324,0.07223702842273673,0.06560501437279252,0.2041408535751117,0.12924345357037953,0.3745012182080148,0.2754675366556418,0.4971123462048401,0.4951649074949922,0.590001949997497,0.7677785714094327,0.6618739764420118,1.0817714661647602,0.7040946977187976,1.424657772145158,0.714828083978138,1.780530560603554,0.703497735924026,2.135883119504651,0.6678748035807878,2.4801229865478738,0.5901707787330361,2.7965385824087363,0.4798591051070731,3.064728426247535,0.362685048888135,3.275443543309641,0.24984654942690915,3.427960115900001,0.15783810458552053,3.5291560230634866,0.05885304021883244,3.5845987668330794,-0.07250820398109292,3.5822706530583086,-0.21827486597737436,3.5098037697120006,-0.3666426987451989,3.3635769040051544,-0.5110900529531935,3.1438027637175945,-0.6449493073286705,2.8542983505481527,-0.7658006768220517,2.500958008116729,-0.8618715738809759,2.0925439417113703,-0.9111263479799837,1.6469820514098261,-0.9032401220203331,1.1909989750306385,-0.8336713645102288,0.7538497757706144,-0.6741268065131895,0.372245772453917,-0.3904776467654874,0.10075447475696803,0.0004920602571581038,-5.163092850529173e-05,0.4344982368274392,0.10840560551840865,0.8469082801284276,0.4306399858814261,1.2072167730233563,0.9463945421975525,1.5202141355989847,1.6300038621087647,1.788786318694598,2.459340745730392,1.9981520172197937,3.408868649383464,2.139861428492638,4.446111662800372,2.219456212407279,5.538427845631446,2.2376094121380556,6.655365161569407,2.189884077262459,7.765007313515794,2.0781189848950743,8.83455200228358,1.9081609466892473,9.833448208799007,1.6832729756243907,10.733570234602926,1.4060391721974148,11.507936944097011,1.0874800474391209,12.132697151669307,0.7406552095741386,12.590803279161731,0.36692485645426126,12.868854770137698,-0.03071139303340809,12.953645331470886,-0.43658441308698337,12.836804422895023,-0.8396486598483529,12.517629192252938,-1.241418436442794,11.997312243193607,-1.636399886872609,11.277272277534102,-2.009979595848929,10.364551890091555,-2.3581564822624443,9.271628157396997,-2.688139352572128,8.009253146943637,-2.9807165812575462,6.589535167395516,-3.199453643921406,5.041226522879384,-3.340895449156869,3.402606899132166,-3.3977102843281544,1.7156828650807254,-3.466100947493631,3.845088651428765e-05
66,2,-0.6089767826388889,2.3107940554444446,-0.6563987788308852,2.2590555013548137,5.100823808017834,4.845030613328664,4.572265936907102,9.245169261668646,2.6780523244286496e-05,5.691144125048017e-05,0.07845010552057308,0.029119672822375455,0.0705083351882497,0.0631749161354619,0.19973296749461997,0.12535626071298495,0.3690347010857632,0.268952857222416,0.49383877210876337,0.4863673564529248,0.5904743348441598,0.7582418324172504,0.6667105063115626,1.0735478177856717,0.7133518659400383,1.419967547107813,0.7279861526556411,1.7814761489678619,0.7196574580896338,2.144199592773237,0.6859519095008536,2.4970488714696937,0.6087903539572816,2.8227017566668224,0.49759122710718345,3.100031909759651,0.37849270454135275,3.3191674657531975,0.2631010476930955,3.478963654872767,0.16844865470082565,3.586125657058326,0.06649973994551084,3.6461606129259696,-0.06852605666738083,3.6467639792731203,-0.21829453224703324,3.575293267611778,-0.37069940860019335,3.4280450506863334,-0.5190184660994056,3.205262966835303,-0.6563987788308852,2.910897592245863,-0.7803423513319081,2.5510390619984915,-0.878830595615104,2.134712352822752,-0.9293881758539596,1.6802918152363824,-0.9215033911001237,1.2151237066991156,-0.8505786634602102,0.7691190369456153,-0.6877904880700598,0.37977629206297997,-0.39837036182316804,0.10278834967122201,0.0005019711298941325,-5.267014234197589e-05,0.44319408610452726,0.11057959146516055,0.863730643198971,0.43923732144629857,1.2309608499339695,0.9651853445566059,1.5497420741090457,1.662156270777691,1.8229943826166215,2.5074781097320753,2.0356414138578773,3.4749947232190688,2.1790951072572895,4.5314800804646245,2.2590555013548137,5.643558690619394,2.2762805121354117,6.7801177912445345,2.226345298122664,7.90859461578031,2.111232735645414,8.995575839028238,1.937005529375484,10.009996074616613,1.7070870460942196,10.923312036085662,1.4241968627126322,11.70819368354169,1.0996086509798788,12.34053435859244,0.7466321583825969,12.80316991515359,0.36666185097053894,13.082654050757565,-0.037257796592297894,13.165740327168187,-0.44923858546925743,13.044087240783002,-0.8581088309704717,12.717121832354863,-1.2654516168869272,12.186172823685425,-1.665737075732348,11.4527755693188,-2.04418396336095,10.52414913595502,-2.3967756730477148,9.413003886815536,-2.7308589591971817,8.130281036549679,-3.026970407103746,6.688282902196365,-3.248166098709009,5.11618529699465,-3.39094405559163,3.4528240389,-3.4478590541322074,1.7408170892579091,-3.516502154189049,3.901000778315614e-05
67,2,-0.627510927212766,2.3454583214964537,-0.6585858741704428,2.289744918681606,5.134709565195141,4.826507880939565,4.711422371636242,9.383856223506402,2.724623054129314e-05,5.834296920201035e-05,0.08016539214979641,0.029797977182460536,0.0717500304182944,0.06452002636355655,0.2030815567900482,0.12777030530537117,0.3744447292740648,0.2736176568394956,0.4998624858141873,0.4939393929354495,0.5963024969282392,0.7687988389219844,0.67190566349931,1.0868766783595871,0.7175679413547833,1.4356612295576459,0.73106009985087,1.7989931489127453,0.7216986034986438,2.1629867895047283,0.6871405194031337,2.5166386109687573,0.6091936218224694,2.8426867006543444,0.4974091153203871,3.1200578340544536,0.37810148275592886,3.33903514850522,0.262834048383923,3.498652662998882,0.1686055527501154,3.6057792832047686,0.06702268089645813,3.6659961349904484,-0.06797881382161083,3.666881106253144,-0.2180187131892104,3.5956275142974685,-0.3709789157895398,3.448390605296377,-0.5201329372196478,3.22527080326971,-0.6585858741704428,2.93008922536755,-0.7837957409916134,2.568826891522522,-0.8835982172978617,2.1504417328050787,-0.9352559953612783,1.6933482629272032,-0.9280616110358029,1.2250540443503681,-0.8572620791135689,0.7757099294057346,-0.6936586603983631,0.3831789597781011,-0.4020141574555034,0.10374896300059744,0.000506815215362031,-5.3182683520460745e-05,0.44776305668173755,0.11169833323461893,0.8731308983755803,0.4438489025875208,1.2450441772533885,0.9756772757357051,1.5682851208491704,1.680814176637972,1.845685906553766,2.536462878478349,2.0618676373646827,3.51624134099505,2.2080027704061727,4.586547409772099,2.289744918681606,5.7135634842658485,2.307771726398061,6.865711624045841,2.25753062021726,8.009905188130034,2.1409873145448173,9.112166991893163,1.9642753728981712,10.140885693625714,1.730881043298444,11.067007902663768,1.4436001362611643,11.862723826802375,1.1139265266380782,12.503517271914813,0.7554341238758889,12.971947600162727,0.3696134945196516,13.254382988788912,-0.04037010295680944,13.337432640167453,-0.4583289151492174,13.212718800761035,-0.8728758075781552,12.879775558212854,-1.2855729604180823,12.340090323578913,-1.6907823250851022,11.595378871137633,-2.073511497785783,10.653129485224563,-2.429702662938712,9.526394823238704,-2.7668176546991585,8.2264267704839,-3.0651820217281793,6.7658430120128905,-3.2874824836342524,5.17431571396304,-3.4302957860904195,3.491241817604665,-3.4862213431079865,1.7597806365435795,-3.5540052265990147,3.94260446266339e-05
68,2,-0.6589908222708334,2.3732507592916665,-0.6726696429925013,2.323225175311828,5.136466322496615,4.819847379139049,4.947776951933537,9.495049945424524,2.7633524002058305e-05,5.970534883665578e-05,0.08178051115925092,0.03043650114602938,0.07300456342455136,0.06580374713437556,0.20663863193577997,0.13016494444286575,0.38080030564798045,0.27852392611043403,0.5081879299015908,0.5025413567640848,0.6062861593652019,0.7819821006242861,0.6834462518413043,1.1054476439189178,0.730398358008894,1.4603400108244675,0.7448038540036555,1.8303304717663909,0.736029489601056,2.20135622455142,0.7015755938458729,2.562228941848051,0.6228089463031462,2.8953335588949547,0.5093397298330592,3.1791164100730964,0.3879102911354092,3.4035429500291907,0.27031286709549296,3.5674816365059123,0.17393102052189685,3.6778029923120426,0.06989204307430776,3.740099771081909,-0.06833580319078075,3.741638733827233,-0.22195356001658512,3.6693177677769344,-0.37852901300651204,3.519207478434181,-0.5311310911121567,3.2914386485861318,-0.6726696429925013,2.9899694369375363,-0.8005148111928319,2.6209848202804893,-0.902243166456168,2.1937195665961333,-0.9546795031448743,1.7270546224527696,-0.946959535206957,1.2491270577322695,-0.8743227098204172,0.7907336832731923,-0.7071223200393552,0.39048348029050894,-0.4096165809583096,0.10569343617560159,0.0005161817794624947,-5.4161836202168915e-05,0.4557819170443834,0.11371739191417198,0.8883278374284371,0.4517237600275612,1.2660931289546684,0.9926678381832147,1.5940391909320843,1.7095475237437863,1.8751354085992455,2.5790415906663693,2.0938327535527237,3.5742265334090573,2.2412522515119155,4.660884315510706,2.323225175311828,5.804623505089108,2.3405100514805848,6.9733673083918495,2.2885440659211116,8.13353892686829,2.169377794244059,9.250686132745669,1.9892820479343403,10.292783494515907,1.7518290171087738,11.230421457420896,1.459882930213131,12.035467648867286,1.125125944378465,12.683143640489645,0.7613377724050446,13.155856930477457,0.3700333371499363,13.439881453456636,-0.045574187891968404,13.521737066064805,-0.4690712949508637,13.39302801396093,-0.8889212805302017,13.053378223260916,-1.30671642179975,12.504387393205029,-1.7167491151834626,11.747882930272798,-2.10383736603717,10.79153818490041,-2.463885414471176,9.648658052586425,-2.804465532561024,8.330715666236687,-3.1056652253735595,6.850561064300477,-3.3297331056634407,5.238304469432808,-3.4732556986130607,3.533881079445616,-3.5288000985095973,1.7810067829375216,-3.5963430131310226,3.989571501125442e-05
69,2,-0.6733145472097902,2.310762652104895,-0.6866310360627411,2.2744809485325583,5.172589351046011,4.8240194505378335,5.055321084148598,9.24504362122534,3.0158645022960477e-05,6.736999321400031e-05,0.09104819431537967,0.034081373459217724,0.07999040933287165,0.0731175736364511,0.22562336275539513,0.1435199983082221,0.4119749318203016,0.3047441485736757,0.5436073965374719,0.5456861809273126,0.6411530527728145,0.84284067687338,0.7147162207705803,1.1829596689516,0.7553777663944096,1.552014570361838,0.7617437377247902,1.932526869905476,0.7445640250120804,2.3099162638213344,0.7017969106021661,2.6729803622089867,0.6146882379657937,3.004100242886149,0.4938885895522033,3.281916143953606,0.3671511754209327,3.497203817579782,0.24631157396212797,3.6498637039223993,0.14865491121713764,3.74779919474615,0.04436806455143621,3.797370955572954,-0.09341371596301402,3.786222410440923,-0.24556617909991937,3.7016841647755316,-0.3996756327354537,3.540345755389147,-0.5489856311757366,3.3027964381906827,-0.6866310360627411,2.9933534523463305,-0.8102256773411559,2.618440701150827,-0.9076052105958221,2.187409979512566,-0.9559704619503148,1.7191023128439622,-0.944854826480611,1.2414132318348132,-0.8698351742059902,0.7847185319928061,-0.7017976492811027,0.38700130077002387,-0.4057147681133129,0.10462315018558854,0.0005104918730023099,-5.355243869558228e-05,0.4499408832870371,0.11231801857827572,0.8756512808291673,0.4457178786142599,1.2463062769436382,0.9785493849063713,1.567129852047899,1.6837527888568777,1.841324353330199,2.5380483733603385,2.0538514121367273,3.514743358960335,2.1962501212368735,4.580103505613178,2.2744809485325583,5.700350745025711,2.28946641108404,6.844082122351743,2.236873831892654,7.978502520711282,2.118823158529461,9.070021858505585,1.9415251760372454,10.087472601059568,1.7085069047513946,11.002273019687669,1.4225733864142993,11.787099096901358,1.0951310437239885,12.417903420449132,0.7396087936391204,12.877649869342983,0.35742467589502275,13.153054957477906,-0.0483459013472837,13.231043116215732,-0.46172785987064036,13.103475403701054,-0.8715173785080782,12.770016202254151,-1.2793391603103674,12.232225520649841,-1.679675289615838,11.491853628939653,-2.0577380277162405,10.556336507535157,-2.4095634462056807,9.438591849045812,-2.742583728365292,8.149729512120707,-3.0373466387568087,6.70219357669308,-3.2569216848827245,5.125303910025466,-3.397923335341346,3.4580043543290415,-3.453011753333602,1.742966467774309,-3.5199675727272943,3.904845089022227e-05
70,2,-0.6959319131249999,2.2491445309583336,-0.6650200033837701,2.2668577940332857,5.186792014632138,4.834433531534378,5.225134802347439,8.99851799154243,2.947128216809507e-05,6.690318815776959e-05,0.08987856801533127,0.03372800218932089,0.07846704041056451,0.07212824093638855,0.22113390840473823,0.1411649869875008,0.4026452589638355,0.29895061694754516,0.5296779012158124,0.5340551610823774,0.6231352807346118,0.8232015245276113,0.6933105292509546,1.1534251437102876,0.7318069642855937,1.5111753260961676,0.737485290290498,1.8796712615446665,0.720880220760654,2.245027364256897,0.6799793957044338,2.596651932070176,0.5964882574351409,2.9176926294936125,0.4805879561126304,3.187605762032636,0.35900821863917937,3.3975324357074346,0.2430541605593233,3.547369983210135,0.14939814098662801,3.644710504144435,0.04899353381541826,3.695602798966539,-0.08442301336218158,3.6878495019055006,-0.23238789390612777,3.608873248790739,-0.3828846720780737,3.455054622999013,-0.5293414468279942,3.226649815834577,-0.6650200033837701,2.9275574017252994,-0.7875120464889814,2.5637623481757283,-0.8847944182291396,2.144161105156464,-0.9343236086256766,1.6870219896970309,-0.9255481971143884,1.219614056652097,-0.8538204397908089,0.771789114649884,-0.6901690457372563,0.3810347133488326,-0.39966528860248457,0.10311775478373884,0.0005035495017816067,-5.2835123041097843e-05,0.4445555113010213,0.11092106048400592,0.8663684621770594,0.44058408983164987,1.2347407044657552,0.9681416187220918,1.554570081820157,1.6672674328370278,1.828795146440442,2.5152503315435695,2.0422878518231795,3.485885394910915,2.1864128808728953,4.5458694002965725,2.2668577940332857,5.661736186276273,2.2843470160845674,6.802272836043268,2.234401967985795,7.934792753914909,2.11897629293608,9.025736861043272,1.9441277374719168,10.043886398273,1.7132783948290982,10.9605436502395,1.429158463641248,11.748225215074644,1.1031015483151347,12.382687559232295,0.748500452871492,12.846668702384898,0.36679524088733667,13.126657074456046,-0.03891143922630349,13.20936340842826,-0.45262093710738704,13.08644651842772,-0.8630752558911793,12.757387097780517,-1.2718272180795986,12.223594628799406,-1.6732973966619573,11.486702475863614,-2.0526362506168723,10.554059779362497,-2.4058129106418,9.438530037189093,-2.740204048938661,8.151200096534325,-3.0363051075408833,6.704516725699725,-3.2571178015958475,5.127832962702916,-3.399204477443801,3.4601566964324153,-3.4551840673699625,1.7442476855202527,-3.5228985135383395,3.908096510303036e-05
71,2,-0.6692375006805555,2.260200791923611,-0.6816104789128802,2.268237234533022,5.161320134418167,4.799107921719141,5.024710161860188,9.042752571333017,3.0109308147304774e-05,6.604737706943133e-05,0.08984563483728313,0.03354093831562269,0.07943574651668285,0.07220015971370611,0.22414723509120255,0.14212104991361632,0.41008110519706975,0.30245618130111074,0.5420620047211953,0.5425246457825348,0.6399600309018284,0.8390046861253916,0.7135388069777205,1.1785476292048802,0.7538104611912925,1.5469331383714116,0.7594062452299148,1.9264839062449837,0.7411555475775511,2.302446633016334,0.6972019299923838,2.6635087488441553,0.6090924121939773,2.9920673920876384,0.4876562080808022,3.2669107333643423,0.36065936854809855,3.479000790225876,0.23993997389454613,3.628431503945556,0.14265909139119168,3.723264497619868,0.03918545716426303,3.7700154833543342,-0.09712840164400087,3.756617462501347,-0.24733943161816055,3.6706923353125114,-0.39922711352217954,3.509014273309623,-0.54621013831106,3.2722708520526544,-0.6816104789128802,2.964783274783525,-0.8031778199349167,2.592899940645537,-0.8989636500922887,2.1658161226951202,-0.9464620150678426,1.7020806800479846,-0.9353234403493272,1.2291862495671073,-0.8611251700957621,0.7770890446853714,-0.6949376320178441,0.3833131408030174,-0.4018919257031416,0.10365200335065211,0.0005058692686045559,-5.307102123258806e-05,0.44612297968179077,0.11134544244042292,0.8687289534680328,0.4420210596027589,1.2372771001324687,0.9708229958025413,1.556930312578506,1.6711826219580672,1.8308298144191864,2.5202674924147974,2.0439775333899797,3.491832013219505,2.1878540836238827,4.552592463038722,2.268237234533022,5.669155474790689,2.285886889812385,6.810412599418405,2.236317881739637,7.943787988854661,2.121450277574827,9.035823018432453,1.947283450908764,10.055376346225666,1.7171602252319051,10.973792989477436,1.4337201019466814,11.763589242580325,1.1082111340830376,12.400476469582442,0.7539523818622302,12.867108072110351,0.37231084564092376,13.149851407721526,-0.033670161588449224,13.235261787210268,-0.44801170485866876,13.114822378014292,-0.8594548518434345,12.787835350499185,-1.2695578519248514,12.255530352630519,-1.6727193503286786,11.51936307351152,-2.0540242355772813,10.586527830473225,-2.4093859891211116,9.469766464643946,-2.7461581530379817,8.180061860517474,-3.0447198387850802,6.7297848380553935,-3.2678603835238267,5.148303462357009,-3.4120332248656715,3.474721081394751,-3.4697338485726084,1.7519558354365752,-3.5391796423909643,3.926157854715847e-05
72,2,-0.6658112464652778,2.2876734071597222,-0.6884410804086086,2.280219481602306,5.165603030437523,4.820285474075033,4.998985461204419,9.15266672717054,3.280973827811977e-05,7.64745223660986e-05,0.10165980127045793,0.03832540002924334,0.08754066582238729,0.08144285329512536,0.24590613923061222,0.1583413449493831,0.44397020768355766,0.33304523582244777,0.5777192541114895,0.5908379893560505,0.6718428869801912,0.9043520741367868,0.7387626770924781,1.2582722508372883,0.7703802462647259,1.6371672861416093,0.7666801944278698,2.022669477031417,0.7400230197276333,2.400110750228057,0.688964757790791,2.758783644689593,0.5948507721005641,3.0816693728630047,0.46923267745785674,3.3482496868130562,0.3403701463414004,3.5505723826679496,0.2197145021268751,3.6898001976278882,0.12398433949880708,3.7748646152985934,0.022547740350259003,3.8127856120683647,-0.11171716397603765,3.7915784285516905,-0.2597939766359304,3.6988899835136477,-0.40958138114120524,3.5315149319373913,-0.5546542027963441,3.2900822479961023,-0.6884410804086086,2.9787902911991235,-0.808759936286964,2.603819290095095,-0.9036351512791293,2.1741842453477527,-0.9504617240231253,1.708288906507063,-0.9388044668217125,1.233529148535503,-0.8641432112266836,0.7798062580311094,-0.6973478376887045,0.384661791277221,-0.40331493021619436,0.10402341873482797,0.000507719262095237,-5.3266326450665174e-05,0.4478469859380268,0.11176855847069013,0.8722728017608142,0.44376071510304826,1.2426106551297629,0.9747841651929327,1.5640038803634082,1.6782477203146333,1.8395538636238526,2.5312879848092558,2.0541323936639704,3.5075843864025384,2.199108268345101,4.573712023977487,2.280219481602306,5.696100307270343,2.2981770408540836,6.843444502148087,2.2484351336279347,7.982942485203965,2.132902609850158,9.080889924619324,1.9576090178925325,10.105906208384884,1.7259319524474184,11.029114267576434,1.440557214411364,11.822826970360786,1.1128376794372523,12.462588692962456,0.756215497650537,12.930947392759997,0.37211894277948515,13.214211401578584,-0.036338165767889265,13.298905189081463,-0.4530435469266679,13.17653333359601,-0.866640544523158,12.846482469962478,-1.2786632457468539,12.310094368571685,-1.6834582776658795,11.568952245664015,-2.066028955808925,10.630414657081477,-2.4222727845496923,9.50741533577509,-2.759582486204698,8.211118577293588,-3.0582739258837166,6.754076858590282,-3.2810414814964166,5.16589152711371,-3.424401290156486,3.485904125978047,-3.4809104760132112,1.7572429262121827,-3.549145067627982,3.937212894051549e-05
73,2,-0.6778965944375,2.315659075944444,-0.6978167981610539,2.3055534219423754,5.204044132116504,4.788590609511589,5.08972360828059,9.264633539706756,3.232460871365618e-05,7.405034629098978e-05,0.0990851407573183,0.03724981623883437,0.08598745322695019,0.07945189880357813,0.2418994821532464,0.15503730935757754,0.43857181463794775,0.3272648471982498,0.5736144372733134,0.5825963548086323,0.6704678388476091,0.8947005781254885,0.7408430236326848,1.24877523600363,0.7762269155552686,1.629648744934066,0.776125321494496,2.018990505452161,0.7525194722014282,2.401944821860495,0.7037567691271074,2.7674759286053483,0.6109110753066644,3.098123876733398,0.48537115520761814,3.3728011021801003,0.35557883270984625,3.5829979451102543,0.23325108673805803,3.7294343128077476,0.13551652323289987,3.8207757841469476,0.031608887568814595,3.863875480736502,-0.10589206183620158,3.846418305736507,-0.2576866101926605,3.7557257320288526,-0.4113951082995862,3.588428464789363,-0.5603706356256339,3.345107109638824,-0.6978167981610539,3.0300288538102884,-0.8214128829742513,2.649531121201691,-0.9188978632272463,2.212879622841653,-0.9672083641824256,1.738927518453282,-0.9556941337041652,1.2557027473544298,-0.8797774507216768,0.793785382796265,-0.7098889306697148,0.39150645328855144,-0.4104582067070741,0.10585249773671467,0.0005165364193563486,-5.4187804402733335e-05,0.4553536187552546,0.11366307290238578,0.8863289599263637,0.4511038057533152,1.2617230119049274,0.9904814872513561,1.5868210338381095,1.704478412788689,1.8648639406039298,2.5696023879773744,2.0806249230286977,3.5589055582776696,2.225521341697299,4.6383070913656965,2.3055534219423754,5.773668783778048,2.32160987384634,6.933237019424549,2.2692471774944027,8.083823256736045,2.150544809200472,9.191402873753761,1.9717220516533969,10.224369727081555,1.7362832151562795,11.153701752200854,1.447006737463732,11.95161793588375,1.1153981556886996,12.59362780905917,0.7550355349986768,13.062324702256916,0.36734308234000107,13.344094523890362,-0.044561400006158186,13.425530560973353,-0.46445783062558876,13.298236370188917,-0.8809399774924126,12.961745413164978,-1.295604134663929,12.417538031110329,-1.7027937693588207,11.667314879373302,-2.0874342596997515,10.718577574468373,-2.445433325553097,9.584425856538086,-2.7842764077950495,8.276156493431511,-3.084157740920275,6.806449326047402,-3.3075251115975357,5.205146964563267,-3.4509083607839437,3.5118862809309617,-3.5068463362626745,1.7700997204522824,-3.5746537471867392,3.9655107126070756e-05
74,2,-0.6922169447777777,2.2967449790694445,-0.703437634549231,2.2811932436326066,5.208547835136795,4.8211076096253995,5.19724240363055,9.18896083896176,3.234030672933558e-05,7.337441899579569e-05,0.09854265684323942,0.036987686822557535,0.08587738311511432,0.0790554477829438,0.2417516862863553,0.15456644771478964,0.4391846929482095,0.3268676705990693,0.575711399999553,0.5828597756877483,0.674228127271825,0.8964287317870412,0.7461027013622914,1.2527717428646248,0.7825078539741406,1.6365564781266404,0.7827180499839292,2.0291483745138486,0.7586759838365158,2.4153203778376864,0.7087289946678418,2.7836664955730037,0.6138979660572385,3.1163359529087025,0.4858288975493652,3.3918863748951384,0.3534243819857114,3.6016556461461486,0.22871872214970443,3.746403388448865,0.12910321135056463,3.8349872711485764,0.023717916105310516,3.8744970980694085,-0.11483076077645209,3.8528088076117957,-0.2669848441360078,3.7575246639155258,-0.4202494083892608,3.5856550998151757,-0.56797262208354,3.338186996326055,-0.703437634549231,3.019775267466554,-0.8244628129601308,2.6370888431150417,-0.9190145635305866,2.1996377079108824,-0.9644315579078693,1.726362157833143,-0.9505094489748984,1.2451560726703859,-0.8730744596061265,0.7862579030155049,-0.7031791126357161,0.3874122699280303,-0.40598278103363256,0.10465665932048783,0.0005104141146247262,-5.3538772647633206e-05,0.44957193639464826,0.1122438749659458,0.8747237192463291,0.44531748196475524,1.2450658709489308,0.9775896152409732,1.5661100411107363,1.682201509355751,1.8412257653273583,2.536186177673084,2.055424571381508,3.513219460058315,2.2001540000148787,4.5799247602460476,2.2811932436326066,5.702810627311824,2.299225220298528,6.8506557404275705,2.249620912682296,7.990711483964143,2.1342041584787212,9.089283204347836,1.958934070659247,10.114961366810908,1.72712286011325,11.038806261450722,1.441409464988463,11.833038542322914,1.1131635484457647,12.473101359948426,0.7558830237643367,12.941463153550579,0.37102239878434146,13.224373820644749,-0.03825432940873787,13.308314650271122,-0.45571931439301067,13.184789775583235,-0.8699233678653974,12.8532420215514,-1.282363689154807,12.315099320346876,-1.6873266267228324,11.57205286114582,-2.0697443800879305,10.631605162020985,-2.4255046414369947,9.506855900207812,-2.7620256900932616,8.209127678186928,-3.059611114150595,6.751127475937072,-3.281005366632441,5.16260883905049,-3.42288616132947,3.4830084177311273,-3.4779948886309033,1.7554617074351366,-3.5449534348715996,3.9325629290421984e-05
75,2,-0.7213255532857143,2.2470266069714286,-0.694516335843355,2.267059634780346,5.223451990834738,4.831464584173544,5.415793098740587,8.990044468903687,3.180450422797308e-05,7.1967311282761e-05,0.09675886791953989,0.03630084951461031,0.0844342049118419,0.0776365200396334,0.23776847557860048,0.15189040457920894,0.4323208903579314,0.3214277582537695,0.5673057597701371,0.57355561862362,0.6650598751780241,0.882709524616429,0.7366415710158767,1.2343757471362162,0.7732399004361504,1.6134580037813835,0.7740490172236633,2.001553021482986,0.7508139724664227,2.3835861285807782,0.7019017124633783,2.7482451712630933,0.608566797068426,3.077854193448764,0.4823160444715282,3.351189049577364,0.35172466612520625,3.559657724253568,0.22869605056652148,3.7039858721447985,0.13042409561885449,3.7929062614729956,0.02637956466467004,3.8334008917508995,-0.11058106701864294,3.813434696914425,-0.2611717085027659,3.7206725659774973,-0.4130752034919132,3.5520601504050267,-0.5597376724578935,3.3084590102055693,-0.694516335843355,2.994352268783583,-0.8152363520362478,2.6162190885765595,-0.909925550786189,2.1833677191025362,-0.9560076396817786,1.7144922878951327,-0.943203007515049,1.2372341351525973,-0.867197324996227,0.781643580422345,-0.6990374060985718,0.3853165256657448,-0.40387345705298916,0.10413296625011972,0.0005079983414824275,-5.328861912592055e-05,0.4476246766090305,0.11174669652983496,0.8710742236065105,0.44341190763367644,1.2398560106231389,0.9734671929776624,1.5592898866036549,1.675077233649223,1.8326345288394108,2.5252157164165143,2.0449545940673004,3.4974857188456974,2.187807211724371,4.558484933740103,2.267059634780346,5.674744695006974,2.2835377719339034,6.815120735810044,2.2328102738694913,7.947030216779559,2.1168550336576644,9.037035381450172,1.9417259010640604,10.054044270318665,1.7108122641164893,10.969476466266457,1.4267968345032929,11.75594507036889,1.1009661475130263,12.38927903980611,0.7466642461732778,12.852265368181056,0.36527754016595737,13.13141549342355,-0.04013343597119646,13.21343844327196,-0.4535921965658406,13.089975409361978,-0.8638549976121279,12.76048100344788,-1.2724855860635034,12.226331985640389,-1.673899914270141,11.489127003118144,-2.0532298901281973,10.556186810959808,-2.4064278363134015,9.440355936804936,-2.740856573063625,8.15270936939599,-3.036982269476529,6.7056922337239415,-3.2577786549760295,5.128672159204219,-3.399809306327092,3.4606778923522246,-3.4557041728577844,1.7444872017496151,-3.5233355075711517,3.9085812845917355e-05
76,2,-0.7429997097569445,2.219652415986111,-0.7032715997991078,2.2643406818068734,5.207158689697634,4.83410843544574,5.578525094721072,8.880524094959402,3.102986363336487e-05,6.911063628964584e-05,0.09351368568483243,0.03498593234245256,0.08227440069276325,0.0751107635795248,0.2320954176454122,0.14752738198660778,0.42394823634622364,0.31341008870675374,0.5594891123170509,0.5613813942699848,0.6597040599885042,0.8671860997084493,0.7348535381275902,1.2170282471418075,0.7757255431708537,1.596265724265571,0.7809440220339335,1.9867139992953944,0.7616670670420269,2.373211587746153,0.7159493396542778,2.744131694948641,0.6247865214117339,3.0813580619146563,0.49935035043604126,3.3630664184068704,0.36820927929818237,3.5799674091244955,0.2435309700002678,3.7321628681795236,0.1429490249938416,3.827943183001708,0.03604909354966111,3.8740139560870506,-0.10442731137146159,3.858027507653996,-0.25891378121390307,3.7673765249090394,-0.4147769809127703,3.598900447787118,-0.5651934470868267,3.3534954294489894,-0.7032715997991078,3.0358134138005135,-0.8266856900289956,2.652600567352947,-0.9232346996405947,2.2135176987819163,-0.9700283230511044,1.7377577468481404,-0.9567135166968801,1.2535683001054434,-0.8790662456140221,0.7915852836962839,-0.7080081890008347,0.38999118851128833,-0.4086491994127081,0.10532522748798262,0.0005135097010693963,-5.385769800579937e-05,0.4518308846424368,0.11284564803878601,0.8780372019673185,0.44737291496143156,1.247919410083057,0.9812502443724421,1.567043892954616,1.6868670197561761,1.8389227674715587,2.540560634980778,2.0488059190989856,3.5154010477953297,2.1885402438978874,4.577567243950458,2.2643406818068734,5.693337961810119,2.2773169084655316,6.831475951630951,2.223281883758575,7.959435095563411,2.104435563328747,9.043931950997095,1.9270002132224164,10.054127471701113,1.6944791230603071,10.96176399742082,1.409629037781887,11.739824250121593,1.0837530810344398,12.36453073732638,0.7301558911021823,12.819056354331654,0.35019011540848416,13.090278220378375,-0.05312758270181372,13.165254545797033,-0.4639301672501098,13.035937835926559,-0.8710860231930857,12.702033767055696,-1.276212226416931,12.165129851588937,-1.6738061315508044,11.427006249355545,-2.049138642939412,10.495107619847436,-2.3982475138768997,9.38234098839105,-2.728502222986371,8.099825718872196,-3.020545461602657,6.660017937194236,-3.2376799277459476,5.092152671152795,-3.376591580697619,3.4350144468166754,-3.43006333222383,1.7310597827983454,-3.4952723631525027,3.877449659298042e-05
77,2,-0.7321197969577464,2.196827419992958,-0.6996025114282914,2.2037154120578326,5.180874248553888,4.806561163102996,5.496837490026639,8.789204424625119,3.446144512258097e-05,8.063179581833425e-05,0.10700450315701313,0.040371605962131844,0.09189502884525311,0.08569354970463501,0.2578849492801968,0.16637658493775653,0.4645007658140513,0.3493741201390708,0.6023648307217694,0.6186261595497035,0.6975470900266455,0.9448271769367256,0.7632073439704717,1.311383006197566,0.7911721893380685,1.7016841969130259,0.7818687688824497,2.096243446698718,0.7485853116797047,2.4796496717526706,0.6902764647234093,2.8408193121181045,0.5883451362288478,3.162417491650434,0.45537158410519246,3.4238567589681264,0.32066463630654074,3.617717742118462,0.19594487298006974,3.745997161053618,0.09797551463749035,3.8185509707388463,-0.00443826544524773,3.8431785899805697,-0.13843009714421498,3.8084854509209087,-0.2846659401495313,3.7028341484517986,-0.4310835646465339,3.5238054441429214,-0.5714763866789101,3.27274338825195,-0.6996025114282914,2.9544219834372147,-0.8136325767238628,2.575424367482793,-0.9020878796831344,2.144967264928792,-0.9431389713355357,1.6813332193453498,-0.9270545281035585,1.21140868079089,-0.8498804909872568,0.7642847391088226,-0.6835335565628993,0.3763134267403706,-0.3942260661083576,0.10159537331472812,0.0004952630277519103,-5.194364248057582e-05,0.4358351741638621,0.1088422691769047,0.8473626043242327,0.4316042357046863,1.2052757580508124,0.9470334395363014,1.5151028811745777,1.628899266450418,1.7802841431170027,2.4548318912103557,1.986513772563819,3.399304705786338,2.125736358689323,4.430073923170313,2.2037154120578326,5.514884566513095,2.221237840412039,6.623751041471079,2.1739163203295937,7.725265593490019,2.06352838576374,8.787132884392756,1.895768471172752,9.779252834610997,1.6737184889761452,10.673865329229734,1.3997630039934321,11.444260878474736,1.084666171429881,12.066746774574138,0.7412374989517013,12.52430154695764,0.37068789034023164,12.803450714686718,-0.024111382804758958,12.8908496326736,-0.42764481983616215,12.777916953518401,-0.8289419024523752,12.463677011213697,-1.2294942174796768,11.949040068222427,-1.6237903804492082,11.235155680771625,-1.9972012218948894,10.328802696647577,-2.345642939862251,9.242217341749358,-2.676203146235111,7.9859659755406565,-2.9696252069366356,6.572016245325077,-3.1894499130165084,5.028989307858438,-3.3321132912400686,3.395070350530612,-3.390208907125568,1.7122156092296241,-3.4597058488029515,3.8379943190725574e-05
78,2,-0.7373830225347222,2.2091299295069446,-0.703954062778236,2.2108964473345276,5.150469401652872,4.849825560684692,5.536354377549976,8.838425073489137,3.315584162565344e-05,7.576385330408817e-05,0.1014573527343032,0.03812986421454935,0.08809148141589748,0.0813567603757946,0.24775182769688336,0.15877918472748528,0.448992736842388,0.3351384305388808,0.5867006317973263,0.5964234489815075,0.6846999715779309,0.9154113843351552,0.7548662401951823,1.2766109461695943,0.7884807196757259,1.6641203629982502,0.785163053946757,2.0588364248874824,0.7573546888191154,2.4452914443973395,0.7036539078849139,2.81203607667178,0.6052625829558775,3.141261414596671,0.474310302688715,3.411734928702573,0.3400105370505832,3.61522921143992,0.21438158995775086,3.753000853763793,0.11463739051226894,3.834356131534988,0.009807666703911068,3.866740159214424,-0.12733564976891656,3.8384111077235503,-0.2772677628965837,3.737399403175585,-0.42765658952803925,3.5610835827411265,-0.5720471074021907,3.310731068403402,-0.703954062778236,2.9911662899420404,-0.8213828188422656,2.6091235531785304,-0.9125952999555039,2.1740671398663256,-0.9553783166931759,1.7046973372526424,-0.939814613074849,1.2284722655619515,-0.8619060661845006,0.7750958491180467,-0.6932513002469127,0.38161305959671704,-0.3997553926054834,0.10300785990113409,0.0005020389164987429,-5.2650459338053934e-05,0.4414868035447144,0.11027885339720334,0.8576218002789346,0.43707846738330847,1.218579731895799,0.9584651182058886,1.529929845435954,1.6474240336979742,1.7951916749102217,2.4808510981320957,2.0000364351428517,3.4324914173827965,2.136568728430491,4.469397003305543,2.2108964473345276,5.558743904913788,2.2241229336483492,6.670147789476489,2.172164561486708,7.771952849909381,2.057144883027363,8.831778871347302,1.885085039437158,9.819612280855251,1.6593315207725043,10.707927548937862,1.3824832209245999,11.470368737722797,1.0654624785634104,12.083691294806453,0.721144918187508,12.531378526930737,0.35074943874315123,12.800476592093212,-0.04287811068888211,12.878158282828826,-0.44432699774721235,12.756328547731185,-0.8427761521169664,12.434430408725571,-1.2398393548418796,11.913724472114124,-1.6301561165447855,11.195646102133619,-1.999305278625978,10.287168106200827,-2.3433632554098933,9.200623343723413,-2.6694967972286503,7.946619107187641,-2.9586661794248834,6.537100831139079,-3.1747373323822683,5.0005158107325585,-3.314253120849028,3.374768597469975,-3.369908435192521,1.7014762200341258,-3.4370717288644066,3.8128853347690916e-05
79,2,-0.7588323582708333,2.189245043513889,-0.713370488452209,2.2020664068312232,5.172000291034772,4.829220901839745,5.697398394253746,8.758868378974697,3.5142266390705484e-05,8.115598021053744e-05,0.10818968766273819,0.04074186893463113,0.09334080580508797,0.08668388938298119,0.2620337174203333,0.1686444466223994,0.4727378323742243,0.3547429514107975,0.6140481648912818,0.6290107566462265,0.7119123346725549,0.9617534073062771,0.7794419093669968,1.3359992374707261,0.808163319139989,1.7346578464050164,0.7984485820933878,2.137653631991949,0.763874471328283,2.5290580323892033,0.7034703402879235,2.897387545334159,0.5984091558914667,3.2248423540614573,0.4616870330076701,3.490383445890551,0.3233359766751233,3.6864799565055435,0.1954027175652492,3.8152638901546228,0.0949939868207945,3.8869081649153285,-0.009635685284988755,3.909499314728512,-0.14602540037767545,3.871608833554831,-0.2944572797811432,3.761595766285088,-0.4426725110816444,3.5772043135600553,-0.5844021271863623,3.319992886932785,-0.713370488452209,2.9949782918098267,-0.8277920271971778,2.6089801693442887,-0.9161194165665468,2.1714499258157334,-0.9563689588432808,1.7009711830104588,-0.9388396779749185,1.2247691671562297,-0.8596790963252225,0.7722260638323905,-0.6906778172879885,0.3799864694305294,-0.3979543196189626,0.1025231302688485,0.00049953735301338,-5.238493526424699e-05,0.4391107039550916,0.10969611983605483,0.8528593997704597,0.4347016904836445,1.2117868344456912,0.9531809926172982,1.5215726304858543,1.6383322339485966,1.785793204938016,2.4672964654053606,1.9902208042407166,3.414105765173144,2.126974848593679,4.446133989471525,2.2020664068312232,5.530854552502454,2.2165073435904685,6.638129741456699,2.1661335161637205,7.736509868193692,2.0529522291043802,8.793772141368862,1.8828577194371334,9.779997634929847,1.6590936595646597,10.667697406702493,1.3841718839220567,11.430505869064891,1.068915085477676,12.045122634456117,0.726118008361402,12.494927280096816,0.3569734338755073,12.766836112645242,-0.03569528690454864,12.847882517294451,-0.43651717292999415,12.729815362654021,-0.8346794921987514,12.411907535194361,-1.2317703256563861,11.895255658710672,-1.6224145259878047,11.181142320358274,-1.9921792559960996,10.27639267951034,-2.3371038984058874,9.193203665248323,-2.6643093179815804,7.942069021247272,-2.9547298681981005,6.534838620896725,-3.172185326227569,4.999879574770453,-3.313137592382228,3.3750497529830623,-3.370198658744691,1.7019608823829353,-3.438711133371183,3.814704009596452e-05
80,2,-0.7623285986666667,2.1476156976458336,-0.6948600101768692,2.1980057750802344,5.194579870156752,4.815554958988103,5.7236485589970325,8.592315090551642,3.289817375353171e-05,7.465317299742175e-05,0.1002036521286484,0.03762292176075417,0.08719237965447729,0.08036886723573979,0.2452141614185517,0.15699628503377944,0.4445617619769957,0.3315850835883925,0.5810243128234306,0.5903245376512686,0.6779966445688402,0.9062153158582538,0.7471976484969427,1.2638172293004726,0.7800519250559005,1.6472902679427672,0.7762822234075122,2.0376664091804293,0.7482923665377851,2.419624723258822,0.6947874742931052,2.78186463890397,0.5972849419719585,3.1068467887085327,0.4678153867853661,3.3736870732627793,0.3352097575501316,3.5743522717084755,0.21128948006644074,3.7101571928982517,0.11299544116575085,3.790338224101118,0.009726811804808456,3.8222737909739304,-0.12543492848152898,3.7943873435385136,-0.2732830466977757,3.6948490953061133,-0.42170045374337073,3.521025483452984,-0.564354385519153,3.2740977612921536,-0.6948600101768692,2.958744326432186,-0.811247588847387,2.581524947332679,-0.9018920654874047,2.1517021968687513,-0.9447618917982443,1.6876914716594724,-0.9299425686260636,1.2166135289589324,-0.8533630538403582,0.7678662506284423,-0.686766982339011,0.37817610086908127,-0.39621655626876806,0.10211165491101767,0.0004977843931954285,-5.2207241297985956e-05,0.43793660442247484,0.1093786794470229,0.8510142107796957,0.4336120484340079,1.2095747269150081,0.9510691516218357,1.5190848748891914,1.6350451392218532,1.7829949017529934,2.4626904408009627,1.9870497273955776,3.4080098263796246,2.123377800607441,4.438348043947686,2.1980057750802344,5.521155069569961,2.2119945460301054,6.626284893469217,2.1612549946541346,7.722312102955645,2.047856511698976,8.777073647051544,1.8777360586387883,9.76073604732653,1.654173834044731,10.645915257398418,1.3797050629694907,11.406366610536685,1.0651305809939842,12.018912076381248,0.7231984071868872,12.467033677480863,0.3550828407684266,12.737733386766179,-0.03642410946945374,12.818120822726078,-0.4360315988815824,12.699992458059105,-0.8329900763207271,12.382629289675585,-1.2289041886820236,11.867117839359896,-1.6184355756515572,11.154719742161994,-1.9872102068133626,10.252213058426177,-2.331282541092611,9.171726850503319,-2.657750960044389,7.923692055250023,-2.9475997259937974,6.51989299028507,-3.16472479008758,4.988591397862069,-3.305559312374018,3.367530115858035,-3.362693920039844,1.698216227395448,-3.4312325215810437,3.8064076793581876e-05
81,3,-0.7586769622638889,2.1515452497777776,-0.7806516503674529,2.2011546755350344,5.111406310796568,4.904492799527416,5.696231663617145,8.608036688284152,4.25872658878973e-05,0.00010133888338908257,0.1334796695185791,0.05053306956279219,0.11331343314328206,0.1067336895051226,0.31678320669301485,0.20602944445897683,0.5654135227618896,0.42978903208744107,0.7241416533280921,0.7554793838917373,0.8266566435524273,1.1448142114686795,0.8903549100096357,1.5758220316841942,0.9069307160956437,2.0272309489183464,0.8787550042452063,2.475177149542224,0.823195828020756,2.901536015474283,0.7403195328026461,3.294005009706585,0.6100965952914542,3.633685505149382,0.4487197252830298,3.8987659635208134,0.29032687131061385,4.083155720025915,0.14785441737257993,4.191538167594442,0.03914835186308023,4.237119731935769,-0.07137907448026505,4.230310790718003,-0.21344617882020248,4.160084846405783,-0.3655366148503427,4.015337512228629,-0.5148294582526174,3.7950331607011685,-0.6551983154900294,3.501984455679493,-0.7806516503674529,3.1423726881198997,-0.8899612754909938,2.72395328199847,-0.971705495671421,2.2569184612731017,-1.0038267256308984,1.7606207975966186,-0.9771932895229016,1.2629433993646026,-0.888622807459438,0.7935675138688051,-0.7098637499188356,0.38927521976338497,-0.4070969322343659,0.10473440866015139,0.0005092757751975977,-5.33792122734509e-05,0.44593732211593323,0.11152263675644777,0.8635335254896003,0.44102666143599245,1.2236694724106905,0.9652390301935854,1.5328123783321503,1.656233119126142,1.7951047725793912,2.490381791233986,1.9966214853963313,3.441153771826568,2.129836716816337,4.4755150277350735,2.2011546755350344,5.5607261752233565,2.211865214045836,6.6666065500307035,2.1580208173205455,7.761782610820959,2.041839358288237,8.814214932302507,1.869381975910899,9.794264071880304,1.644001144084875,10.674789006756077,1.3682765421041032,11.429815708605252,1.0530475449926608,12.036457786581527,0.7110587227211292,12.478499715681329,0.3434322206404213,12.743230317536007,-0.04709562014692816,12.818017975733452,-0.44530178931457903,12.6948884655672,-0.8405334026081589,12.373310466184815,-1.234490670254548,11.854508803903054,-1.6219262128417495,11.139837718975036,-1.9885693164508638,10.236119255991413,-2.3305630245582236,9.15547660951828,-2.6550583382632573,7.9083003929586395,-2.943126939442535,6.506303669410404,-3.158790329923284,4.977618557646554,-3.298527262100283,3.3598152353386794,-3.354959593432418,1.6942065139020388,-3.4229540982925006,3.797224079498813e-05
82,3,-0.7704247917222222,2.1277828051111114,-0.7617162412855145,2.1994268028573165,5.132363026225233,4.913317452685308,5.784435683862664,8.512966414714441,4.089678487741357e-05,9.814012886878287e-05,0.1289253240122162,0.048860632522273205,0.10922050805058098,0.10307646573217184,0.30540904271434466,0.19880321460041683,0.5450328710824818,0.4145084824656427,0.6982390853196887,0.7284897499285418,0.7978360699669715,1.1040572174389705,0.8607064681437202,1.5203553049069756,0.8788129384688379,1.9572224547277626,0.8542768478358721,2.3919487330836007,0.8036050276746224,2.807253350749575,0.7265705278307922,3.1913393083851993,0.6034270538300529,3.5258699702912493,0.44940941530599327,3.789480217948125,0.29733113182686294,3.9758469623499746,0.1596889076361488,4.089013737124318,0.05397519281527549,4.141326032560327,-0.05435465111920366,4.142485421608546,-0.19441398059878792,4.081292405787498,-0.34523606107799076,3.9464167214749035,-0.4941706851419337,3.736388875892736,-0.6350338688308198,3.453580119343925,-0.7617162412855145,3.1037695831749277,-0.872783916442404,2.694397128663578,-0.9567225341752623,2.2354203675326865,-0.9914208904799487,1.7459824489285654,-0.9675217773902379,1.253824915762731,-0.8816153713585173,0.7886138570269811,-0.7054174905237567,0.3871812739894684,-0.4050670425043583,0.10424961355188475,0.0005071820573839664,-5.316635239607538e-05,0.4445105488317217,0.11113822504134283,0.8613141659631876,0.4397064455580803,1.221142465034764,0.9627164281505067,1.5302587792948763,1.6524322376680969,1.7926721296942034,2.4853296863334053,1.9944011409960645,3.434935503422799,2.127869719939403,4.468249489495315,2.1994268028573165,5.552538319137317,2.2103374616671005,6.6576065020629756,2.1566524382875465,7.752060236235554,2.0405883388617947,8.803839480379805,1.8682090897520043,9.783284060852845,1.6428823163283819,10.663236609029944,1.3672091912074704,11.417716513495785,1.0520409843494916,12.023839617015991,0.7101326688583319,12.4653971060844,0.3426334296370224,12.7296939230027,-0.04769854917023881,12.804128174661672,-0.44564091932190525,12.680760440878625,-0.8405392192650236,12.359093000236859,-1.2340784284117978,11.840389202079427,-1.6210113731060014,11.126046719152617,-1.9870864137866742,10.222925322667274,-2.3284543154492052,9.143177997301919,-2.6522598857174002,7.897226108624364,-2.939612682298335,6.496808180684062,-3.1546039334173224,4.970050665351126,-3.2937335991275907,3.3544959194285426,-3.3496534184800777,1.6914144417068493,-3.41708580243556,3.7907141313956876e-05
83,3,-0.7263510802777778,2.172666238423611,-0.7876841463155424,2.236205711667701,5.145098381953345,4.915630635520059,5.453525318647638,8.692538859537555,4.210819411888855e-05,0.00010027450070392092,0.1320913097523027,0.050001878013750355,0.11225328556303622,0.10564404003863911,0.31401991750461267,0.20404563092134648,0.561190407111847,0.4259936590494891,0.7200859759155807,0.7495536423168808,0.8239412340429416,1.1371562506995134,0.889822674987851,1.5673207591091094,0.9092148785440851,2.0191473944132285,0.8841372722695746,2.4690072668357015,0.831568123095244,2.8988157066480653,0.7513061768960917,3.2961450083826715,0.6230355311134215,3.6418420278296244,0.46264803536310734,3.913682271097196,0.3042465225222773,4.105073747594362,0.16091307155148196,4.220230197425123,0.05081709583259774,4.272010922031143,-0.06165305655243691,4.270581191163409,-0.2064363059896636,4.2045693284637915,-0.36180244645128606,4.06252504610095,-0.5146775742454,3.8432008148492027,-0.6587119716966627,3.549309772665362,-0.7876841463155424,3.187051942312145,-0.900215172421692,2.764294850196931,-0.9846082396856454,2.2914378846716508,-1.018373081130824,1.7882288191411932,-0.9921634248283648,1.283121051592443,-0.9027260233254357,0.8064177834766841,-0.7213717482952117,0.39563651958665436,-0.41377269792862337,0.10645562324908762,0.0005176672657585251,-5.4259129739264555e-05,0.4532991843787604,0.11336325173745171,0.8777785086913297,0.44830547834702467,1.243809641160497,0.9811559152236686,1.557954295869868,1.6835037679908638,1.8244155517267493,2.5313040924974235,2.0290274576304985,3.4975553751894606,2.1641253979881045,4.548639483879659,2.236205711667701,5.6512305697248815,2.2465700010731604,6.774597860509766,2.1912042562353067,7.886795040340016,2.0723758215739827,8.955201606972693,1.896274970925877,9.949647149581358,1.6663544271117952,10.84251942136659,1.385297026317317,11.60741885198696,1.0641918550111098,12.22111774296745,0.7160654753041137,12.6672051708122,0.3421338269335658,12.932868857405175,-0.05474680231629426,13.005415647076944,-0.45905075397247264,12.876919017028778,-0.859917937431371,12.547037765588355,-1.259043028266599,12.017231944744324,-1.6510823675426207,11.289105854220173,-2.0215675787440013,10.369814384786777,-2.366618117203095,9.271878703921574,-2.693515192753164,8.006047348057294,-2.9831351693735635,6.584388791735694,-3.1991542878251438,5.035561436393555,-3.338150451508368,3.3977150365895503,-3.392809716763696,1.7127119192617484,-3.4591318628557297,3.837357535395174e-05
84,3,-0.7382191886736111,2.1636256095000004,-0.7389435753239009,2.205778153785056,5.1335978391263355,4.907307539772992,5.54263240663652,8.656368546378841,3.9724654928147875e-05,9.59673007326479e-05,0.1257886026058754,0.04771671930534206,0.10630777390716348,0.10054319165349163,0.29721986800194206,0.19371374620760318,0.5299922154255685,0.4035477719432198,0.678401717289952,0.7087276731400265,0.7746868938849001,1.0735009928656831,0.8354424696302997,1.4776396111045487,0.852971229130272,1.9016608232561745,0.8294158279150738,2.3236545779330986,0.7808427915240128,2.7270142498904204,0.7070038502406475,3.100460862056354,0.588635181529257,3.426335449711386,0.4403996916355595,3.683981863716656,0.29401846824875116,3.8672815488400976,0.1614927462184083,3.9801111535580174,0.059751162806834346,4.034360718575789,-0.044892836852180304,4.039314021281692,-0.18095267114359959,3.9838510773787448,-0.3281540418187409,3.8566393565022463,-0.474235907458795,3.6559008305415843,-0.6131734119397896,3.38358280863706,-0.7389435753239009,3.044971745410815,-0.8500474819803422,2.647015512748983,-0.9350345922880018,2.1991909022495655,-0.9719082350712465,1.7200984884024415,-0.9510933060010099,1.2369557940694127,-0.8688440581967374,0.7790650465428643,-0.6968035335854735,0.3829997505248204,-0.4009457557979072,0.10325494278781246,0.0005028267725267932,-5.272280160246257e-05,0.4415507122577392,0.11033701172218606,0.8569391195615402,0.4370067307519244,1.2167651783397455,0.9577770635356688,1.5269275018809154,1.6455292204525576,1.7911480717131676,2.4771853078665016,1.9952485917358376,3.4266028367993457,2.13142195787779,4.461008165405945,2.205778153785056,5.547773224547849,2.2193955424964176,6.656701022141213,2.1681640261419712,7.756310962891726,2.05415382132093,8.814378785863541,1.8833140504244186,9.801014372907654,1.6589256015512264,10.688780601369547,1.383522982864891,11.451378568821688,1.0679331340367448,12.065581717562381,0.7249310283660241,12.514839416925284,0.35567807546474045,12.786124356322041,-0.037041246504602346,12.866509010185807,-0.4379060759260437,12.747758894125967,-0.8361498117927059,12.429138621534674,-1.2333937194773805,11.911716915557314,-1.624290134147683,11.196733416684081,-1.9944206973082157,10.290959263078586,-2.3398202589776407,9.206535126826797,-2.6675994235020535,7.953902708571706,-2.9586626803435,6.5448680907737895,-3.1767519327301947,5.007782082383194,-3.3182499083739034,3.3805269277879533,-3.3756836746384837,1.7047817118766626,-3.444497992806592,3.821123613157093e-05
85,3,-0.8044122366527778,2.1471276895763887,-0.7606470956253542,2.1896394947651703,5.1011836068258,4.905181187484915,6.039617229643588,8.590362637371122,4.1347678506626795e-05,9.83104874943965e-05,0.12954392804940187,0.04903360061505696,0.11004793714924181,0.10359610462787118,0.30772802363423196,0.20004239824038617,0.549541032554875,0.4174643919569416,0.7042866100836098,0.7341205762393215,0.8045640092060566,1.112917761770427,0.8671957592116222,1.5325613503984616,0.8840454857697364,1.972401039996061,0.8573717474114309,2.4092389566635486,0.8040436754801109,2.825441169520659,0.7241104100777437,3.209028519214963,0.5980413543183549,3.5415910132025625,0.4415363120851071,3.8018574587136076,0.28778582823725657,3.9838328510694376,0.14936349562579612,4.091994936113936,0.043671507378025144,4.139121101142215,-0.0639974811607916,4.135267552499611,-0.2027336752290052,4.069556026256761,-0.35163207334309476,3.9309798403322684,-0.4982188873866489,3.7183272918004424,-0.636519219425895,3.434131052830722,-0.7606470956253542,3.084220844988429,-0.8693490682795081,2.6759859954940874,-0.9513292057384181,2.2192391555687263,-0.984747541205575,1.7328505501849625,-0.9603748200009631,1.2441817479206374,-0.8748112504686901,0.7824939208917594,-0.6999129868517574,0.3841830125668472,-0.4019411679400882,0.10345125050136447,0.0005033506648877506,-5.276646647711099e-05,0.44128497646855647,0.11032143970257412,0.855333646586615,0.4365611413031771,1.213090037495172,0.9560348502590927,1.5207411189300186,1.6413353732971985,1.7822287168956195,2.469219458929335,1.983620582239105,3.4134937554855864,2.1173388987375024,4.4414571929236555,2.1896394947651703,5.52064769277713,2.201728731952485,6.621099205765413,2.149626492599917,7.711628599461629,2.0354732274215097,8.760361071312431,1.8652290880308104,9.737774586073249,1.6421697335333783,10.616800212579083,1.3688041159887705,11.371501450621713,1.0558496375848179,11.978982528685933,0.7159324487244361,12.422953059784312,0.3501408808851615,12.690589430683195,-0.038828493306799716,12.769134344938557,-0.43584466318777093,12.650452913039631,-0.8302942239387775,12.333815443104585,-1.2238444900818353,11.8202501901956,-1.6112406588557822,11.110927734351485,-1.978219169507217,10.21248332205237,-2.3208721065794067,9.13686254772917,-2.6462689406767175,7.894315522995542,-2.935466228495019,6.496441179066383,-3.1524610014896535,4.971259715814901,-3.293614551021219,3.356268485303228,-3.3514442322020086,1.6927623845264501,-3.4206680421997304,3.794688078055573e-05
86,3,-0.8283107015902778,2.177318299784722,-0.7260366255787335,2.184604494719176,5.127326892984656,4.909344872918168,6.219049582884704,8.711151117344695,3.9671813726196864e-05,9.651246731056535e-05,0.12616839264308513,0.04791619048113328,0.10627371567960316,0.10080819026985885,0.296898387039852,0.1939154774260431,0.5283129697644603,0.40329961036790923,0.6744581264717167,0.707099234360346,0.7680545841910983,1.0692396649651814,0.8260153691341909,1.4693604788169288,0.8410221581152667,1.8880181917870986,0.8155301542734911,2.3035255921830147,0.7656926756701321,2.699597813904907,0.6913882584746388,3.065312757825506,0.573693613497744,3.3834963987627136,0.42717617964951127,3.634069280180015,0.2830776074170846,3.8113102387204334,0.15308678115361435,3.9193029311712646,0.0537096442893847,3.9699478599671156,-0.04833958559659735,3.9725028214126117,-0.1811587235519881,3.916105580836769,-0.32486188756013784,3.7896629721131694,-0.4674739710482851,3.5914424224030754,-0.6031500753198787,3.323333778220845,-0.7260366255787335,2.9904727354190253,-0.8347082905396964,2.599599310801346,-0.9179461288885333,2.159918655152282,-0.9541475797705333,1.6895892777212878,-0.9338763658994719,1.2152403281347388,-0.85338561825004,0.7655731988628828,-0.6846970304264371,0.37647797076812894,-0.39417942575827947,0.10153171569485114,0.0004945858891491119,-5.186322053691324e-05,0.43463824546519586,0.10858515697688528,0.8441433512179839,0.43026956538306305,1.1995535616768478,0.9434780036860866,1.5065987531937406,1.6217963289330042,1.7688542176669182,2.4427477181590613,1.9722221262700197,3.3807825583538933,2.1088477273008444,4.4037429527885354,2.184604494719176,5.479536015105341,2.2004093686656927,6.578392896334399,2.152051066325403,7.669202448731591,2.0414283674115143,8.720043552323752,1.8742934042134867,9.701232953176028,1.6537769394137416,10.58545239821154,1.3822855027377294,11.346455444653854,1.0704663458323196,11.960992564786599,0.730936423991909,12.412398822342995,0.3648192635290902,12.687484631487651,-0.025141195546837174,12.773147339302014,-0.4237305291709175,12.660938201834783,-0.8202254521945926,12.349864057366531,-1.2162014747043772,11.840740804964287,-1.6063049974341017,11.134572199157038,-1.976145757655787,10.23788395909268,-2.321718232572579,9.162571316967384,-2.6500460310577383,7.9188676377222995,-2.9420613113591885,6.518390894788649,-3.161565038390989,4.98926970402041,-3.304847100422396,3.369176278225269,-3.364352852591517,1.6996203538871948,-3.435176151986141,3.810782537724776e-05
87,3,-0.8277589177708333,2.2182450989861113,-0.760815359704954,2.2692135181479562,5.135586120395402,4.904437076768082,6.21490672812553,8.87489361316066,3.800711135987588e-05,8.976128940560814e-05,0.11871767506119378,0.0448556006242056,0.10155039260640962,0.0950306785778113,0.28478993576822575,0.18416446257655145,0.5119018767506484,0.38604095103106195,0.6621018992879428,0.6823720047510236,0.7646123297440445,1.0404189598869467,0.8342039095629195,1.4416409826597951,0.8621294629879028,1.8676035996470166,0.8491399629052543,2.2968415618477,0.8100421639295675,2.7124951612867982,0.7438697177473585,3.1025471547109436,0.6305417307479642,3.4482448600356546,0.48405512085527486,3.7274182142957195,0.3364288544051144,3.932347736718386,0.20034023703428763,4.065565738384849,0.0938172674544628,4.138082037108259,-0.01707561024069209,4.158594359634877,-0.16159947798540028,4.115007593115817,-0.318731162803635,3.9950309313521917,-0.4754265713433834,3.7963667949369717,-0.6250130036277037,3.5207772571032274,-0.760815359704954,3.1737033160261445,-0.8809207694258678,2.762507459130125,-0.9730986187845697,2.2973472818495924,-1.0141496670421075,1.7980336416613674,-0.9939586339900311,1.2934666124578351,-0.9086612496617256,0.8147394492959428,-0.728806497409042,0.40048524904229593,-0.4192023901780356,0.1079325750784671,0.0005253998914548218,-5.508272145635161e-05,0.46082999008600195,0.11519780874032211,0.8931535221409074,0.4558855290036614,1.2661328440656625,0.9982107099691453,1.5859287132104292,1.7131902683784286,1.8565157325160884,2.576080609216992,2.063352057793591,3.5590232719360624,2.19866802976534,4.627403742318578,2.2692135181479562,5.746949483803628,2.276528746597701,6.886117840888032,2.2168069636757566,8.012253932638568,2.092644966656885,9.092161144847704,1.910605418016143,10.095274830105444,1.6744429603925675,10.99375920794271,1.387097191109552,11.761126862683009,1.0599636502174925,12.374201226562102,0.7063251871700402,12.816772352627686,0.3274779403188891,13.07631139220718,-0.07364900142649361,13.1404378118474,-0.4813799529388945,13.001596545376536,-0.8847942205533746,12.659878250357883,-1.2856440876371498,12.117169755809321,-1.6785930405964142,11.375480815770839,-2.0491390856149065,10.44238362407985,-2.39345872736413,9.330814634260923,-2.718949976473158,8.051887439217017,-3.006467197961146,6.618005658332665,-3.2196432452699266,5.058194913548297,-3.3552134890204615,3.4109386925507947,-3.4060216854893612,1.7183574411977915,-3.4685006715436186,3.84775069133216e-05
88,3,-0.7339909407708334,2.268942500145833,-0.7497148361107985,2.3160799303230513,5.098186972518046,4.925821975354643,5.510886247489212,9.077726943869656,3.7766256902556246e-05,8.991536207590422e-05,0.11855956917186976,0.044855141492440166,0.10103555620269296,0.09486235252213243,0.2831632455297406,0.18351813910318032,0.508027776994919,0.3840484128845101,0.655681931950585,0.6778063799739039,0.755757799852917,1.0320251870155082,0.8233131670289044,1.4282863002495727,0.8499891509582104,1.8484511596855167,0.8367694956052562,2.271518457956183,0.7984138801890396,2.681133950359078,0.7339563159792812,3.0657561984930997,0.6234550402029195,3.407159195907867,0.4805503715314516,3.6836685442286305,0.3366276109461634,3.8877746799808244,0.2039766638040675,4.021972285787987,0.10026628901609437,4.097035752828942,-0.008207216446444522,4.121386167725554,-0.15063007836170805,4.082780052471839,-0.3063614170722371,3.968673368007434,-0.46255041721683826,3.7763594500528765,-0.6125732213245544,3.507138219210442,-0.7497148361107985,3.1659847383818356,-0.8719391616980724,2.7598389091929323,-0.9668452139715772,2.298507915887387,-1.0109315865678021,1.8015665715699443,-0.9936703070674675,1.2978631659959183,-0.9107773445857822,0.8186473646315658,-0.7322244733305676,0.4029477707187636,-0.42205039372097986,0.10873668571586499,0.0005298349789472658,-5.556177411074859e-05,0.4656546708703712,0.1163368905612657,0.9040084623447219,0.46091084073863803,1.2835560774941883,1.0102916861675757,1.6101622199684265,1.7356790180694135,1.8875417193332238,2.612394048607626,2.100654025765486,3.6124513547413537,2.2413061676455306,4.700860593929555,2.3160799303230513,5.842831534114375,2.3263197180805033,7.006224367065835,2.2679626553486294,8.157665918484595,2.143493276934452,9.263143947110192,1.9594827748276762,10.291258028116014,1.719685645614164,11.21334217618572,1.4270585842260204,12.002076891988368,1.0932232897266518,12.63350805204968,0.7317724959008062,13.090798903595894,0.3440820645373601,13.360893426374817,-0.06679635743278556,13.430914805887655,-0.48476580542328,13.292950692801805,-0.8985719842937532,12.94694613888208,-1.3099214412402025,12.39472686979146,-1.713275332440196,11.638285475050571,-2.093715872522499,10.685345236775936,-2.4472567612711327,9.549157201549642,-2.7814103897824354,8.241140080114098,-3.0765284727107605,6.774060290446139,-3.295340542450208,5.177723000358746,-3.4344831862910197,3.4916315895832,-3.4866324508488677,1.7590174691857878,-3.5505220441027023,3.938740377015285e-05
89,3,-0.7174643944444444,2.359388690847222,-0.7830116984965034,2.3105029812215645,5.165489371272187,4.891860706440408,5.38680308540966,9.439589715732582,3.92793301827126e-05,9.123525810950521e-05,0.12134927673476921,0.045743375955307544,0.10436967605263203,0.09718920069144334,0.2927811325401963,0.18880125844590603,0.5271901549045346,0.3965332009928859,0.6830158820214445,0.7019927690573899,0.7895979735614275,1.0715699954652163,0.8618204025101983,1.4860107782792866,0.8905316211121745,1.9260606539910645,0.8764922601408093,2.3693034538791964,0.8350735275901088,2.798095576014712,0.7654428711466952,3.199856176281674,0.6470963430418888,3.5551499284665167,0.49470096108589234,3.841129485156317,0.3414441563093272,4.049952775827745,0.20048282543830107,4.184413168646574,0.09037888592266669,4.256058864817303,-0.023804376001589706,4.274049110246869,-0.17210157996124592,4.226164510306244,-0.33288133873677,4.100008778278432,-0.4927951289716396,3.8934458132189267,-0.6450830647723422,3.6084725839677803,-0.7830116984965034,3.2508094626739004,-0.904736178471935,2.828089256054446,-0.9978491970380697,2.350750044066929,-1.0387343519222363,1.8390507677397798,-1.017157266013312,1.3224891892622181,-0.9292408846203599,0.8327591379310092,-0.7449300089062805,0.4092327127358125,-0.4283070422267094,0.11026403973436207,0.0005366565261536284,-5.6260359765564555e-05,0.470533225669861,0.11763584493820015,0.9116594888554836,0.46543436276966305,1.2919103017712577,1.0188942151218436,1.6176034748768822,1.7482883207596216,1.8928268531433012,2.628231450654197,2.1028023139505208,3.6301814755743607,2.2396989401930036,4.718742915640272,2.3105029812215645,5.8589193124318015,2.3168889384465676,7.018549196950277,2.255085833287586,8.16439104427734,2.127834574240771,9.262703120065705,1.9418872903549433,10.282465688813451,1.7011106610079008,11.195465668336269,1.4085172283664087,11.97487898416916,1.07568847630809,12.597252923982374,0.7160956736059865,13.046207800937795,0.33101376702580343,13.309086655382654,-0.07662871933982636,13.37336072492437,-0.4909578806304534,13.231378856560553,-0.9009285278014421,12.883231761097978,-1.3083620098564352,12.330812224979807,-1.7078690671167296,11.576119448489315,-2.084733641074556,10.626791060352211,-2.435073191530171,9.495910110501999,-2.7664015293861044,8.194707959230556,-3.0592367859109166,6.735732634025584,-3.276544636145017,5.148449881866201,-3.4149207638790786,3.471979036939738,-3.4669915013576413,1.7491844304835316,-3.530842651529404,3.91690922060129e-05
90,3,-0.7375151009027777,2.4117580834305556,-0.7561578390730932,2.3792320612643127,5.104446068472837,4.903888388319993,5.537346036740407,9.649112454214167,3.550030943815244e-05,8.19428957747622e-05,0.1093537666915211,0.04115630756510788,0.09461347212907122,0.0876554410790158,0.2660537512588477,0.1708083957057587,0.4816735951669015,0.3600953206760054,0.6288056138692877,0.6402521064206698,0.7334226129712264,0.9820207786546686,0.8084713336864583,1.3688826951970408,0.8447034811369037,1.7839529851946718,0.8417501824349132,2.206948514974892,0.8129291853897302,2.621488543922542,0.756646607051883,3.015473223262939,0.6525760107758275,3.3699180914846782,0.5135356634335565,3.662073716468281,0.37070722820594315,3.8830534964724843,0.23686286618734773,4.034073814131908,0.13044584642104565,4.1249509835885165,0.018102206382121615,4.1634785324242705,-0.12958468465876982,4.136767020203601,-0.2916619826285705,4.031630917983364,-0.45482402331911465,3.844941570257757,-0.6120315403482619,3.577786589032655,-0.7561578390730932,3.2351432724318214,-0.8848977073558433,2.8241211635534933,-0.985381076577317,2.354861865198831,-1.0333525560362318,1.8475975527432271,-1.0178608559411233,1.3321507830871673,-0.9344139223604263,0.8408701459250937,-0.7520997276425312,0.4141307877224034,-0.4338769764859452,0.1118094140753487,0.0005449863063490258,-5.7154996518820657e-05,0.479229696651933,0.11971151227715683,0.9306440448446179,0.4743948948047787,1.321546122770826,1.0400099439448838,1.6577265576228342,1.7868571434431506,1.9428178114972083,2.689370175788648,2.1612048907288575,3.718497200823125,2.304405702042969,4.837929498371899,2.3792320612643127,6.011562092246844,2.3871787493386676,7.206055161519501,2.3242498446983344,8.386873899461074,2.1932377125037648,9.518932680066438,2.001155061675675,10.569956179763118,1.7521191717171722,11.510609164610587,1.4494137197984513,12.313067284509021,1.1051625785996093,12.953073838479426,0.7334317478597895,13.413753977176833,0.3357185046431369,13.682161147054439,-0.08480353980609093,13.745567613355513,-0.5116854897941692,13.596334308689046,-0.9334933605218734,13.234833335557957,-1.3520530334694327,12.663319776195676,-1.761806776943238,11.884174888265596,-2.147655540638898,10.905573527955303,-2.5056571051750938,9.741266720977737,-2.843570720727394,8.403081357353047,-3.141479168635268,6.904167717285302,-3.3615338135786796,5.274978644858939,-3.5004034049731643,3.5557916284992164,-3.5507034028747992,1.7906382185774552,-3.612953371832893,4.007997986902006e-05
91,3,-0.7628843154930556,2.4348747283125,-0.7814869804834699,2.4011742450327955,5.110599510934356,4.901521257209865,5.727820943213149,9.741598971648262,3.599195494766511e-05,8.161102337591274e-05,0.10964949938182465,0.04114860995161173,0.09561233392305954,0.0879721667389466,0.2692160823538059,0.17205261224647198,0.4892850243050033,0.3639715063037461,0.6416065544217598,0.6492222511545136,0.7514445787899064,0.9987027319371207,0.8312801215810554,1.3958045466731115,0.8711522765317098,1.8232510820458039,0.8702238520033515,2.260046151067091,0.8418671222562926,2.6890012344642753,0.7843726693140448,3.097234035374951,0.6768505810420568,3.4647762451881974,0.5325658022652011,3.767804605712096,0.3838602372932739,3.996842902426039,0.24419294216462498,4.152960886649371,0.13281756491772,4.246229021370139,0.01556221945011571,4.284743406582334,-0.13769721514910688,4.255383181730576,-0.30522424863326714,4.144808174171007,-0.47322064305264466,3.950098877754573,-0.634407367874183,3.6727098374829863,-0.7814869804834699,3.3180974542419133,-0.9121689713400335,2.8938821759921143,-1.013384723024352,2.4107447979367547,-1.0605070648428079,1.8896216567649546,-1.0426254209653034,1.3611374434511128,-0.9554598446242196,0.8583471680647509,-0.7677936506098283,0.42234301977132827,-0.44228240443590744,0.11392305466950381,0.0005549024900344073,-5.818447581773432e-05,0.4872519119118066,0.12176544586070917,0.9450938181463184,0.482146710874833,1.3405262083580813,1.0561931413238614,1.6796968286166927,1.813333312932422,1.966519265010461,2.7273159688593145,2.1853730994342193,3.768463039623413,2.327889078816936,4.89985021176295,2.4011742450327955,6.084869552824968,2.406911078063685,7.289807180674353,2.341203561766518,8.479818361414926,2.2070027647093493,9.619570001056358,2.011494076827101,10.67662655874687,1.7589053729095017,11.621564616983788,1.4526002233836552,12.426515561787758,1.1048430472896875,13.067231396647385,0.7298255000478572,13.526920313427816,0.3290392615480228,13.79274793468209,-0.09433663493397373,13.852090460008002,-0.5237519773396279,13.69744184907193,-0.9477304192297191,13.329350958508178,-1.3681583552101777,12.750240129429613,-1.7794796778155366,11.962636851287154,-2.166537166913244,10.974881366979242,-2.5254124111367675,9.800903510163918,-2.8639552649207345,8.452673428774986,-3.1621650822870846,6.943473668436123,-3.3820304211562586,5.303968991392336,-3.5202742767031268,3.5746716182729683,-3.5695421602368658,1.7998321919732478,-3.6309092430459318,4.027917160189142e-05
92,3,-0.80893472959375,2.5047208360833335,-0.8303539940963587,2.412893449770091,5.1202598596575015,4.90734461222328,6.073572613516033,10.021043644395574,3.9877145824825256e-05,9.149932988292515e-05,0.12230810005558261,0.046003962423958086,0.10588663439104533,0.09803652065188471,0.2975558756384958,0.19105971054114823,0.5381847527168433,0.40265935202813646,0.7013373854749378,0.7154181476715267,0.8159158692677164,1.0961305898720204,0.8963890027949039,1.5258007440916277,0.9325919885829909,1.9850623452865603,0.9244327202589401,2.4508800424476695,0.8870985299791468,2.904740340758675,0.8192175968419726,3.333077149849449,0.698858292320272,3.7149309399040122,0.5408722956528493,4.025504668644557,0.380056299246346,4.25558753595658,0.2305828544966555,4.4072291931182255,0.11251704865162657,4.491912358421506,-0.01066218543979815,4.5188304084550355,-0.17061849185135208,4.474691433670349,-0.3442440872587985,4.346082970860571,-0.5170644072855937,4.130601024148285,-0.6815792147742209,3.830390204644896,-0.8303539940963587,3.4517024475091507,-0.9612220643746611,3.0029442282423795,-1.0608767315825498,2.4955857883207253,-1.10423454013466,1.9515640936326073,-1.0806062752474264,1.402583296235682,-0.9861919024076505,0.8825536924461393,-0.7895745944488598,0.4333405490585953,-0.4533441879225347,0.11665384827585483,0.0005673351676498427,-5.94647725228489e-05,0.4966302832221083,0.12421869918122352,0.9608597195010609,0.4910198921041814,1.359681891246926,1.0739078306723346,1.700004468407228,1.8409907811630135,1.9863484367735966,2.7650689931083448,2.203359403032463,3.8157213466768036,2.343019249927645,4.955419785433105,2.412893449770091,6.14716692938197,2.414945024556628,7.357051043963799,2.3454232833505633,8.550127936713334,2.2074364139384626,9.691038391078347,2.0083089649896584,10.747398112090098,1.7523409119940685,11.689887979023599,1.4429453997234876,12.490770329425908,1.0924992820605157,13.125966787356107,0.7153045643032283,13.578917377233822,0.3128709883683417,13.837050452533227,-0.11157808316204679,13.888014371994592,-0.5413776497246006,13.7246182250047,-0.9649993641363132,13.347773237078544,-1.3843540932442528,12.760266660976447,-1.7938834475525245,11.964983221028444,-2.178437390707344,10.970623267131044,-2.5341799713300595,9.791454601677884,-2.869061569901321,8.439735635481373,-3.1631806007157683,6.928991066346725,-3.378756404943891,5.290048977055152,-3.512806232656684,3.563447786751012,-3.558287392545526,1.7933082326511327,-3.6161060371196307,4.0114953151577037e-05
93,3,-0.7744451487708334,2.3421412441666667,-0.7934586888300142,2.3312866504957235,5.1389580981465866,4.889446072178195,5.814620975176913,9.37058505323674,3.991416396770471e-05,9.353764452422709e-05,0.12402265744518565,0.04681234009737693,0.10632529104694614,0.09929718240546959,0.29816071005040745,0.19261369737899842,0.5361531390552345,0.4040147909515619,0.6936074856011518,0.7144260837072983,0.8008462169797613,1.0894868754783649,0.8732443017414447,1.5096149138633532,0.9016489892630237,1.9553200652858609,0.8869229811507203,2.403960415563849,0.8446791754107349,2.8377645136025684,0.7740403279625789,3.24409072037501,0.6541819884747158,3.6033286930557624,0.4999275486704311,3.89238999883748,0.3448502627262441,4.10336776108083,0.20223043981785224,4.239103928478129,0.09084189246887149,4.3112899672250595,-0.02472075873048431,4.329186111922331,-0.17487602509939407,4.280394161647092,-0.33769597787644723,4.152342807021348,-0.49964038719169934,3.942862642708812,-0.6538411621416029,3.6539808429611123,-0.7934586888300142,3.2915062234257304,-0.9166083886639108,2.8631935900860297,-1.0107181366576783,2.3796449789350067,-1.0518859997685521,1.8614066301210328,-1.029781492370825,1.3383683383957796,-0.9405257197780853,0.842623912398149,-0.7537699460549059,0.41401058059121193,-0.4332712420788318,0.11153190732792051,0.000542751460630012,-5.689721642568915e-05,0.4757344201316671,0.11894656212087058,0.921494656049716,0.47053857049009506,1.3054997858623822,1.029890680041083,1.634176183493288,1.7668539665879368,1.9116881296409476,2.655686391535732,2.1231327057848595,3.6674711488733323,2.260633488956541,4.766382934360596,2.3312866504957235,5.917018266537397,2.3368216365360808,7.086856567561926,2.2734724561640767,8.24230627672455,2.1440572022375144,9.349293877970204,1.9554480312415907,10.376520782919014,1.7116051283809919,11.295549882455402,1.41562804679066,12.079375089013407,1.079261540476404,12.704422145740827,0.7161440998769414,13.154280126960844,0.3275975622640692,13.416314190945906,-0.08339400712275641,13.478035338030141,-0.5008068491479656,13.331885787886023,-0.9135083794416207,12.978117071434921,-1.323346307369177,12.418793244340714,-1.7249074075873685,11.656078434478431,-2.1033977395367534,10.697805760405123,-2.4549494360029915,9.557274613756483,-2.787167969958359,8.245898852505388,-3.080487548857718,6.776397386479096,-3.2977114566863728,5.178487255043843,-3.4355027193033933,3.491558288162656,-3.4865317049814446,1.7587230300905823,-3.5494732876290818,3.937576937839484e-05
94,3,-0.7658102855972222,2.3622154908055553,-0.8034563668006002,2.3313300579949217,5.1164083457308065,4.898993265601471,5.749789454691891,9.450899353656435,4.1271173256571645e-05,9.817971948809086e-05,0.12946154970596632,0.04898054430347076,0.11028882451217403,0.10357921394544453,0.3089210103243321,0.20032500777766052,0.5535931439692524,0.4189697938801219,0.7131623991646391,0.7387826306813624,0.8199704031188144,1.1235837533263777,0.8904938742658175,1.5528595582990474,0.9158334601597944,2.0064656594165013,0.8973709157889883,2.46127608213819,0.8514149391832745,2.899365850264189,0.7772429017154204,3.3081750045413845,0.6538279001398378,3.6681235682503,0.4963984368660233,3.956183557289884,0.3389730217974403,4.164775663972964,0.1948116583369793,4.297152248101659,0.08268610168961978,4.365418782808108,-0.03338262602907329,4.3791147386911495,-0.18414191511132444,4.32584084170842,-0.34744486353174836,4.193027529863072,-0.5096751259844582,3.9785934448414397,-0.6639604212512509,3.6846643033491207,-0.8034563668006002,3.317152477399938,-0.9263048889588426,2.8839087539356685,-1.019885645522384,2.3956322691177885,-1.0601995693051574,1.8730093109341646,-1.0369325283049908,1.3460938725698017,-0.9462708164942981,0.8471151825355766,-0.7578145987293021,0.4160401574619451,-0.4353065521941462,0.11203209278336777,0.0005450093656297003,-5.712907641401054e-05,0.4773883971022478,0.11938361077960044,0.9241642499332273,0.4720847350919748,1.3085562808922186,1.0328916235826893,1.6371485373517078,1.7713784296749548,1.9142345172790436,2.661603089289766,2.124987287431418,3.67449752040587,2.2616213964122416,4.774125013460965,2.3313300579949217,5.925019820526779,2.335906163164358,7.094639762925207,2.2716269037924732,8.249397156033181,2.1413501079904615,9.355242996524058,1.9519795964938447,10.380921321915741,1.7074986278714561,11.29805111697894,1.4110282421613782,12.079693244471091,1.0743346600826365,12.702351325696045,0.7110722161706338,13.14970174822534,0.3225779783684658,13.409204345951043,-0.08814735463732798,13.46847311130151,-0.505075163660668,13.320059131132234,-0.9170775172306928,12.964322165604537,-1.3260028799366161,12.40343307858785,-1.7264498154609265,11.639660721082208,-2.103659494116996,10.680930924191243,-2.4537972567955286,9.54061718943855,-2.784485499232049,8.230195885979844,-3.0762269913684515,6.762430958329481,-3.2919517112075094,5.167030968977623,-3.4283946865643067,3.4833272454300235,-3.4783048261583964,1.7543333644877908,-3.5401464995640612,3.927230336439375e-05
95,3,-0.7837388552361111,2.3239235629930555,-0.7946580331443803,2.368105041800238,5.142105542517041,4.903534764197141,5.884399164937556,9.297698615949816,3.8756455834094164e-05,9.088174369243947e-05,0.12054167416021305,0.045487254628946504,0.10352464443417123,0.0965405361357221,0.2905962288661148,0.1874486584422841,0.5236147476573901,0.3936964185855197,0.6794290829443342,0.6973037368872961,0.7873762683401488,1.0653753279124407,0.8621902221804746,1.4793047383662683,0.8945104684180042,1.9204070965305786,0.8846430239506404,2.366670523141804,0.8474266478257795,2.800597005165689,0.781571289845644,3.209506219125269,0.6660001282926135,3.5736129070131946,0.514919694884925,3.8694360331336606,0.3615410239543256,4.088395157016561,0.2192547672726702,4.232612487046726,0.10714509928475548,4.3131654410603755,-0.009907636955515395,4.338872853792721,-0.1623678447282011,4.296945071825441,-0.32819248895734593,4.174420576265994,-0.49359512651820886,3.9688414574395106,-0.6514498733936759,3.682071095067627,-0.7946580331443803,3.319887561805342,-0.9211492374713348,2.8901255593019473,-1.018096761825019,2.4035684785568563,-1.0612421002344696,1.881104692701553,-1.0400779673915832,1.3531096461182686,-0.9506709170746888,0.8522053494430845,-0.762333495188961,0.41884394733299757,-0.43838861756308917,0.112864808211374,0.0005493547762706961,-5.759277848697231e-05,0.48175717611173163,0.12043482809222349,0.9335957823399599,0.4765687272913297,1.3232930023181038,1.0434126709774436,1.6572679697489716,1.790612238243406,1.9396317403333987,2.6922279561581117,2.1551315197094763,3.7190396750832178,2.295607151244362,4.834741478258353,2.368105041800238,6.003372703358496,2.3742590007947717,7.1918296905651635,2.3101534565844752,8.365867770846844,2.1786047076015698,9.490717780160102,1.986600727238327,10.534419697904793,1.7382133117033602,11.467934910018888,1.436673068108079,12.263711215960873,1.0940276050514053,12.897732437331497,0.7242589875382874,13.353322056337785,0.3288184159521671,13.617698689716333,-0.08916135996316446,13.67828085413565,-0.5133129831105323,13.527545334524131,-0.93227685288427,13.165937659362628,-1.3479088534665622,12.595761461900501,-1.7547083366896385,11.81942819465632,-2.1376825852439234,10.845100128494899,-2.492959822584758,9.686467425751765,-2.82831280616219,8.355278778001052,-3.123969255449382,6.864576080243103,-3.342338395725003,5.244589527035142,-3.480175612867179,3.5352884343485607,-3.530185956693821,1.780345696022902,-3.5923347968928314,3.985124957045681e-05
96,3,-0.8141798402083333,2.2931390090416666,-0.8052074220878113,2.3041156074530855,5.147081185249739,4.901757529075537,6.11295349187144,9.17453384873268,4.159172007442051e-05,9.993854911830096e-05,0.1313184768868035,0.04975677249511768,0.11144927486276242,0.10502356696952628,0.3120202322389311,0.20276859247181733,0.5582066173823094,0.4234150623399939,0.7177493509400305,0.7455736599286524,0.8238550521507616,1.1325077150567546,0.8934144850993155,1.5634932914400408,0.9176134987332627,2.018280525642563,0.897926219897984,2.4736756217787272,0.8507669788366677,2.9117405114651937,0.7753838089761511,3.3199259474440233,0.6506524520326875,3.6786199167488083,0.491921273607028,3.9647610400873337,0.333398964940217,4.170830063618184,0.18842722588554303,4.300203003517551,0.07583243239864065,4.365147109199496,-0.0404460683633581,4.375353726629729,-0.19109923515812505,4.318557907932228,-0.35383764391315137,4.1823863119974645,-0.5149937376234184,3.9650029302141023,-0.6677077090980734,3.668787740372585,-0.8052074220878113,3.2998855686668556,-0.925737598842123,2.8663352782457117,-1.0168727022724051,2.3789550290529684,-1.0549691426020873,1.8584106316668978,-1.0300622821311667,1.3345500834436892,-0.938629812635663,0.8392434403988953,-0.7507833424494408,0.4119084552871497,-0.43085678045085496,0.11085847251016744,0.000539105088995275,-5.650559160663864e-05,0.4719542371650551,0.11804131678721498,0.9133764389621848,0.46666649215073686,1.293079129075165,1.0208757982549892,1.6176972129351082,1.7506022117788085,1.8915246973536206,2.6302538427823654,2.099897593924241,3.6311588400090566,2.23507459056817,4.717841156728601,2.3041156074530855,5.855265259548212,2.3087453133512272,7.011261188173267,2.245242060095256,8.152602606388806,2.11641273733692,9.24559161040814,1.9290897409181011,10.259289072643965,1.6872327036661587,11.16560574032741,1.3939599624029937,11.93789127948009,1.0609532103491244,12.552919470145318,0.7017595145135753,12.994581001530271,0.31772542984045704,13.250525210127693,-0.08816604466931141,13.308563252679425,-0.50005673775056,13.161394942190187,-0.9069587406554664,12.80944022868169,-1.3107345133382118,12.254896570805958,-1.7060835999982307,11.500039395104814,-2.078462945798403,10.552715256060589,-2.4241376567377704,9.426129970982084,-2.750694351211193,8.13158658121995,-3.0389061855501383,6.681636823490206,-3.2521760721203403,5.105558670652097,-3.387304201807134,3.4421228821587126,-3.4371261409680476,1.7337320550855413,-3.4989385306433882,3.881516648740462e-05
97,3,-0.8035373215486111,2.2609538369652777,-0.7541052057411717,2.2878594027854966,5.174504190613079,4.918185787991544,6.033048268982834,9.04576540099452,3.9316825294025605e-05,9.696734992096743e-05,0.12627112852023678,0.0480267757424079,0.10614358778634313,0.10088882181057046,0.29681457916254483,0.19393907730100002,0.5287206719202969,0.40336647047448837,0.676619234054273,0.707744698742516,0.7735783763165788,1.071737598065458,0.8364770488581786,1.4757943401904772,0.8576049958387991,1.901176840572695,0.8387457946769138,2.3266271348048546,0.7954004947985659,2.7359486320281516,0.7267116295523102,3.1179797256383237,0.6125994724952669,3.4548286902332936,0.46700190121421076,3.7251907008492897,0.3214797503804945,3.9220805140405397,0.18816630982506322,4.048501761668525,0.08456468307141224,4.115661672209041,-0.023323723908733593,4.1322907261964055,-0.1646844192749868,4.086368580676844,-0.3187643532981574,3.965622763415262,-0.47273104440334934,3.7676403965007292,-0.6200398995143691,3.493989296187953,-0.7541052057411717,3.1498593643415833,-0.8730355967415121,2.742336354145421,-0.9646662811246314,2.281284204792149,-1.0058926714529677,1.7861734204019404,-0.9865516836303658,1.2855474988146318,-0.9026473315574861,0.8101964208914552,-0.7246704768485177,0.3984987233824538,-0.4172547508473334,0.10747120354764235,0.000523464428705788,-5.488895377193869e-05,0.4597857247109999,0.11488752842769431,0.8923584223020151,0.4550591086721402,1.2668717279341237,0.9973206006452309,1.5892739728867615,1.7132814056701975,1.8632964321182748,2.578674422186297,2.0740793565930447,3.5659808220529006,2.2134652231826646,4.640745003515206,2.2878594027854966,5.768667179468575,2.298490639306696,6.918016254863863,2.2412524466100625,8.055794221736122,2.1185300756220955,9.148330394540046,1.9367822638635406,10.164508623629047,1.6997183064833656,11.075906207682293,1.410289816428398,11.85543825140223,1.0800431238658226,12.47936851242226,0.7224879712635067,12.931030149293898,0.3390540163485134,13.197529675997407,-0.06717751026259897,13.266184311679178,-0.4802445959066789,13.12924815028015,-0.8890017727102135,12.78676022726638,-1.2951387124277602,12.24062260726631,-1.693205338995568,11.492895771442427,-2.0685109083042836,10.551284803302755,-2.417183021732096,9.42892680411036,-2.7467091580025564,8.137115409712674,-3.0377573214878026,6.688440676064006,-3.2535969173140695,5.112281432877975,-3.390952053760437,3.447562551159964,-3.4425986385897294,1.7368764783809911,-3.5060058154143396,3.889356695471322e-05
98,3,-0.7866882776736112,2.2910118765486107,-0.7897978216138714,2.2774544382549897,5.146956159891794,4.900392465848059,5.906543759163455,9.166023484127074,4.1897640233730576e-05,0.00010124816394447657,0.13272252096042478,0.050342510081249875,0.11226606785965007,0.10610344701365021,0.3139709536411655,0.20451242484625198,0.5602229404118034,0.42624308258759114,0.7178242595766722,0.7489916287009968,0.820756309776852,1.1352082594223118,0.8864287191860957,1.563693458471124,0.9065032138692891,2.0139552249343065,0.8829696911298756,2.4628132274813073,0.8325769450842684,2.8925613399964583,0.7548622497305792,3.2910217015285546,0.6292039647854385,3.6391556902393734,0.47107341071532594,3.9146670300637303,0.31429042423342274,4.1107054264159135,0.1718522934773037,4.231136868981506,0.06203145406194034,4.288479511973224,-0.050835280505198005,4.2925920271794045,-0.1969170012762924,4.231702629700927,-0.35440740287078887,4.093917487417537,-0.5100633949034649,3.877619597384665,-0.6573441189889446,3.5852384287696304,-0.7897978216138714,3.2227999277713586,-0.9058579772256344,2.798101095810747,-0.993510678276186,2.3215865365091095,-1.0297712289177523,1.8132612335760672,-1.004963718878887,1.302054993364145,-0.91562736229901,0.818864049732883,-0.7324908556830633,0.40198144549490494,-0.4205227438935959,0.10821997002692825,0.0005264449635316524,-5.518426175457523e-05,0.46130739094494644,0.11534376687598957,0.8937294782638656,0.45630001421085925,1.2668918194414391,0.9989476757208721,1.58726156222063,1.7144297978702654,1.85895116737762,2.57823944182064,2.0673994439749546,3.562783789410725,2.2047065248530258,4.633673279809141,2.2774544382549897,5.75678391392426,2.2869812673118797,6.900630051333706,2.229249782054659,8.032503760740607,2.1066608487958924,9.11904627332952,1.9256393780779897,10.12944787085832,1.689836898991412,11.035568458320249,1.4021294609364652,11.810572938467473,1.0739489915411569,12.430928069856298,0.718675623277176,12.880106324479343,0.33764570907559277,13.145297268291907,-0.06615243735607942,13.21385734350078,-0.4768823688668543,13.078024605488006,-0.8834982818640286,12.737762447236097,-1.2877369072424234,12.194862182810844,-1.6842046620544768,11.45125002093946,-2.058280734452192,10.514463182245338,-2.4061155842166473,9.397445506845319,-2.73517665318247,8.111299653170303,-3.026176369087845,6.6684228125433025,-3.2424536887969753,5.097964467183072,-3.3806946193540153,3.438614086091291,-3.433634590213117,1.7327460181216878,-3.4984713827421428,3.880998459122227e-05
99,3,-0.7791210971736111,2.3063230630069445,-0.7879162369838563,2.288495303358701,5.134841499060757,4.9148999850590585,5.849728519855564,9.22728143572633,4.21845656661423e-05,0.0001044155306334929,0.13575199966431478,0.05167184221666774,0.11378602725040861,0.10842089975591068,0.3179017412511555,0.20812485700908642,0.5650734775481411,0.432189871326898,0.7209620473638028,0.7570043938631964,0.8213242578136375,1.1441575199498557,0.8844733466701411,1.5722841116798774,0.9024912714882235,2.021027089357911,0.8776910904993459,2.4675247216347165,0.8269560592751779,2.8945101299867004,0.7497329411029301,3.2902514776906906,0.625245017871872,3.6360884798545827,0.46875879733219933,3.910017667507067,0.3137910098998821,4.105351743615537,0.17306004220204982,4.225969778914061,0.06464132606003224,4.284281752507442,-0.04719985003660778,4.289972238960621,-0.19269929098779276,4.231066398975186,-0.3501113773426945,4.095430929249831,-0.5061816366153263,3.8811970282806065,-0.6543032300157453,3.590562252878626,-0.7879162369838563,3.2293651565263777,-0.9053323009496564,2.8052735486380245,-0.9943789754171726,2.328670661745128,-1.031858316715641,1.8195948696966273,-1.0079200212945307,1.307110767238011,-0.9189840965844633,0.8223189218645389,-0.7355818733549333,0.4037911371971818,-0.4224684693230724,0.1087323393384411,0.0005290176545521717,-5.5455866675867225e-05,0.463675134972804,0.11592840385996442,0.8984428944376599,0.4586631634761108,1.2736704021857472,1.0041975444156261,1.5957781258710138,1.723517028209547,1.8688461072716123,2.5919466179064106,2.07819907345838,3.5816866143781336,2.2158759980936273,4.658090241712476,2.288495303358701,5.786773341266396,2.2974189821299187,6.9360089222056756,2.2386188204741244,8.072852956135145,2.114553128440231,9.163725986328823,1.9317357902550392,10.177636244200052,1.6938991234822027,11.086304901156609,1.4040005770425261,11.862797071588046,1.07359579332262,12.483530045869733,0.7161882336644846,12.931992810993947,0.33317100820645895,13.195436282668844,-0.07240920344775421,13.261302993100202,-0.4846177598980828,13.121957732560734,-0.8923537418204022,12.777532916095785,-1.2973609231845031,12.229998239421462,-1.6942355325084293,11.481456651027223,-2.0683355561806036,10.539632538500065,-2.41584115732094,9.41765643547032,-2.7442806773723807,8.126791705177347,-3.034370429871874,6.679577704779638,-3.249457388304039,5.105310055622967,-3.3863245332584855,3.4427952864644786,-3.4378000720120303,1.73447818704298,-3.5012450460729467,3.8840753807092844e-05
100,3,-0.8002374461874999,2.3615420659305553,-0.7924184985562821,2.311323733576587,5.165285058730544,4.917564222810415,6.008272434928427,9.448205073333304,4.2536629893528925e-05,0.00010562080876177318,0.13716771723343843,0.052235602681228975,0.11481542808710471,0.10953435251548703,0.3207232779786186,0.21013307509704318,0.5697610169429039,0.43612001036418,0.7264607301131923,0.763515693688779,0.8270892809794593,1.1534984449880665,0.8902244263977829,1.5845151869860608,0.9079542989904664,2.036072804385798,0.8826654764774698,2.4851846308422765,0.8314063326479815,2.9145253805466957,0.7536271345600699,3.3123577915405114,0.628389602165128,3.659963577438099,0.47106380216067595,3.935252675103426,0.31538006247962386,4.1315544173647885,0.17409584778991816,4.252819436459744,0.06536074567059798,4.311563152268552,-0.0468646674764859,4.317529424948922,-0.19306857452557372,4.258626686657404,-0.3513793857073994,4.122587423778189,-0.5084677195780836,3.9074694723107966,-0.6576858236592811,3.6154194190102444,-0.7924184985562821,3.2522514730065573,-0.9109457860759042,2.8256292719641345,-1.0009745050359262,2.345964256376086,-1.0390895185136806,1.8334135456828682,-1.0153170887796,1.3172519635022424,-0.9260028506947011,0.8288297330294533,-0.7413963295992454,0.4070504946024313,-0.42590972442849545,0.10962649597534112,0.0005334314062787116,-5.592032507279462e-05,0.46766521413378076,0.11691709936988572,0.9063827871333318,0.4626451766323783,1.2852175736096105,1.013066939985467,1.6105934267287956,1.738989955725839,1.886576304987969,2.6155737908089045,2.0983017678163813,3.6147988760347927,2.2376745625933188,4.701706246871496,2.311323733576587,5.841573602418271,2.3205836114209513,7.002338096722684,2.2613540719347514,8.150689672760027,2.1360970189044948,9.252663082970809,1.951385504747959,10.276899866072073,1.7109959619289572,11.194782005356375,1.4179329688410338,11.979054907769525,1.0838989280328033,12.605861774750908,0.7225716697417055,13.058506414695385,0.33539473160470357,13.32411129287755,-0.07451639923665518,13.390010750012358,-0.4910263117315427,13.248530892500739,-0.9028908219392627,12.899862010026448,-1.3118487162072556,12.34606335476168,-1.7124235858777779,11.589339052707926,-2.08981922709338,10.637577862118565,-2.4401815223959087,9.504129329265533,-2.7711187026483066,8.200454809057918,-3.0631786025859116,6.739298945701941,-3.2794082391586774,5.150306613093538,-3.4166234227852907,3.4726949001161143,-3.467657837626686,1.7493183374848966,-3.5307554064372795,3.9168124283765884e-05
101,3,-0.7839789233402779,2.298088691298611,-0.8386684901213745,2.3494550272243497,5.1351499886321035,4.907776178738396,5.886201623169976,9.194336846818604,4.326745430471922e-05,0.00010127248710442085,0.13428375418311048,0.05068734584542395,0.11504723266584246,0.10749991972799088,0.3223571318922511,0.20842657326864747,0.5787437707787875,0.4368022387614492,0.7468945084154969,0.7714703224896755,0.8596942650878262,1.1747246626030243,0.9338971222354464,1.6248919756327156,0.959920617638781,2.1005060355170193,0.9390908502323805,2.5768804510136714,0.888555350367391,3.0347619758806417,0.8077621708682158,3.4605878348856685,0.6750110675303543,3.8335721610844034,0.5067254175839715,4.129519434400097,0.3389813826977083,4.340653433544724,0.18596815370399464,4.470732767852472,0.06739009294465148,4.53287522019904,-0.05422590548688349,4.537544335554383,-0.21061084266509744,4.472425082477948,-0.3785109058161127,4.325166907564909,-0.5437823770193893,4.09437234226287,-0.6994402352744894,3.7829750638403183,-0.8386684901213745,3.397726939925461,-0.9598690797826076,2.947235772103457,-1.0504947605883868,2.4428596837530128,-1.086568380611578,1.905944796610503,-1.0582394260394332,1.3670899811823594,-0.9622386768564295,0.8587867197141615,-0.7682911995069098,0.42109373860966254,-0.44026896152346334,0.11323433000897844,0.000550337015222268,-5.7674914823207365e-05,0.4813102526434063,0.12041296333789868,0.9309183191625552,0.4758231463911714,1.3174114277546045,1.0405523191886805,1.6478599384763553,1.7839325188377972,1.9268401947378822,2.6799834460160987,2.139512535932546,3.6996618158148746,2.278003093946757,4.807019631310122,2.3494550272243497,5.96654760666489,2.355523960098333,7.145618146957388,2.29227423274729,8.310465022192043,2.1624142289584434,9.426766146630753,1.9727693600596354,10.462938139739572,1.7272516468928136,11.390236932529433,1.4289373227609992,12.181327608684843,1.0896888314865005,12.8123271890101,0.7233181975947786,13.266599221509232,0.33118890864415107,13.53133818556394,-0.08364430245903721,13.593901398175452,-0.5049303223572936,13.44665477449768,-0.9213839292434579,13.089881148572426,-1.334869092851588,12.525703482566431,-1.7399168079480072,11.75634583345309,-2.1215950339956153,10.789757376862779,-2.476042079505049,9.639394570580924,-2.8109943323678133,8.316782869193817,-3.1067422614054494,6.834740277965875,-3.325808836487897,5.223218094809806,-3.464923761719416,3.5218867079663907,-3.5167657249092783,1.7741293498237867,-3.580920011160332,3.9724620934070845e-05
102,3,-0.7872482774444445,2.3079903605694443,-0.8368384145698181,2.37610037987883,5.178752059324661,4.904344588155117,5.910748300206484,9.23395206400606,4.239043266886616e-05,0.00010220383970141689,0.13419059706434633,0.05085834334841016,0.11388461479290121,0.10732767894031518,0.3190207294192084,0.20724141269219953,0.5712926538107389,0.4329479069636268,0.7357532117236598,0.7629181970766301,0.8462907008846331,1.1599693134722846,0.9200045913147441,1.6032319106050221,0.9475399442547157,2.072194529433356,0.9299970836499548,2.543138279294674,0.8838945068613564,2.9975465487948325,0.8081746196427682,3.4222903047461886,0.6807335709913249,3.7968120247890798,0.5172085644568334,4.0968517369831385,0.35302930990665987,4.31417387949385,0.20220383803538639,4.451882716838654,0.08450669442561874,4.5224117954704175,-0.037318266272508394,4.535632099485905,-0.1950595784149304,4.478676730935393,-0.3654135953802719,4.338621973365753,-0.5339982373963947,4.1135778424518925,-0.6935250136407484,3.806121298388084,-0.8368384145698181,3.422812150110276,-0.9620500041127075,2.972223993073408,-1.0562504575422662,2.465835701727145,-1.0949962463292104,1.9253291282807452,-1.06816063736973,1.3818359064136687,-0.9723592420787283,0.8684636576786782,-0.776963556144307,0.4259928721421218,-0.44545827647013037,0.11458286145765155,0.0005569850652020355,-5.8373837682919265e-05,0.48725397528565023,0.12189153143317724,0.9425539758979926,0.48172257696895865,1.3339626663774922,1.053533823016845,1.668517369860915,1.806248563445121,1.9507604663101503,2.7134836683811954,2.165585731654668,3.745712301885176,2.3049604319482717,4.866379887854435,2.37610037987883,6.039356624485705,2.380695260213709,7.231430458411545,2.3148002559559124,8.408249208511048,2.181239971965628,9.534928128537318,1.9870449054526538,10.579406582438528,1.73631976337192,11.512564967710464,1.4323452239606276,12.306787804465685,1.0873132220037662,12.938042374591532,0.7153762198244011,13.389721376353132,0.31806862576779,13.649175884918579,-0.10137181185326458,13.70399750372314,-0.526400342580956,13.546909919725294,-0.9455547807081164,13.178682040853694,-1.3606874424721112,12.601962816660464,-1.7662748547862392,11.819512822296847,-2.1473154060597106,10.839855884802434,-2.500020342190565,9.677025849357225,-2.8322757244134134,8.343061236148513,-3.124408282471125,6.851243589656763,-3.3390529032103653,5.23196676783831,-3.4732708299921105,3.525224338923,-3.520080230089098,1.7745544471667187,-3.579321743204575,3.97068900941894e-05
103,3,-0.7897109397291666,2.3538988497222224,-0.8068208397253881,2.3650100765141753,5.199544354514685,4.889206492647479,5.929238244650257,9.417625616292083,4.25743674013726e-05,0.00010532013244962668,0.1369929336722212,0.052131658810885696,0.11493599864456576,0.10942618208284162,0.32129198446155494,0.2101667249308105,0.5717969748604945,0.4367600130022342,0.7308082122118424,0.7657254391898383,0.8342438497577876,1.158567955322248,0.9004144497205279,1.5939186024528973,0.9210182886717643,2.0513052327833634,0.8980948893892478,2.5075655436870004,0.8485767325632438,2.945083407205907,0.7717336003102463,3.3517776120345397,0.6461746071639594,3.7084150067421437,0.4873171451494416,3.9922519685816225,0.329412828755832,4.196147703374805,0.18556067924701738,4.323789579533071,0.07440829062293339,4.387655183294009,-0.04060349653801934,4.397485725807118,-0.19053322851963525,4.340815115050299,-0.3530650586371215,4.204998973017688,-0.5145304268247135,3.9879465737609747,-0.6680612427789006,3.6917786941335056,-0.8068208397253881,3.3224020144728375,-0.928982789578115,2.8876500489478736,-1.021922332171809,2.3981963634389007,-1.0616441367369334,1.874706293992291,-1.037908777267425,1.3471926528999065,-0.9469625799240386,0.8478046878439028,-0.758372529533479,0.4164215328831276,-0.4357381159120769,0.11216140460730933,0.0005458019702356447,-5.72180493873049e-05,0.4785670478561206,0.11963870714423627,0.9275879351976705,0.4734428253225882,1.3153628263491282,1.0367606016991557,1.6484209271979824,1.7797240236639862,1.9308850653475378,2.6768982155548184,2.1475037548843185,3.6995756649433056,2.2899571492399238,4.811927859384082,2.3650100765141753,5.978354714822465,2.374019903883042,7.1659712988948066,2.3127925751578147,8.340614444450559,2.1838677736999204,9.467455790677828,1.9940096451856377,10.514349376648108,1.7471318059095315,11.451975485607129,1.4463692082839035,12.252436853518107,1.1037689073940653,12.891346486057571,0.7333989753618531,13.3516813436563,0.3368031035158669,13.620360249418967,-0.08276336216383857,13.684552362353003,-0.5087343517499023,13.536566233215073,-0.9295678851061443,13.17677997674605,-1.3470096539744143,12.607501134583247,-1.7554366263191232,11.831199963846693,-2.1397251950292917,10.856164262575126,-2.4959556070714757,9.696257256214103,-2.8319163920224906,8.363404154370373,-3.127790491691232,6.870827405505684,-3.3459762654378475,5.248961853750907,-3.4833687458907368,3.5379448235755335,-3.5328236732203453,1.781544823035885,-3.5945049395546587,3.9875323798477065e-05
104,3,-0.8155307566805555,2.4070487568402776,-0.8370448625571849,2.386176568411841,5.1347456068382575,4.918103120123663,6.123096324152799,9.630271086099595,4.2567246267540656e-05,0.00010300087813873077,0.13506553818045017,0.05121754018241765,0.11446617706457277,0.10801136353127956,0.3205820125180623,0.2084264928815519,0.5736868767563906,0.4351562271365521,0.7382212130453937,0.7663661068450855,0.8484486491137232,1.1645835680844054,0.9216691608978199,1.6088078634712415,0.9485992698504535,2.078454410968134,0.9304384359853383,2.5497713738108954,0.8838073801731392,3.004263229185512,0.8076745201868805,3.4288558005339778,0.679924627782999,3.803045505337061,0.5162316979751891,4.102631960769738,0.3520395808127253,4.319456731008687,0.20132003237999896,4.456692833268867,0.08381337977768673,4.52682526469369,-0.037802241010069314,4.539751868535905,-0.19536260204195968,4.482601267597015,-0.36557865827034824,4.342431651973599,-0.5340897512075293,4.117326558529752,-0.693627038709561,3.809825384787238,-0.8370448625571849,3.4264431793454877,-0.9624586404451982,2.975705209415756,-1.056939666237999,2.4690447875393198,-1.095989662589026,1.9281171847781948,-1.0694212157766891,1.3840577998700918,-0.9737860285068097,0.8700075619549287,-0.7783295910882555,0.42682542000644647,-0.44636767651904385,0.11482743240949213,0.0005582533972491985,-5.8508960279394904e-05,0.4885117261174747,0.12219540357290092,0.9452342633150529,0.48300756865489664,1.3380998544273717,1.0565230491307465,1.6741074472458846,1.8116701232242767,1.9577591901871463,2.722056070881343,2.1738479744252848,3.758108253810711,2.314257800115581,4.883176051219227,2.386176568411841,6.061007353390266,2.3912571701527487,7.258254075356594,2.325504982378799,8.44040446072298,2.1917267363531963,9.572396187610268,1.9969608797391876,10.621989827600283,1.7453185836620084,11.559891286724229,1.440091555976071,12.35831368502637,1.093526262019274,12.993068070181566,0.7198461035694798,13.447425721594636,0.3206096629084935,13.708640449918727,-0.100911812292875,13.76421706532425,-0.5280809945846718,13.606824688870388,-0.9493623002654525,13.237223707968827,-1.366592266413544,12.65807473377039,-1.7742014054405764,11.872161952594935,-2.1571024374443017,10.888068473925978,-2.5114722657129604,9.719921027171882,-2.8452167802947637,8.379850416751239,-3.1385662400887067,6.881242281584537,-3.353988838332256,5.254672920934074,-3.4885364430934787,3.5403602627870447,-3.5352086008596464,1.7820783234357318,-3.594279782945328,3.9872825732302345e-05
105,3,-0.861907965625,2.4466085235,-0.8736724725725139,2.419531848449647,5.145907732825546,4.908158260507222,6.471301606769046,9.788544272695148,4.583703752251434e-05,0.00011122511859162231,0.14563309824736878,0.0552650469075493,0.12305172258887659,0.11641118674969958,0.3442553022577612,0.22429672218061045,0.6145286610145544,0.46746662680010903,0.7880093359972303,0.8216327699095831,0.9019247132580106,1.245825673753913,0.9752148300360663,1.7169580243533937,0.9984505972776629,2.2126080783912587,0.9735368761404296,2.7072558902207104,0.9187256930957806,3.1812859521488703,0.8333828217592943,3.621097369425754,0.6946577769098086,4.005465047530553,0.5196453758801411,4.309544504564677,0.3458221198945847,4.5255867081572845,0.18768006904877282,4.657746854711923,0.06549846538067315,4.71979673083095,-0.060016836519677576,4.722612883335051,-0.2219799317207004,4.653257380687749,-0.3961110816698563,4.498764108708785,-0.5676324447707614,4.257602019210583,-0.7292089980016732,3.9327768800395213,-0.8736724725725139,3.5313040796745554,-0.9992872256813651,3.0621674720012932,-1.0929484466883201,2.5372451430886414,-1.129736994453677,1.9788145350987254,-1.0995032736964785,1.4187461890606436,-0.9989919121281153,0.8908197859393184,-0.7969944926606014,0.4365844208948726,-0.4563525260898303,0.11734034816588461,0.0005700664272401696,-5.973637868810956e-05,0.49815601798808185,0.12465677851508374,0.9628383229004306,0.4923659221388047,1.361665042821999,1.0762504059349958,1.7020765967769893,1.8443353732306302,1.9889028269987765,2.769550513175354,2.20687888132675,3.821701569298354,2.347938268686685,4.963493469877799,2.419531848449647,6.158119932588949,2.4234319516299454,7.371785046980119,2.3556388420889376,8.569547688567942,2.2190362956026317,9.715930211787049,2.020781090821686,10.778332225047546,1.7650411624014346,11.727144375160316,1.4551463494643984,12.534282680467376,1.1035133916646007,13.175308964019182,0.7245621886134754,13.63334948234578,0.31986391901538824,13.895565354393852,-0.10726377047601895,13.949369502199945,-0.5399420349781983,13.787414406181428,-0.9664714299649773,13.410560088556393,-1.3887122358766415,12.821593952779518,-1.8010130897454277,12.023430615671721,-2.1880835549565503,11.024864187916577,-2.546061338585013,9.840303533669724,-2.882967716852533,8.482129009456763,-3.178797211235942,6.963985352175499,-3.395600824503872,5.316908902576747,-3.530479313392661,3.581661898929953,-3.5764435341117813,1.8025597393551234,-3.634988996261329,4.03244296539026e-05
106,3,-0.9009476026736112,2.469780565972222,-0.9189712540220784,2.4378806366224595,5.15792608173343,4.900081482108064,6.764415577211542,9.881252428270294,4.8632810873703535e-05,0.00011570563114079442,0.15249490556914366,0.057712583445317205,0.12965991093985912,0.12196738418779557,0.36285358657620903,0.23564918186090356,0.6490388586248587,0.49222823378304925,0.8337847990902469,0.8666619045189599,0.9552126179403333,1.3157485203484753,1.0327736883598775,1.8147432450877157,1.0562513007523078,2.3394118030016764,1.0276501740127266,2.862178150850299,0.9664945390140897,3.361766733808556,0.8724583482642485,3.823407991246334,0.7218621832465448,4.224473152282136,0.5333622940254078,4.538782408838528,0.3469776580225243,4.758482627257186,0.17821708905081207,4.888453575417787,0.048395505315542604,4.943754137078073,-0.08379110565436526,4.93637070253785,-0.25280358328986463,4.853357267029332,-0.4330350966051213,4.681865484241366,-0.6090800854999424,4.421042195764475,-0.7734561182315794,4.0747182747757495,-0.9189712540220784,3.650790883772777,-1.044128651978591,3.1590590670807908,-1.1357441542097892,2.6121534167057456,-1.1686260632369514,2.0332250039072295,-1.132925803467335,1.4550267453127652,-1.0258552146919608,0.9119847119118135,-0.8160069152554421,0.44621649906877514,-0.46605707176837835,0.11974437928507446,0.0005810849507772748,-6.087361195338115e-05,0.5066613672047023,0.12686434524033874,0.9775770680253751,0.50048737800452,1.3803272246851994,1.092807650174057,1.7229455821410826,1.8708343981951374,2.010696272869227,2.806765423332731,2.2284128583674896,3.8697958234074283,2.3682140365179283,5.022074781347507,2.4378806366224595,6.226379580793376,2.439385524137366,7.448637701642348,2.368833331120976,8.653699806775414,2.229258874988841,9.805941871543572,2.0279739269977255,10.872697716764243,1.769237078824689,11.824354591984388,1.4564351575677834,12.632858661470468,1.1020882816476645,13.273840242759643,0.7206970231860149,13.730546934825547,0.3137926150546046,13.990270337966898,-0.11534028881255994,14.040528495029532,-0.5497761193896319,13.874084524429334,-0.9778193685697323,13.491926268758576,-1.4014183767861241,12.896941609226934,-1.814954201205766,12.092110759642559,-2.203109317234653,11.08629621944115,-2.5620547888594833,9.893977909924738,-2.899896607047064,8.527571868707957,-3.19654962726965,7.000748468539814,-3.413888702882541,5.344649461719931,-3.5490173939161265,3.600182635872338,-3.5949153951462827,1.8118216566271153,-3.6535911518992523,4.053079101258533e-05
107,3,-0.9339003632847223,2.4709949013194445,-0.9024302770412687,2.449119264499351,5.127521996155029,4.897896657324438,7.011828597156805,9.88611081701292,4.580432173664375e-05,0.00010690245411355884,0.1419264760172049,0.053542604073690714,0.12178636851012199,0.1136383438954211,0.34146214276990045,0.22051132394134765,0.6140116868399089,0.4626151952223923,0.7940946889926835,0.8180605514707259,0.9161643704085499,1.2473084309563667,0.9976249591775168,1.7276276802127353,1.0278330879822979,2.2363003698152073,1.007720461799752,2.7469413596070784,0.9552525048162828,3.238751162302427,0.8696310883523989,3.6968773217307347,0.7274362497026603,4.098639321411404,0.5462591296893556,4.417646051874745,0.36503637572724257,4.645175774806252,0.19929461937257606,4.785022905000294,0.0704550784624301,4.851174175507044,-0.06156527061718445,4.854869698922193,-0.23062540878675536,4.78297416739344,-0.4114897364874587,4.622441314538143,-0.5887754653921698,4.372102785130758,-0.7548671111656334,4.03551959078154,-0.9024302770412687,3.620384719478848,-1.0297996152769382,3.136374850950959,-1.123727986791775,2.596059798525111,-1.159003780712482,2.022542620586295,-1.1256568436108711,1.448562175393658,-1.0207786278247846,0.9085989848621352,-0.8129505989168693,0.44485688449805666,-0.46478127861488205,0.11945349660646054,0.0005799442871945622,-6.076146353320901e-05,0.5061579408865663,0.12670266762602844,0.9774217464664655,0.5001269976076066,1.3812501446367902,1.0926126116432888,1.7254991542625615,1.8714887255605865,2.0152809917834387,2.809190918419386,2.2352511852037313,3.875072158262359,2.377325402093539,5.031341521688144,2.449119264499351,6.240742925046137,2.4524539586085647,7.469093601652269,2.3832767221446995,8.68105548597142,2.2445083414814397,9.840746018227057,2.043400053306648,10.915197867234635,1.7841712144167872,11.874473354406573,1.470193557212366,12.690178449158745,1.1140563771660472,13.337614586906946,0.7303776266129252,13.799752523864974,0.3207443987124341,14.063651618906885,-0.11148379816160058,14.116623999127343,-0.5492035861779303,13.951291064264245,-0.9805707879191534,13.568588435973945,-1.4074847395063461,12.971397817705048,-1.8242313275855693,12.16272344975342,-2.215338639948825,11.151519034716022,-2.5769174830938018,9.952415219040427,-2.9171066247908626,8.577978422541214,-3.215674251594873,7.042046799495869,-3.4342632525090235,5.376045038322414,-3.570009371147557,3.621209520321868,-3.6159157860573763,1.8223347411529283,-3.6746443354250746,4.0764342608526826e-05
108,3,-0.9465840413263888,2.494270455465278,-0.9188411625227404,2.4004929221495073,5.209707210272125,4.894846066089414,7.107059073453957,9.979233108560436,4.9750252506420134e-05,0.0001194933303753379,0.15692049900110694,0.05948087691438652,0.13281155604665357,0.12543906945921113,0.37131046184721117,0.2418304309487254,0.6623665874923801,0.5040272871827376,0.8479598542075187,0.8854730557625402,0.9678801404625401,1.3413391977183706,1.0425106432955844,1.845988079517594,1.0619333386993874,2.3745498914074337,1.0286939899490644,2.8990067390201713,0.9629831511583251,3.3979653657767694,0.8647430938477519,3.856785217465793,0.7103924825093588,4.253027908183373,0.5190726331562227,4.5608471347271395,0.3311189540495125,4.7729590163169595,0.16195117626525973,4.894853452454103,0.03265039166293635,4.942120308970683,-0.09835816514773586,4.927131971176175,-0.2654827606213777,4.837275790101512,-0.44313193327270356,4.660064030922916,-0.6160517532237799,4.3949544538675624,-0.7769470498007198,4.046004713471131,-0.9188411625227404,3.6212351382387915,-1.0404144536887396,3.1304700107760315,-1.128756824096732,2.5862613218237356,-1.1591080220811358,2.011498547587905,-1.1219227553163111,1.4384773043703363,-1.014600955689113,0.9010579491209868,-0.806238024909843,0.44063325698948475,-0.4601132841392067,0.11819107224522264,0.0005733629027804407,-6.006004676791044e-05,0.4996435682992578,0.12512656305082953,0.9636539342569012,0.4934911134885729,1.3602330794429076,1.0772731924776398,1.6974356716295802,1.8438695686279523,1.9805394068339879,2.765847051509986,2.1946605884724955,3.812850357726462,2.3320800481934953,4.947608258150097,2.4004929221495073,6.133487350319547,2.4018563402052266,7.3369682527813,2.3323369766100774,8.52347497998572,2.1949211017069175,9.657964114244507,1.996801181067603,10.708302522623327,1.742157482602967,11.645358578731564,1.434308652118451,12.441528189771613,1.0855669320614096,13.072826791344346,0.7101939796584125,13.522762350398008,0.30967783137473776,13.778815721418876,-0.1127659108668194,13.828680873538852,-0.5404850703524428,13.665208277426084,-0.9619762538810624,13.28934061869016,-1.3791724846587257,12.703884552887521,-1.78655112203974,11.91173115885244,-2.1690321479290797,10.921560518115085,-2.5228476901404027,9.747583167515089,-2.855985078164445,8.40197511215092,-3.1486541252217863,6.898147993536249,-3.363276513106012,5.266730921821397,-3.496971879309699,3.547985946172781,-3.542788269683024,1.7857042655807773,-3.601237709951983,3.995001280255028e-05
109,3,-0.887527032048611,2.3778528471666665,-0.8850375310426095,2.3436485230421606,5.169461416549439,4.9215850504728005,6.663652428809329,9.513462266185522,4.824207987182273e-05,0.00011796935078520258,0.15398209865621562,0.05851551842515308,0.12950971622867183,0.12301355530381906,0.3618533731004129,0.23648790937038852,0.6438154728472618,0.4916635777338207,0.8218256053523082,0.8618612041247864,0.9356975315442324,1.3030929543436938,1.0058002688413745,1.7904423883541618,1.0228721347930003,2.2999594919429325,0.9896310334272372,2.804796987309493,0.9256891478431797,3.2846035977713925,0.8309495473195521,3.725562448461246,0.6825854330731634,4.1062985850076394,0.4989559324326779,4.402108044479141,0.31877153534730057,4.60611543277763,0.1567123224200444,4.7236652632028475,0.0329732274871848,4.769759329403408,-0.09260312763186458,4.756248382980502,-0.2532764549557505,4.67085632885359,-0.4244461933964729,4.501385151810959,-0.5914400938163181,4.247127513782936,-0.7472251917874624,3.911801695933242,-0.8850375310426095,3.5029564481588067,-1.0035502622398391,3.0299029671916693,-1.090196610539033,2.504622118482589,-1.120873960793683,1.9491504370557815,-1.0861473615790216,1.3947146689569918,-0.9832980277255993,0.8741558117814315,-0.782134522408093,0.42772094443746306,-0.446751871826507,0.11479004376062446,0.0005570910177281393,-5.836157895488994e-05,0.4858548225452977,0.12164566807494333,0.9376629661743662,0.4799732100766628,1.3243429675732823,1.0481923924720908,1.653586904152434,1.794783549039359,1.9304262208282952,2.6931956677638147,2.1402838181916843,3.713986312236301,2.2755541315126577,4.820935486686889,2.3436485230421606,5.978400930392483,2.346396780261709,7.153733936068279,2.279982602390383,8.313217154228262,2.147231598244636,9.422635960708503,1.9550748480620046,10.45057093459104,1.707514337257584,11.368490387031288,1.4077198098592556,12.149316777257312,1.0676548219722308,12.76947389440136,0.7012150365414537,13.212678960633546,0.3098438712216254,13.466519496579787,-0.10331704934855922,13.51878876904478,-0.521976108689697,13.362322766810447,-0.9348493327167566,12.997881381105971,-1.3437819605682166,12.42806832278744,-1.7433277640024851,11.655592178173839,-2.118682669571381,10.68884814193903,-2.4661057249979237,9.541669195510488,-2.793369775287144,8.225922123582157,-3.081060810301082,6.754704033817768,-3.2923331535959646,5.15799153664211,-3.424312002774023,3.4752208443813046,-3.470142673737039,1.7493098224733485,-3.528268861918609,3.91405394261955e-05
110,3,-0.8580984270416666,2.3767471280069445,-0.9138570630861287,2.396441650706962,5.168640953539625,4.907785869303839,6.442699164120199,9.50903843587342,4.835765497296065e-05,0.00011570673451882962,0.15220653949364074,0.05764891099451387,0.12916729141370303,0.1217135865889505,0.361437390354883,0.23496130343511887,0.6461216136726707,0.49045942440787155,0.8295618667594747,0.8630944527393479,0.9499923125761803,1.3098081880353252,1.0268574279826872,1.8060053909192244,1.0499678838858508,2.3276106498793756,1.0212638898460886,2.847201514195347,0.960127358106516,3.343598952418695,0.8661928384224317,3.8020768768925133,0.7158725069491526,4.200069883262738,0.5277919933009997,4.511486129712334,0.34187458907523877,4.728515866538767,0.17362055061860668,4.856062182376734,0.04426301873019463,4.909181172887466,-0.08727988449756602,4.899876397875924,-0.2551998716246948,4.81537308552321,-0.433958023798984,4.643037773196406,-0.608215308075121,4.382187508985492,-0.7705474314575709,4.036798386198828,-0.9138570630861287,3.6148714355436504,-1.0367208556887024,3.1262688795720166,-1.1261643898149283,2.5836229204287866,-1.1573915404607908,2.0099274899935256,-1.1208433182253874,1.4375954118558572,-1.0139416396260454,0.9006027183347304,-0.8058442392412629,0.4404366004751895,-0.45991627914673333,0.11814097718947862,0.0005731199815180437,-6.003445283692384e-05,0.4994140524548134,0.12507078554096177,0.9631497895033858,0.4932541210739556,1.3593885550510083,1.0767023786846945,1.6961562773105276,1.8427722228152275,1.9787139935629385,2.763978191428979,2.1921813515754605,3.809909583462381,2.3288524220835742,4.943244377953169,2.396441650706962,6.127306323064476,2.3969391535682325,7.328545971270582,2.326558470833734,8.512377507292662,2.1883382492102545,9.64377281509729,1.9895254053092477,10.690640742970885,1.7343587667525906,11.62391981238116,1.4262170285168776,12.416106121678098,1.0774577071741507,13.04334241409699,0.7023713907432954,13.489281674836706,0.3024826954343698,13.741565586074717,-0.11896454593013478,13.788066861587303,-0.5453315784487446,13.621818860517115,-0.9651404836907761,13.243934905823897,-1.3803274979077254,12.657385570740173,-1.785399119886074,11.865220411265627,-2.165351795883149,10.876250295835236,-2.5164736744147835,9.704779890766883,-2.8467629825873684,8.363065344927822,-3.136558206855703,6.864572295438179,-3.348531086607616,5.2398779966681985,-3.47992139451858,3.5291001011956022,-3.523919243705459,1.7758137084600778,-3.580547580738411,3.972048850039544e-05
111,3,-0.8494213028421296,2.307997223921142,-0.8787716947259099,2.338528352779193,5.150173251282226,4.912805946245485,6.377550343115997,9.233979523332431,4.649342543522636e-05,0.00011149217926273894,0.146555662619284,0.05552476271484687,0.12431089048921644,0.11719255087469975,0.34782612271335633,0.226181094384519,0.6216031210141624,0.47201925074412787,0.7978360457690792,0.8304543888842085,0.9134585542721055,1.2600316443659627,0.9872629738367834,1.737115874923968,1.0095269584055482,2.238612552012988,0.9821563322753417,2.738240098169742,0.9237585899156177,3.215722557625878,0.8339468288971368,3.656968849222808,0.6900207768677875,4.040339233811177,0.5097819769995213,4.340774260473797,0.3314948543798066,4.550728051359815,0.17001850718627248,4.674837670282689,0.045775528822088025,4.727492095488838,-0.08070102334813206,4.7201604494303355,-0.24234135912781576,4.640482799781806,-0.41463887741530886,4.476203837731272,-0.5828569337241531,4.22654521749232,-0.7398517339471591,3.8952061066107193,-0.8787716947259099,3.489764636969848,-0.9982194551759317,3.019602446726019,-1.0856286959040862,2.4967901767733487,-1.116953751649539,1.9434368622111002,-1.0828031925358197,1.3908148780257745,-0.9805112571213301,0.871790097597557,-0.7800228324756007,0.4265884969782779,-0.44557901684523243,0.1144908896327848,0.0005556552245311978,-5.82116141466892e-05,0.48463496903711073,0.12133778113504265,0.935371093140861,0.47877864345388776,1.321197629882971,1.0456297818942935,1.6497676763925486,1.790473484751673,1.9260757181484212,2.6868372813864183,2.135549099330625,3.70535038883642,2.270572788235687,4.809865479006554,2.338528352779193,5.964801423541814,2.3412427579476036,7.137561092080192,2.274922542523574,8.294484972223874,2.1424136167218553,9.401427765923488,1.9506638542859063,10.427048218576237,1.703696450442287,11.342902229198064,1.404696541643203,12.122009980121371,1.0656089921267315,12.740893107074328,0.7002879074380914,13.18334971791344,0.31014897205679925,13.437030606896517,-0.10171133332384398,13.489776345114949,-0.5190900600220065,13.3344361434443,-0.9307838601678975,12.97173792459577,-1.3386857326023789,12.4042225335777,-1.7374114232098254,11.634509942104419,-2.1122292262362037,10.670871251713285,-2.4594302220673314,9.526987643961503,-2.786786742572213,8.214568615577305,-3.0749197347450865,6.74654727179317,-3.2870032565428837,5.152716777533185,-3.4200941788692916,3.4723441600804277,-3.4672541928794423,1.7482156351876181,-3.526795909182744,3.912419953794392e-05
112,3,-0.8636571885222222,2.307152019387037,-0.9089209792022255,2.3382734229730238,5.2118542049503365,4.904178155255536,6.484434968330663,9.23059797621441,4.8150556655425223e-05,0.0001137395176761556,0.15028666835283663,0.05681533005103994,0.1281405134647335,0.12023754389588966,0.3587045335244014,0.2325988841835467,0.6423246998246015,0.48638930057068264,0.8260924420250428,0.8571746511329901,0.9471435641836318,1.3023127059808806,1.0243806975474938,1.797193500322147,1.0474520828274176,2.317569656624469,1.0182179990815068,2.8357917099745116,0.9560481965456848,3.3304270929527675,0.8607541882644595,3.7865321894301616,0.7091051665319165,4.1814655611376015,0.5199400974026033,4.489216099019422,0.33323600279280946,4.702108263116024,0.16456836984857162,4.825218052140742,0.035077464517556015,4.873764682059345,-0.0960132649489589,4.859943568492029,-0.2625134787262073,4.771388759812373,-0.43902270893696504,4.595928836807336,-0.6103706769320635,4.333248646763305,-0.7692978639791342,3.9876171663508164,-0.9089209792022255,3.5672284312438953,-1.027986805117183,3.082043451815364,-1.1138735074785227,2.544675676030156,-1.1423776613173038,1.9778524823663661,-1.104347801399471,1.4134538099697382,-0.9974835466912984,0.8847735587852574,-0.7917121435777261,0.4323737425986538,-0.4513391248454096,0.11589812617753137,0.0005619523990627013,-5.885706844633289e-05,0.489192318871071,0.12254561140744553,0.9426932861259637,0.48303378848358197,1.329572904459322,1.0538723272364399,1.6579156314261092,1.8028914437576513,1.9330478381201768,2.703070796777487,2.1405711422750344,3.7246109037010005,2.273095506404154,4.8310291457471175,2.3382734229730238,5.986538857561768,2.338128215470878,7.158456410623528,2.269017480794971,8.313119291314756,2.133940982417373,9.416455318869147,1.9399793946991737,10.437269419581888,1.6912526316395995,11.347320842897265,1.3910217881712377,12.119875484688475,1.0512919555702855,12.73173532166735,0.6859409653581643,13.167000378916391,0.2963858155263983,13.413628131898173,-0.11428026572477883,13.45976581013749,-0.5298909120541216,13.298560566331533,-0.9393042558948601,12.931011749511711,-1.3444577618145708,12.359904639880467,-1.7400277976608245,11.588079967579036,-2.11138963168925,10.623986932217253,-2.4549230764856067,9.481432029802358,-2.7784358600932793,8.172221506505682,-3.062705607302138,6.709347175199686,-3.2712048424575495,5.12253546714755,-3.401151003423349,3.4508712592201563,-3.445788289375717,1.7368657805196954,-3.502877255219526,3.8858859814945147e-05
113,3,-0.8717778723324009,2.3425786287141417,-0.8791841303560269,2.2905213214124327,5.1479035309885885,4.913991033114484,6.545405972526878,9.372334968667031,4.750345225569913e-05,0.00011390105293572803,0.14966661190555655,0.05671627740372652,0.12678191161592392,0.1196542677823631,0.35448094998991236,0.23076528369269722,0.6325382058924456,0.4811168470893328,0.8100930355745836,0.8454583352711598,0.9250403067879973,1.281059149574624,0.9967754918730315,1.7634715533960468,1.015762438767223,2.2689491830822512,0.984353108915042,2.7707030653874076,0.9217619277669085,3.2482325030696333,0.827894879383386,3.687459466351532,0.68020219352415,4.066842192637732,0.496981607936301,4.361578400711367,0.31684105679197844,4.564621288247279,0.15460600679096334,4.68117084068139,0.03051014598992332,4.726124711686553,-0.09513398852364653,4.711339592301133,-0.2551754463213643,4.624811410190609,-0.42511294243795333,4.454676424519484,-0.5903494384621311,4.2005034772803045,-0.743919475505136,3.866260395331081,-0.8791841303560269,3.459693138061239,-0.9949246922117847,2.9902535764520484,-1.0788617152114162,2.4699756760392364,-1.1074112672451115,1.9207378838786968,-1.0715213170730478,1.3733690753962264,-0.9687567394916362,0.8601643851298975,-0.7696473989326197,0.4205902801167254,-0.4391633168424035,0.1128048412359934,0.0005472003109147127,-5.731867216248722e-05,0.4767930872897575,0.11940763834455861,0.919511201498462,0.47091003534142833,1.2978439740693746,1.0279314906857033,1.6195096293047444,1.759349096550885,1.889572553179303,2.638988204184227,2.0938643031538064,3.6379010498560835,2.2250563497583196,4.7205588202753725,2.2905213214124327,5.8520582947632835,2.2921515308324913,7.000481095462873,2.2263080731761344,8.132911920302645,2.095842218501342,9.215995003665395,1.9075984051040016,10.219147262674651,1.665529663273398,11.11463596200079,1.372748285125112,11.876163606712867,1.0409267015866184,12.480853782216416,0.6835881791542883,12.912938386844724,0.3020674920880009,13.16039780246036,-0.10065781426253784,13.211371826598475,-0.508781850148554,13.058876029227232,-0.9113915728569523,12.703610945963348,-1.3103881968530304,12.148026169325117,-1.7005421581629738,11.394626362104603,-2.0674629407426846,10.451430037555134,-2.407539161821881,9.331739430968458,-2.728393189535139,8.046918454395875,-3.011048991263939,6.609525462844191,-3.219414311933671,5.048635984713157,-3.350558208358693,3.402623450402273,-3.3976210904759827,1.7133369551081374,-3.4569051689772103,3.8348872891016364e-05
114,3,-0.863449207201389,2.3233846442569446,-0.8644677374154061,2.2949284516964923,5.17109405595796,4.9126850563503845,6.482873421263733,9.295542476192624,4.65644768513291e-05,0.00011148478726874034,0.14657204555361042,0.05553041775171137,0.1242446044877548,0.11718936165427891,0.34743271108513335,0.22608345859696682,0.6201914041171357,0.47150370915217005,0.7946527431524262,0.8288189911362535,0.9078696792346024,1.2562268875397815,0.9788189795219312,1.7298155424337178,0.9981255591589725,2.226346540020647,0.9680671189046488,2.7195845426713054,0.907462801362703,3.1894474415072365,0.8161823490084851,3.622138196319806,0.6720160634320785,3.996507293032375,0.4928210873170112,4.28815674057271,0.3164385121946001,4.490076017165294,0.15740179445999972,4.607256919551272,0.03562331748324839,4.65421936216351,-0.08792844268282884,4.6425037479416025,-0.24566753596364838,4.560153280475082,-0.41354010697904725,4.39530601588021,-0.5771771382633467,4.147340129460257,-0.7296878795364137,3.8199721609255377,-0.8644677374154061,3.4206648180314096,-0.9802435783266117,2.9585958591741957,-1.0647811226995745,2.4455348113500177,-1.0945959212758007,1.9030484533924465,-1.0605361451593853,1.3616489000008491,-0.9600008467652663,0.8533951669442281,-0.7635490879425124,0.4175545249068868,-0.43613137971528365,0.11206281299874102,0.0005438737619210907,-5.697773618879754e-05,0.4744024626967199,0.11877180068415757,0.9157664849016953,0.4686941222800962,1.2938044751174427,1.0237288098126258,1.6160439641293212,1.753238076434042,1.8873855677277063,2.631436988465757,2.0935409474298874,3.6297010228433617,2.227001550741083,4.712751925225023,2.2949284516964923,5.8458354493518945,2.2990311797827885,6.997083066979103,2.2354995037221306,8.133541893801986,2.107024096653297,9.22173464135559,1.9203214391361088,10.230884060555727,1.6792468406792365,11.133007359858153,1.3868397135060357,11.901513971230607,1.0547506904990744,12.51320930800363,0.6965296265165228,12.952010382318138,0.3135275578347066,13.205594911104658,-0.09124569299970671,13.261808933151624,-0.5018792139373773,13.113408295559532,-0.9073490628150199,12.760892713971822,-1.309499087329966,12.20655180215887,-1.7030085335644043,11.452763118124901,-2.073338861176423,10.507480650477277,-2.4167860762244993,9.384007368172286,-2.740955951357293,8.093730354797975,-3.026702835656172,6.649266842308062,-3.2376507898311115,5.079881241916357,-3.370798385172624,3.4242226464072516,-3.419207087600895,1.7244599207017197,-3.4798001176986744,3.860285609346985e-05
115,3,-0.8487293641736111,2.3394219941666665,-0.8468691356491765,2.273482572279927,5.169510818406768,4.906067948828003,6.37235519004171,9.35970570790713,4.5606424043974186e-05,0.00010996552223350924,0.14423498409269406,0.05469815961916073,0.1219860313915274,0.11529632206052191,0.3410629516588525,0.22220725411694528,0.6083158721418518,0.46302408764054676,0.778780411667984,0.8133389312008793,0.889189713035086,1.2320692851489006,0.9583336844657345,1.6958195710246502,0.9771122236148864,2.181918627925183,0.9477914931835362,2.664789189650211,0.8887836134990555,3.124884687565693,0.7999001503042911,3.5487929986955615,0.6593045428033555,3.9158644117844066,0.48439031038074637,4.20222147026119,0.3121450383836073,4.400972607499771,0.15675947630815648,4.516951439113145,0.03774222148483396,4.564314721606643,-0.08317743752371248,4.554297758584961,-0.23783445303718123,4.47508292924268,-0.4026723203742116,4.314921956400164,-0.563597900060783,4.073083211996072,-0.7138346886176253,3.7530945001118425,-0.8468691356491765,3.36217194987978,-0.9614152400175408,2.909232105095667,-1.0453976290885332,2.405759137548773,-1.0756390970612353,1.872902480055058,-1.043026973950182,1.3406588741632508,-0.9448842591728212,0.8406037616845089,-0.7520747069329944,0.4114735060849447,-0.42986990319876955,0.11047820013362585,0.0005363635012172412,-5.619590280921085e-05,0.46818493503344394,0.11719095045989761,0.9043169743515946,0.46264419395186007,1.2783901014666676,1.010913000981498,1.5977018922563142,1.7319459701336841,1.866973113266471,2.6004202341278893,2.071968345279746,3.588148934878747,2.205145978465487,4.660309905894855,2.273482572279927,5.78254246196909,2.2785879490769805,6.92329349763852,2.2166267674710523,8.04990079665449,2.090209988369525,9.129153825958804,1.905951219553402,10.130492745541682,1.6676476565293925,11.026110666936553,1.3782991115727452,11.789571943416451,1.049443138314751,12.397801241475438,0.6945100442271459,12.834768977657857,0.31485102391009795,13.088176594326132,-0.0865407735918307,13.145898297796371,-0.49388661548919416,13.000678905676212,-0.8962461166696114,12.65294423034429,-1.2954341472032402,12.104901196962318,-1.686167321014137,11.358849206485354,-2.054021283288897,10.422620610334524,-2.395310641321712,9.30935712417209,-2.7175686444774003,8.030306226918219,-3.0017946217391054,6.597940094760035,-3.2118746072778843,5.041253338722978,-3.344786789146648,3.398569411598834,-3.3935956809299554,1.7117282700164804,-3.454472934659319,3.832189130712612e-05
116,3,-0.840465200451389,2.3099278907152776,-0.8545022762789484,2.2825387301621785,5.186392746756511,4.915404716823936,6.3103069225849415,9.24170385569239,4.555149706742357e-05,0.00010882857697495179,0.1432151277304891,0.0542347543819087,0.12159192130061684,0.11453047460406977,0.3401569573486914,0.22112242611064983,0.6078219018459379,0.46152718879619975,0.7798558611201264,0.8119559737422182,0.8922896345975505,1.2317210613491956,0.9635317649945109,1.6975485012453324,0.9842097122179458,2.1867352187211746,0.9563640468056881,2.6735439447396594,0.8983174546846272,3.1381878973965494,0.809828080818554,3.5669880512450023,0.6689128862825099,3.938975360362912,0.4930078042826504,4.229911231094557,0.3193587531194827,4.43263349780838,0.1623599462496937,4.5518183393759,0.04178739280936784,4.601589522978345,-0.08080715767066317,4.593190138403985,-0.2374811998243045,4.514667459456668,-0.404469263754244,4.354146438906457,-0.5675141841749186,4.1108761181544375,-0.7197308509419404,3.788425849931681,-0.8545022762789484,3.3941097404912153,-0.9704946950693123,2.936978135072884,-1.0554959870079845,2.4286879063747002,-1.0861003319078844,1.8906606500145746,-1.0531188162425607,1.3532492004690093,-0.9538861078655831,0.848388564714546,-0.7590671255619648,0.4152148390079281,-0.4337395717877949,0.11145995533299835,0.0005410288556072351,-5.668163414973763e-05,0.4720336989778843,0.1181714664844333,0.9113127628091058,0.4663737127298722,1.2875922445962165,1.0187302567504357,1.6082798623134593,1.744739526172216,1.8781971316808082,2.6186947399265517,2.083095026055745,3.612041982871952,2.215495907223125,4.689597155050373,2.2825387301621785,5.816699688501221,2.2859530803988273,6.961570900162416,2.221991333802403,8.091371299281802,2.0933828681225917,9.172763920939168,1.9068649292878983,10.175125071865827,1.6663305561945836,11.070639296469615,1.3748618793947394,11.832905456451941,1.0440958807090799,12.4389277401212,0.6875448633158247,12.872804308680568,0.30659025995334327,13.122391580620084,-0.09574356168719489,13.175731639814948,-0.5036309321351438,13.025758096739338,-0.9061179271565422,12.673102469962348,-1.3050369539567979,12.120174557246118,-1.695114490424055,11.369469111913661,-2.061942033379136,10.429008777676524,-2.401874925465241,9.312111294808474,-2.722490378656441,8.030177727196284,-3.0048327202048415,6.595813058346121,-3.2128760074193514,5.038112245116587,-3.343700652772652,3.395449699734049,-3.3904789415299628,1.7096623904975687,-3.449326520759302,3.826479978005823e-05
117,3,-0.8852297055138889,2.339183054041667,-0.8660197688433374,2.2970358116955447,5.187427903206213,4.913931439665594,6.646403843707044,9.35874974132334,4.664133751406094e-05,0.0001100448822555936,0.14540388319093478,0.05497333711486505,0.12387578164539507,0.11631318407573844,0.34654349289167174,0.22489669176338392,0.6197729958121452,0.4699288646193568,0.7956740306205178,0.8273770908689199,0.9104024737621296,1.2556817782728065,0.9825262339754105,1.7308494488451667,1.002469755382149,2.2294184197813585,0.9724434344275773,2.7248607561216955,0.9113640076140781,3.1968108965007107,0.8192374731125532,3.631254297950851,0.6739503943685645,4.006879219706643,0.4935646388788395,4.299195258364718,0.31614936778040814,4.501218939829292,0.1563409624085172,4.618049652321512,0.03409921312171816,4.6643542335357004,-0.08971628393438948,4.6518051970085414,-0.247596065930321,4.5685201796789,-0.41547498642895603,4.402701771803035,-0.5790172065293774,4.153789064057307,-0.7313842342988457,3.825535965631587,-0.8660197688433374,3.4254174884074766,-0.9816923880506141,2.9626006051915605,-1.0661803801297605,2.4488295027663978,-1.0959772187208185,1.9056486460970772,-1.0618993675881232,1.3635622954134607,-0.9613034608296899,0.8546389067836697,-0.7646577017197705,0.4181873393036065,-0.4368050842237682,0.11223879502409445,0.0005447469899948573,-5.706961542868005e-05,0.4751813154319067,0.11896605788429081,0.9172578648725136,0.46946153087863624,1.2958432909134523,1.0253863833656975,1.6184491068811817,1.7560140949412482,1.8899738151702823,2.6354692580948087,2.0961207108773268,3.6350331304493,2.229404519857789,4.719335738035536,2.2970358116955447,5.853550796022867,2.300767554544434,7.005761705841348,2.236827239867592,8.142987333744607,2.107941954972956,9.231740870455948,1.9208549781063504,10.241251694751,1.6794355967362977,11.143553767361185,1.3867279296313968,11.912077770911178,1.0543803918205297,12.523650975971265,0.695934404006072,12.962209487423973,0.3127311271427671,13.21544529602408,-0.09222768191271538,13.271214208044361,-0.5030371978644426,13.122278260886747,-0.9086755117795204,12.769141233561859,-1.310984140227813,12.214096949640442,-1.704637226509319,11.459529059155091,-2.075087907727961,10.51340097270643,-2.4186220402323575,9.389029851387244,-2.7428369010873124,8.09782169129976,-3.0285755558321434,6.652417182813075,-3.2394445817785344,5.082111714125307,-3.3724308728601433,3.4255928614390307,-3.420586951687736,1.7250735091220788,-3.480864546195026,3.861466419212182e-05
118,3,-0.88427121843007,2.251576977167832,-0.8809797246904746,2.292213531269162,5.165615835039071,4.917007223787637,6.639207415256488,9.008249874344246,4.686232908190678e-05,0.00011115466564059948,0.1466510824238288,0.05547657191946802,0.12482075566370095,0.1173053384492404,0.3493263854188429,0.22674445465233511,0.6250251643883261,0.47379700936473956,0.8030778767664334,0.8344172206045164,0.919936365416323,1.2669529815385512,0.9941808522638499,1.7474240920623432,1.0158975982553544,2.252285742304149,0.9870337384831345,2.7547595507895593,0.9264901599991011,3.2341649686284297,0.8341120596927915,3.676150704675201,0.6873583429436729,4.058900966608024,0.504468732258714,4.357323426354466,0.32411336217371856,4.564075811923351,0.1612692173803249,4.684122287600006,0.03633717500639966,4.732205218499418,-0.09030539607580118,4.720091899931147,-0.2515453293901365,4.635686229457708,-0.42282325745037724,4.467035237674903,-0.5894624403594376,4.21365762192954,-0.7444213209766507,3.8795084297143503,-0.8809797246904746,3.472361495642821,-0.9978571912195618,3.001731928283426,-1.0826782153873624,2.4797533330780688,-1.1117247808021635,1.9284647899962761,-1.0758875781234392,1.3789077447341935,-0.9727374457187545,0.8635975088367529,-0.772744601267212,0.42223124397492007,-0.4408527862512055,0.11322997387466528,0.0005491911043016722,-5.752498587448267e-05,0.47836536374737254,0.11981386453876752,0.9222297351674432,0.47241006874772906,1.3012066343759077,1.0309715440770917,1.6231001137496115,1.764142536690718,1.8930589946595315,2.645563779351728,2.0969542335712816,3.6461319809094337,2.2275196100861883,4.730185787399777,2.292213531269162,5.862728647091907,2.292985931239819,7.0117859392763044,2.2262341666534047,8.144408205046508,2.0948492138481893,9.227224158831243,1.9057128283452427,10.229655035666468,1.6628046416076396,11.12398841963213,1.3692605335096235,11.88395906529033,1.036786387067041,12.486736852968676,0.6789373508869525,12.916617317682519,0.29706675056870274,13.161656759330143,-0.10582357636671674,13.210080761839365,-0.5138951286032245,13.055005563665484,-0.9162133986546631,12.69724648099875,-1.3146661014351109,12.139375920407884,-1.704008593497827,11.384028661339755,-2.0698469558856702,10.43935860719255,-2.4085792006502316,9.31880124234054,-2.7278330139608897,8.033849821684536,-3.008669972785691,6.59718449103068,-3.2151079762725554,5.037964163034592,-3.3443251313479476,3.394589455627735,-3.3895976054071344,1.7088725891550538,-3.447068355914879,3.823974887003767e-05
119,3,-0.8624605697569444,2.310872389239583,-0.8814075766568897,2.2837754243245874,5.1551620507158376,4.915205783619374,6.475450620526409,9.24548266441142,4.7064891512725725e-05,0.0001119297630016599,0.14752573088325507,0.055831711904639515,0.125412588608092,0.11798855137549116,0.35089641904756336,0.22793415994896127,0.6273931711677739,0.47600798808688644,0.8054235865793533,0.8378330726837523,0.9218298323051766,1.2714398686011061,0.9954224117764018,1.7527007105440615,1.0163987617463328,2.257999169543866,0.9868385454000415,2.7605447910716996,0.9257519723254232,3.239709357290088,0.8330079250481008,3.681227427035448,0.6860584905984017,4.063369406559193,0.5031463027322853,4.361129542666735,0.32289703013054727,4.567243378286583,0.16021832103113826,4.686721906796914,0.035452621837938035,4.7343218298328305,-0.09104789708360436,4.721802745395585,-0.2521704210080391,4.63705633668206,-0.42336301825894096,4.468115570401464,-0.5899486267140028,4.214482623220919,-0.7448754757083565,3.8800989567780535,-0.8814075766568897,3.4727313631745838,-0.9982454946690651,3.0018968396998114,-1.0829991296437247,2.4797395869632513,-1.1119440713539972,1.9283145319170258,-1.0759725517947367,1.3786802252258659,-0.9726707425012024,0.8633653364298679,-0.7725541748993467,0.4220660250995273,-0.4406520798561065,0.11316940704486403,0.0005488262731775733,-5.7484620726545035e-05,0.4778911670832862,0.11970709013985976,0.9210105947363613,0.4718904648272926,1.299014105622343,1.029607649801333,1.6197433615979884,1.7613985520330204,1.8883971352677495,2.6408192970670723,2.090945474900495,3.6387191311355287,2.22022824145578,4.719443540452438,2.2837754243245874,5.848047027193245,2.2836097612139943,6.992640273756367,2.216209735753927,8.120398922586245,2.0845181560552133,9.198111182316316,1.8954390298851178,10.195375353847819,1.6529686763499176,11.084665082414705,1.3602508756051208,11.839908474024869,1.0289523779230405,12.438462279842712,0.6725663796441747,12.86478022957943,0.29242791416625774,13.107056125806867,-0.10848936616811271,13.153645477895381,-0.5144389631742422,12.997763837391057,-0.9145617630473702,12.640279126856033,-1.3107604570125577,12.083795860812634,-1.697837829353185,11.330969152264915,-2.0614922925403945,10.389935409280469,-2.3981601769781067,9.274075941019072,-2.7154478762201095,7.994830133752449,-2.9945256326729397,6.564810780047329,-3.1996042988236435,5.013020208832726,-3.3278840930842364,3.377650870529423,-3.3726784332315476,1.7002868340760915,-3.429644305789811,3.804645668178719e-05
120,3,-0.8727019408680555,2.261330068125,-0.8536156360150569,2.3003361752907905,5.188014605202807,4.916374695476807,6.552343982660258,9.047270650129532,4.468674163657898e-05,0.00010638434140106709,0.14020716791180884,0.053060661355065875,0.11927171417828294,0.11215051656890065,0.33389756662556214,0.2167444777946733,0.5976443642698255,0.45292709864073205,0.768539083083822,0.7978841026149397,0.8815889617404453,1.2120907988151002,0.9546033362254781,1.672966448945563,0.978023442000836,2.1583398900562103,0.9535009778051431,2.642873331875848,0.8988608041013229,3.106941343622374,0.813640949334507,3.5368368805572894,0.6757637120147036,3.9115056335466605,0.5022861699835125,4.206508261040171,0.3301787199402965,4.414292397605809,0.17384976659963744,4.539090043166902,0.05318915863585949,4.594610703649076,-0.07004659298087608,4.591773373395463,-0.2279100883333364,4.518357409209999,-0.3966212755365338,4.362211170574345,-0.5617990797327045,4.1223456334329045,-0.7163969058923878,3.802164111488597,-0.8536156360150569,3.408902436962614,-0.97196264700787,2.9516182482044124,-1.0590263683440764,2.442060770630229,-1.091138737070333,1.9018635233087744,-1.0589523090184016,1.3617032810931244,-0.9597438965645559,0.8538854663585554,-0.7640038911231348,0.41796835610230165,-0.43664025237524523,0.1122087818920355,0.0005446824208289998,-5.7064665745754336e-05,0.47522934755459356,0.11897131450587486,0.9174802905318412,0.4695303481655338,1.2963263491662942,1.0256281661122233,1.6192852549576764,1.7565812366724483,1.8912828490967621,2.636567333365163,2.0980236057300536,3.6369297065800374,2.231987293760587,4.722351070516202,2.3003361752907905,5.858036589138325,2.304748077636106,7.01207138805559,2.2413437259199678,8.15142954389863,2.112751837067726,9.242526429113324,1.9256454949778834,10.254451574585529,1.6838416590928198,11.159068889824955,1.3903590318595083,11.929618167789515,1.0568940567415472,12.542739758718573,0.6970855409699906,12.982223023001033,0.3123431857676036,13.235655638675176,-0.09423762849350859,13.290825420753649,-0.5065849986101268,13.140492878436808,-0.9135352623403579,12.785242815024542,-1.3168550541347972,12.227501697533862,-1.7111207226573608,11.46982603419009,-2.081677261745427,10.520407204128466,-2.424778293090118,9.392827654922256,-2.7480368864612372,8.098758411891488,-3.0322702870948874,6.651106944764709,-3.2411383438049675,5.079437430539704,-3.3718273405744617,3.422638234602101,-3.4176297318767332,1.7230115571463391,-3.475575021436804,3.855598504050375e-05
121,3,-0.8823074541111111,2.282832690402778,-0.8884005736058004,2.2988756755156197,5.2108061027350585,4.9099023836405,6.624463252655114,9.13329968506642,4.862526799366718e-05,0.00011689683178978478,0.15343704042948994,0.058173874829779544,0.12975122631722857,0.12263997598024329,0.36261836543106984,0.23632748660779102,0.6462868270333054,0.49227274714398783,0.8263092860293191,0.8642189675972093,0.9417093397127437,1.3081024883548629,1.0125566765262806,1.7986809461596782,1.0294350864829052,2.311567761736418,0.9951263735778056,2.8194514367648957,0.9295093837979953,3.3016063893666767,0.8327098714952713,3.743973710121859,0.6820591303202317,4.125022419619723,0.4962443814190119,4.420010213414026,0.3142622153326409,4.622193797604707,0.15087825196177737,4.7371370328727895,0.026284379411322393,4.780083022651351,-0.0997758563832728,4.763091839056413,-0.26053211152883055,4.674074177350994,-0.43133205127160196,4.50104887455934,-0.5975212995215414,4.243532059263024,-0.7521108785217364,3.9054495242246223,-0.8884005736058004,3.4945297181688644,-1.0051238797573037,3.020232507013754,-1.0898299794726776,2.4946476898943373,-1.118639808637118,1.9398344016548197,-1.0823420197281233,1.3869247324479184,-0.978438941565385,0.8685603731543146,-0.7771938073799673,0.42462965564460736,-0.4433423999065315,0.11386409825069554,0.000552222556417459,-5.784105585613282e-05,0.48089218500066394,0.12045582682479018,0.9268536071664133,0.47486369244546933,1.307326996121872,1.036135712956602,1.6301878568239907,1.7726285217881035,1.900656385340992,2.657739956907327,2.1046060520651224,3.6621390710553476,2.234823728671686,4.749946371262617,2.2988756755156197,5.885991118815913,2.2987849658726605,7.038171968767184,2.2309958776385246,8.17344055834976,2.0984576005130755,9.258352587352277,1.9081075267957224,10.262285839485575,1.663962180230651,11.157507692282895,1.3691863525301768,11.917748209319209,1.0355274352610977,12.52018977862985,0.6765780394326489,12.949161780388271,0.2937036553087371,13.192766419954504,-0.11007677319538829,13.239280929533106,-0.5188892225228808,13.081886994436228,-0.9217769064068437,12.721481283594482,-1.3206252069636568,12.160722727785016,-1.7101784811384968,11.40233511419979,-2.0760263909844587,10.4545691942685,-2.414569107926042,9.330961542026028,-2.733449199593854,8.043101036114217,-3.0137220286033664,6.603760297755473,-3.219400345844923,5.04219627186599,-3.34769441619532,3.3968999191879563,-3.391915698804641,1.709757405365146,-3.448280125618591,3.8253191387946e-05
122,3,-0.9018575536805555,2.282241963701389,-0.8866000445702634,2.28807794579729,5.166086998549304,4.919343125802213,6.771247591357101,9.130936268764192,4.8997422780810264e-05,0.00011841472048033195,0.15512885186254358,0.05886449902047257,0.1308744551298088,0.12395933011637761,0.3655949710751705,0.23860789598903404,0.650735014508905,0.4964812361442861,0.8306208969007145,0.8706698937582349,0.9450022713568147,1.3164791602600023,1.0143584956766534,1.8083471599475227,1.0294586921193463,2.3216977546623907,0.9933333142654768,2.829134864451475,0.9260987408005322,3.3099775317465676,0.8279775938969229,3.7502959662732516,0.6763702824821536,4.12872154372536,0.4900781614041181,4.420724501159168,0.30808979894569827,4.619805612222618,0.14506869752056095,4.731740886177137,0.021057771576213295,4.771921115557629,-0.10422649017275408,4.75250043991166,-0.2639470947355728,4.661506166494085,-0.4335209794769974,4.4870740904568365,-0.5983808570852872,4.2287922967446425,-0.751614524687785,3.8906196775547546,-0.8866000445702634,3.4802774193459496,-1.0021230258171083,3.0071861621367524,-1.0858272210247681,2.483363636370604,-1.1139820737857733,1.9307324483630506,-1.0774532034684878,1.3802273384757637,-0.97377210147331,0.8642726336812938,-0.7733527187235992,0.4224988584703498,-0.44110274405945116,0.11328608240915262,0.000549401428368144,-5.75452063524854e-05,0.47841889347591837,0.11983713047985588,0.9220872801125566,0.47242155793782115,1.3006384570502456,1.0308139107284353,1.6219268232753505,1.7635559929114923,1.8911533571079855,2.644211493441564,2.094262116364792,3.643630718215983,2.2240664199366016,4.726145824177975,2.28807794579729,5.856787344591528,2.288290454760354,7.0036307767061885,2.2211447548085275,8.133799236138326,2.0895532129626933,9.214010937406682,1.9003981387114655,10.213781379817231,1.6576577061445272,11.105491563467812,1.3644648829211279,11.862969231844259,1.0324980228183052,12.463470430257994,0.6752776239164565,12.89135905385724,0.2941578442629822,13.134750985331712,-0.10785957801389792,13.181934223298658,-0.5149721807116167,13.026078031668172,-0.9162677944932756,12.668033202967521,-1.3136184019676214,12.110407414366787,-1.7017855564650486,11.355875519335187,-2.0664119517186443,10.412619038498887,-2.403902620706659,9.294087736271976,-2.721859939952494,8.01179654219643,-3.001405332708262,6.5784438578414735,-3.206675372203286,5.023153744083392,-3.3348678844206106,3.3842586940789317,-3.3792956068046145,1.7034854709291667,-3.4358058831664406,3.811480952212941e-05
123,3,-0.91166385071875,2.2432636576666667,-0.8552793427752926,2.308283790308976,5.168566698688854,4.907372721099695,6.844874368589291,8.974989426173401,4.5219331420234154e-05,0.00010737495537938513,0.1416029894739284,0.05357686252242607,0.12047565026812115,0.1132634557223779,0.3371564471345986,0.21889237419973298,0.6031843146521724,0.45732272834813326,0.7750556271516225,0.805343462310201,0.8881580308650517,1.2228513898007396,0.9605672887567531,1.6868864463913202,0.9827896822887513,2.1749646653678125,0.956669075166948,2.6614920568166736,0.9003216059882724,3.126717215314461,0.81340766201262,3.5569197007803175,0.6738481810942536,3.931048298417254,0.4989219182489164,4.224714458739511,0.3258226269133441,4.430548691780269,0.16898076626943112,4.553019424222214,0.04826834796536582,4.606076791751837,-0.07477189918858708,4.600822043410081,-0.2322960519100878,4.525121217072103,-0.40048484784451316,4.366905083406085,-0.5649900660744074,4.1252709941396875,-0.7188307210357154,3.80368117285868,-0.8552793427752926,3.4093961444454517,-0.9729138912221136,2.9514618865058035,-1.0593792662890102,2.4415842043112703,-1.0910576746520013,1.9013267801859122,-1.0586346176780863,1.361274650639422,-0.9593825668514866,0.8536340800197804,-0.7637529758385402,0.417875107995915,-0.4365630558891413,0.11219729432139146,0.0005446963046271637,-5.7068382906962075e-05,0.47541304001326623,0.1190038478328253,0.9181884549841688,0.46977143619371725,1.297883445922978,1.026423110104447,1.6219610829807574,1.7584244480524807,1.8952734217101805,2.6400710725511223,2.103408821435439,3.642776871058096,2.238721935974693,4.731232222518194,2.308283790308976,5.870595632776811,2.313689704503907,7.028863696366955,2.250978970543781,8.172879929682336,2.122731406463366,9.268895572624187,1.935603275844702,10.28582047721599,1.693403951016203,11.195333510955605,1.399154436045109,11.970487190714705,1.064594735274753,12.587744980433461,0.703425635097761,13.0307487644819,0.31707831474880066,13.286960189328191,-0.09132505769101905,13.344049622561771,-0.5056339793414373,13.194686955469832,-0.9146236053676555,12.839405506592346,-1.3200545418490626,12.28059524163074,-1.7164707345183334,11.520782364654616,-2.089144807921534,10.568156540484976,-2.434303555705974,9.436326885004028,-2.7595857947906435,8.136987377177537,-3.0457123553159517,6.683078037817019,-3.2561531605748724,5.104279484537101,-3.388049627763631,3.4396536332946663,-3.4346254798255083,1.7317098890813742,-3.4933735565986757,3.8753431581157164e-05
124,3,-0.880395739423611,2.211846065145833,-0.8734204380310397,2.2705000599666523,5.19190537095252,4.917056280666389,6.610109884520348,8.849291958688195,4.900295095999134e-05,0.00011934439466302654,0.15589934890424648,0.05923058618343127,0.13105960196310165,0.12452498575859518,0.3658472198739135,0.2392974421462351,0.649834382735949,0.49707621241868916,0.8273142813915693,0.8702483550792838,0.9387272137807848,1.3136758430900501,1.0049831858199967,1.8016281556145377,1.0172852467931068,2.309569758209312,0.9790296304475576,2.8103555053569735,0.9104528162045267,3.2836772551568387,0.811904584326577,3.7160210471340793,0.661119644120301,4.0865596006015705,0.4767856052868068,4.371391555080788,0.2973630625986583,4.564449508295462,0.1371523176712529,4.671725150052534,0.01573226075652998,4.708604600649197,-0.10678915616032202,4.68718808645689,-0.26317340657962807,4.595729136813119,-0.42925432064764385,4.42255936394218,-0.5907653853760468,4.167257510276932,-0.7409757284668678,3.8336662331537,-0.8734204380310397,3.4293000014770247,-0.9869374497605677,2.963324197459636,-1.0693613988284585,2.447451998714397,-1.0972809935327092,1.9031601795919564,-1.0616234097276085,1.3608312771370563,-0.9598536618376912,0.8523594161275542,-0.7626585495666042,0.41680302856164325,-0.43522433836964297,0.11179624234341204,0.0005423276956892511,-5.680862960727855e-05,0.4725602448465315,0.11834719843103295,0.9113349858412335,0.4667269538344589,1.2862710725893387,1.018788043877783,1.6050384979801364,1.7436758112966237,1.8726865102655632,2.615452805283393,2.0752103808643163,3.605450116913893,2.205377278318241,4.678494436899337,2.2705000599666523,5.8000417040673895,2.272443870917317,6.938504448073117,2.207580022924188,8.061299244937521,2.0786952979100723,9.135390827084384,1.892524282773142,10.130469395217585,1.6529370625860815,11.01902563704787,1.3629749150339177,11.77494994544249,1.0341692416273518,12.375502977236055,0.6799025289556112,12.804975569192234,0.30149597736905265,13.051368475952199,-0.09808952486868275,13.10284256602595,-0.5031625767570171,12.952399768344762,-0.9028657119695251,12.600675991676505,-1.2990392234027948,12.05006236850997,-1.6864512235409304,11.30302741533711,-2.0507823499973594,10.367531182388126,-2.3884050718696357,9.256797604352396,-2.7068419672963415,7.982149105669224,-2.9872418053220393,6.556109569513321,-3.193787523343162,5.0075980937253455,-3.3235738531508128,3.3747603698353705,-3.3698199860558753,1.6991831352351416,-3.428061455400856,3.802889762164022e-05
125,3,-0.8822253780868056,2.2725540184722224,-0.8422270131734134,2.2613630500570006,5.183501909832407,4.913089294175494,6.623847016665717,9.09217613207854,4.603416096983695e-05,0.00011256456709131865,0.14690565430841537,0.05583126716698184,0.1235052037216184,0.117352593497014,0.3450011634166579,0.22555327749510015,0.6135594753398008,0.4687898864938794,0.7827696697357625,0.8214893711495563,0.890755949583478,1.2416356331804468,0.9570785597718868,1.705471459344878,0.9730508640170001,2.1902319079452193,0.9413625446477321,2.6704536242990478,0.8807184651079359,3.1268924217286638,0.7910106531515758,3.5465273978210794,0.6504665874606951,3.909128946824085,0.47645200033926427,4.191261249391815,0.3056812843023809,4.386394238413653,0.15203460560004545,4.4995723827907055,0.034695257636038326,4.544998581775502,-0.08459448217907407,4.533863309548773,-0.2375837246696258,4.454358306326242,-0.4008938070046253,4.294714044452335,-0.5605515004173917,4.054093482377615,-0.709829387408265,3.735881346618171,-0.8422270131734134,3.347133408859553,-0.9564183917369248,2.896614328033609,-1.0403200460121804,2.395672053663221,-1.0707753824426829,1.8653126234459407,-1.038621444843838,1.3353946518295328,-0.9411212166000584,0.8373896279802802,-0.7492074253418758,0.4099305323228144,-0.42827022859505537,0.11006825648774933,0.0005343761748731306,-5.59874906835144e-05,0.466420668856574,0.1167523243374207,0.9007992742934582,0.46088219089938726,1.273198301475735,1.0069706372923029,1.59088032877694,1.7249993131387757,1.858562595295372,2.589662405607505,2.062102284811515,3.572814130726342,2.1940377342221344,4.6397220597831135,2.2613630500570006,5.756137704067809,2.265722780331098,6.8906302384501865,2.2033365109402427,8.010684568658869,2.07683456719151,9.083257118022273,1.892824552366091,10.077956657991148,1.6551084898950252,10.967143673419049,1.3666961926450512,11.724555111010533,1.039093335106607,12.327284273158915,0.6856886662989548,12.759447678545369,0.307859134571461,13.008888455193711,-0.09137985205931555,13.063639561414945,-0.49630045060695605,12.916596960735559,-0.8959942929052347,12.568311143110929,-1.2922370328842026,12.021118047789809,-1.679753125957365,11.277459080866858,-2.044200295315666,10.34528292247221,-2.381923117020853,9.237813904759951,-2.7004114240359507,7.96639119965264,-2.9808275840114735,6.54356262497424,-3.1874080737781876,4.99825086356435,-3.317268256332689,3.368586959803195,-3.3636630013277524,1.6961269949329718,-3.42198363482528,3.796147387394174e-05
126,3,-0.8649958802708333,2.2404229582604165,-0.8676176783345775,2.274547967600853,5.188849233167071,4.909728824212563,6.49448601601703,8.963624178469727,4.760399122955689e-05,0.0001159852073462132,0.15154729459543925,0.057567604705985216,0.1275397689558446,0.12107076058065046,0.3562801993948843,0.2328043499237117,0.6338167562352619,0.4840347977456517,0.808794800641368,0.8484275251944111,0.9203535794339903,1.282548278216555,0.9885687115032614,1.7617326500904136,1.0043919526921192,2.2622910392196305,0.970598196658452,2.7577252064942783,0.9065849251086308,3.227980538566031,0.8123521574063183,3.6594790873146485,0.6655787440649793,4.031264008109079,0.4844347143675877,4.319170593456061,0.30700993820560646,4.516600511155664,0.1477186703521435,4.628972436919618,0.026318590040884347,4.671168859904896,-0.09660705107017342,4.654953430800038,-0.2535986606821738,4.568443147234436,-0.42051487833901124,4.399860361397284,-0.5830022432704368,4.148687488488661,-0.7342197338822674,3.8187253880013814,-0.8676176783345775,3.41749505559857,-0.9819736420879897,2.954205489842325,-1.0651158042085687,2.4406313063216163,-1.0936760988294436,1.8982999465171952,-1.0586254892901121,1.3576210285284294,-0.9574699598544606,0.8504962064879168,-0.7609765327374262,0.4159618497755606,-0.4343814655816848,0.1115909172779474,0.0005414204596763603,-5.671633529039929e-05,0.47197219431371373,0.1181842550307274,0.9106018771377662,0.4662137921320622,1.2858444151227952,1.0179678526864993,1.6052732015954427,1.7427950867020872,1.873830756303328,2.614908809421107,2.077386279684419,3.6057341645735925,2.208560499950738,4.680122061697447,2.274547967600853,5.803485056626268,2.2771210279885,6.944140708463901,2.2125722526026887,8.069367136184798,2.083650296776414,9.145960334599977,1.8970957153615355,10.143434455370398,1.6568067151469152,11.034113463952602,1.3658724447036783,11.791739312766916,1.0359160893515025,12.393458440132981,0.680427404867017,12.823500231793831,0.300796149618809,13.069848332458774,-0.09994727816297451,13.120678287302642,-0.5060146664393123,12.969049376262308,-0.9064862823011056,12.615697624235558,-1.3031905373707613,12.063130918630232,-1.6908773656628127,11.313940358727208,-2.0552093270220633,10.376219543458388,-2.3925825240805896,9.26332546085487,-2.710564964212862,7.986693899754293,-2.990320574425447,6.558946148538104,-3.1960665362460716,5.009090509498258,-3.324984855132584,3.375329060271434,-3.3703760773578715,1.6992625730513182,-3.4278330845799405,3.8026364117575384e-05
127,3,-0.8512517549166667,2.2384581632291667,-0.8572544709307429,2.2630110235619694,5.166239834074908,4.926386870459434,6.391293582444892,8.955763303726004,4.7537160053519865e-05,0.0001169066275948629,0.1522446644918758,0.057915114942690075,0.12762920308078296,0.12157640104136577,0.35630306226659103,0.23335751401722712,0.6325873139475897,0.484346462352748,0.8052841456679163,0.8475793459099202,0.914231918536137,1.2792963991603516,0.9799130002942241,1.7547753568696436,0.9936634852307598,2.2504608227968785,0.9585438107431092,2.7401656272502386,0.8939965245851443,3.204227944349444,0.8000714343856378,3.6294696111964986,0.654660673074794,3.9954093584755923,0.4757457976269264,4.278390040691261,0.3009055436572524,4.472113573219469,0.14421884403828822,4.582093180750366,0.02506550234370075,4.62311641406508,-0.09566266306790279,4.6068134732443795,-0.25022856809418204,4.521377992004103,-0.41482714804567655,4.355070616760712,-0.5753163382623179,4.107256428030483,-0.7249544345829377,3.7815516651653422,-0.8572544709307429,3.385248312750083,-0.9709747733297637,2.92731856065162,-1.0540031228552493,2.419297012747064,-1.0830870736676885,1.8824181481262279,-1.0491415735969956,1.346778331236301,-0.9495526857226341,0.8440229336669819,-0.7551671868517728,0.4129464809440841,-0.4313074652392964,0.11081977010108514,0.0005378119649861445,-5.634173785568793e-05,0.46903938424028296,0.11743523897330078,0.9052326781181846,0.463365205536461,1.278587719519531,1.0119424924178737,1.5965232245518264,1.7327550489223036,1.8638794759088542,2.600181124247047,2.0665645926947462,3.5857981934928405,2.197223782085306,4.654632444959091,2.2630110235619694,5.772264443308755,2.265703124481875,6.907167078837536,2.201636961677977,8.026789523857273,2.073567167229977,9.098113187659068,1.888209948931994,10.09083116220371,1.6494473167987107,10.977435362490507,1.3603464300264165,11.731828236872571,1.0324439168877153,12.331291264143122,0.6791226307738912,12.760135314613773,0.30173481271463487,13.006389176282681,-0.09674183226731699,13.05825652730718,-0.5006485563617455,12.908777704514666,-0.8991579895511039,12.558608279455306,-1.294111497329093,12.010152638178363,-1.6803081706760705,11.26588691127725,-2.0434951880125265,10.33375242304782,-2.380081009768359,9.226926063477613,-2.697588065997008,7.9566771191263825,-2.977247540763478,6.5354608985208555,-3.183370588206933,4.99206611400887,-3.3130601889165874,3.3644753382571957,-3.3595399525351817,1.6941059216821857,-3.4180391375579893,3.791771597803038e-05
128,3,-0.8423054213888889,2.2591231398680556,-0.8860715793944958,2.2458507848316605,5.120407624790489,4.923823176363203,6.324123507631836,9.038441033645215,4.970476935330969e-05,0.00011931789047034978,0.15663485119269413,0.05938682407111022,0.13236223236110636,0.12517807653310195,0.36966871393200745,0.24111026654171563,0.658014510164021,0.5018664920404026,0.8396536702169335,0.8801958879363724,0.954477671787814,1.330681029437509,1.0230781831924631,1.8271501747101502,1.0361328788808335,2.344402512017425,0.9968414317124837,2.8544234266547575,0.9257547121685581,3.3360772451606864,0.8233873567170388,3.7751758684289882,0.6673568682451866,4.150198045098913,0.4770990042658837,4.436667719052392,0.2921874954147056,4.628479586546563,0.12747505266483797,4.731987836829138,0.0029572476810941356,4.7632005104989155,-0.12181867461210881,4.734812830021443,-0.27986458103665796,4.6353892729051145,-0.4465671782302757,4.453669542179638,-0.6075370165588224,4.189799379881925,-0.7561306946894559,3.848184591757255,-0.8860715793944958,3.436835280765354,-0.9964625041323152,2.965294968611435,-1.075413965303672,2.4455206647466343,-1.099890622985922,1.8990739168677055,-1.0612542784126349,1.3562122247288406,-0.9573301279149358,0.848505303732686,-0.7592279469762554,0.41450054702312816,-0.4326207184091199,0.11108094172808833,0.0005385304985143602,-5.6402707593437605e-05,0.4687497162490153,0.1174270318651694,0.9033181247032792,0.462851804794393,1.2741986687218374,1.0098787432101792,1.5892265027761963,1.7277810889519203,1.8535577536816288,2.5908008526656188,2.0534263435810245,3.5705375000471813,2.181755520205162,4.632195903777563,2.2458507848316605,5.741641969973533,2.247599461119467,6.867695043975855,2.18343473840716,7.978204740018764,2.056126534562461,9.040582715918717,1.8723344868106655,10.02493973463933,1.635865624974929,10.904150909829797,1.3496908299071153,11.65246107000102,1.0251665190949606,12.247426826587,0.675467473026111,12.673530679596285,0.3018256983208612,12.918890301757747,-0.0929101478092557,12.971742586398246,-0.4932941073382695,12.825073781490541,-0.8886556059444218,12.479385494053172,-1.2808835534313028,11.936881053103882,-1.6648574203420705,11.199808572969273,-2.0264375917564994,10.275828261940008,-2.362047736128786,9.177799482276404,-2.679147201201966,7.916692522435189,-2.9590351631240863,6.50466968191735,-3.166116520402155,4.970170079145874,-3.297373785640361,3.3508381585099456,-3.3459098051230862,1.6878100133683245,-3.4064940110630366,3.7789641420236064e-05
129,3,-0.8673632973055556,2.263429646673611,-0.8580125316903837,2.2584336130610247,5.243993318588338,4.90919485124475,6.512260848448914,9.055670775192318,4.694769617590221e-05,0.00011424649137786967,0.14933835984224667,0.05671826312353452,0.1257440460567266,0.1193128559078304,0.3512906909353906,0.22947674427857565,0.6251135134467192,0.4772231942378075,0.7979982867888512,0.8366823084352941,0.9084822240738591,1.2651056913600947,0.9763226663714137,1.73823053360113,0.9925324833683071,2.2327307196240285,0.9597675133085767,2.722472208742932,0.8971065172157807,3.187641657646548,0.8044933973935063,3.6147899436628697,0.6598044916193073,3.983147497276831,0.48094810849788033,4.268742286218719,0.30559630502676577,4.4649583563251465,0.14804789796148057,4.577077824469499,0.027902228341292426,4.619769052696768,-0.09382029299426325,4.604635089572289,-0.24933015939601583,4.519880883678664,-0.414723937653427,4.3538156413199784,-0.5757771793591582,4.105901256205577,-0.7257044728488322,3.77988186933139,-0.8580125316903837,3.3831901692063693,-0.9714877419746252,2.924933005180721,-1.0540739847263776,2.4167590424868197,-1.082622231517541,1.8799775026326166,-1.048177102182425,1.344699050048198,-0.9482452430415407,0.8425208646080041,-0.75382619400777,0.4121233144983299,-0.43040539190295557,0.11057885960603958,0.0005365815543516889,-5.621147643931722e-05,0.46789442254760844,0.1171527884370437,0.9029755115205111,0.4622263614660021,1.275407319611049,1.0094352447407635,1.5926315226299321,1.7284711773067967,1.8594884719178397,2.5938173035352587,2.0619067550574437,3.577162308571194,2.1925191378914173,4.643647690338052,2.2584336130610247,5.758952782772177,2.261395372649778,6.891628570104973,2.197722795374246,8.009190822259981,2.070146800816995,9.078677202838618,1.8853615228059581,10.069825050869856,1.6472370012685404,10.95516194752522,1.3588325852937668,11.70862160766665,1.0316675992922621,12.307510873953989,0.6791053202161097,12.736155839419055,0.3024909103720804,12.98259391352058,-0.09521050701448412,13.035033589818793,-0.4983712440069246,12.886508864319381,-0.8961915427865857,12.537653065363129,-1.2905265493539664,11.990838547002042,-1.6761979577770587,11.248501181751239,-2.038985085689855,10.31852754351662,-2.375312893896051,9.214026655631173,-2.6927042359695736,7.946196822823811,-2.9724165148865285,6.527417374750044,-3.178795692644535,4.9863824769764555,-3.308932421383506,3.3609751867584445,-3.356031981332243,1.692520081521769,-3.415214595004975,3.788638225845417e-05
130,3,-0.8762199543194444,2.2603106647916666,-0.8487015462653442,2.2799190043701176,5.201350156834591,4.903477960498705,6.578757621944934,9.04319215756964,4.505904027335645e-05,0.0001082049260488626,0.14215826571056672,0.05387139057367364,0.12049739713399682,0.11366686941425477,0.3371000339640677,0.21930360883241032,0.602165885262393,0.4575067361830074,0.7724467346288848,0.8046322976831648,0.8838660893900051,1.2204130064171852,0.9547337112842985,1.6819068918771711,0.9757377258703323,2.166747027215513,0.9488207317357886,2.6495319220984057,0.8920529264069349,3.110713682533566,0.805089662355852,3.5367513824494545,0.6659897474155269,3.906813164939694,0.4919541784400219,4.196760974278929,0.3199301824951052,4.399374872298992,0.16422212311164264,4.5191849540272795,0.04452064322021842,4.570120002702863,-0.07736894925732327,4.563263167066515,-0.23332626376083668,4.486640309806818,-0.39970007936759094,4.328356330909241,-0.5622707974095501,4.087594688779094,-0.714146120160866,3.7678570382221315,-0.8487015462653442,3.3763919267765385,-0.964577516729546,2.922193851942215,-1.0495931687119104,2.4168659080925274,-1.0804295036739708,1.8817424420413518,-1.0479261268370097,1.3470567430966984,-0.9494196548159833,0.8446225111986023,-0.7556847318770703,0.4134293705591023,-0.4319041243940838,0.11099725066578923,0.0005388526555344829,-5.645572679555521e-05,0.47028585270543594,0.11772238731319279,0.9082292734069545,0.46469578409362533,1.2836816060510428,1.0152835195048704,1.6039777041029604,1.739223398996406,1.8738705494432728,2.611006678733414,2.079086258143965,3.602256609711647,2.2120866415807967,4.6779474904149225,2.2799190043701176,5.803536510932925,2.2842458745332967,6.947321920277705,2.221268392633157,8.07651292373738,2.0936610804090074,9.157794769641432,1.9081128294747491,10.160539581921833,1.6684812774663276,11.056906868112385,1.3778190568824318,11.820454639691599,1.0477340874529741,12.428131531606159,0.6917174836111012,12.863967213749213,0.31113642478477516,13.115741212637857,-0.09100149862223839,13.17141108306287,-0.49888431323297644,13.023817847592662,-0.9015650184764934,12.673495513410646,-1.3008846198228032,12.122752727149573,-1.6915750525343314,11.373979012049404,-2.0592206334872993,10.43509218343924,-2.4001682858730464,9.3193099031455,-2.721995462393312,8.037934770306373,-3.005714179841095,6.603478731637349,-3.2152205963805587,5.044973758583945,-3.347539795076635,3.400764971515721,-3.395773614227227,1.7126934084077103,-3.4561701102331117,3.8340718717407355e-05
131,3,-0.9528273240347223,2.3172019902430554,-0.9253306805134746,2.3225239702472353,5.144003623194338,4.919930394155651,7.153934339762297,9.270806527651445,5.01265416881899e-05,0.00011738168421227006,0.15550750222645754,0.058728760869936336,0.1328238522851433,0.12442589991227732,0.371656441796528,0.2408599277351828,0.6653145392331675,0.5037798347016983,0.8548334358948293,0.8876687556542607,0.9783647208577992,1.3479078825797683,1.055458013575043,1.858476406229,1.0756040204392971,2.3937738834217344,1.0411330620243187,2.92483664420171,0.9725097463096357,3.4293481847086196,0.8700045483905414,3.891917556591219,0.7103041264304173,4.2894873024277205,0.513344360126514,4.595842023204239,0.3203575732421254,4.803794837783063,0.14723229686001554,4.919266402049852,0.015268386196515153,4.958456766530672,-0.11726765637620533,4.934348947389691,-0.28464204988784475,4.834915651964154,-0.46105287247254984,4.6483715524454405,-0.6312984004627559,4.374913305706895,-0.7882809624064909,4.019272781345908,-0.9253306805134746,3.590015179616268,-1.0414507873268621,3.097350851946476,-1.1242128009089263,2.554028314452095,-1.149611864689083,1.9828178785131898,-1.1087598965931318,1.415524702064057,-0.9995744364348415,0.8852429949261003,-0.7921540128571662,0.43224222966003895,-0.45102867619529563,0.1157759931402626,0.0005610543875679528,-5.875499479444705e-05,0.48789259774291927,0.12225669534311363,0.9394021858598244,0.4816185182708214,1.3239303064831303,1.0502331721034204,1.649775930178935,1.7958095833344687,1.9224362064523943,2.6912955467279662,2.1277501491334485,3.706961381634513,2.258531638079646,4.806511481425663,2.3225239702472353,5.954418301923573,2.321829454533459,7.118295215457335,2.252890434287674,8.264820660580554,2.118717465251806,9.360289434211868,1.9263372193113437,10.373860248131873,1.6798057019739714,11.277615119223206,1.3823034379656902,12.045108853577721,1.0456698220540157,12.65337277443498,0.6835914316280484,13.086640215374578,0.2973885764324869,13.332929435711051,-0.10995266611074696,13.380404553764961,-0.5224620945350873,13.222151790365025,-0.9291367265698968,12.859018061675235,-1.3319430926652918,12.293598525610014,-1.725625651423946,11.528524658421647,-2.0956648497787556,10.571988154502746,-2.4384484280829923,9.437505421814494,-2.7617178802221733,8.136613957293415,-3.0463183754817944,6.68204330715171,-3.2558072142366528,5.103203167623327,-3.387269326196579,3.43887874154188,-3.433813233173757,1.731345604073504,-3.492769640000099,3.874673212768036e-05
132,3,-0.9739289995763889,2.3074607948333337,-0.9565548543877924,2.3248358348193974,5.146598584258089,4.908926788306757,7.312368084761144,9.23183334431575,5.303524601153692e-05,0.00012578689412122063,0.1658568447019739,0.0627648666395974,0.14085756980903028,0.1326193715709118,0.3937266614591933,0.2560376423281845,0.7026425500161505,0.5341313304709471,0.8992671640101239,0.93874646192827,1.0250020104266735,1.4218964556782914,1.1011422527836368,1.955675139890192,1.1172002055580532,2.512918347404609,1.0762325669526698,3.0632244281833687,1.0001476789302617,3.5834391445839486,0.8895270944991684,4.057842951618443,0.7204151624163664,4.462870123302228,0.5139219510142926,4.771854632467378,0.3129114055008817,4.978019582604054,0.13363686936535854,5.088137667436084,-0.002207631511553853,5.119483224532836,-0.13797229181519619,5.085846450028939,-0.3089188426847313,4.975166641037061,-0.4884063484447292,4.775680986464864,-0.6608734583355031,4.4879541409167105,-0.8191535899677832,4.1171611637586905,-0.9565548543877924,3.6723425130404923,-1.0722036368247305,3.164150429571841,-1.153562555263959,2.6057567520468523,-1.17637028887988,2.020468670309776,-1.1318627971133486,1.4406731510834616,-1.018214812802412,0.8999220638802528,-0.805359910887446,0.43891224076990315,-0.45773934469309213,0.11743250600182793,0.0005685922449438947,-5.953094486982717e-05,0.49354602578772727,0.12373901512343938,0.9487847702850437,0.48694700997763524,1.3350582681212788,1.0607643873000008,1.661092272310235,1.8120074412611455,1.9327345725005876,2.7129432501496895,2.136010964466274,3.7332868531750134,2.264013472784379,4.8362959141991055,2.3248358348193974,5.986161151944203,2.320843489583286,7.150370482534683,2.248687843683748,8.295591013660227,2.111585001545534,9.388210150746952,1.9167284793580432,10.397574074702176,1.6682853539828741,11.296021403838942,1.3695094651874635,12.057408829897486,1.032277736316168,12.659098021541233,0.6702615939877905,13.08565829311679,0.2847405920198249,13.325428119057015,-0.12135031802139441,13.366869666245313,-0.5321314284387149,13.203332607603574,-0.9367063444397078,12.835875496281856,-1.3371215222906057,12.267258389680384,-1.728212294958593,11.500237336441467,-2.095579153672053,10.543074588004185,-2.4356961424706176,9.409302395622376,-2.7563394099321226,8.110446478687788,-3.0384724809872266,6.659193054676629,-3.2458389883051,5.084822580394484,-3.375580537836865,3.425931056659194,-3.4208635729620593,1.72457213814086,-3.4786417903639326,3.8590005965394636e-05
133,3,-0.9896151638958334,2.3486068679375,-0.9888895038957287,2.369323728774124,5.17109876587818,4.918300361902286,7.430141564544286,9.396453124864667,5.420749154713967e-05,0.00012650176651392766,0.16776269692047532,0.06333234589087733,0.14335535457331877,0.13422960960542804,0.4010398030840743,0.25987766290810455,0.7177488273760142,0.5435548490480346,0.9216348050759361,0.9575814763916305,1.0536689241478443,1.4535293319142648,1.1348906415002327,2.002977964092032,1.1540377374009114,2.5779645709380747,1.1138370421471055,3.146972195655703,1.036617148019075,3.6857755450025884,0.9229655619348017,4.17775118322228,0.7482211017594405,4.598200433288851,0.534251005282143,4.9192546097036915,0.32552675094837413,5.133649531570756,0.13909265358972353,5.248237451086812,-0.0024440436781159665,5.280833331469421,-0.14372730702188863,5.245735593378541,-0.32106500479146366,5.130600578605597,-0.5068417542125477,4.923447017710398,-0.6849263564483409,4.625065632778554,-0.8479018531722232,4.241027945817208,-0.9888895038957287,3.780892682148999,-1.1070453358882786,3.2558601478352105,-1.1895504392844654,2.679689701410417,-1.2115981216692309,2.076512210476219,-1.1643963303813356,1.4797024826421967,-1.0463007236625117,0.9237187862531001,-0.8266950048379994,0.45023810131422365,-0.4694099649545794,0.12039022766276926,0.0005826474331411383,-6.0995425278114165e-05,0.5052851481475358,0.1267150847503011,0.9706355349412675,0.4984091163991567,1.3648569735786988,1.0852244983709225,1.6970576995078983,1.8529726867148337,1.9733562485029135,2.773120567790691,2.1795805550976493,3.814587659497826,2.308780550643735,4.939748705420892,2.369323728774124,6.111984304794123,2.3637057111409314,7.298087653824796,2.288579218353389,8.464051063324487,2.147299586907349,9.575617256615443,1.9472764581501165,10.601584273060865,1.6928236821375622,11.51383626988743,1.3873205520257839,12.285836535992892,1.0429363085512946,12.89465275571768,0.6736524803850131,13.32472745670525,0.2808040068749997,13.564363476137684,-0.13258854122148822,13.602004725790488,-0.5503297646047318,13.431087531352789,-0.9613259403637531,13.05290393328694,-1.3676711213618884,12.47047447712956,-1.7641220221080072,11.686810061734024,-2.136059865672762,10.710513895056527,-2.4799448968356104,9.555529867545681,-2.8037225154274332,8.23373973667764,-3.088101979020961,6.758182948223788,-3.2963649093026595,5.15871749372071,-3.4257454224413513,3.4745992988329877,-3.4694521429298932,1.7485224027480817,-3.5258769552246254,3.911400484045927e-05
134,3,-1.0191787849930556,2.384292327673611,-0.9853161823619879,2.3643975700443915,5.188338008335731,4.904474856456206,7.652108545171545,9.539225742209554,5.306933592844193e-05,0.00012220319641805699,0.16286947461508017,0.06135470062151146,0.1399792459263805,0.13039994536252825,0.39197539052859137,0.253141847486143,0.7035962615316365,0.5308261795193927,0.9066823122179356,0.9374366363222848,1.0402091267823066,1.4262200064190096,1.1241076951849913,1.9695668470999195,1.1467445566331222,2.540009664836909,1.1102871378263817,3.106310920556348,1.036433340457243,3.6442046006111033,0.9256120682715084,4.136814667872092,0.7532728706001609,4.55920865420887,0.5410023533916922,4.88325160775953,0.3330668431379468,5.101254284559885,0.14666709233261405,5.219650102205974,0.004574321787781947,5.255911228138058,-0.13742040910781847,5.224142650432656,-0.3153997855583159,5.111998838282619,-0.501800642368902,4.907521294708762,-0.6804666636866215,4.61151216238454,-0.8439383095541849,4.229576277885875,-0.9853161823619879,3.771320389184823,-1.1037447227995152,3.2480017134630503,-1.1864429390165467,2.6734315693746824,-1.208681016556946,2.071761481823023,-1.1617148075308679,1.4763538056498282,-1.043937424024201,0.9216362811524631,-0.8248349727886087,0.44922204371059826,-0.46834913975416803,0.12011745612510831,0.0005813215583140607,-6.085644853601678e-05,0.5041234330597816,0.1264246120045642,0.968387563546626,0.4972604014126883,1.361686082364184,1.082713878097304,1.6931272393277303,1.8486802144096806,1.9688354827430794,2.766707356235493,2.1746879178793708,3.805811015181159,2.303759393140643,4.928483735452477,2.3643975700443915,6.098223665825519,2.3590831951719413,7.281931252374646,2.284458928611547,8.445701169765806,2.1438478057619936,9.555368351328267,1.9446144746943548,10.579802766150012,1.6910332750736845,11.490938981766892,1.3864463370213365,12.262272165495155,1.0429720507845899,12.870880206647046,0.6745455138032306,13.301189821051798,0.28248505994591566,13.541472425152602,-0.1302038551884206,13.580134204760311,-0.5473551543195094,13.41056209429015,-0.9578872553107537,13.033986872942352,-1.3638823766121821,12.45336880558943,-1.7600935311067498,11.671663423062444,-2.131905873415624,10.69741755190944,-2.475766081219802,9.544520333909567,-2.7995937959528185,8.224809934061218,-3.0841024485283555,6.751289092645924,-3.292589255317515,5.15377103773015,-3.4222674303223704,3.471469154565878,-3.466330572264734,1.7470430782976196,-3.523076123577002,3.908293410546463e-05
135,3,-1.0063347804097222,2.3975031326041667,-0.9322712919894917,2.324941132283693,5.198502135546911,4.9197111838264735,7.555674319230493,9.592080356136792,4.985029346192787e-05,0.00011698031874580446,0.15489405586152552,0.05850803926008963,0.13228377106780043,0.12393785598061263,0.37026460427627766,0.23992029013492894,0.6631647466470413,0.501922115530416,0.852808392360784,0.8847318136524485,0.9772055150180938,1.3441477408462017,1.0557685809185053,1.8544809056606648,1.0778605002728334,2.3904044224288747,1.045579719607744,2.92313844254139,0.9791366890102564,3.4304233398818957,0.8785823376186086,3.8968086276798695,0.720318620447755,4.2990544378753235,0.5240491504616026,4.6106213829740685,0.33099876307843945,4.82394120984856,0.157145627722406,4.944574448260983,0.024028396055547536,4.988448228886849,-0.1101723760839322,4.968332725134242,-0.2799117440711968,4.871882146480782,-0.4591557487543962,4.6870081571813555,-0.6324453221841272,4.413741838878721,-0.7924514889379998,4.0567657173052964,-0.9322712919894917,3.624716130872424,-1.0507468857763809,3.1279717046576754,-1.1352106655442877,2.5795413735763733,-1.1613464655581653,2.00260331263152,-1.1201769890365152,1.4294800082475847,-1.0096831966905668,0.8937749389639799,-0.7998475221418286,0.4362732783625628,-0.4551571567567364,0.1168103913410209,0.0005658677602699976,-5.9253100367486366e-05,0.49165219370878305,0.12323111983910864,0.9458409678164204,0.4851951922441843,1.3317968975849708,1.0574354784115385,1.6580187720424784,1.807077933183805,1.9301948425169069,2.7065980630792694,2.1342565688768653,3.7258597758055494,2.263180658482063,4.828219068740676,2.324941132283693,5.977903772265185,2.3218164839734086,7.142387138486056,2.250386889003786,8.288282962002281,2.1138099284131533,9.38189233334193,1.9192456479571822,10.392451888562672,1.6708493589027884,11.292179775732265,1.3718805113603492,12.054810508233121,1.034250964347035,12.657593134986035,0.6716894238278398,13.085008704740567,0.28552444449406916,13.325334599203781,-0.12125373078691355,13.366996524543305,-0.5326858086039729,13.20334180353056,-0.9378066711143527,12.835465681428616,-1.3386208537517674,12.266191673959842,-1.7299164923037638,11.498360526920202,-2.097247354199412,10.540344032108182,-2.4370716858486787,9.40580028457234,-2.7571676618700063,8.106382694850652,-3.03849504560048,6.654906069909131,-3.2448410820989095,5.080772373386878,-3.3734456828765134,3.422661580270589,-3.4175970057033647,1.722654976989238,-3.4742381816046954,3.8541154788656504e-05
136,3,-0.9372669984375,2.294566947590278,-0.9318484796236605,2.3326776552815973,5.183938646716929,4.925660141843974,7.037105671209344,9.180246834511776,5.006882837627634e-05,0.00011749652802877052,0.15555252160643304,0.05876258847942872,0.13276420226874386,0.12445133740280678,0.3715307449722001,0.24084113300910456,0.6651576079246034,0.5036836971027239,0.8549009980890006,0.8875366893601874,0.9790170325416484,1.3479396425255536,1.0570815460053584,1.8590616528971304,1.0785168749381004,2.3954826124588724,1.045520676544552,2.9283654435846262,0.9784389611380844,3.4354558640194477,0.8773709951957129,3.901359378307472,0.7186918570880523,4.302891121720468,0.5221778054854291,4.613573808006706,0.32912761182249217,4.825948245544511,0.15549017335623697,4.945691341318052,0.022757859504030874,4.988828954208698,-0.11102811936330528,4.96818349135298,-0.2804017128095666,4.871398372549325,-0.4593202691131105,4.686362510755634,-0.6323379445907065,4.413084605148406,-0.7921443011684153,4.056215393501855,-0.9318484796236605,3.624352044588644,-1.0503001409780437,3.127828815703895,-1.134824908395245,2.5796098152496247,-1.1610892756925193,2.0028349226412687,-1.1200963534969282,1.429797581469155,-1.0097954706387222,0.8940842753998635,-0.8001055900987293,0.43648618647333826,-0.45541264199421716,0.11688635211666092,0.0005663170157862358,-5.930256736606099e-05,0.492215763311987,0.12335922417369602,0.9472469840353037,0.48580559219129654,1.3342458636641792,1.0590028780187843,1.6616423777633957,1.8101592617479936,1.935049019791524,2.7117987417206555,2.1402754853122787,3.733784273896052,2.2701822581604882,4.839407942082328,2.3326776552815973,5.992788581678061,2.329982421067953,7.1612616589247,2.258619557065128,8.31127298969983,2.1217292967180392,9.408935967059715,1.9264906081831321,10.423301071270016,1.6770869610044745,11.326412849395194,1.3768175882435054,12.09184813396263,1.0376782021823363,12.69672826886338,0.673495149578233,13.12545534363557,0.28564870765009476,13.366265420381186,-0.12281470573235445,13.407566454963819,-0.5358378509414783,13.242727555160068,-0.9423874278562977,12.872911041585438,-1.344454917910994,12.301025721893414,-1.7367981024690335,11.530005965000086,-2.104923045082447,10.568339035808956,-2.445287313063779,9.429812695768721,-2.7657049362101502,8.126197953326106,-3.04710269352154,6.670422784292066,-3.2532149366415406,5.092031735598941,-3.381329043111479,3.4298463953314196,-3.424773653280084,1.726069582896303,-3.4807194332552167,3.861305388268476e-05
137,3,-0.9140471510138889,2.321368078409722,-0.8954885390459221,2.3109005345026663,5.21537555403771,4.891960061070381,6.8627684543205465,9.287474473533129,4.8265743419672596e-05,0.00011323932730671282,0.14991813040413077,0.056634130809469406,0.12795625412392594,0.11994410523846627,0.3580312449621986,0.23211164181047192,0.640834328864036,0.4853728541554596,0.8233735585538718,0.8551284839293444,0.9425940306420179,1.2984755408441466,1.0174443610443744,1.7905037840859173,1.0378418883946616,2.3067478434558844,1.0059900020047496,2.819501899325,0.9415119603094725,3.307428786005463,0.8445180248992145,3.7558056290805677,0.6922719352684904,4.1424172808309025,0.5037402971732121,4.441864957515487,0.3185786553642983,4.6470096588343175,0.1520768149720196,4.7633170912748675,0.02489462200711902,4.806191187595845,-0.10338927148381079,4.787942144219414,-0.2661341413392046,4.696604527638298,-0.43836598073316885,4.5203918143585655,-0.6052753225066057,4.259147691569716,-0.759860601349533,3.917159589910005,-0.8954885390459221,3.502505763093838,-1.011038428345283,3.0249397359658765,-1.0942081394332877,2.496770005109815,-1.1213210819328467,1.9401908258945588,-1.0834472957994359,1.386345291835671,-0.9783346213947782,0.8677501584782821,-0.7764463717398951,0.4240601308524021,-0.44267117167558395,0.11367975677541867,0.0005512644946059947,-5.774015613082277e-05,0.4800965743629313,0.12024979821977848,0.9256784048931102,0.4741387663273145,1.30651143192851,1.0348790358708664,1.6305730803673861,1.7712286288061305,1.9030841876892506,2.6570094155844606,2.1098097043732738,3.6632899681895847,2.2433106476170837,4.754504095945872,2.3109005345026663,5.895671437846521,2.3143352863456346,7.054752727670013,2.249763549572905,8.198619592478856,2.1198757997012008,9.293606127007987,1.9314167987398303,10.30875633973541,1.6882433626148288,11.215917200336271,1.3933970763256767,11.988325391288848,1.058625250283143,12.60263561521478,0.6976036742943869,13.042677642010446,0.3117049589237468,13.296079036876877,-0.09601259805337164,13.35064470844461,-0.5094683734661744,13.199146251008148,-0.9175205787262803,12.842180222557888,-1.322011491886359,12.282157947979748,-1.7175592831022837,11.521588181534,-2.089506141747311,10.56860709127238,-2.4341355316392956,9.436738285829712,-2.7591266757989366,8.137566217868047,-3.0452320079505264,6.683903444061384,-3.2559285460823912,5.105292287958464,-3.3883295508537428,3.4406620226539864,-3.435603432491486,1.7324107704222038,-3.4952278679411055,3.8774002334851054e-05
138,3,-0.8837478752916667,2.294779292388889,-0.9378148806144129,2.307263879942805,5.130055035506458,4.90838480613422,6.635278096318142,9.181096396851771,5.008473571426811e-05,0.00011658873940977066,0.1547979512484678,0.05840579505058936,0.13255689936220189,0.12389374211985596,0.3710989380989307,0.24012089776610715,0.6652984382746473,0.5028441512223352,0.8564137460501224,0.8870916960285343,0.9821149197135001,1.348646366866316,1.0616662472466258,1.8616978448635442,1.0842746678024962,2.4007214812192035,1.0519812854833046,2.936680338838517,0.9850825486327898,3.4470684529644435,0.8836663329643643,3.9162297362718337,0.7240704613661031,4.320703385656822,0.5261700269219053,4.633743551341681,0.3314850819677321,4.847712034985781,0.15614894174012112,4.96820718285139,0.021849415421801695,5.011275393970049,-0.11340076466848358,4.98980783296904,-0.2841539210497782,4.89148482634806,-0.4642041048897296,4.70427664876968,-0.6379985746489942,4.428346575974065,-0.7981728739970445,4.068537207905749,-0.9378148806144129,3.633657411058831,-1.0557931422546827,3.134252750245813,-1.1394623699333175,2.583486090648081,-1.1645594577397043,2.004673871123963,-1.1222348582574413,1.4302312266748123,-1.010623994418596,0.8937813683824809,-0.7998934977258079,0.4360473215122347,-0.4548044510989498,0.11668813272900769,0.000565038743018551,-5.915974135434419e-05,0.49049016520857175,0.12297216922282661,0.9428627978129802,0.4839237327292923,1.3265629993238648,1.0541256803921228,1.6502338436612018,1.8005234456794503,1.919696454042581,2.6954756601166228,2.1210906742848135,3.708814668251977,2.247586016958691,4.80397121118782,2.307263879942805,5.945321619242527,2.3025099184861464,7.100537416581041,2.2300263863389715,8.236490522087598,2.0930397407506103,9.31978977246793,1.898731534345321,10.320000189150191,1.651277268011404,11.209677399717487,1.353948516732913,11.962903581754539,1.01859176329503,12.557264535931788,0.6588352356258319,12.977530568343086,0.2759891949056537,13.212237560654506,-0.12698983151488136,13.250064059158584,-0.534292313853496,13.084563548421222,-0.9350764533444597,12.71696034378865,-1.3313611395855531,12.150176274967073,-1.718010926364458,11.387135001752817,-2.0807481640683223,10.43622486044303,-2.4161053906545558,9.31105182290244,-2.7318205961573137,8.023217129264863,-3.0090772408598236,6.5854551138964625,-3.2120861784830956,5.026898461743868,-3.338186128697222,3.385830547306861,-3.3808050947051775,1.7038650217779625,-3.43587128490336,3.811553489323541e-05
139,3,-0.954044266326389,2.3723927140069443,-0.9270318919566258,2.3025602186740945,5.165912660178253,4.924324398218602,7.163071278880498,9.491617024228995,4.952501554206627e-05,0.00011514297188964497,0.15294090303804755,0.05769555759129498,0.131014457070963,0.1224113925487779,0.3667855639136865,0.23728593176009302,0.6576395796162731,0.4969707756939522,0.846648573686742,0.8768175650116613,0.9709993677220898,1.3331301938542846,1.0497259609694396,1.8403935890174656,1.0721681163193142,2.37337588895479,1.0403587608039,2.903379534790435,0.974377515111946,3.4081710873525863,0.874320481044273,3.8722950842839907,0.7167907133517881,4.272581923707508,0.5214146771602415,4.582607514063871,0.32921129480314154,4.794824656244637,0.1561031946054827,4.914757760467434,0.023520312317089724,4.958250623342052,-0.11008029684061732,4.938019452705035,-0.27892303683451025,4.841829029850345,-0.45712832444594736,4.657706232403937,-0.6293314250293818,4.385723979600373,-0.7882506553680643,4.030577867522328,-0.9270318919566258,3.6008906491674746,-1.0445308518226812,3.1070134871990907,-1.1281757009173976,2.561906380903094,-1.153838278269871,1.9886216976350148,-1.1126376865763188,1.4192790809546547,-1.0026127964690859,0.8872508588749636,-0.7940250940985498,0.43301374604964665,-0.45171755376591904,0.1159166812155643,0.0005614554721856196,-5.8788749543450866e-05,0.48765998854670833,0.12224214092782383,0.9378939161628984,0.48121052030320877,1.320244726383097,1.0485598246337198,1.6432212628291938,1.7916007767169522,1.912539533326894,2.682988193822287,2.114325137924568,3.6928247989329415,2.241681880014055,4.7847970095850005,2.3025602186740945,5.9234838261692255,2.299245687656096,7.076699253746281,2.228360807999979,8.211415215371154,2.093031556834166,9.294295816707988,1.9003382895324563,10.294909478347689,1.6543768732026742,11.185769769348596,1.3583521787959711,11.940881057869403,1.0240427233416802,12.537717644990893,0.6650310244517174,12.960908343636204,0.2826172251933058,13.198834366487825,-0.12024657159386767,13.24001702016889,-0.5277499568505716,13.07785074796702,-0.9290252682718265,12.713407218416075,-1.3260529218468033,12.149472714471576,-1.713658290755941,11.388854579692014,-2.0775138886361586,10.439846772139232,-2.414098735120914,9.315987573275265,-2.731109167754735,8.02883435016552,-3.0096709175709715,6.5911003655659535,-3.2139099544310534,5.031934885119498,-3.3411111655158297,3.389673169464823,-3.384655525274652,1.7060073549937997,-3.440578319115317,3.816775205284151e-05
140,3,-0.9336970482714286,2.2581558312500003,-0.9351054038145821,2.2925271632636233,5.1536525079510165,4.9111473093055835,7.010302085249871,9.034570964877677,5.0158052163125676e-05,0.00011615627095712637,0.1544860237783893,0.05824799915537156,0.13248641808535386,0.12366023246233623,0.37089287295549234,0.23981983837198445,0.6651412212321555,0.5024421843919229,0.8563824423477553,0.8866461567658642,0.9820314077307684,1.3481823237259345,1.0612661405975101,1.861124278758536,1.083300532283176,2.399814098467276,1.050239880305284,2.9351002701089377,0.9824746465478474,3.4444030727460038,0.8802053868819689,3.912043716237276,0.7199189399334965,4.3146043124831595,0.521602691416605,4.625452540031763,0.32679549836562294,4.837094465237813,0.15161207260504106,4.955273293356802,0.017647106564717158,4.9961500261135985,-0.11702966696699303,4.97271096709016,-0.28686169008319345,4.8727901463671,-0.46572720400982415,4.684515665165178,-0.6381675035171638,4.408157020627271,-0.796901035342208,4.048621843982074,-0.9351054038145821,3.6147388648948984,-1.0517106941231502,3.1170364581473926,-1.13419108899195,2.568619935936446,-1.158479738821332,1.9926648363855857,-1.1158431364942354,1.4213615356627498,-1.0044789019652105,0.8880721809437936,-0.794784510157837,0.4331917554536995,-0.45179298460955675,0.11590822538214117,0.0005612126422349735,-5.875799644942821e-05,0.48710483727024856,0.12212740830643527,0.9363008519680811,0.48057467440560425,1.3173196420345559,1.0468034743467043,1.638798125726659,1.7880123610999887,1.9065497205195097,2.6767970394675378,2.106820308779093,3.6832553109140704,2.2328133104667263,4.771126613134788,2.2925271632636233,5.905078945840092,2.28829181596734,7.053036343045259,2.216780229137122,8.182105662847047,2.081144008660385,9.259105730428738,1.8884705140590472,10.253766786339538,1.6428678423165695,11.138768353866656,1.347555806488374,11.888288529895393,1.0142972619110973,12.479976365930598,0.6566462413165767,12.898621628514825,0.27591633293970874,13.132762203609076,-0.12493288424713245,13.171084985962784,-0.5301447403426747,13.007138395376069,-0.9289005582888176,12.642117964548055,-1.3231794571650024,12.078923572488176,-1.7078441886108062,11.320471230911654,-2.068666779393748,10.37512684980891,-2.4021843107967227,9.256456451973559,-2.716087734805063,7.97603648024749,-2.991660132855787,6.5465725140303554,-3.1933271874068345,4.997075891590381,-3.3184833599660606,3.3656426248114055,-3.360642519333748,1.693657335332108,-3.4151993350686767,3.788621242134194e-05
141,3,-0.88307514,2.2797924660694444,-0.9394600196152553,2.322508750612923,5.16764114804716,4.916770426897788,6.630227124349534,9.121136165565888,5.009202275193976e-05,0.00011500748559073203,0.15343158011355948,0.05777577798930887,0.13200229085653226,0.12285657023921806,0.3696975411941353,0.2386114849347502,0.6639915355126138,0.5005894730596654,0.8563786137921041,0.8844751117008973,0.9836038469882534,1.3463947465688295,1.0645036573791777,1.8605400531635619,1.0880772808337567,2.401242952690663,1.0562586314142957,2.9392424003877755,0.9893897588365034,3.451792802073451,0.8876539383216315,3.923041403424743,0.7274278502868118,4.329362776374136,0.528732019283854,4.643884452809855,0.3332991356009177,4.858942451852555,0.15736804650770128,4.980187169693344,0.022702126199838753,5.023764912793371,-0.112833673752638,5.002653821949245,-0.2839360662723917,4.904529468949039,-0.46437080154390625,4.717335132275582,-0.6385905185318028,4.44121777567807,-0.7992542575232632,4.08099292646531,-0.9394600196152553,3.6454349362012044,-1.0580865113496454,3.145048868657989,-1.1424363781738014,2.5929642831579764,-1.1681166157685599,2.0125124476547156,-1.1261683423740043,1.4361869291834928,-1.0146261592171384,0.8977367749196271,-0.8034154079263024,0.4380917041227992,-0.4569950333249773,0.1172654009258758,0.000567945774429967,-5.9467093386769826e-05,0.4932067984225914,0.12363956656734744,0.9483719564474843,0.4866522280843475,1.334658226872638,1.0602663053536294,1.6606455633577075,1.8113023159217136,1.9320990087420484,2.7119745373494455,2.1350039326584143,3.7319156011634664,2.2624381232506523,4.834287193682347,2.322508750612923,5.98318386899561,2.3176151013892836,7.146009686450197,2.2444552619160585,8.289368118925035,2.106304568877016,9.379609448117643,1.910424353526455,10.386074760095838,1.661052681381789,11.281132422696162,1.3615160564095654,12.038704816041513,1.023761645405064,12.636255383688763,0.661520369149155,13.058487807099997,0.2761259133667514,13.293902866826503,-0.12943635428425282,13.331151662070006,-0.5392587006834766,13.16379313236596,-0.9424338989200438,12.793103610260903,-1.3409894675107668,12.222068094630295,-1.7297579000227155,11.453674929094879,-2.0943793492742317,10.49640920149619,-2.4313656056886743,9.364003651914194,-2.74849549079627,8.06817601299286,-3.0268491720315196,6.621784038493099,-3.2304506015235392,5.054171633390532,-3.3566402146815086,3.403876994339539,-3.398835046215962,1.7127762667321689,-3.4534830554635048,3.8310909425850934e-05
142,3,-0.8829386577569445,2.292388858097222,-0.882321345598333,2.25641646180719,5.13734267816768,4.912548460059115,6.6292024003720265,9.171532597956196,4.692483277183993e-05,0.00010932938231161358,0.14511211372682298,0.05475878543823305,0.12422512864166682,0.11613836185945033,0.347782523200832,0.22506213881155984,0.6235194223314721,0.47128075990910084,0.8028066284288389,0.8314320305490592,0.9210778676661701,1.2641909025525655,0.9964593523103388,1.7455334093172816,1.0188346109741424,2.251722016533305,0.990043723608654,2.755707404588836,0.9290174655670714,3.2365181905389173,0.8357016056704508,3.6795502632823447,0.6876520834285377,4.062783343687209,0.5033033290642671,4.360989140004485,0.32156505653551515,4.566806210679307,0.15756987695115154,4.685278550258142,0.03179802460993225,4.731288960394717,-0.09537409451848128,4.7167598705527,-0.2567548808825946,4.629766228370914,-0.4277120429990285,4.458571029625439,-0.5935656547829777,4.202926496853579,-0.7473147616519593,3.8670120077103043,-0.882321345598333,3.4587938870124333,-0.9973966490905465,2.9879359789036903,-1.080326419285778,2.4666619708275834,-1.1076684183729415,1.9169892469595744,-1.070559570928727,1.3698000600523674,-0.9667732238564529,0.8573454547331213,-0.7671854949599721,0.4189154091401514,-0.4372613906919553,0.11227357727414215,0.0005443014603427933,-5.700596925088414e-05,0.4736469450692688,0.11866547473376463,0.9123646608311884,0.467621470761995,1.286201711628779,1.0199617440557156,1.6030373388653492,1.7443624706604461,1.868105969580907,2.6145173392502095,2.0675985568389104,3.6014805842194058,2.194520928025547,4.669911719192158,2.25641646180719,5.785218785611416,2.25536886650154,6.915877348596297,2.1879727633759662,8.02947805108655,2.057206228828307,9.093265195148962,1.8699437970575217,10.077291025192077,1.6301639773420475,10.954469447350526,1.3409827288790748,11.699161308441973,1.0139133212426215,12.28911436082084,0.6622492774120848,12.709074976644471,0.2872627782599145,12.947462970358526,-0.10816241589929634,12.992833073013875,-0.5085369542290773,12.838511013780062,-0.9031975353655882,12.48534859351981,-1.2940744534602981,11.935884586597664,-1.6760809299422388,11.192683633204744,-2.0351303834247583,10.26370236910162,-2.3677246530646228,9.16206245090665,-2.681386588739467,7.898960119703403,-2.9575195088398716,6.486747154588973,-3.1607447369893786,4.953969615104707,-3.2882444703584905,3.3382720822418674,-3.333345637639696,1.6806802576616273,-3.390549284211028,3.7612759621059615e-05
143,3,-0.9019739155902777,2.2478774984236107,-0.8893688877278743,2.278344821737639,5.106794929434788,4.911593488499361,6.772121249616897,8.993448768598935,4.779801614994452e-05,0.00010995669671275929,0.146570831747528,0.05521293467558861,0.12594774067289075,0.11734451488071972,0.35263653742329926,0.22777359845726758,0.6329015770877274,0.4775710755646247,0.8155717586327387,0.8433183957848978,0.9359162607961087,1.2830295107860752,1.0120447149622371,1.772038883798038,1.0335941335911611,2.2858814358580726,1.0025141028086262,2.796725483776582,0.9382648458178076,3.282994117922823,0.8410790626371724,3.7297108329999196,0.6885089928710916,4.1145228984134885,0.49965823298174733,4.412008451064329,0.3142606766428884,4.615046198080198,0.14772787706142373,4.729178663230696,0.020688970810161193,4.769905487121618,-0.1070490980136216,4.749664870023981,-0.26859509313226704,4.656770893599808,-0.43910220356757335,4.479740720286824,-0.6039067678760857,4.218641236938121,-0.7561494083352326,3.877917006671504,-0.8893688877278743,3.4657209634818837,-1.0025756284267615,2.9918066404057084,-1.0837119540720908,2.4683975647418555,-1.1094886498138858,1.9174364952141427,-1.0712025355012862,1.3696502350694497,-0.9667111880224755,0.8570705275895394,-0.7668862364555472,0.4187492082003823,-0.4370854357502795,0.11223656146221281,0.0005442069259130704,-5.6999560891911056e-05,0.4738692502707195,0.11869538088074157,0.9135661099062653,0.4679713463917872,1.2892733606782605,1.0213423658323546,1.6088614544265145,1.7479313804779038,1.8774692807232665,2.621854167743236,2.0810421223646722,3.614503557857202,2.212251666477488,4.69072618202128,2.278344821737639,5.815957678046713,2.2810985272167144,6.958554421448271,2.216770493426536,8.085823880728764,2.0880767222735708,9.164573513825307,1.9017263904166153,10.16431374340255,1.661570431738093,11.057345521301878,1.3706436030443025,11.817361180791737,1.040543799069209,12.42143637958341,0.6847483626840681,12.85372291045333,0.30459838744695544,13.102111824568832,-0.0969115788039623,13.15466145074565,-0.5039680367645295,13.004311511604707,-0.9056280915477943,12.651694526440403,-1.3037348230049504,12.09921527309821,-1.693013007691533,11.34936112706257,-2.059049379341396,10.410149663051198,-2.3981994041868373,9.294894522505187,-2.7180338648717095,8.014993841131167,-2.9996034357333663,6.583051853310965,-3.2069403901633415,5.02814645743908,-3.337192754238477,3.3886022678632632,-3.3836205635186567,1.7061654833721474,-3.4422114435106006,3.818586928656445e-05
144,3,-0.8828212912291666,2.2338850415694447,-0.8774765701470395,2.2558902926833024,5.156825274588496,4.926744712700023,6.6283211993272735,8.93746687280923,4.673013125693055e-05,0.00010687918911891164,0.1427776647605144,0.0537342951626532,0.1230012035360872,0.1143415116025361,0.34453641173038047,0.222208236087641,0.619172528462094,0.4664310208600258,0.7991672655786785,0.8245416388381328,0.9185966815142068,1.2557709071949101,0.9949276468438546,1.736125134433698,1.0177961239186537,2.2416939753075025,0.9888950501815833,2.745159214090953,0.9271552008803413,3.225239774930674,0.8327056009953595,3.667069282344183,0.683375906931334,4.048484671866321,0.4978567427508321,4.344250591938722,0.31526872773732373,4.547114530582624,0.1508891513806574,4.662322634473881,0.025182805998994116,4.704990588937708,-0.10137924589320932,4.687278756175801,-0.26144777238118133,4.597581907796117,-0.43049172838104244,4.424497141439089,-0.5939922001055378,4.168035945962041,-0.7451288030751742,3.832555109813177,-0.8774765701470395,3.4260965898555082,-0.9900256662887246,2.9583023097249206,-1.0708292246079405,2.4412699744201327,-1.0968261810702715,1.8967214086332724,-1.0593753725766,1.3550819692389193,-0.9563301888967302,0.8480828842752547,-0.7588410266797756,0.414414370290355,-0.43258792550765196,0.1110881416983829,0.0005386843817269631,-5.642229100208116e-05,0.4691312921700214,0.1175038106664802,0.9045221849695623,0.4633074953469005,1.276599931772427,1.0112220834550676,1.5931121829498436,1.7306858970561,1.8591163257566663,2.5960617819230327,2.0606794561789954,3.5790046049273907,2.1905427366601566,4.6446827218301445,2.2558902926833024,5.7588493136421395,2.2584991661372196,6.890156123035849,2.1946884130526576,8.006227018161093,2.0671723816920444,9.074203473695482,1.882614903537925,10.063914865217555,1.6448445066800157,10.947962683542071,1.3568743645863552,11.700332248716737,1.0301830135003154,12.298359904562457,0.6780992287088676,12.726382717926997,0.30193466223070764,12.972432013940114,-0.0953680017046268,13.024695577613265,-0.49818412694757064,12.876180407384666,-0.8957088945886538,12.527493992490195,-1.289789507290898,11.980985791150237,-1.6752265464580134,11.239075759640283,-2.0377699925602197,10.309647798211895,-2.3738207444550423,9.205821899738645,-2.690878907560885,7.938818545050925,-2.970181060205036,6.521051020265107,-3.1760870780615287,4.981250282574057,-3.3057299709502534,3.3573211735678155,-3.3523810881153255,1.6905817844982933,-3.4111104253727866,3.784085296703959e-05
145,3,-0.872463576111111,2.2561396459861114,-0.8843485674223773,2.235733263504548,5.103915085965191,4.906401748649408,6.550554313349691,9.026504484879764,4.688611077268393e-05,0.00010531274226804042,0.14160418662149613,0.05314817737574848,0.12281651216661144,0.113483391713594,0.3442595688261126,0.22121568303472544,0.6203140571688288,0.4655778895694232,0.8028902333039264,0.8248845676560492,0.9249598419252224,1.2586467963624566,1.003444679199811,1.7427495713155818,1.0276283493519305,2.252946015993511,0.9990514890174549,2.761448969097602,0.936752683811592,3.2465009714874475,0.8409948146479624,3.6928326162354064,0.6896631925818479,4.07791755063921,0.5017558349465617,4.37623598854769,0.3168036087838687,4.580452390769528,0.1503074643812019,4.695883363697345,0.022913285012723827,4.7378212934058315,-0.10507131529085506,4.718613445844438,-0.26640628723795134,4.626744668961188,-0.4364217988851906,4.450923501809675,-0.6005531350426933,4.191325630301832,-0.7519937418796068,3.8524750657796765,-0.8843485674223773,3.442571040925212,-0.9966602523756858,2.9713907425497053,-1.0769976451984418,2.4511477138782407,-1.1022846677454927,1.903682415501265,-1.0639120335037666,1.3595367220325905,-0.9597886084438894,0.8505329081961189,-0.7610799351089826,0.41543459774433006,-0.4335599215992771,0.11130883924956779,0.000539527328189154,-5.6503692237633064e-05,0.4693607180181399,0.117600189639237,0.9039603006937245,0.4633651403016754,1.2742228086491125,1.0105852333840697,1.5880247322634153,1.728217213644909,1.8505903612280268,2.590215352590398,2.0482675818458844,3.5679348688571992,2.174152787352423,4.626409557262084,2.235733263504548,5.731424789686883,2.2350826822602863,6.851810291242166,2.1688349376900304,7.955523661977702,2.0399341841070706,9.010180201578853,1.8551673372361464,9.9861694123692,1.6184394632561785,10.856700669993923,1.3327864115175918,11.596395255301513,1.0095417397474264,12.183198953181494,0.6617950197511444,12.60195177279912,0.29073382212699883,12.84109480037315,-0.10086061443227747,12.889166056439258,-0.49771351065001335,12.739392620270742,-0.8893063412069442,12.392428375164991,-1.277582563920999,11.850580038309154,-1.6575182349855548,11.11616737861769,-2.0151353547526325,10.1968533012243,-2.3469278255456296,9.105435392539318,-2.660322005129723,7.852820100269834,-2.936791260591921,6.451084629306431,-3.141061973085976,4.928437060872758,-3.270169785404814,3.3222004709317563,-3.3173067545545774,1.6731453032730395,-3.3764356497702144,3.7456191524681845e-05
146,3,-0.8822122348888889,2.2986854661944442,-0.862456602965134,2.27999365143684,5.10263891668411,4.926978441144321,6.623748336062697,9.196724461115124,4.383325920353011e-05,9.834234084804559e-05,0.13236781160570268,0.04965494968918522,0.11508744175619907,0.10612161796603369,0.3230101061357964,0.20714340030719847,0.5836387388248575,0.43674094838818656,0.7585042462342817,0.7754914828842683,0.8782428518318871,1.186303642922394,0.9584155903259989,1.6473010216171091,0.9883524976304898,2.1362583050692967,0.9687365025400654,2.627265520125262,0.9169081246321875,3.0997425555598626,0.8324475797169265,3.5389351829170277,0.6933232554499322,3.9227776928910907,0.5169096754623557,4.225880605029627,0.3409771028889414,4.440041818033902,0.18064724674814664,4.56923013483826,0.05644126422844875,4.627239774963005,-0.07000670137975572,4.625221021651589,-0.23092543641785881,4.551048193690923,-0.4021817673698161,4.392730468945633,-0.5691992685555032,4.149594093475049,-0.724883024158504,3.82540917838196,-0.862456602965134,3.4277872836060554,-0.9805337539285741,2.966126080048736,-1.066774262483591,2.452466714018176,-1.0975921781402356,1.9087029395601267,-1.0638458057964437,1.3657000672548967,-0.9630308962029616,0.8558385400037649,-0.7657877095660769,0.418661356910884,-0.437232856910386,0.11232668285862793,0.0005450010631417916,-5.70911148734105e-05,0.4750380946623231,0.11895779859874325,0.9162886550185031,0.46920378090906173,1.2933843512906813,1.0242981919765684,1.6138869366701454,1.7531951246234028,1.8827610039072826,2.6297272551698163,2.085836081475667,3.6249309148481403,2.215791061328042,4.703266396838761,2.27999365143684,5.829818327526473,2.2803762739930726,6.972663218104928,2.213380047561813,8.09891255547939,2.0819343352136657,9.175277941635661,1.892959077433174,10.17128132652862,1.6504958792895397,11.059335684400924,1.357748493221208,11.813335559517649,1.0264402606555867,12.410633840905827,0.6701174417254029,12.835707292339958,0.2901733693195505,13.076800678216621,-0.1103710018886166,13.122347937618379,-0.5157501492880909,12.96565974104217,-0.9150963482235005,12.607704667515518,-1.3102961313221113,12.051194350451134,-1.6961548190133358,11.29889586429787,-2.0584041644490996,10.359047936417582,-2.3935067651935533,9.245117235866278,-2.709071687780837,7.968622747553009,-2.9863460333806184,6.542242515036828,-3.189704231641873,4.994977627621963,-3.3164427275475217,3.364954020946347,-3.3599933485183557,1.6936314282759715,-3.415709127185497,3.789186788383858e-05
147,3,-0.8714196657083333,2.2986022449583334,-0.8230217781379584,2.258468624450213,5.103457726684681,4.927607198025912,6.542716517046324,9.196391504393082,4.146839034533136e-05,9.313087020078542e-05,0.12532141201477404,0.047015333046890484,0.10897919711067619,0.10047837477853315,0.3059233188205758,0.19614920448415496,0.5529389698545187,0.4136346715500545,0.7190216646538417,0.7346556402788614,0.8332567155416735,1.1242483779024137,0.9104271555324687,1.5618876591305595,0.9404262688239097,2.026730468729976,0.9238297219904937,2.494425850811553,0.8769479342810965,2.9456231294329553,0.7992185648112554,3.366423160996273,0.6694713839427263,3.735886246397126,0.5038764143587207,4.029763934588939,0.3381108148827425,4.239994394576237,0.18647488734546566,4.3700112562042985,0.06859222207954141,4.43260036843005,-0.052135605430434544,4.438058688587596,-0.20672179818750624,4.374400210683893,-0.37222049966340404,4.229668159457328,-0.5346634506080031,4.002708937020049,-0.687155791383875,3.6966519813401058,-0.8230217781379584,3.318379792813013,-0.9407346224322488,2.876582136295287,-1.0281064254971584,2.3826108346266253,-1.0618847338598194,1.8575177345950507,-1.032706652469427,1.331282167836782,-0.9376622727389655,0.8355969198565768,-0.7476068798882255,0.40937633833338305,-0.4278410739690215,0.10999064576187598,0.0005342223898843317,-5.597658669041955e-05,0.4665809791301284,0.11677392654302594,0.9013813660181015,0.4610860249166009,1.2741330122590442,1.007562079416948,1.5918782018498037,1.726089075193259,1.8592125345020183,2.5911828189963426,2.061948382048746,3.5744773167179584,2.1926667760762983,4.641019343959495,2.258468624450213,5.756378699398743,2.261139877507432,6.88900542076271,2.197068366148001,8.006343193389863,2.0690541544623726,9.07539314071401,1.8838504094077624,10.065888109004753,1.6453777103901979,10.950378552973186,1.3567317106175765,11.702843326769953,1.0294385834654312,12.300645630557854,0.6768516880360411,12.728165679659819,0.30031748684426357,12.973492548953889,-0.09720333547435339,13.02488688417097,-0.500105681714509,12.875427539294616,-0.8975982545925867,12.525783286648084,-1.2915183840790225,11.978365090090417,-1.6766739219647138,11.235656463535587,-2.0388375417087894,10.305595946641226,-2.3744102152137367,9.201351283744456,-2.690876083787659,7.93419656399017,-2.969498524724352,6.516597979154433,-3.174678942123201,4.977317941872603,-3.3035435311926804,3.3542855763808324,-3.3493722411146467,1.688841838525287,-3.4071399334729526,3.779680654837079e-05
148,4,-0.8792191917638889,2.3048433595624997,-1.0377522417359444,2.3138636843193985,5.090576919070087,4.955053700876167,6.601276232826132,9.221361345717126,5.9682891553963274e-05,0.00014143186808646235,0.18643238049231575,0.07056688598292356,0.15806953028535772,0.1490287877444043,0.4413388970279806,0.2874431197410585,0.7857696339013417,0.5988027200759655,1.0020741649192,1.0504887607460356,1.1369994763171092,1.5876649220080425,1.2148127046957358,2.1781827995236993,1.224497114690814,2.7910021592740706,1.170365114494202,3.391881947645056,1.077556291155018,3.9550790527685145,0.947445941969475,4.4634692511477,0.7545952992250241,4.891684839356322,0.5231312434230486,5.2114451649307565,0.3002920810207635,5.416598824978217,0.103628436951129,5.5158299107542526,-0.04384729898568699,5.529062723176293,-0.18940254598064638,5.47219041561314,-0.37076152271261315,5.33317742175555,-0.559071928128353,5.10046303776888,-0.7378037905062067,4.775727982170773,-0.8996043765631594,4.3654704935362725,-1.0377522417359444,3.880131718480239,-1.151739264229545,3.3316593501692506,-1.2288284572231434,2.7344419007549483,-1.244231269921853,2.1132417928167144,-1.1896443232361271,1.5019456719422863,-1.0640396776968795,0.9352185596876516,-0.8371531109506649,0.45470626018046856,-0.47349667474011514,0.12128547658456502,0.0005858424958009019,-6.129847692007344e-05,0.5059362568680138,0.12703374985980498,0.968308464412476,0.4984506115331529,1.3565595568684115,1.0827168259413402,1.6806008360116051,1.8443529080718244,1.94726261436545,2.7539086478042822,2.143222848112462,3.7797693050544257,2.2624165203608966,4.884223842542422,2.3138636843193985,6.03095389726414,2.300640398650514,7.187350870795971,2.2199855825728885,8.32030284882092,2.075641191128334,9.396698733649611,1.8751908130867747,10.386617487073108,1.6230583049920477,11.263290164647133,1.3226605595752021,12.001570573677807,0.9858949121611862,12.579866892626653,0.6263108549621579,12.983764523721796,0.2450858412371162,13.202556919800784,-0.15497083611343349,13.225612140646183,-0.5582792414207783,13.047080710094809,-0.9542482349893292,12.668657668383796,-1.3450675566190928,12.09363017194016,-1.7257872922109936,11.325203867422776,-2.082374542371315,10.371938508607967,-2.4115208805700856,9.247503424339781,-2.7210018070456288,7.963520467683689,-2.9922393296223047,6.53269150245353,-3.1898540583123145,4.983932165047481,-3.311308023256404,3.3551775717718955,-3.3501787670140097,1.6876152139650558,-3.4015064007843137,3.7734310698846074e-05
149,4,-0.8779189561805556,2.2818354351875,-0.9214258529420931,2.2336451328940172,5.148881501780332,4.958447184000263,6.59151391833876,9.129309804081307,5.373688237942901e-05,0.00013210807054645998,0.17195172500991981,0.06543397090498755,0.14382679760515077,0.1372621211655672,0.4009840956340087,0.26313840944529904,0.7098558223684363,0.5451967737721638,0.8995649897491174,0.9518908161192622,1.0152409658450783,1.4327504586994848,1.0803025391345802,1.9588903166757066,1.0857831005138279,2.503015922741072,1.0361472658326947,3.035345512247614,0.9540161690180659,3.5338908735967873,0.840380878473026,3.984332740184995,0.6721434801267004,4.364830374659312,0.4702507938864498,4.650703925306172,0.27614633104207026,4.836686375281007,0.10491167485883493,4.9304194360285,-0.02323343661867582,4.949347846321366,-0.15073780770971473,4.9071949346910015,-0.3117497164409997,4.792563204975314,-0.4807666208172889,4.594282159842747,-0.6430830548096447,4.3129359514778765,-0.7920517143261213,3.953413043302534,-0.9214258529420931,3.5242091490733443,-1.0304657777544133,3.0352979283383115,-1.1071850243205945,2.499036774285741,-1.1282988150855746,1.9374972147834997,-1.0853035394214285,1.3814872418282553,-0.9763004825697761,0.8629962430613265,-0.7722970571063703,0.4209427403037912,-0.4390229186940945,0.11263721795263001,0.0005454199064106974,-5.7105971374684346e-05,0.4735006064254125,0.11870876163338662,0.9103397866816382,0.46718443854318786,1.2810883110921025,1.0177788056101498,1.5941359391837988,1.7386962173572251,1.85512975936472,2.6033847465603737,2.0507101764829994,3.582865410161782,2.174289235311768,4.641986787193695,2.2336451328940172,5.746506101574309,2.231034495147256,6.865343834403634,2.1632029886205344,7.966619732963094,2.0331601904689265,9.01815574085835,1.8477044518884163,9.990567247414324,1.6107111871041464,10.857284009796809,1.3251650094159253,11.593126967779712,1.0023290312432707,12.176211274182798,0.6552135944328085,12.591507716125314,0.284948007773976,12.82755298954241,-0.1057294270605818,12.872956467969724,-0.5015885917099768,12.720994664696581,-0.8921347705063033,12.372352278443659,-1.2793000329395663,11.82936438101208,-1.6580463361627342,11.094386970103056,-2.014391255831892,10.175123234172974,-2.3448059509564585,9.084416472569806,-2.656671685287634,7.833237373834536,-2.9314779722420705,6.433739124089577,-3.134043028086997,4.914174065125561,-3.2614576104523048,3.3118729530157114,-3.307010790930133,1.6675725537879909,-3.3644197461953507,3.732289396458833e-05
150,4,-0.9028600296874999,2.3405805462152776,-0.9969431702874798,2.299438052203172,5.12934386720657,4.958324434766342,6.77877429357267,9.364340915342698,5.6858514817681036e-05,0.00013552965074848137,0.17831876350946768,0.06754702450918897,0.15094145965884948,0.14252254046840943,0.4214816077115229,0.27470806411802456,0.750268586837281,0.5720252806130315,0.9568511620629219,1.0033024115876608,1.0861955832264112,1.5163399958163397,1.1615933635290903,2.0807112088213513,1.172509211433378,2.6670717724908233,1.122942629262138,3.24298560477395,1.0367384205511305,3.7840591058793698,0.9149928901821365,4.274038296328176,0.7330563656245169,4.688653727892942,0.5136730274430132,5.00067619906091,0.3018701228016796,5.203920424269461,0.11438434525069793,5.306338884177172,-0.02662541132081243,5.326663188067768,-0.16657184832167507,5.279785273389956,-0.34195163712217974,5.153688487590424,-0.5250934149319103,4.936724623064602,-0.7000276765999095,4.629987753087981,-0.8595404625326079,4.239256313869415,-0.9969431702874798,3.774196115450681,-1.111526640486679,3.2460328729922585,-1.1906321061293574,2.6684838259017534,-1.2097069759963504,2.065531668631104,-1.16015874300457,1.4702828834221604,-1.0405156752707418,0.9168446595487308,-0.8206441948317198,0.4463921589886031,-0.4651452022643059,0.11922269397944779,0.0005764317752178568,-6.032830754063738e-05,0.49873775081521,0.1251604829799556,0.9559218176326271,0.49159156609469834,1.3409767269954955,1.068792190311659,1.6632861863995638,1.8221537177218101,1.929308441452268,2.7228492943768168,2.125648734843566,3.739786569322386,2.2461054024230838,4.83573849414523,2.299438052203172,5.974762903584596,2.2885662029864497,7.124517085178348,2.2106455473612967,8.252101919068949,2.069281088755214,9.324565973808276,1.8719008652772209,10.312071189625364,1.622815652318348,11.187863493335684,1.3253471931925558,11.926762343141082,0.9912505659242014,12.507083411055131,0.6339543371512666,12.914247586383837,0.2546223513990684,13.137351208980402,-0.14395084234435068,13.165563890862739,-0.5462494075399318,12.992815598389479,-0.941683574239913,12.620559536390832,-1.332368398132287,12.051863302725723,-1.7133095014343134,11.28974573839251,-2.0704490972366774,10.34259388431928,-2.4004006636658364,9.223928366912023,-2.710836713518508,7.945271671250998,-2.983156092157543,6.519260605152847,-3.1819680443723763,4.974746470116657,-3.3046383763102707,3.349630314896607,-3.344674599270403,1.6851058157082541,-3.3969383521181014,3.7683635566325255e-05
151,4,-0.9915440318125,2.337113271208333,-1.011409596062967,2.318182105255186,5.092084933314535,4.947537293225269,7.444623721046132,9.350468824820208,5.644434903313407e-05,0.00013309940885717082,0.1758222318923553,0.06648682663157614,0.14954734336824857,0.14060443765758812,0.41797373612396654,0.27162411550608784,0.7460445804156699,0.5668740944956991,0.9547355125101591,0.9964772187687003,1.0876973859213628,1.5093191541876838,1.16744556547482,2.0755092421937236,1.1828897639642448,2.6659335131027415,1.137422800639682,3.2480914243485626,1.0544698459117443,3.797258421843595,0.9348510863988422,4.296689858768449,0.7534863654211706,4.721450129610099,0.5330251799900663,5.043478467972069,0.3189408193234655,5.255870264662874,0.1284214294950248,5.366082929748461,-0.015751642198551796,5.392636176245132,-0.1592783559569391,5.350334414973691,-0.3390668156728844,5.22680940037864,-0.5269475038613525,5.010105672300064,-0.7065364781953892,4.701269067526055,-0.8703358014178184,4.30618988748281,-1.011409596062967,3.834785976420143,-1.1289430223424874,3.298619079634345,-1.2100200664748304,2.7118190195725753,-1.2296877400473203,2.0989621969186536,-1.179283075463732,1.4938802435213656,-1.0574322732277106,0.9313729054233932,-0.8336883447396097,0.45334962051046257,-0.47233038394024096,0.12104461761516185,0.0005850880358504351,-6.122978697724138e-05,0.5059109335410006,0.12698465410875598,0.9690694343935283,0.4985611360472756,1.3584691867542598,1.0834883931975714,1.6836690535658887,1.846373980224139,1.9512693103971652,2.75771144842922,2.1477870588242287,3.7857330946171412,2.267080539208191,4.892514017968222,2.318182105255186,6.041507275232851,2.3042230483934816,7.199894298499379,2.222524482087728,8.334387373998405,2.0769373417834585,9.411747865169831,1.8751607596941589,10.4019843204122,1.6217242067683497,11.278313005246662,1.3201373911076435,12.015622559922356,0.9823726519733385,12.592398402034055,0.6220271123702721,12.994333952798812,0.240306777710443,13.210849104857237,-0.1599643874931384,13.231449469409352,-0.563216295233235,13.050424598916834,-0.9588817663269447,12.669599054970064,-1.3491706022799523,12.092378420089066,-1.7291624816525986,11.322075215985118,-2.0848689489828955,10.367336983444423,-2.4130151613850033,9.241900098860144,-2.721392266556845,7.957442152930419,-2.9914700027803223,6.526707313818747,-3.187940263957134,4.978620072179941,-3.3082880692227135,3.3511012839274166,-3.3461172579597527,1.6853105083500235,-3.3963402891703494,3.767700076705054e-05
152,4,-1.0182429519305556,2.291288938798611,-0.9838362334146112,2.2657009331388167,5.118204939407513,4.9672548765981395,7.645082205652067,9.16713197209087,5.756375577647088e-05,0.00013792046266264063,0.1810661755161202,0.0686558594920956,0.1527750373679742,0.14465991333964087,0.42618540742752914,0.2783859842312451,0.756804501230396,0.5786532036224317,0.9620335964392901,1.0129685758436897,1.088068682672212,1.5278298982935148,1.159000080948869,2.0920585635554123,1.1648517253881303,2.6758674894822234,1.1103125967606806,3.246691630360646,1.0197897299238137,3.780335415725172,0.8947377201559413,4.26096303668768,0.7109731997435794,4.6649223660456824,0.4914749954573216,4.965807602651066,0.28097179639350295,5.1582256383235086,0.0958087261672056,5.2507459355511585,-0.04245417927140913,5.262456586372124,-0.17899158123761608,5.208472313711602,-0.34985893459903716,5.077253449908286,-0.5278236534555016,4.857613387956689,-0.6973238615219051,4.5508649852227645,-0.8514557841843635,4.162840290817305,-0.9838362334146112,3.7030969553846225,-1.09393296942539,3.1826359448989,-1.169471255908815,2.6148271298223467,-1.186522244801975,2.023035775681031,-1.136777996181482,1.4395044489144924,-1.0188461208441975,0.8974157766969851,-0.8032215066854064,0.4368621295507647,-0.4551895372935744,0.11667025164540282,0.000564102295715962,-5.903902162296469e-05,0.48819218736079845,0.12250255095398781,0.9361097444367849,0.4812645152688305,1.3139972711911567,1.0466782521860833,1.631119726580345,1.785176661316619,1.893811072075871,2.6688756607194257,2.0888679103942636,3.6676552547073853,2.2100394017438214,4.74531945604877,2.2657009331388167,5.86683355827566,2.2584784970173413,7.000580464185439,2.1853139242781214,8.114270229600658,2.049487065424029,9.17542812833895,1.858071872711164,10.154516099568092,1.6151143567600195,11.024923379545719,1.3237241441410679,11.761498248577556,0.9953856941952931,12.342466713461,0.6433073681398838,12.753027127136695,0.2686229979414383,12.98199261633949,-0.12590182504644393,13.01824501468586,-0.5248756859538982,12.855384746032444,-0.9177413958639621,12.494487385456413,-1.306518288080123,11.938265119856904,-1.6861796909597835,11.189419436294688,-2.0426937793985163,10.256015806640137,-2.372604629071919,9.151259289220668,-2.6834463782597813,7.886416522180849,-2.956665516602368,6.473900447494097,-3.1569969562283733,4.942276122189549,-3.2817082541511007,3.329156528121099,-3.324240105198664,1.6754829460193,-3.378863951370534,3.748312911866599e-05
153,4,-0.9880650283472223,2.258270844861111,-0.966091744177625,2.2620072387371986,5.103993714419253,4.9499968050606435,7.418502973109337,9.035031118520363,5.563050243360193e-05,0.0001338676444543208,0.17553606146964182,0.06658919601103924,0.14801035448971336,0.14023892970331633,0.41307011303628366,0.26982797181030943,0.733941320861024,0.5609367013260151,0.9339840426845731,0.9823502869592579,1.058030352151505,1.4825868626893002,1.1293350951481234,2.0317903900949124,1.1379665489079072,2.601364610750954,1.088133575150962,3.159863312615192,1.0032442130466588,3.6838034562402107,0.88441531831566,4.157682159819925,0.707701409337313,4.558215126204341,0.49518325674234653,4.859245115900494,0.29044084723368924,5.055015281877769,0.1095155670496904,5.153402750718716,-0.026269376564249675,5.172648146932737,-0.1611034906084332,5.127189324983374,-0.3304895003326513,5.005303585974548,-0.507671666463147,4.795579479027509,-0.6772277428407243,4.49892678923324,-0.832197662059708,4.120771954574635,-0.966091744177625,3.670303575878929,-1.0781952990668633,3.1582306782896117,-1.1561400277014775,2.597704980809333,-1.1759127545337573,2.0119079109183775,-1.1289567933230273,1.4329806861588597,-1.0136226043856964,0.8941419148330656,-0.8002782134303329,0.435614518342698,-0.45405557313374284,0.1164175855962289,0.0005631448443869944,-5.894520266274311e-05,0.48773641595625267,0.12236380762562722,0.9356375857340342,0.4808823168609425,1.3136248518440192,1.0460862877258899,1.6307015237493432,1.7843971807459191,1.8930459203075425,2.6678146890221677,2.0874070139808034,3.666051977702924,2.207573383178154,4.742745805589986,2.2620072387371986,5.862726926290688,2.2534648823749985,6.994297495582602,2.179055010417421,8.105162507953827,2.042213511874273,9.16292491365885,1.8501351456441242,10.138193530173739,1.6069614068352502,11.0045580677788,1.3158638873557957,11.737108059985825,0.9883066934710076,12.314322987750622,0.6374208403245963,12.7216261332016,0.2642927972370998,12.9480231554688,-0.12838532719017273,12.982562850100921,-0.5253796321480501,12.818953755095546,-0.9162681962172814,12.458300277018573,-1.3031303012423696,11.903297229380419,-1.6810293786116977,11.15659516754556,-2.036053758777446,10.2261522596877,-2.3647897239384434,9.12502204359954,-2.6747493113664014,7.864319857797194,-2.947457294999797,6.456298749112428,-3.1477342344794583,4.929309807477084,-3.2727545115833347,3.320758094631799,-3.315860288762172,1.6714227611760017,-3.370997568405036,3.739586417109858e-05
154,4,-0.9954080534270834,2.2742815597361115,-0.972939953479671,2.2668436975320976,5.151648219912582,4.957339285239781,7.47363522839995,9.099087787123498,5.6766619343705816e-05,0.00013668341917975486,0.17914726072971487,0.06797451670583265,0.15091611779651842,0.14310569448368368,0.4209684831670236,0.2752040682936259,0.7471647690744614,0.5717174368973844,0.949359170503767,1.0003950714022507,1.073518237351246,1.50840978270263,1.1435842546561417,2.065100876120021,1.1497665836970885,2.6412328420262066,1.0966698308152667,3.2048364766375648,1.0082945880538607,3.7321736842329862,0.8859546739729699,4.207704013650827,0.7056168928751245,4.608101548926301,0.4897966941421191,4.90723571317573,0.2825613942311847,5.099653797016198,0.10002392755917733,5.193659006945174,-0.03646426897544283,5.2079513478774855,-0.17155748111887276,5.157322332975127,-0.34098666531010335,5.030185938896094,-0.5178167178387545,4.815282880087035,-0.6866027785310125,4.513733980694934,-0.8404453295050737,4.131160006619817,-0.972939953479671,3.6769086541431655,-1.083481736993746,3.1617973673453887,-1.1597954522937513,2.599035355820412,-1.1779898585544963,2.011810735406145,-1.1296737190321025,1.4321973575469065,-1.0133383633764355,0.8932679270924015,-0.799486049704751,0.43503341834579906,-0.45337892747605063,0.11623069004414442,0.000562157120154092,-5.884030005271477e-05,0.4868292017735609,0.12213738014098753,0.9340098006843782,0.4800070490918818,1.311739745581855,1.0443103760973955,1.6291265633231544,1.7817316847279852,1.8923787489012343,2.664563744735148,2.0882100844907447,3.662813719271286,2.2102730269412687,4.7403692302341245,2.2668436975320976,5.862228398019047,2.2604762525580213,6.9967638989946535,2.1880571925635275,8.111644539209957,2.0528203542956183,9.174328816888124,1.8618097687704176,10.15519270787129,1.6190568316120524,11.027528573704751,1.3276674578630625,11.766083293828789,0.9991369339919999,12.34898297362217,0.6466979591017566,12.761335346948814,0.27150721404920236,12.991875177676762,-0.12364498382136255,13.029417182356548,-0.5233291582027046,12.867510336498826,-0.9169521697023866,12.507198370670835,-1.306512640230743,11.951175519946089,-1.6869596292935545,11.202135664137346,-2.0442288914420312,10.268151432034868,-2.3748467395876034,9.162448580787393,-2.6863468287391283,7.896317952178509,-2.960145543853285,6.482202175069171,-3.1609262073199744,4.948719737896509,-3.285947012419685,3.3335518464818144,-3.3286361818183945,1.6777147912294743,-3.3833898247897416,3.753333650052629e-05
155,4,-0.9732294443125,2.2446811530208333,-0.9695876016147067,2.3229695135362314,5.0773849297946265,4.956003277978083,7.307115745435164,8.980660630167554,5.3241138112954085e-05,0.00012613333562120583,0.1663995806672643,0.0629553614490041,0.1414324756559542,0.13306720331432514,0.39545341702054215,0.25700847427960993,0.7062192775159084,0.5364207080216441,0.9047216668374972,0.9432939284980488,1.0323844170691385,1.4296496775406153,1.1104729145089474,1.9676096779004735,1.1282799676186426,2.52996866602063,1.0886930521349323,3.0861761152807907,1.0136068947924997,3.6128869857139407,0.9034686130441995,4.094169892464199,0.7339624509175388,4.506110585546076,0.5262272744339648,4.821585045703671,0.32347167245602215,5.033484065145361,0.14214392162294967,5.148373883984098,0.004269021303693634,5.183464887205325,-0.13389209789350706,5.152498201424526,-0.30799672271212963,5.043095496914891,-0.4910413468842258,4.843190069241585,-0.6671679837800477,4.553231121534731,-0.8289895600775347,4.178395160718833,-0.9695876016147067,3.72784187839471,-1.0879482160821343,3.2124314402225234,-1.17124112859379,2.6456398331269972,-1.1947611998312004,2.0512768075306025,-1.149580627423604,1.4623977030266455,-1.0338962228244601,0.9132370974986052,-0.817358601688032,0.445229640131046,-0.4642253279299269,0.11906092061286486,0.0005761904362094816,-6.031753884498403e-05,0.4994790175365571,0.1252780893871052,0.9588456248458667,0.49257444680136864,1.3470650290949175,1.0719966920194648,1.6731163159647024,1.829320596667081,1.9431225537496666,2.735924891637914,2.143290582500636,3.7607413414231443,2.267056252777324,4.866368371077477,2.3229695135362314,6.016547018105911,2.3137811329353952,7.1785289686830644,2.2364885521720708,8.31892433379802,2.094646704678072,9.404236035201256,1.8957309416857842,10.404082797031126,1.644121789626463,11.29119885617086,1.3432364066897293,12.039930479483727,1.0050404146441485,12.628193877821444,0.6432105641524466,13.041134277060864,0.25902987180714065,13.267665293425583,-0.14457866857086193,13.296825978046334,-0.5518446432298634,13.122513680817502,-0.9519953946744558,12.746269390304178,-1.3471192653345674,12.171295257222802,-1.732135941981715,11.400764695170306,-2.092826920519905,10.44328765442794,-2.425775945718721,9.312662871972897,-2.738746260204333,8.020665628218346,-3.0129752369104734,6.580188133196312,-3.21278100618176,5.02047769729445,-3.335578409160823,3.379886074199295,-3.3748953742361683,1.7000490918145708,-3.4264911339507598,3.80114765991933e-05
156,4,-0.9278508685277777,2.2522393829166667,-0.958237945171612,2.278280115487746,5.126387255506265,4.948479590781643,6.966408312506843,9.010900068658817,5.5619154644084455e-05,0.00013550300151570925,0.1769172555612103,0.0672354377015604,0.14848271720056794,0.1412753261634504,0.41412148972225277,0.2712447492778969,0.7341633955514879,0.562759173856894,0.9318505364584383,0.9837314917007275,1.0531221661214163,1.4822098519477653,1.1218413187174843,2.0282952685798876,1.128528984460313,2.593601489783986,1.0777002310813033,3.147090623211508,0.9927788818851994,3.665767971897741,0.87484182342331,4.13459674224984,0.70000822853714,4.530773560424253,0.49005465447011837,4.828582433036244,0.2880221271284303,5.022466862761617,0.10962383959541894,5.120292221709968,-0.02410490166926927,5.140124926449195,-0.15712936323442508,5.096203315561246,-0.3248192320494777,4.976738593597447,-0.5006819270444988,4.770199404145578,-0.6694231004415858,4.4772670751382755,-0.824110692517799,4.103107541184026,-0.958237945171612,3.6566445101528453,-1.0710202844624375,3.1483459949591817,-1.150032755976708,2.591155983142817,-1.171178920894553,2.008078908888233,-1.1257305682909826,1.431143111127441,-1.0118474965669149,0.8935486746340546,-0.799706851042042,0.43559266831780996,-0.4541677672311923,0.11648226430675696,0.0005637241107486922,-5.901314241412871e-05,0.4887265524351501,0.12257659874478262,0.9383423922970824,0.4819937962599542,1.318523859779783,1.0490833084136273,1.6380848662537077,1.7904558819206484,1.903031868569635,2.678215326777247,2.0998736424774,3.6820761883023394,2.2221776993869264,4.765555202320546,2.278280115487746,5.89327728199185,2.270824511199439,7.033282891068692,2.19680544070134,8.152956029425603,2.059613371105545,9.219536800674971,1.8664606791888652,10.203266239360039,1.6215219733058,11.077380332137608,1.3280230006863474,11.816634693623556,0.9975660611661278,12.399221025021735,0.6434530756902557,12.8103582645886,0.26686091848369975,13.038913832484448,-0.12941557641867688,13.073840013021327,-0.5299501980000475,12.908824194471805,-0.9241763146989913,12.545041485058208,-1.3141352383768101,11.985299305103764,-1.6948152715920746,11.232383707501894,-2.0521851830998084,10.294441653308866,-2.3828063990012045,9.184756596191393,-2.694251334414329,7.914658110553014,-2.967944997612884,6.496613622481432,-3.168533898990662,4.959275139990447,-3.2932460788993962,3.340374539740128,-3.3354592685163014,1.681000967357964,-3.3897072877721035,3.760341864180208e-05
157,4,-0.9214647909166666,2.246586915527778,-0.9269356957346828,2.2831188232252586,5.128009314931673,4.954605133682156,6.918460926064292,8.988285323899015,5.234461462650343e-05,0.00012673057741556374,0.16587905426533925,0.06296993827830619,0.1397086101965111,0.13251753800741983,0.39004642570765674,0.2548677932860254,0.6933095301999793,0.5298001455257788,0.8831875725184476,0.9280724046286037,1.0022737677876885,1.401503904889013,1.072542203643533,1.922400177543469,1.0843860222976864,2.4642042480158577,1.0413771977057087,2.9975024110712356,0.965252983741831,3.50020201710997,0.8566341154685984,3.957560673563301,0.6921678273404257,4.3471896546787585,0.4923399926322394,4.643668280666123,0.2985614327798455,4.840843305200789,0.12625847108860183,4.945564902901271,-0.0038215643249660458,4.9747097395950135,-0.13399061257008352,4.941633794257932,-0.2986170913415438,4.8345097101474375,-0.4719636152966321,4.641734828504792,-0.639014388388516,4.3636181689127165,-0.7928464677379976,4.004912628703152,-0.9269356957346828,3.5741223142427008,-1.0403626778358503,3.0813413616711762,-1.1208120969410877,2.539160827253555,-1.1444705950949718,1.9701130290376945,-1.102549196326393,1.4056861011432211,-0.9930178610352935,0.878629963333547,-0.7862772734739925,0.4287905898770252,-0.44731383938529107,0.11479009739891853,0.0005560298362007362,-5.8221671382653686e-05,0.4830212746734319,0.12107377455400231,0.9291034785901641,0.47665521557435053,1.3080565289088089,1.038729185035089,1.6282794516974957,1.7749642289318979,1.89540878377825,2.658308335534836,2.0956918979370753,3.6591723819981157,2.2223024845625003,4.741611053975594,2.2831188232252586,5.870565498340437,2.280407703043098,7.014182406704508,2.2108254647382224,8.139776044971297,2.077453894829253,9.214353139688415,1.8872720601109867,10.207784777728312,1.6442905570207875,11.09283887227329,1.351625432012321,11.84373400814382,1.0208695287897915,12.438092541754198,0.6654048909752545,12.860585930299093,0.2864640456382913,13.099570909117753,-0.11307881617938718,13.143516957614299,-0.5175966286938611,12.985698592316952,-0.9163268988972509,12.626986046546117,-1.3112199195212564,12.06995102761151,-1.6971213664369438,11.317195024196323,-2.0597720585305765,10.376778067885406,-2.3956079274946567,9.261993153606102,-2.712200163875825,7.9842025928078035,-2.9907252253740673,6.5559521134272885,-3.195412730110473,5.0061654360232986,-3.3234152314533048,3.3729654245611993,-3.368011998836519,1.6978858449565974,-3.4246934115368743,3.799153434372503e-05
158,4,-0.9086762108263888,2.252077713576389,-0.9486332000431273,2.2673587368739656,5.137443688934845,4.958800005658443,6.822442833428963,9.010253251859297,5.556335535553371e-05,0.00013640620865990996,0.1776150644902314,0.06757882380002245,0.1486073409003978,0.14178596519230824,0.4142605480440374,0.27183651869091463,0.7332292336981192,0.5632091592370864,0.9288608700388343,0.9832247542459585,1.047753197693564,1.4796183078591534,1.1141349037752326,2.022426376972135,1.1188545204026539,2.5833655487148444,1.066663936360534,3.13164978472682,0.9810161354280468,3.644601596924812,0.8630309203889093,4.1075045714238705,0.6890287798400013,4.497945228245002,0.4806581490503479,4.790638245675812,0.28056218428575086,4.980298698252049,0.10420635284126833,5.074907962581552,-0.027681746045394612,5.092500331620262,-0.1587671978786263,5.047258858913469,-0.32412146199583214,4.927546868322341,-0.4975301418077245,4.721970916696249,-0.6638934727478607,4.431214193033767,-0.8163946090536272,4.060376876507654,-0.9486332000431273,3.618257405096606,-1.0598647959282894,3.1151645320379098,-1.13781479143932,2.563843940825803,-1.1586475559088907,1.9869892050208242,-1.1137184255612782,1.4162228293643098,-1.0011743203216457,0.8843364393288823,-0.7914337655649941,0.43116917564627666,-0.4495939234162015,0.11532207931383992,0.000558212324999234,-5.843932369308836e-05,0.4841823511836881,0.12141867639519212,0.9300889199802628,0.4775914737207935,1.3076765538519877,1.0398605308917572,1.6256225301798575,1.7753690340947568,1.8898036685791657,2.6566706998582816,2.086728807577153,3.653903440723321,2.2098710816261775,4.730992356194944,2.2673587368739656,5.852888573082242,2.2616814614623006,6.987863915453937,2.1897227852685384,8.103471535183498,2.0547359858565515,9.16705927255565,1.863801777292427,10.148906279429875,1.6210064571257696,11.0222312106904,1.329514175670526,11.761736561157822,1.0008552773162704,12.345528194230647,0.648283033974527,12.758706009330723,0.27298645012041023,12.990010152660348,-0.12222914168017564,13.028274426688654,-0.5219572504689589,12.86706436691133,-0.9156266939213289,12.507426962833454,-1.3052424168211474,11.952053720167083,-1.6857803408126573,11.203628638162554,-2.0432173723892437,10.270195952883297,-2.3740992639175635,9.16493692512153,-2.6859669373570223,7.899092899883489,-2.960264919612062,6.4850482743714855,-3.1616719994265656,4.951353664700545,-3.287380529469293,3.3356418870874993,-3.3307312459529532,1.6789199316581076,-3.386111867878367,3.7563533315730214e-05
159,4,-0.88982935125,2.294217035145833,-0.9532298504855728,2.306312660956438,5.119283605610839,4.947215906071457,6.680938499412516,9.178846882937538,5.362571841281603e-05,0.00012956689678217647,0.169723022057655,0.0644071080401525,0.14309533908865135,0.13560576545871225,0.39957190278392635,0.26093213823718103,0.7106117240826524,0.5426536829801023,0.9058073387165188,0.9509998256459693,1.0285865872356244,1.436713631745208,1.1013234483471475,1.971441066825199,1.1140396104826302,2.527926563449822,1.0702788362620708,3.0759222173323746,0.9922648161318465,3.592639631959076,0.8806045343316369,4.062806157330771,0.7113220227153264,4.463292670837802,0.5054886951957975,4.767864844264736,0.3057223944716931,4.970106116987583,0.12797796713158005,5.077007030725575,-0.006347660516309371,5.105906904675961,-0.14063006216622354,5.070568998800542,-0.3100582658582993,4.9589403475123195,-0.48811879963700283,4.759248277776841,-0.6593431292273136,4.471984467691745,-0.8166054329717422,4.1022212107782146,-0.9532298504855728,3.6588804701508426,-1.0683160929830513,3.152500026466801,-1.1493343673760406,2.5961456002262846,-1.1720683248944044,2.013001476959698,-1.1277366489978566,1.435322199166231,-1.0144853548278019,0.8965451596010584,-0.8023571396995974,0.4372363249773285,-0.4559736696785604,0.11697217030563707,0.0005663012934319295,-5.9289014035228716e-05,0.49139586559909937,0.12321290089564092,0.9442951854467452,0.4847656204123001,1.3281462526347443,1.0557357102513922,1.6516662297872757,1.802898498526276,1.9207336244022726,2.698477394658925,2.1215410638392482,3.712194703363709,2.247343741695224,4.807405694220146,2.306312660956438,5.948456753701773,2.300911953250337,7.1030310182598555,2.2279208554915138,8.238051007077173,2.090623380959761,9.320210826592845,1.8962274787743212,10.319181607811707,1.6489148472745203,11.207632697679486,1.3519443047623545,11.959758934329397,1.0171087367882026,12.553242952445144,0.6579614077036733,12.972917316770001,0.2757646300210301,13.207348855990778,-0.12657633194890247,13.245224618246532,-0.533331622444778,13.080073010567215,-0.9337121334654517,12.71305733790522,-1.3297440011362827,12.147025022283866,-1.7163048216083523,11.384821858543749,-2.079130527259841,10.43474986320008,-2.4147270194903587,9.310331017626078,-2.7307834893311487,8.023103759522105,-3.0084624187707423,6.585757799923687,-3.211931670176522,5.0273931136797465,-3.3384336234489345,3.3862976868342276,-3.3813061704816576,1.7041368538890787,-3.4364258812356274,3.8121687252342136e-05
160,4,-0.9238106496944444,2.4008888850416668,-0.9499012806080745,2.2916726703921317,5.077214470299947,4.954719777285568,6.936073896686832,9.605626286068992,5.4822715131671496e-05,0.00013460207924560535,0.17530476703407216,0.06669075611047527,0.1467852762008771,0.13995837161866584,0.4093816478414267,0.26844781851036914,0.7253597425557101,0.5565404993145218,0.9203398208969787,0.9723731528471086,1.0401556764552602,1.4646868705719924,1.108518833097355,2.0041522606870266,1.1160155865069845,2.562952198101309,1.0669496705764612,3.1105949598583873,0.9842909139449877,3.624449608361938,0.8689117394990193,4.089660362304918,0.6969433884441717,4.483579664255162,0.4897794648242343,4.78056881774001,0.2900530709013375,4.97491412655368,0.11340684188882245,5.074218627544221,-0.019171968323460034,5.0962509449616755,-0.15128854326912783,5.055023824588434,-0.3180992286601514,4.938703220330598,-0.49325308769750187,4.735710269808503,-0.6614944043894239,4.44662560453522,-0.8158808849632492,4.076514068349925,-0.9499012806080745,3.6342002602933383,-1.062751980892557,3.1300604182583216,-1.142052259808016,2.5769439003188874,-1.1638034745110233,1.9977203594287534,-1.119296990654645,1.4242499262453494,-1.006658761755986,0.889573836425988,-0.7960998474027732,0.4338317496920402,-0.45242583671988024,0.11606479649218358,0.0005619335726911889,-5.883261987531573e-05,0.4876747057250497,0.12227436722241926,0.9372896124666276,0.4811191765698253,1.3185224401104043,1.0479047554035879,1.6399983472211992,1.7897236516792638,1.9075165713320161,2.679059973419478,2.107328332455186,3.6858955351191196,2.232690788061424,4.773868897944039,2.2916726703921317,5.907579711574776,2.286683087085219,7.054920281185568,2.214491404401942,8.183010144460052,2.078333203642926,9.258727384637655,1.8853506375131028,10.251896027863504,1.6396901197421672,11.135312069243293,1.3445905759949726,11.883285460092377,1.0117781642528076,12.473594049592974,0.6547371163935745,12.891126435192158,0.27474586798237216,13.124492289187122,-0.1252834580076391,13.162433303326532,-0.5296971478068261,12.998514095879845,-0.9277535899577766,12.633896956010577,-1.3214499685168215,12.071426981030108,-1.7056875849580562,11.31395395174635,-2.066291926471803,10.369751648338593,-2.399795751970163,9.25227963560794,-2.7138480963360614,7.97302320685097,-2.9897452083600364,6.544605949644876,-3.191896884845294,4.995949900467553,-3.3175694111011933,3.3651014981437153,-3.3601417948450756,1.6934617513205532,-3.4148827893244342,3.7882700859742e-05
161,4,-0.9363819803819445,2.2894825620763886,-0.9421380212039719,2.2713834694183492,5.1003879582411695,4.950696864888799,7.030460856457244,9.159904907217678,5.5371587763373077e-05,0.0001363777187946464,0.17736670460510212,0.06751934076452432,0.14817621774196435,0.14156325752782156,0.41296002143585814,0.27122237265524307,0.7304194158262852,0.5615761380045412,0.9245800894310909,0.9798113539497716,1.042209590734586,1.4737391692680413,1.10761418914596,2.0135166512200766,1.1117531670201801,2.571032503755465,1.0593811114120344,3.1157060025323458,0.9738457244436981,3.6250341991386117,0.8562328568766694,4.08443286912637,0.6829215776740899,4.471634012181678,0.4754739748106092,4.761498490765693,0.27639170147814524,4.948817313641839,0.10109101499919104,5.041605752977017,-0.029798665965567493,5.057891971212688,-0.15979094389646667,5.011855486081673,-0.3237948897275903,4.891959740594666,-0.4956975401800922,4.6869194960971425,-0.6604826198830829,4.397471689394068,-0.8114008414488805,4.028737285783779,-0.9421380212039719,3.5894947816476064,-1.0520141169377313,3.0899963293162296,-1.1289025332985794,2.5428838403536296,-1.1492176820858302,1.9706417897905646,-1.1044583899771772,1.4045772426109067,-0.9928223827588274,0.8771272743111512,-0.7849336712406461,0.4277183523372141,-0.4460366050426867,0.11442700420334799,0.000554027290281839,-5.800613919313924e-05,0.48093839677479344,0.12057421421486274,0.9247033880363346,0.4745342313994922,1.3015012899557534,1.0338582930772815,1.6198648698926972,1.7663376230878731,1.8854899804716623,2.6450816413221205,2.0847183862610894,3.640702391167873,2.2107467155140093,4.7174902416293065,2.2713834694183492,5.840606620242421,2.2688444403231225,6.978384656314315,2.1997628439237653,8.0983088522487,2.0671765148102605,9.167540228003245,1.8780162935254328,10.156079416958812,1.6362718541019483,11.036805974631692,1.345054206594216,11.784045239188385,1.0159210081243188,12.375517721619453,0.6622127892457785,12.79597048576933,0.28517329345865866,13.0338282285284,-0.11232484715301444,13.077635182850491,-0.5147266396757243,12.920721684212774,-0.911332749537688,12.563975184307695,-1.304105986373915,12.009967877630155,-1.6879479387330227,11.261288445406183,-2.0487087727170685,10.325939725738472,-2.382883691101574,9.217111190125419,-2.698045982843883,7.946050848499454,-2.975501030928858,6.525165135865445,-3.1796705864026173,4.983143823149431,-3.3077072349830874,3.3578300923421334,-3.352877755060309,1.6904765852372305,-3.4102067202196005,3.7830827628088426e-05
162,4,-0.9405132817291667,2.291472731361111,-0.9528013913957197,2.298663766413308,5.145696407273187,4.949865238674055,7.0614791299998725,9.167867300860363,5.572523964880598e-05,0.0001361966903911426,0.1775986650389538,0.06753214486202237,0.14880196565691717,0.1417910240911395,0.4148472597293349,0.2720147077156977,0.734706752919211,0.5638888490716889,0.9313993064157314,0.9849068944637702,1.0513452435905837,1.4828348719301927,1.1186810062900874,2.0276845470621065,1.1240968170901793,2.5910850194375845,1.0722268873228933,3.1420866324526977,0.9865441919225755,3.6578249834572825,0.8681448244159443,4.123407686059791,0.6931867147102838,4.5161900549161516,0.4834565481758322,4.810630213926225,0.2819614339318262,5.0013373798281044,0.10437564165201706,5.096325844339816,-0.028360807523106726,5.11377624536157,-0.160187220264549,5.0680148362949415,-0.32639387587128876,4.947380933848955,-0.500566927302945,4.740470517975546,-0.6675076996275024,4.448042911327847,-0.8203822599466926,4.075296351614965,-0.9528013913957197,3.631131044901268,-1.0640797152283543,3.1259377282084295,-1.141954008479883,2.5725227885600215,-1.1625685304643947,1.9936475287653002,-1.117328976546198,1.42099604521043,-1.0044178891734235,0.8873925124015993,-0.7941184310888987,0.43272997723337164,-0.45126594061266945,0.11576955542058738,0.0005605356977765312,-5.868781775091651e-05,0.486607210050296,0.12199393441847614,0.9356411125366338,0.48013401983590737,1.3169534737640591,1.0460869942451143,1.6391665198435357,1.78727925899307,1.9080289233288716,2.676511743157612,2.109702550747574,3.684050264110154,2.2372848893758426,4.773754634714342,2.298663766413308,5.910357991540396,2.29607295455395,7.061797482906203,2.2261021295075594,8.195148508086898,2.0918283221611937,9.277158991034762,1.9002734933983685,10.27745328289874,1.6554866361611178,11.168574118498523,1.3606297692547709,11.92453368945874,1.0274135498096184,12.522787194137853,0.6693513930380244,12.947907531962839,0.2877135980796894,13.1881954163537,-0.11458227945803826,13.232078133263915,-0.5217880270288653,13.072830849398262,-0.9230721160673694,12.711378939209315,-1.320416295167525,12.150354811344148,-1.7086587858099784,11.392409497887197,-2.073483013389756,10.445672875136843,-2.411344554820504,9.323521961608753,-2.7299059676313253,8.037369037360945,-3.0102599681048434,6.599797226859347,-3.216430463022335,5.039857138712693,-3.345555116666988,3.3958504577420827,-3.3908454726026918,1.7095172710776505,-3.448411606374803,3.825465011389478e-05
163,4,-0.9639667193680554,2.2611489593819445,-0.9435738870189454,2.313021574409459,5.115942736595009,4.957102060047192,7.23757016840528,9.046546058952584,5.3632888831452284e-05,0.00013219234467924193,0.17198166502290235,0.06545319530257712,0.14392995476088236,0.1373063068380704,0.40154638231188877,0.26332159857213605,0.7117774892875114,0.5459566733681082,0.9039129747455578,0.9541742963518889,1.023027752048103,1.4380277756000477,1.0923379169628111,1.9690973721363816,1.1023986456720283,2.520384535939538,1.0571050745530457,3.0621268876523207,0.9787030228059039,3.572115228263198,0.8677314155618986,4.0356269898152455,0.7002662255020874,4.4300857698101215,0.49707778564128885,4.729769938938292,0.30022204742226083,4.928530042470862,0.12529411264398552,5.033397780776975,-0.006651425529805696,5.061569009419117,-0.138734925588905,5.026626468641375,-0.3059282244327193,4.916507428687555,-0.4819886013105013,4.719395020319114,-0.6515956777536451,4.435617590900972,-0.8076750742333049,4.070042942411735,-0.9435738870189454,3.6313672067225538,-1.0583570952626167,3.129907806142653,-1.139526168061279,2.5785161410386737,-1.1629430346345244,2.0001277946891345,-1.1197758865750957,1.4267373228579303,-1.008063245050755,0.8915709034570463,-0.7978629657477261,0.43500851612047897,-0.45375313435999637,0.11643199396544705,0.0005639107415474727,-5.904519235003889e-05,0.4897718729297701,0.12277195262911414,0.9419876772095845,0.4833002636618009,1.3260960126706767,1.0531451809555001,1.65062439099867,1.7995078587250475,1.9212669781187155,2.6949394324297824,2.124037634311606,3.7094024499464955,2.2519694401626436,4.806391848965468,2.313021574409459,5.950282298062992,2.3094833138966546,7.108689233484746,2.2379790827981934,8.248385069860069,2.101679526558211,9.335845444099542,1.9077339732892034,10.340480366178433,1.6603012951280176,11.234678614734495,1.3626481510247754,11.992349997357927,1.0266370140381147,12.590910272452245,0.6659272321034893,13.014972523965959,0.28184994304855465,13.252928959554886,-0.12261528624165749,13.293324079541712,-0.5316103456403182,13.129595100402806,-0.9342464636274932,12.76287598644814,-1.3325224113896583,12.196014511535235,-1.721270910982413,11.431871249751408,-2.0861546164810174,10.478795285026509,-2.4236677103618947,9.350380399215613,-2.741547746209342,8.058223222905763,-3.020889655202877,6.615068844315389,-3.225716250776544,5.050137987216855,-3.3532685117601653,3.401873608971645,-3.396851395204449,1.712109193239598,-3.452783317332223,3.8303147096685095e-05
164,4,-0.9445591527152778,2.2453501588819447,-0.9563653362313277,2.3125328025656655,5.1062135524315915,4.945611363121693,7.09185598281642,8.98333723062377,5.4855685062461236e-05,0.00013353718749744685,0.17442266375430235,0.06627408621936429,0.14650570723762496,0.13929883905620147,0.4087537161686724,0.26756124365976724,0.7252777402080046,0.5554213688098882,0.9217840523208501,0.9715697805887425,1.04345721723912,1.465064761258375,1.1136693750115285,2.0066489281133535,1.1227447892655502,2.568435375621534,1.0747791355066787,3.119739999753455,0.992689826078876,3.6376735951076045,0.8773159902700424,4.107111460914076,0.7046481733672071,4.5050887419217345,0.49618428980925516,4.805622800356579,0.2948864131662825,5.002784429106975,0.11662232772257487,5.104096655252053,-0.017365047207849555,5.127375660809225,-0.15088975772498292,5.086708597795829,-0.31931277996180724,4.970189336077796,-0.4960682312366504,4.766184496854285,-0.6657607560325637,4.475321886326163,-0.8213796770021081,4.102758427172927,-0.9563653362313277,3.657442788202302,-1.0699205839581352,3.1498836960549372,-1.1496076459909166,2.5930702770730343,-1.1713144184873143,2.0100610162256745,-1.1263342631898055,1.4329372864530712,-1.0128367866035293,0.8949401584984258,-0.8008949563847728,0.43642782020555587,-0.4551246846005266,0.11675699756693883,0.0005652901977328676,-5.918452442286576e-05,0.49064182425118097,0.12301320016548588,0.9431737955522774,0.4840769632159583,1.3271717006237809,1.0545010917843816,1.6513526792144473,1.8013210770318957,1.921560421904945,2.697009273661048,2.123921004065595,3.711513256452887,2.2515680938534675,4.808366128810427,2.3125328025656655,5.952024866362473,2.3091385614620705,7.110213462110283,2.2380152248321257,8.249822522757245,2.1023111009003044,9.337441718341017,1.9091276003373288,10.34257725925218,1.6625578452589245,11.237685396634054,1.365790058403872,11.996707230423869,1.0306008071353976,12.597048349789384,0.6705678356831299,13.023269324178946,0.2869480451679194,13.263671069007321,-0.1173463163718944,13.306671077371059,-0.526502564626177,13.145550684725187,-0.9296546390934964,12.781271645866003,-1.3288187061539247,12.216499786596964,-1.718825091315363,11.453908738906781,-2.0852978425053683,10.501671159958278,-2.4246888211526887,9.373226740097483,-2.74471280784252,8.08003323916729,-3.026369641187668,6.63472079387534,-3.2334981903021074,5.066471154358064,-3.363224443955329,3.4137637968288894,-3.408724365453774,1.7185338504157448,-3.4666129035224196,3.8456564604062985e-05
165,4,-0.9110152297518248,2.2604476700547442,-0.9465391986419811,2.315613105348063,5.111635927844618,4.950409436483561,6.840004449673525,9.043740296787805,5.522575079595891e-05,0.00013646279195856257,0.17731371681574945,0.06752355684363516,0.1480347423339279,0.14151553010714918,0.4126403169725881,0.2710662596197941,0.7299644033237598,0.561215245555183,0.9243578568573597,0.979263582252311,1.0426356962121233,1.473225518541416,1.1090661054845639,2.013458294931766,1.11450468570205,2.5720167925069157,1.0635464835795412,3.1184179836231887,0.9794030444925761,3.6301801212159597,0.8630183530570744,4.092675728364701,0.6905362457642729,4.483498182246861,0.4834079328923225,4.777269384306736,0.28422680262187117,4.968546549617359,0.10850224706562633,5.065155886872974,-0.022943268791005594,5.085013636300047,-0.1538121282870364,5.042208186561645,-0.31928043522342014,4.924958790547833,-0.4930852386193829,4.7217144586648265,-0.6600671997597448,4.4330339950391915,-0.8133655620225148,4.063916892525715,-0.9465391986419811,3.6230835275290043,-1.0588271560296638,3.12077806132947,-1.1378982854279198,2.5696964873822603,-1.1598058232498347,1.9925272540542907,-1.1158232193956445,1.420938527111235,-1.00399957527988,0.8878061404322226,-0.7944583195055116,0.4331451007254032,-0.451805845904311,0.11593656274211274,0.0005615561155771353,-5.880049639035091e-05,0.48788681594044936,0.12228590929548241,0.9387652088408655,0.4815080378895371,1.3222824985020676,1.04956248386935,1.6469389496404312,1.794021971391538,1.918371233003064,2.687781411261349,2.122543644444953,3.7011233749834234,2.2523639042915384,4.797821273317361,2.315613105348063,5.942448989234073,2.314411364205353,7.102733463658042,2.245212818500861,8.24547470169718,2.111016606022973,9.337089532813637,1.9188237488196958,10.346848482548994,1.672671356968704,11.246933638829114,1.375728517737628,12.0109928930759,1.0398101750375381,12.61614237996473,0.6785794964945407,13.04668640017592,0.29336946601382,13.29071127922449,-0.11281860020855307,13.336458611866238,-0.5240323328725253,13.177091399806352,-0.9292784536420441,12.813523732284471,-1.3304987412385705,12.248422846006259,-1.7224361937522072,11.48450147730249,-2.0906094693000727,10.53002190739019,-2.4314203236498644,9.398555047145448,-2.7525855744641006,8.10169839173756,-3.0350349812735375,6.652234083988122,-3.2425165391844284,5.079545562605689,-3.372195296801071,3.4223245422663755,-3.417289525696036,1.7227003422636518,-3.47469920676642,3.854626921399899e-05
166,4,-0.8968277360659722,2.2888883443541665,-0.9268996091845051,2.3146502728461904,5.122126553845146,4.962494929883689,6.733483156975287,9.157527523821145,5.2820378370339494e-05,0.00013138602539110571,0.1704164985693483,0.0649397543305213,0.14217577496380898,0.13601576588834915,0.39653241130994865,0.260483388841608,0.7019648497016163,0.5394003910292159,0.8901414460025504,0.9416792948312034,1.0061677378040965,1.4178428367946323,1.073274391536181,1.9398873922530258,1.0823832555572508,2.4813465840395574,1.0374829903660507,3.013128793585491,0.9604985631007418,3.5136241082702955,0.8519156384740991,3.9685825306224625,0.6881362449364662,4.356001320803257,0.48943618958555235,4.650732429951247,0.29697653405791063,4.8467830131804,0.12594853624529506,4.951035906861826,-0.003020152691999488,4.98031245846978,-0.1323699790958751,4.947857644584092,-0.2965931236592598,4.841662747726529,-0.4699492527203328,4.649913763242329,-0.6373804712433457,4.372723634228558,-0.7919007339733747,4.014674003862498,-0.9268996091845051,3.5841367685321424,-1.0413816212713352,3.0911143137944195,-1.122910359856649,2.5481518133141643,-1.147493229573804,1.9778139919797009,-1.1062188176541365,1.4117010375207317,-0.9969678541063406,0.8827213727879475,-0.7899003101881259,0.4309558932101242,-0.44966007816058334,0.11541827901657818,0.000559275075237781,-5.856749047458887e-05,0.486273143850424,0.1218558011878621,0.9361932666769297,0.48000463451814,1.3193245609564062,1.0466564125839646,1.643990090122615,1.7896260372326378,1.9157025870354591,2.6819712842987227,2.1203595366444987,3.6940930567381995,2.2507816488104497,4.7898466822123105,2.3146502728461904,5.933839140864403,2.3140119920998363,7.09378664057509,2.245263095692239,8.23644647973828,2.1113539403886277,9.328165756972979,1.9192580954331813,10.338125783657336,1.673009090187196,11.238411833837183,1.3757927434562047,12.00257831118046,1.0394642694096372,12.607661900872053,0.6777470148397924,13.037913173209509,0.2920380825337135,13.281396233245559,-0.11459166761784868,13.326363476861824,-0.5261134985755023,13.16602562966235,-0.931469004068501,12.80138064775612,-1.3325500388035416,12.235207985920832,-1.7240577782869562,11.47035562481328,-2.0914889541799146,10.515237675488837,-2.431245259371009,9.383581764336524,-2.7510471453517558,8.087140848321722,-3.0318658051645513,6.6388444419768815,-3.237569963968278,5.068181362663775,-3.365447182219449,3.413886245258502,-3.4088640209096597,1.7180605518598415,-3.4645609369261448,3.843380102124291e-05
167,4,-0.9408918072916665,2.279901766118056,-0.9506520995417509,2.306091864261925,5.069658302900049,4.955213137389893,7.064321142347481,9.12157346003068,5.4334133519416374e-05,0.00013455396373491962,0.17477746407985104,0.06656169255165921,0.14601515771930199,0.13951338765057705,0.4072699484069712,0.2673428473765328,0.7213109551479938,0.5538829593860554,0.9150465732409563,0.9673430071386372,1.0344771030479851,1.4568792717446504,1.1032900811660113,1.9935825111853764,1.112053190534685,2.550053315397273,1.0648490569389535,3.0961630276914196,0.9842859241202915,3.6094881751701258,0.8709870104020799,4.075220323891576,0.70089676429266,4.47066101223387,0.49510843219119427,4.7699972955073,0.296097979880412,4.967213209418308,0.11956212936112774,5.069590609245102,-0.01336006294686689,5.094629723546213,-0.1461508829321194,5.056153680062538,-0.31395963553808354,4.942164739896281,-0.49033633874478383,4.740942153682408,-0.6598845811670194,4.45298992574804,-0.8155313432647099,4.083363602210592,-0.9506520995417509,3.640941119661945,-1.0643746651491044,3.1361971724905304,-1.1442516365211477,2.58211125097049,-1.1662299541782377,2.0017166388705654,-1.1216374651149146,1.4270432913023374,-1.0086834039121528,0.8912675405629684,-0.7976130009608566,0.4346329739950914,-0.45324930160759563,0.11627533157851365,0.0005629565048396605,-5.894030583051442e-05,0.48863650582841756,0.12250827571950873,0.9394064214325599,0.48211324533934896,1.322057696320216,1.0502992968724747,1.6452880276330308,1.7943092678202088,1.914910748748508,2.686803413169671,2.117059561169012,3.6979144508407376,2.2448135843807995,4.791352326233675,2.306091864261925,5.9317057840653575,2.3031256872755828,7.086777710423107,2.232470118125243,8.22349721064907,2.097200621059543,9.308455193704908,1.9043688661132325,10.311127439053093,1.6580544144759588,11.203923892829378,1.361462328881789,11.960740603097156,1.0264073767561355,12.55895209720453,0.6665268739228193,12.983112170197861,0.2831572622649844,13.221550113809775,-0.12070563599716505,13.26275345693462,-0.5291811830607576,13.10011204654967,-0.9313492154929989,12.734725921078535,-1.3291717488162447,12.169426284325288,-1.7174488447271739,11.407074917154286,-2.0818216441997865,10.456035745343096,-2.418767895516189,9.32992630262232,-2.736005118790565,8.0403763259607,-3.0146429284176066,6.600168098540083,-3.2187797015892725,5.0385351376403555,-3.345725271566594,3.3938962286220598,-3.388877156158247,1.7080177558104366,-3.4443946184038263,3.821008777291662e-05
168,4,-0.9626671529469026,2.2503223061061948,-0.9282124192147372,2.2873323852976566,5.090397546012612,4.956956471072113,7.227812878062556,9.003230107954757,5.549451623081198e-05,0.00014080615136801222,0.18132318954493873,0.06931472363467725,0.14986505784741092,0.14456590029963148,0.4171724202766389,0.27564760545893063,0.7343990578376929,0.5682554797166205,0.9245613427707545,0.9875767509707706,1.0369777176078399,1.4802076734744594,1.0972287094273965,2.0160621680830264,1.0970039779113985,2.5672477766023003,1.0416053028483268,3.10372777925124,0.9545377641850693,3.6037239933434075,0.8368652851874308,4.053390334640526,0.6650863645604832,4.4312241065246365,0.46050226669320854,4.7128458134287285,0.2649622995219394,4.893546111223833,0.09339744906223629,4.981558395904396,-0.03407810357801711,4.9948667246901435,-0.16069381426543866,4.947522640392877,-0.32105380013289625,4.828081814543453,-0.48943856000145053,4.625304679649273,-0.6510973356471929,4.339787047986081,-0.7994239285560355,3.976418601214053,-0.9282124192147372,3.543679025157877,-1.0367965677405218,3.051494590621919,-1.1131693444927424,2.5121570869467007,-1.133953295465317,1.9477074976425752,-1.0906328050161744,1.3889522891791348,-0.9812725301598395,0.8678808775606675,-0.7765794201906314,0.4234897453505295,-0.4417766956949081,0.11338018351246092,0.0005493179544785055,-5.752380197599863e-05,0.4776241008866352,0.11968402864057363,0.9198336773404279,0.47151669296266624,1.2969942395511636,1.0284205446923997,1.6173895218878427,1.7590909429674797,1.88644035704946,2.6374009714923266,2.090183896762699,3.6345887232848986,2.221369318020062,4.715382115236472,2.2873323852976566,5.845143442070117,2.289854754105415,6.992181397365362,2.22514032427271,8.123739872791234,2.095865433347192,9.206537782895788,1.9087137087618884,10.209981791624877,1.6675051966527195,11.106255215188414,1.3752563961156121,11.868918694630253,1.043606469005236,12.474920620385706,0.6861023550332154,12.9083170365086,0.3041159083905542,13.156928620140208,-0.09930721472080031,13.208759834741372,-0.5082392456920309,13.056739120565856,-0.9116475049647335,12.701543394978184,-1.3113453603790544,12.145649413771034,-1.7020036133128678,11.39163443137081,-2.06913122475057,10.44764173117983,-2.4090639592070167,9.327137809055968,-2.72940164253762,8.0416673183693,-3.0111385091161593,6.60398294205046,-3.2182232991180557,5.043356150473136,-3.3478516313446067,3.398311363371423,-3.393326186497976,1.7107746190920483,-3.450934575509736,3.828263843968609e-05
169,4,-0.9531867347291667,2.3077553543611113,-0.9557960849372669,2.3227359072462503,5.108252677352416,4.940946726419242,7.15663283553819,9.233011836481904,5.500976018813633e-05,0.00013620888509108318,0.1769067579763941,0.0673774456616274,0.14773539841443395,0.1412044977639447,0.41194989594295006,0.2705200342391192,0.7291767441821527,0.560268290180959,0.9242693442841382,0.9780659251694376,1.0439073380483075,1.4722998923321848,1.1121842186027924,2.0136136686299038,1.1197314505047935,2.574253618801006,1.0708325483231393,3.123791628880708,0.9884200056192252,3.6396478212117738,0.8732034662868229,4.106973351398825,0.701021073640452,4.503005191336592,0.4932100404126034,4.8018855407051335,0.29257625647413216,4.997728056470956,0.11489422683097866,5.098035276105916,-0.01862747486435796,5.120571484387308,-0.1517914990674245,5.0793672826207725,-0.31993507509860597,4.9624697864351015,-0.49645508130337446,4.758213455847237,-0.6659031899544055,4.467216982048961,-0.8212160408093115,4.094655324924622,-0.9557960849372669,3.6495181984297806,-1.0688266067717525,3.1423698962013438,-1.147891450488947,2.5862564178703855,-1.1689770162038366,2.004263467237855,-1.1235136496746707,1.4284377261447108,-1.0098136423064554,0.8919170162630661,-0.7981778679802572,0.43486701625594554,-0.4534576677682901,0.11632465958568299,0.0005631810881015127,-5.8964263680274914e-05,0.4889169061912765,0.12256940451855569,0.9403175723648033,0.48245259861777556,1.3241529242180445,1.0513642995025498,1.6492346481267284,1.7968554459149195,1.9214053893922087,2.6919320643790945,2.126679109683999,3.7070521500662,2.2578992799749518,4.80615730958434,2.3227359072462503,5.953944821209167,2.323126943717922,7.118193654017821,2.255278334837178,8.265645431842932,2.1219666550318013,9.362537269898958,1.930033742435933,10.37786497817351,1.683396353394994,11.283466990048929,1.3851594588505372,12.052598605377703,1.04722260384007,12.661985221717922,0.6834294937220475,13.095614568182912,0.29523047119919926,13.34133273575093,-0.11420859821768782,13.387202999625925,-0.5286247859273521,13.226331347415062,-0.9367663301079041,12.85972790103707,-1.340453460419016,12.290245838336013,-1.734259471778283,11.520850321939946,-2.1035015859409936,10.560155919008984,-2.4445267109892828,9.422154986747806,-2.765097932038338,8.118859651370347,-3.046069981864156,6.663469184667214,-3.2512016880414443,5.085819745480107,-3.377960957073441,3.424968581129516,-3.4199128062908764,1.723247746831456,-3.474274969672801,3.85415626061447e-05
170,4,-0.9609543598263889,2.3393483344583332,-0.9347930044696523,2.2604794818303864,5.1437621154515965,4.947833074097265,7.21495303534744,9.359411005542936,5.5693822239302886e-05,0.00014059599211894785,0.18136523386306574,0.06927957447883212,0.15019614110954785,0.1446289662371751,0.41820599311872325,0.27601424295466565,0.7369141938098166,0.5694888492716128,0.9287487454367588,0.9904871331340692,1.0427130456646239,1.485607315606289,1.1042005470914553,2.024656501814767,1.1046661023040323,2.5795275066399084,1.0492918020191642,3.119871901458015,0.9616528608177144,3.623591232578633,0.8428422452735237,4.076556278539672,0.6692842225586858,4.456959120322269,0.46252086139999166,4.740141694324822,0.26480097662014873,4.92130161873621,0.09127432785252723,5.008728197136138,-0.037751009731498135,5.020571294242474,-0.1656900692475434,4.9710561187446,-0.3272288395809496,4.848812002302104,-0.4964305355095038,4.642724653921145,-0.6584390532204043,4.353603417335338,-0.8066229276563214,3.986579161840984,-0.9347930044696523,3.5503759725392343,-1.042342518548076,3.0551439029287444,-1.1173364776162247,2.513365823840865,-1.1365300528499247,1.947225423748183,-1.0916116553347752,1.3875854720675562,-0.980864496414168,0.8663851858574909,-0.7752913418564306,0.422447462665131,-0.44053105238813706,0.11301804742070298,0.0005472480388793257,-5.729836796535752e-05,0.4752418380293632,0.11912951955490618,0.9142762137045782,0.4690021195980394,1.2878121658986583,1.0222349128049837,1.6043143313475206,1.7473495941329669,1.8693734493647252,2.6181226465054106,2.069331623695869,3.605815101292449,2.1972109726809816,4.675332462275014,2.2604794818303864,5.792313184881758,2.2610580583288624,6.9254037013670775,2.19531595164723,8.042266237605315,2.0660074074963273,9.110101840808163,1.8798185353521126,10.098816157390392,1.6405706335991552,10.98109035736802,1.3512682321162197,11.730983603909385,1.0234187731981954,12.325910397277408,0.6703893205226628,12.750305492163463,0.29350279036256927,12.992309723353072,-0.104266439324182,13.040228799742968,-0.507230291267464,12.887213020034604,-0.9045458514983115,12.534040741523498,-1.2980513028937597,11.98324233125072,-1.6825308241965549,11.237424514061267,-2.0437306656424385,10.304664641561953,-2.3780806079403543,9.198269510345563,-2.693113936069215,7.9296295406026305,-2.9701188708607673,6.511309628246378,-3.173584176810907,4.972147238461626,-3.300784380255337,3.3500835879387556,-3.3451474124248683,1.6863957967398704,-3.401602263066499,3.7735374748269644e-05
171,4,-0.96806947925,2.369542259298611,-1.0139921924997157,2.356389290989061,5.087916695636402,4.962163250763024,7.268374149427735,9.480212746903128,5.761688036741697e-05,0.00013807829353902268,0.18136252053335286,0.06874700123320729,0.1533031908707118,0.1449402288234693,0.42807967119301304,0.27919949315205733,0.7617748258417278,0.5811194695217258,0.97136769403033,1.0189645682957098,1.1027784175455524,1.5397999039477235,1.1796867640015345,2.112867479981454,1.1912803598858017,2.7084850584887135,1.1414228895764795,3.2937489306471455,1.0541606754803572,3.843826836711725,0.9304676626913516,4.342079929400361,0.7451319675820735,4.763647247652611,0.5212880721896692,5.080611837991696,0.30495156124567235,5.286522888738138,0.11337938471364559,5.389425526820504,-0.030672095931772544,5.408447379721971,-0.1734091258300007,5.358864749488596,-0.35193108475161516,5.228567120858083,-0.5379195105018715,5.0058779047504345,-0.7150471826412859,4.692149971700501,-0.8759793003199831,4.293519395879928,-1.0139921924997157,3.8200557071098387,-1.1284979183792783,3.283360520828201,-1.2068362280114648,2.697486421480789,-1.2243992623984667,2.086781480596614,-1.1728185406657747,1.4846802858713715,-1.0508766211645424,0.9254763178386709,-0.828305199455862,0.45049423738247474,-0.4693860284099892,0.12031515772208046,0.0005817970420728992,-6.0894217539168465e-05,0.5038055959208674,0.12639432609927556,0.9668479245773439,0.49679157721164796,1.3585536212273472,1.0810832434434738,1.6884020987846053,1.8450797875622624,1.9627414521652602,2.76038924873773,2.1675872522014896,3.7961776042689626,2.296042452601197,4.9151305856742455,2.356389290989061,6.08092758837896,2.351011640093281,7.260607914544913,2.2764423561594054,8.420353247490825,2.135897286805374,9.526030092040562,1.9366654633194502,10.546493318042543,1.6829892627229883,11.453635379014653,1.3782247112537622,12.220904640248435,1.0345546143998687,12.825351726705524,0.6660153619788654,13.251418655192895,0.27404206027469974,13.487446991056268,-0.1382270462640847,13.521975488467334,-0.5544969665099053,13.34859061791571,-0.9635867183478896,12.968779874654695,-1.3674919379187642,12.385805902134933,-1.760905790436576,11.602965227834122,-2.129222983433478,10.62915890133144,-2.4689277211778795,9.478614695899857,-2.7879469724670303,8.163499265894071,-3.06715954360648,6.697113770098477,-3.2702810475571655,5.109413007286075,-3.3948518408349333,3.439561934105606,-3.434460018025606,1.7299804424407659,-3.486689236290226,3.8679278899963434e-05
172,4,-1.0262111512569445,2.3996494743472225,-0.9895316629399333,2.312893818747557,5.126020487166373,4.958878729250227,7.704908339253843,9.600667574310208,5.808771845750202e-05,0.00014296123411402384,0.18599448499564178,0.07079184506284796,0.1554768196489761,0.14846148849758165,0.43335943862997806,0.28451710739843755,0.7667409933290268,0.5892628930703989,0.970893314230827,1.0283763270318618,1.0946895745559764,1.5471180529185051,1.163470991087284,2.114106534557999,1.1675920036690004,2.699696713169407,1.111931150409621,3.271581765795268,1.0209760798235512,3.805900320088186,0.8959060211897382,4.287110550005763,0.7120200540785921,4.6916353106844735,0.49218741314835274,4.992964422225701,0.28130030703093245,5.185644886474735,0.0957452980939617,5.278227151308301,-0.04274074223503908,5.289845751671279,-0.17971793296355376,5.2356299839082245,-0.35154074754677517,5.103825572317472,-0.5306648249470869,4.883056841994949,-0.7013039816168093,4.5745996192073966,-0.8564202910257319,4.184329481003024,-0.9895316629399333,3.7219100594683976,-1.1000926279750294,3.19847368204774,-1.1757653365621825,2.627535319620739,-1.1925486737745594,2.0326477210603504,-1.1422312268385024,1.4462373788603324,-1.02354687662447,0.9016029273268501,-0.8069094735115588,0.43893681909262006,-0.4573805815998389,0.11725040974745107,0.0005670780688088331,-5.935681104698701e-05,0.49129848494829453,0.12323768448362708,0.9433611246230648,0.48454505973235473,1.3264430347284561,1.0548393795674322,1.6498116541667895,1.8010789822587263,1.9196529065365777,2.6958819008491886,2.1222417489168977,3.7094637901886505,2.2506887147722225,4.805655318814955,2.312893818747557,5.949169880238741,2.310967665206943,7.107902049772133,2.241263061991634,8.248788287914088,2.106667203515175,9.338325984947659,1.9140856256493437,10.345814445090939,1.6674712448047804,11.243419611127965,1.3699431609658363,12.00473762288861,1.033356711618763,12.606828801487604,0.6714700103796621,13.033980017372187,0.28568311314974953,13.274301163991648,-0.12089948360799373,13.31609573073599,-0.5321531664090634,13.152659817234387,-0.936952743953761,12.785121560501032,-1.3371713651751858,12.216409279420184,-1.727469834342559,11.449533028291972,-2.093309123651754,10.493091086719538,-2.4311107744372364,9.360999526978521,-2.74862881698218,8.065183468196253,-3.026876389369346,6.61872937019608,-3.2298894857908222,5.051233540397189,-3.355184770225664,3.4014342503167234,-3.3963911395520943,1.7113092508291539,-3.4500553506093605,3.827288436921839e-05
173,4,-1.0706481391527778,2.3478431304375,-1.0122041561330815,2.3076426217254853,5.150223215549071,4.95792716513313,8.038546224781168,9.393397516147678,6.030941362084405e-05,0.0001489732447651476,0.19354366798612962,0.07371141613392641,0.16146372265693107,0.154449273290164,0.4498319963102609,0.29571115668981174,0.7948595028616587,0.6118350771972433,1.0047294450395563,1.066648947806773,1.130547220735297,1.6029249758528468,1.1988522841030003,2.187827817706422,1.1999320919982497,2.7904528375184547,1.1391698006810853,3.3772950136248467,1.0421668659567862,3.923743120004199,0.9103862548743311,4.41391075369605,0.7186970373970366,4.823764598653257,0.4909827259455789,5.126425825178639,0.2735053085450907,5.316794818458173,0.08299726508442991,5.404160939008714,-0.058494489196056626,5.408586941212748,-0.19777415746069896,5.345921888652343,-0.3719273334346563,5.204495977273286,-0.5527893455124911,4.973065785923986,-0.724361721932941,4.653280331597614,-0.8796351577250472,4.2514101406890985,-1.0122041561330815,3.777493466525348,-1.1216981282226328,3.2429680151347524,-1.1957881268785062,2.6615982635357467,-1.2103729955056772,2.0572236220687454,-1.1573576927408662,1.4625596299748842,-1.035630965631899,0.9111074267226036,-0.8154489061740603,0.4432584635606178,-0.46173360457416623,0.11832668725947931,0.0005719880906279051,-5.986249688093689e-05,0.49498344659366456,0.12420448990782632,0.9494025091927331,0.48800597253895184,1.3333504330767332,1.0615970610755123,1.6562645402157397,1.8112276681156758,1.9244810634769185,2.7088977929126425,2.1243906831044757,3.7242638219016,2.2493623205901843,4.820686960299638,2.3076426217254853,5.962568813236822,2.3016778313344943,7.1176633538542395,2.228171229232591,8.252936870496157,2.0903487450784866,9.335091795545681,1.8953859944766036,10.333785847404167,1.6474395557160957,11.221660939427881,1.3497643727364212,11.972875670794972,1.0142100634768672,12.565088742943944,0.6544080227548844,12.983146437422219,0.2716555939979829,13.215657660623355,-0.1310946001540536,13.251368788597402,-0.5380278362548684,13.083902401565899,-0.9383121996687908,12.714551359497761,-1.3339854888215423,12.146297938444123,-1.7199275841982598,11.38211777020795,-2.0818831370145587,10.430442247100427,-2.4164127646626015,9.304907192036474,-2.7312740801519557,8.017131571860576,-3.007682013653941,6.5798563900794775,-3.2099045526722194,5.022197459607994,-3.3353154049040383,3.382397491726852,-3.3773711660408687,1.702012388920319,-3.4318977805660826,3.8071455116207506e-05
174,4,-1.1285174143216783,2.3855735254965036,-1.0512021157938523,2.3431298538719365,5.175955852055897,4.946463746146448,8.47303522861757,9.544351638523167,6.0304451362726855e-05,0.00014409934977726763,0.18944315554913438,0.07178401573678082,0.16023993936208525,0.15140424581874154,0.447399761631618,0.2917271201787777,0.7961131099293354,0.6072684053528629,1.0148211125763242,1.0647859871730758,1.1512761881520701,1.6087386300834208,1.2301135428084053,2.206676175546607,1.2400420012093178,2.8272455164029378,1.1852347010701367,3.4357645225435545,1.0910083511005784,4.006070064527505,0.9586436596609555,4.520667892395687,0.7622686790711621,4.953655453441108,0.5264437366881837,5.276174063315315,0.29932106098573125,5.481900136666174,0.09892460427249888,5.579675850582552,-0.051249071155769356,5.5898428172348975,-0.1990853851460334,5.528701378244592,-0.38269140171668975,5.384273267322609,-0.5726654012024752,5.145144804918893,-0.7522159502293475,4.813371968239262,-0.9139487830889179,4.3958883224326994,-1.0512021157938523,3.9035700699103235,-1.1636528507037465,3.3487337479071217,-1.238708830303081,2.7460496146225117,-1.2517621255859275,2.1204898168507023,-1.19485474121002,1.5060174031076077,-1.067270152113555,0.9371981968167091,-0.8388771615365238,0.4554681556825297,-0.4742058952116534,0.12145802807238021,0.0005866466984899969,-6.138369294071789e-05,0.5068183839485808,0.12723549349164412,0.9707524425546811,0.4994475783540377,1.3615352575357191,1.0855252102156197,1.689177533691781,1.850504553608839,1.9604429263926095,2.7654624813249873,2.161685272558073,3.7992152174421063,2.2863769628024784,4.91427546435935,2.3431298538719365,6.074328413754772,2.334590024862076,7.246565380929345,2.257524886713568,8.397443845082256,2.115328594009557,9.493211334255594,1.9153916622877327,10.503173153919446,1.6620106946489266,11.399709705379422,1.3585537518796142,12.156775272264289,1.0171129850515812,12.751909249126484,0.6515642689732595,13.169973976821744,0.2632371992663795,13.399662814338258,-0.1448574552103316,13.42981488428858,-0.5566697964581695,13.254223015350805,-0.9612347463115677,12.874456706517925,-1.3606461397284524,12.293785536453825,-1.7497411910341596,11.51545922333905,-2.114122952324969,10.548238467702145,-2.4503684761905915,9.406128350027853,-2.7663793057121353,8.101064375012,-3.0432152907003323,6.646091080152766,-3.2448735616413753,5.07076669012622,-3.3688563851246296,3.413803596890731,-3.4087180201543874,1.7171796750943795,-3.4612409209785753,3.839697035430217e-05
175,4,-1.1340522550972223,2.369858084451389,-1.0666271903180464,2.3477228689468257,5.136054806664954,4.950932760387841,8.514591433493825,9.4814763199107,6.051366354135041e-05,0.0001420382473810112,0.18790031121280604,0.07101332698953407,0.15999284085939797,0.15027481117333447,0.4470544704436246,0.29042173690070516,0.7978070492628402,0.6061895160345684,1.0203633540056054,1.06547667183183,1.1610774154990167,1.613265746488767,1.2438614958262797,2.2171160096870155,1.256837750420395,2.8453697934137656,1.203785955908566,3.462781976584111,1.1100202435156141,4.042529738668658,0.976816690038177,4.56648335390194,0.7780490816831591,5.008024977722892,0.5386136252883755,5.337563318884411,0.30744899104367396,5.548371638647563,0.10307603948986634,5.649200639156529,-0.05047191051236664,5.660574958675434,-0.20154412217569923,5.599025329936051,-0.3886463471154712,5.452496325335231,-0.5818920744458916,5.209553959821032,-0.7641926194580718,4.87245586853184,-0.9280187124771495,4.448430403701338,-1.0666271903180464,3.948708085080301,-1.1797289687814674,3.3859672509621186,-1.254661276056364,2.775239955007059,-1.2666816168790027,2.141924272770361,-1.2079427217144982,1.5204220559264847,-1.0779312772949972,0.94564195154471,-0.8464731091530016,0.45931797987156325,-0.47808534696856325,0.12241794743884826,0.0005910349021163481,-6.183614898506983e-05,0.5101687301000565,0.128108426330975,0.9764656267446561,0.5026311385925424,1.368597534188058,1.0919407132573422,1.696808147914922,1.8606208350587852,1.9680363546681203,2.779408568043371,2.1686879676137982,3.8168322709629963,2.2923288509402666,4.935147128556654,2.3477228689468257,6.097846412878046,2.3376216577851605,7.271996497565225,2.2588669637219243,8.4239719325213,2.114946821174229,9.519978816580362,1.9133462650518918,10.529329662277377,1.6584332774692414,11.424453804273794,1.3536354816658644,12.179386130121822,1.0111128845694461,12.771778351585935,0.6447904464225153,13.186636373549403,0.2560075195172624,13.412811040972034,-0.15221741999295393,13.439301815983356,-0.5638245118869926,13.260067400137782,-0.9678663462644423,12.876842005263427,-1.3664721239921103,12.293045355361215,-1.754512315698138,11.512060154841004,-2.117633982575664,10.542761448805868,-2.4524684656077773,9.3992433166175,-2.766962194883765,8.09350510309832,-3.0422364063923273,6.638630981559149,-3.242389946364006,5.064176451569678,-3.365004125600355,3.408804826994026,-3.403708791618621,1.7144044133183496,-3.4551641760659937,3.8329558407502535e-05
176,4,-1.1312776257638888,2.4188037879027777,-1.0689324585477615,2.3549620011440062,5.141273291779946,4.960182763180915,8.493759205484459,9.67730134896224,6.176803908376541e-05,0.00014712934277790892,0.19359015114797315,0.07333245453570271,0.163812690897366,0.1547181584172889,0.4572603260111001,0.2981471705275562,0.813419180697004,0.6205965929834085,1.0363266188861393,1.087939266944249,1.174788188382145,1.6432143793230773,1.2540706918516307,2.2530854916940535,1.2628033976409878,2.8854020805353664,1.2054409312566698,3.5047056123206204,1.1079732201565506,4.0843220795463475,0.9718291521682796,4.60648871713301,0.7707876704162674,5.0449377578468555,0.5299825960320201,5.370459241485103,0.29844173198808915,5.576821458129359,0.09444693737470904,5.673214082771267,-0.058207380274508135,5.680483279945404,-0.20823962161415865,5.615325828678141,-0.39431518539675015,5.465706044560981,-0.5865493221527327,5.2201837117883825,-0.7679142947040455,4.880995584434033,-0.9309434496142271,4.455315234102525,-1.0689324585477615,3.9542933992407874,-1.181611483028464,3.3905138234648495,-1.2563021231846334,2.7789123353454337,-1.2682089965250765,2.144808596276094,-1.2094221306594466,1.5225561505411924,-1.0793578239831287,0.9470473387234843,-0.8477184208731692,0.4600466357899398,-0.47886885948280544,0.12262549655908055,0.0005920883422399536,-6.194775688095061e-05,0.5111692053203887,0.12835309085954918,0.9785250384374785,0.5036410218276877,1.3716826833789728,1.0942386689920918,1.7008793935702182,1.8647093004606075,1.9730492385648373,2.785770663152214,2.1745550604705306,3.825918911735737,2.29893622316274,4.947357088217069,2.3549620011440062,6.11352247194136,2.345375344286025,7.29142616595171,2.2669931486284858,8.447377917851366,2.1232876336408273,9.547508332036601,1.921732013721557,10.561048252370734,1.6666716326488522,11.460337069104115,1.3615056088482878,12.219306130831807,1.0183854813651216,12.815493428302922,0.6512373836262673,13.233791188860167,0.2613739118837052,13.462930543075913,-0.14820696931805225,13.491776778303445,-0.5614189546792487,13.314155863772601,-0.967288232711546,12.931685740437052,-1.3679527391065576,12.347673168179966,-1.758262041451302,11.565387850535423,-2.123793217736267,10.593616326733962,-2.4611363472552314,9.446395716253553,-2.7782449282595985,8.135673613378371,-3.0561186692564237,6.674501991362672,-3.258612601887693,5.092507691686479,-3.3832046656290777,3.428511657532485,-3.4233952239814447,1.7246243539392512,-3.476357078858281,3.8564660145407535e-05
177,4,-1.1346364973541665,2.414769922701389,-1.1063736296341535,2.369214063021664,5.118184034028721,4.954918954285948,8.518977989839621,9.661162408982827,6.107106190600856e-05,0.00014104420201181862,0.18772052945782575,0.07076086405041197,0.1609996814272196,0.1502560887168444,0.450448342727004,0.29136752000947047,0.8069290323038839,0.6101523267353954,1.0368549008427324,1.0758088492995406,1.1853830589511163,1.6337924199306568,1.2756696890727837,2.2517045205950024,1.2948003501976626,2.89747830879508,1.2457993184396403,3.5349774468181367,1.1539107634399317,4.136290519866868,1.0201297063355637,4.6821667041073125,0.8174100118679747,5.144526557670742,0.5710990222039471,5.492111701560069,0.33167663033007705,5.717136925799017,0.11865143354678778,5.827901925195902,-0.04268418569371686,5.845080597819826,-0.2017815696152869,5.785473072077091,-0.3981603052711025,5.6365380960920985,-0.6006980002587365,5.386491455759519,-0.7914462039203353,5.037833660285107,-0.9623805879651771,4.598337686014979,-1.1063736296341535,4.080014111030771,-1.2230640889366773,3.496425060069093,-1.2994177136432432,2.8635697916328686,-1.3100925358278126,2.208092083280012,-1.2473485202696122,1.5657867997161043,-1.111104854606987,0.9727692348134478,-0.8708705660479737,0.4719324879745954,-0.49092264741217145,0.12562397674040388,0.0006059045741731261,-6.337484834508496e-05,0.5218520724816766,0.1311272040083285,0.9968691196065792,0.5138129506349213,1.3944344634159458,1.1148088439857922,1.7254590720709702,1.8972045668827295,1.997422329193681,2.830584069719158,2.196876715202141,3.882478382236373,2.317706604453424,5.014240790913665,2.369214063021664,6.188692458962033,2.3545220909217517,7.3724647198974615,2.2707222567830074,8.531642118430083,2.1216071604650955,9.63227746425209,1.9149532610513293,10.643684429416957,1.6553222683770745,11.538415708374432,1.3462793911763633,12.290708389480255,1.000149758786324,12.878490792976658,0.6309653402966054,13.287120757630486,0.24002799226588065,13.505816194463362,-0.169683109346608,13.523917591313447,-0.5820960468262946,13.335720775384814,-0.9863225075496275,12.943290317940129,-1.384625108574053,12.350323478724173,-1.7719641388571123,11.560421598863856,-2.134045722760253,10.582644573186752,-2.4676050277741806,9.431232384464531,-2.7807083337057916,8.118270197172361,-3.054501451148936,6.656888703656801,-3.2530783424788297,5.076693372113155,-3.374097797294289,3.4163762067480343,-3.4112353171227645,1.7178254247470903,-3.4613563888963,3.8398251009428284e-05
178,4,-1.116380992048611,2.372359683111111,-1.0452489871246406,2.3168158622457025,5.101233237747112,4.9503576985547175,8.381913609966352,9.491484872156803,5.911847825369685e-05,0.00013985882050686872,0.18453200498268701,0.06981534171677445,0.15675095352056925,0.14755005312261452,0.4379401087790745,0.2848560248595779,0.7808864309805786,0.5940508055645802,0.997911637980479,1.0433985277124354,1.1349393324391097,1.5789773357951793,1.2156297379853214,2.169160999945914,1.228500115861481,2.7831841406216067,1.177280841893639,3.386816925898308,1.0866331988383515,3.9540499258294552,0.9576653081799434,4.467311816489727,0.7646751702413388,4.900660206384484,0.5317669645672793,5.22514682120544,0.3065863320810563,5.4340610645502965,0.10715777122039682,5.535753594466742,-0.04298307529330266,5.550075429210686,-0.1911063279667796,5.492994450537662,-0.37496672533302416,5.3524938994434255,-0.565311205054545,5.117141338837256,-0.7453355597328356,4.788929421664282,-0.907560683174784,4.374762274632366,-1.0452489871246406,3.8855249989964746,-1.1579965582119032,3.333584478435733,-1.2332244429961834,2.7336822945986454,-1.2464284480647432,2.1108281188507796,-1.1897221005832088,1.4989753312667666,-1.0624769669053815,0.9326473618311094,-0.8348433751124728,0.45315013324530823,-0.47173279857448147,0.12080563065295107,0.0005833469087991496,-6.103397823374804e-05,0.5036502008963231,0.12646437855038112,0.9640829827585697,0.49622435663397807,1.3512668074820944,1.0780698068881274,1.6752484826194651,1.8370023671834923,1.942857244794254,2.744077361303588,2.1406898857292824,3.7681687171810085,2.2624410540867315,4.871974162888689,2.3168158622457025,6.019439369818867,2.306586579277335,7.178064480957859,2.228692293806515,8.314695347771345,2.086617516482272,9.396036728761425,1.8877701295851403,10.391874846436124,1.636464646845563,11.275077871035675,1.3360698684228225,12.020096261818692,0.9985448879562064,12.604936322263507,0.6375744713106803,13.014836131244671,0.25442933327483996,13.238800901031615,-0.14796940059945657,13.26595622577691,-0.5538421212531198,13.090289370602378,-0.9524392526106619,12.713429037091572,-1.3458970244729875,12.13864579643281,-1.7291851254752115,11.369157142372567,-2.0881563702571637,10.413587658828295,-2.4194812856454364,9.285709763251234,-2.730992547864445,7.997232904992615,-3.0040261748200674,6.560945373892845,-3.2030570287099414,5.005923244486445,-3.3255969869811897,3.370281588092663,-3.3652419178964856,1.6953751618943194,-3.417502539825204,3.791176254377304e-05
179,4,-1.0854429627222222,2.29596513675,-1.0552139672376486,2.3359799741313103,5.074606021599827,4.9569104073047,8.149627418313687,9.185840797076724,5.925703355510209e-05,0.00013963449049320532,0.18451261540743538,0.06976246481320535,0.15703228239216085,0.14756782037039032,0.43888424732371306,0.2851433883927821,0.7833685477171698,0.5951662664519692,1.0023442294036093,1.0462342246644727,1.141432204372454,1.5845432896693805,1.2241003587512689,2.1784764478222183,1.2386063484716834,2.7971632109785225,1.1885006484051692,3.406150335540879,1.0984379708981755,3.9791610139536466,0.9694649899719174,4.498353263637408,0.7756566676789589,4.937433118409703,0.5412209222537497,5.267049469058944,0.3141655016277556,5.480232212561206,0.11273989158382876,5.585212710517154,-0.03921575275390092,5.601864310974107,-0.18926844631719197,5.546201681627991,-0.37548390100430584,5.406045075361668,-0.5683418533092912,5.169806511670966,-0.7508506883383014,4.839455028647664,-0.9154220886955765,4.421935222440883,-1.0552139672376486,3.9282303481941665,-1.1697841158401938,3.3708384081308838,-1.2463870039644218,2.7646734877625736,-1.2602071560476855,2.1350473174933278,-1.20321941767723,1.5163383069548404,-1.0747519232034282,0.9435237089852488,-0.8445940310275999,0.4584543006961208,-0.4772604612818424,0.12221977593066595,0.0005901561615296298,-6.174544902609476e-05,0.5094379141709798,0.12792572427533483,0.9749062437347243,0.5018836179024787,1.3659619293144682,1.0901570397752978,1.6927602933073187,1.8571812828203975,1.9622345642643984,2.773519303702071,2.1609076628309443,3.8075531592606495,2.282518889605727,4.921469320353242,2.3359799741313103,6.078773323179818,2.324206119434953,7.246618965929692,2.2442250936136094,8.391558052474423,2.099659113475372,9.48005655579563,1.8980636516205802,10.481736665548757,1.6438525211858592,11.369365155731671,1.3404676697763662,12.117331563721716,0.9999796436057433,12.703625934629757,0.6361696262730148,13.11352750900031,0.2503093225884077,13.336106316259649,-0.15467284720849303,13.360548998736421,-0.562921283471691,13.180926249376938,-0.963649810444958,12.798983941618607,-1.359031898061086,12.218106265039276,-1.7440315919226599,11.441612259178564,-2.1044472220733366,10.478246602350934,-2.4369535393625466,9.341918373753643,-2.7494436120887427,8.044452411828615,-3.0231711963400256,6.598749432815745,-3.2224403140674043,5.034075675565778,-3.3447637410300697,3.388776284110293,-3.383715688550686,1.7044467041490525,-3.4353165868758992,3.810938098448195e-05
180,4,-1.0356948429166666,2.2733310229097223,-1.061268885275976,2.3217831326829703,5.126314053066871,4.954430208508061,7.776112959147522,9.095284819988148,6.183242685141007e-05,0.00014801153538380638,0.19440533555565198,0.0736970925514796,0.1641668231992299,0.15533507087098047,0.4580860763835221,0.29905183336324676,0.8139829735015482,0.6219008472695242,1.0355983947479828,1.0892331320816337,1.1722576858938678,1.6437073631340633,1.2495228232749547,2.2518130146776114,1.2562700001020497,2.881352419603305,1.197192084358914,3.496945615887383,1.098398414367589,4.072088692078324,0.9614243189046128,4.589235273067747,0.7602863488663173,5.022423254343732,0.5201326976525318,5.342831359161804,0.28973169430353307,5.5445369631408505,0.08716016468002222,5.636925549683651,-0.06408667867902791,5.640904739798829,-0.2124822637931223,5.573195862449797,-0.3963913973296468,5.42197764200761,-0.5861773889514491,5.176023229408015,-0.7650135223391724,4.837652359920652,-0.9255685232131063,4.414046540303538,-1.061268885275976,3.9162934634968956,-1.1719050034093275,3.3568685543704393,-1.2449757113191198,2.750549479962611,-1.2559923120111909,2.1223667436858755,-1.1971738139531305,1.5062660267301349,-1.067977155053921,0.9367063169689623,-0.838474471455637,0.45492678529431785,-0.47349149080249364,0.12123550137431338,0.0005852792352918938,-6.12325992862784e-05,0.5051020910201011,0.12684370430017933,0.9665802456401311,0.4976076839403173,1.3544662919293802,1.0808886612443769,1.67895300748051,1.8415526929959054,1.9469666569967574,2.750584536004138,2.145128220009875,3.776815738816069,2.2671546299093066,4.882910620185043,2.3217831326829703,6.032796610605943,2.311786242826078,7.1939648109714875,2.234078253873875,8.333244522792794,2.092121517114542,9.417311637312311,1.893302356423804,10.415913117106784,1.641904340138951,11.301864912643596,1.3412627381327002,12.04954837242669,1.0033235187668177,12.636888232970039,0.641769461492641,13.049038821239606,0.2578492645642551,13.274915849651588,-0.14552909761148766,13.303544457769888,-0.5525587995922115,13.128815069939481,-0.9524630748231918,12.75227580461605,-1.3473784512488285,12.177122419589898,-1.7322512028281778,11.406501044909675,-2.0928750687696183,10.448987045357708,-2.4258866534866064,9.318329638671136,-2.739121688936037,8.026220163717339,-3.013827509957036,6.585443909265279,-3.2143129219078013,5.025146778585606,-3.3380333327777847,3.383568584311051,-3.378514802052418,1.7022246073292842,-3.431627080406235,3.806845196326972e-05
181,4,-1.0028374443333332,2.2732483132430557,-1.0308703551061098,2.294778113564182,5.108149577077539,4.953970166810273,7.529415927994792,9.094953909985108,5.921247085234546e-05,0.00014210546045012538,0.18654066027528368,0.07072856002080294,0.15755637873974274,0.14906507845837705,0.43981647225311954,0.2870277107137547,0.7820230468811011,0.5970993465543335,0.9959881262278304,1.046313905470713,1.1290244428520275,1.5799523261813615,1.2055618296930863,2.1661349028579706,1.214707743123487,2.7741629091710824,1.1606893074523466,3.370154917364968,1.068344837501373,3.928621466302576,0.9388925978097499,4.432561177114295,0.7469550427669023,4.85671851570382,0.5164709224931007,5.172908577457693,0.29443355359452905,5.374939941356797,0.09839845201161444,5.471407685889892,-0.048655403280955384,5.482135446720345,-0.1935780907046288,5.4229954071509905,-0.37368850142357113,5.282181005794033,-0.5602041040144388,5.048431186514228,-0.7366503783610615,4.723681346273587,-0.8957349123381413,4.314664390016915,-1.0308703551061098,3.8320036153347363,-1.141683241905309,3.287763262869405,-1.2157677285058834,2.6963435042943837,-1.2289190096506997,2.0822797393671437,-1.173274951540088,1.4789590966674906,-1.0481087592648992,0.9203794802468848,-0.8238407564612988,0.44728840895459365,-0.4656826879689228,0.11927043480378918,0.0005760392392462678,-6.027229427295029e-05,0.4975343098979507,0.12491456606395336,0.9526993273340469,0.4902528199889118,1.3357742849850665,1.065332716622022,1.6566309468262008,1.815701654153991,1.9219724400730442,2.7128639214031702,2.118501582335437,3.7261446426121703,2.239923313892619,4.81873605672485,2.294778113564182,5.955031784195001,2.2857401016051155,7.102906754097292,2.209709706403394,8.22955397349683,2.0700609347432786,9.30199029492043,1.8740572511053204,10.290246196232651,1.6259110112184978,11.167370961340346,1.3289083089398244,11.90795330490806,0.9948574186011323,12.490081588528248,0.6372988920995417,12.898994297894294,0.2574902003452612,13.12365812568114,-0.14166818351034582,13.153160040791443,-0.5445160869473994,12.981411452765697,-0.9403631989208052,12.609912218877666,-1.331292541252207,12.041807517933846,-1.712279597441029,11.280207420727615,-2.069249935829922,10.333604273301713,-2.3988589157188773,9.215618260502712,-2.7088453780643325,7.937841393023814,-2.9806533639557355,6.5129524513824,-3.1789808508186383,4.969814717583593,-3.301321734745883,3.3462833944033394,-3.341290626716098,1.6834460820338417,-3.393718261352667,3.764791381275046e-05
182,4,-1.0052311722916665,2.286433847423611,-1.0362356434997573,2.3167510373185474,5.108644164141779,4.959908961598041,7.547388305790021,9.147707419116545,5.9781921723952075e-05,0.00014380816294416133,0.1886118159098909,0.07154098298929276,0.15912614578187226,0.15069977960008515,0.4441112650400062,0.29002426833251693,0.7892065137105497,0.6030321186148075,1.0044225011254346,1.0562074670899657,1.1377642507482169,1.5941659878941845,1.214040300290513,2.1846758014216916,1.2223869529309426,2.796764303699652,1.1671885757549432,3.3963104684497183,1.0735779110115709,3.9577093351624257,0.9428340751379297,4.463947445517361,0.7494281257565937,4.889715518474393,0.5175025356865696,5.206771634275244,0.2943503830644381,5.409025687324671,0.09756393905408556,5.505246452234518,-0.04982468564272529,5.515460220303978,-0.19505677724733717,5.455668083937252,-0.37574494082828735,5.313979165462848,-0.562976846546875,5.079025538221024,-0.740224651621673,4.752692623824897,-0.9001836612029396,4.341672113541141,-1.0362356434997573,3.856559426531897,-1.1479932657900012,3.3094003351051513,-1.2229351815501028,2.7146030010061892,-1.2366320682706884,2.0968020502222515,-1.1810847336885042,1.4895808395380619,-1.055474898627992,0.9271805269241161,-0.8299172768695535,0.45068427383279563,-0.469263553716573,0.12019919156219999,0.0005806099081542523,-6.075280966602436e-05,0.5016306170368537,0.12593233888763336,0.9607755149171534,0.4943281669223659,1.3474024403073994,1.0743531197336298,1.6714003390068402,1.831336960595929,1.939477000197864,2.736587363366171,2.138168546609892,3.759188564999989,2.26107019035546,4.862011670083633,2.3167510373185474,6.009114077884109,2.3078690719242356,7.168043993093318,2.2312600855573024,8.30564225838281,2.0903028717189422,9.38855596546822,1.8923168686954772,10.386464253423105,1.641555389951064,11.272090826090825,1.3413502108080217,12.019717176634389,1.0036547869948942,12.6071693708966,0.6421851076315731,13.019512083667165,0.25825834055492713,13.245597465409112,-0.14514371033976603,13.27442402673915,-0.5521506534227271,13.099889779012733,-0.9519176210543562,12.723582538509751,-1.3465055188722583,12.148774401248566,-1.7308044770972355,11.378721967370899,-2.090583203632785,10.422131012875122,-2.422459380333299,9.292890677549146,-2.734242385272479,8.002844572952302,-3.0072267232328693,6.56493000629492,-3.205866316472619,5.008391990674874,-3.3277271427327224,3.3715047717762516,-3.3664829135205845,1.6957493600265408,-3.4177388975289746,3.791438442584664e-05
183,4,-1.1035634850347222,2.3591451727916666,-1.0196974221099069,2.2952386198469843,5.133958920168874,4.9443920846315255,8.285678330746482,9.438615433478144,6.006833129054338e-05,0.0001464718181022791,0.19116285622873375,0.07266231246278597,0.1603390237384557,0.15263950425737716,0.44703089875988905,0.29296125450543736,0.7918646496543641,0.6075151955931402,1.0038237657222526,1.0612931673242183,1.132532585698719,1.597827088988325,1.2037545016105875,2.184460113938566,1.2073669130131615,2.790192857231204,1.1484374017060384,3.3812444072362355,1.0524266636823838,3.93260962324003,0.9208101691699074,4.427982202338646,0.7284685289670775,4.842918482743973,0.49938232144388556,5.150147619092107,0.28006152821522845,5.344270255481495,0.08748275432625614,5.4344002319060305,-0.05603903534954642,5.440556902297298,-0.19731757643405062,5.378622240922559,-0.37351154676486903,5.23691353900804,-0.5562946653640054,5.0042025331344275,-0.72954282730842,4.682233641122487,-0.8861667731251652,4.277420016679291,-1.0196974221099069,3.7999803620303836,-1.1297447993831717,3.2615523750689976,-1.2039233417775155,2.6761156446219023,-1.2180467589275326,2.0677652680592185,-1.1640508975216544,1.4694903239840515,-1.0409352974730075,0.9150233479202943,-0.8190141044181991,0.4449436695047003,-0.4633713612917557,0.11871101978897682,0.0005735726553822366,-6.002034030154903e-05,0.4957935554060203,0.12445005619769021,0.9499418175330583,0.48863386449117163,1.3326449954278028,1.0622187960776988,1.6536001286223965,1.8110313057539689,1.919397440233297,2.706778225306509,2.1167025749506836,3.7189528467681625,2.239165122245184,4.810895719820925,2.2952386198469843,5.947111291884768,2.287524820070402,7.095544492844859,2.2128548051763786,8.22342436367011,2.0745153836378085,9.297764635109903,1.8796799524373993,10.288547449216349,1.6324810123112272,11.168731135775046,1.3361331713210067,11.91277576151148,1.002386930621915,12.498608059213659,0.644754711133103,12.9112831070096,0.2644852334664022,13.13957585777578,-0.1355161358526877,13.172379949323254,-0.5395484864488937,13.00342416920195,-0.9368583302766325,12.634053466469556,-1.329474700870338,12.067287616478621,-1.7123029953572837,11.306140580142399,-2.071168956371325,10.359052038357934,-2.4026483946149724,9.239636931388619,-2.7144391122345546,7.959510295645763,-2.987879033758078,6.531405526236886,-3.1875106287844504,4.984313814627288,-3.310783964475304,3.356267700809549,-3.351282734192876,1.6885539568959909,-3.404139362564675,3.7763519403657004e-05
184,4,-1.0839520167222223,2.2635138531319448,-1.028887196154571,2.31290957800351,5.091575609823547,4.950846382991584,8.138433228643553,9.056007673652996,6.030192314175982e-05,0.00014732210786830516,0.1921700769936435,0.07306029602504517,0.1611249102394828,0.15344055003581092,0.4492833317241552,0.29446213114585074,0.7959767569763712,0.610624062575126,1.0093543341563485,1.0668264177639,1.1393188797057099,1.6064415311543738,1.211722836206388,2.196768887135523,1.2162850879656637,2.8067364845204703,1.1579691454684788,3.4024141536621526,1.0622784927383475,3.9586368878960507,0.9305993701915125,4.458941939782563,0.7375172291704843,4.878619144483707,0.5071017484383102,5.190055788096141,0.28622047265365275,5.387654347981227,0.09203102529793411,5.480456419194563,-0.05288609757397669,5.488530831830004,-0.19571832287742696,5.427804508682159,-0.3739693389709029,5.2863978281020865,-0.5590262152705452,5.052892534780858,-0.7345656193842259,4.728983702521095,-0.8933799295368615,4.321103917711043,-1.028887196154571,3.839553600117766,-1.14065272835518,3.296088723079743,-1.2161234147199438,2.7048508847675454,-1.2308181869390793,2.090223064933875,-1.1765564078590243,1.4855945027395527,-1.0523093430849146,0.9251176313781132,-0.8280582596059625,0.449872733360405,-0.46851220573180197,0.12002818914802466,0.000579932288168305,-6.068542650842647e-05,0.501244267897604,0.12582269729455375,0.9602210652100127,0.49397832668074904,1.346707496838568,1.0736933739285075,1.6704417967618248,1.830271276037911,1.9380499293728188,2.734934441636712,2.1360667280148022,3.7566611159057586,2.2581406952449328,4.85823141263359,2.31290957800351,6.003642941585632,2.3031234834234082,7.160423418496503,2.2257321809080453,8.295445967626973,2.0842104810298303,9.37544398595946,1.8859427800308277,10.370222778034025,1.6352312718370143,11.252660112683337,1.3354356664884404,11.997211895024066,0.9984779834582814,12.581879076927134,0.6380077471812016,12.991873282123052,0.25530982285983,13.216168138719757,-0.14668153388597627,13.24386749263238,-0.552205381313215,13.068934534651012,-0.950504686679269,12.692968232472335,-1.3436680749482677,12.11922513921063,-1.7266385934314563,11.350929315399986,-2.0852642594592234,10.396718008875677,-2.4161844856023658,9.270383717459069,-2.727182792069141,7.983678553340744,-2.999613571824496,6.549444455571949,-3.198008821425366,4.99678619449493,-3.3198764053540146,3.363835858052853,-3.358834394674743,1.691958641032119,-3.4102156826534036,3.7830926333667896e-05
185,4,-1.0660934796458335,2.2864938362222222,-1.024607235969768,2.3163235593810687,5.136817592035727,4.946783809286617,8.004349330726242,9.147947426050807,6.0252338082842136e-05,0.00014790121064136102,0.1926104505085613,0.07327837961364939,0.16120903058663544,0.153764704865917,0.44941097444976624,0.2948468677785825,0.7955262967613347,0.6109609139164364,1.0077815435732718,1.066669610955512,1.1364942108381648,1.6051853525730826,1.2077418030547205,2.1938032958233267,1.2114335861083194,2.801547249675099,1.1526592491839969,3.3946666624498127,1.0569172805670544,3.9482056178204186,0.9255878733657263,4.4458992403434925,0.7333247320096614,4.863256002366056,0.5040713124446115,5.1728788236542576,0.2844374284669563,5.3692736684024975,0.0914289692481379,5.461486252056108,-0.052522596057273,5.4695095521009,-0.19445883543623343,5.409186748756096,-0.37177653146647155,5.268644197036701,-0.5560064784802695,5.0364490098272565,-0.7309053710248823,4.714218566212518,-0.8892956216606973,4.308284500148447,-1.024607235969768,3.828834440148596,-1.1363866649358743,3.287514542534382,-1.2120844256460883,2.698362353636276,-1.2272290579781657,2.0856502782131905,-1.1735874018290955,1.4826665896092537,-1.0500580252279,0.9234979576451969,-0.8265926265208432,0.4491846833445426,-0.46784627141763524,0.11987112821984282,0.000579274121955721,-6.061932744020611e-05,0.5008615809917912,0.12571298384497917,0.959801098498742,0.49365373511904975,1.3465599988691228,1.0732155337953018,1.6708021855387098,1.8298383157244893,1.9390883852867027,2.7348453567075475,2.1378885317308125,3.757284243067206,2.2607766321318237,4.859969197373494,2.3163235593810687,6.006895934886231,2.3072215447717035,7.165559525991817,2.230365585377716,8.302772151624595,2.089188768329464,9.385181650113498,1.8910508171573217,10.382491344289042,1.6402390644049507,11.26746744531922,1.340107901711092,12.014448884032705,1.0025983000324037,12.601322460989,0.6413949293699024,13.013200513432848,0.2578050369245922,13.238972200619168,-0.14520864855785737,13.267667994469967,-0.5518280352854152,13.093199322304574,-0.9512447756930972,12.717142646737035,-1.3455229529926944,12.142750173154928,-1.7295693036887905,11.373255210714666,-2.089179208101323,10.41732777686105,-2.4209661707551033,9.288814489126429,-2.73271612100067,7.99952547426881,-3.0057357661483373,6.562368701533907,-3.204483594736715,5.006551143091805,-3.326471490411666,3.3703233726043043,-3.3653214166802607,1.6951689748733911,-3.4165633550416983,3.7901343643990896e-05
186,4,-1.0777471065902777,2.2559022820902777,-1.0042545716917757,2.2734925368402665,5.160264821273593,4.949954109030909,8.091846067939459,9.025554824572122,6.0846937396070725e-05,0.0001522664412316784,0.1969410180533275,0.07514863879113629,0.1634525346169479,0.15707449982400548,0.45502187442724407,0.30003072731696795,0.8019164801905745,0.6193743289227445,1.010329691602442,1.0774549627098235,1.1330404394014149,1.6157970282233713,1.1975091356949545,2.201007257417868,1.1945370167510758,2.8019448892670953,1.1300865065380834,3.3851409348499986,1.0301921825091707,3.926286491535813,0.8965089523922689,4.409946030201569,0.7041408463986194,4.81263528253879,0.47704543980324515,5.10812452669573,0.2611502646800265,5.291887939337365,0.0727923366702746,5.3736012740455985,-0.06646401720070086,5.373484427951575,-0.20330648647428184,5.3074254766535605,-0.3745806677524348,5.163939461774782,-0.5524401343734883,4.931935247259679,-0.721144011515887,4.613050307571077,-0.8738430600840091,4.21344823201819,-1.0042545716917757,3.742985195893198,-1.1120340232763428,3.2128825401779086,-1.1849672471675146,2.6366619425875544,-1.1991538769069459,2.0378311544237118,-1.1465109896704135,1.4487133132120624,-1.0258666202728193,0.9024454921455891,-0.8077127600567002,0.43901982141415075,-0.45730365215885604,0.11718452048920991,0.0005664058928919434,-5.927611169700988e-05,0.4899751674092836,0.12296244712645403,0.9393740018716455,0.482997127240637,1.3185320981210584,1.0503671731616813,1.636807961000376,1.7914251821466574,1.9005294535045472,2.6782331580916856,2.0963566380643854,3.6805787862197343,2.217904615028109,4.7620994512308155,2.2734925368402665,5.8875473372447304,2.2656987174021728,7.025069092829781,2.1914286218101053,8.142114706948496,2.054000089331139,9.20594840846723,1.860586231005875,10.18680736733564,1.6153509719214767,11.057911428251035,1.321542477007447,11.794002348392045,0.9908341864776706,12.373281154325785,0.6366200708557335,12.781019250894074,0.2601524479513352,13.006178494920995,-0.13569194016134434,13.037843737503477,-0.5354035202394584,12.86987794676955,-0.9283739549373514,12.503664162626313,-1.31663329105114,11.942229433491164,-1.695174224404483,11.188581883555232,-2.050015093419628,10.251078018239133,-2.3777940022133337,9.143176826247398,-2.686139602752831,7.876350093927558,-2.956615166200143,6.463166686505322,-3.1541499405934834,4.932268470302354,-3.276185190761097,3.3212502321931194,-3.316323698555992,1.6709479401297993,-3.368657786188626,3.7369907671854216e-05
187,4,-1.0493346403402777,2.2657529662083333,-1.053082936423218,2.3171576393350812,5.09429443840034,4.949449409239214,7.87852208692419,9.064966057174216,6.212439072714768e-05,0.00015166321572981234,0.19786557473148472,0.07522148375527489,0.16589435790992574,0.15798471719280213,0.46251371346967685,0.30316815392044744,0.8192045466500567,0.6285991050510166,1.0383438616923337,1.0980127663106087,1.1712804030457153,1.6529518656772484,1.2446264372065334,2.2595845085831914,1.2478468808666674,2.885765924031853,1.1861443228915753,3.49644611557481,1.085867182348984,4.065646091851565,0.9485816548197474,4.576398885326134,0.7483926275850291,5.003349649606481,0.5102764704292871,5.318285365719565,0.28249770389043366,5.515702924761743,0.08270719310803526,5.605173559420912,-0.06602607048067494,5.607568360710217,-0.2120403591538218,5.539482642863257,-0.39355159394000166,5.389089595685953,-0.581226647932526,5.145100442691653,-0.7584272149146063,4.809635377272717,-0.9178975421725036,4.389617999810671,-1.053082936423218,3.8958518778935196,-1.163712364235437,3.3405415707592794,-1.237253423920388,2.738221163960926,-1.2491896686581658,2.1136862571061594,-1.1915920751071294,1.5006899818801767,-1.0637471107578333,0.9335866600507912,-0.8356733550819295,0.453567998341477,-0.4721531696223678,0.12091041518902927,0.0005838328164290373,-6.108428086244556e-05,0.5040320255376222,0.12656312813824028,0.9647406125055086,0.49658823322045875,1.3520747791288663,1.078805022572478,1.6761013585754327,1.8381566849853417,1.943669189084649,2.7456511862771094,2.1413896475723915,3.770123045538531,2.262978143643988,4.874239356100383,2.3171576393350812,6.021925417329685,2.306707745961986,7.180667265381561,2.2285685564312043,8.3172985353395,2.086221653376742,9.398511251543209,1.8870701468051407,10.394076822744008,1.6354264492053474,11.276846691581696,1.334663530617909,12.021255011511052,0.9967521474350688,12.605295713432856,0.6353975627270595,13.014202451220388,0.25190136000065805,13.236988855837666,-0.15077683950324924,13.262806499093106,-0.5568172099904868,13.085688528255746,-0.955430003456787,12.707329533558243,-1.3487096460127297,12.131086534127324,-1.7315903227430929,11.360283336607608,-2.089905178759977,10.403664745201663,-2.4203128886365146,9.275130563211007,-2.7306323469018627,7.986524354944879,-3.002225491608873,6.55076834359665,-3.199655672621194,4.997041749222412,-3.320514565622612,3.363520019661849,-3.3585053666277513,1.6915690637081149,-3.4089975457255783,3.781741293600952e-05
188,4,-1.0220360089444445,2.263570255694445,-1.0386726485789453,2.2983533468284354,5.14449085101897,4.954449196739908,7.673560902830305,9.056233332549718,6.211247279289413e-05,0.00015480532157474133,0.20052939530487132,0.07646653172726692,0.16676946805796897,0.1599741860625875,0.46448573290780926,0.30586598367881507,0.819697618552862,0.632073452909276,1.0345603418217413,1.1007316555976567,1.162440535703618,1.6525200254941101,1.2310159917400694,2.253512084477951,1.2304968849864677,2.8718964084460836,1.1666166468100245,3.473287068528076,1.0658055632641847,4.032523648445556,0.9296001598078446,4.533444828525102,0.7322721238170349,4.951546599661556,0.4983776836931372,5.259441525353211,0.27527352350230005,5.452072642010879,0.07998327610472578,5.539079438028485,-0.06504241124852796,5.5410730713888094,-0.20773212618480172,5.474309361262085,-0.38593713668933,5.326906055287614,-0.5707886863610133,5.087458272132643,-0.7458906250079519,4.757768288860297,-0.9040424694156124,4.344382125334682,-1.0386726485789453,3.8577116898943924,-1.1493813202692098,3.3096110267025804,-1.2236015999108254,2.7143125996694404,-1.2368417100005111,2.0963019817455546,-1.1810133075173113,1.4890515404062925,-1.0552167732074733,0.9267365385457967,-0.8295487573519192,0.45040088416282087,-0.4689306482263406,0.12009987738048965,0.0005800136774625214,-6.0686603066501374e-05,0.5008201391331575,0.1257525546476081,0.9585771266986753,0.49342069294793095,1.343245644564581,1.0718797545234586,1.6647598873886025,1.8261849190608805,1.929927765720197,2.727401794048635,2.1255167161957456,3.7444547057262665,2.245398068775647,4.840188542510194,2.2983533468284354,5.978757134321929,2.2872540753451673,7.127907700515877,2.209162943010068,8.254793398933506,2.067604550969498,9.326469896431071,1.8699554726367646,10.313073557182943,1.6204937164881787,11.187803944146262,1.3225376076206654,11.925423848730896,0.987902018560286,12.504205505945889,0.6301053897270479,12.909567273295664,0.25037043997860675,13.130640490731867,-0.14843689145563277,13.156659534060744,-0.5506985529412806,12.981664317249365,-0.9457660473844777,12.607261361571549,-1.335749546099665,12.03668523779168,-1.7156503534096734,11.273123025991024,-2.071427271203171,10.325129034696307,-2.3997582621014897,9.206370481282391,-2.7083884976610664,7.928480046519272,-2.978802027249584,6.504168295135116,-3.175775793474128,4.962297451721367,-3.2968501910677923,3.340690356630096,-3.3357008066310105,1.6803735008451648,-3.3870213912600766,3.7573622554823266e-05
189,4,-1.0354782785833332,2.308861545375,-1.025965184322525,2.2885771247881905,5.149533172719886,4.94706338721338,7.774486969860773,9.237437554617644,6.430738204241798e-05,0.00016252463706669895,0.20941202226463154,0.08004314806856565,0.17287720789068706,0.1669148019176571,0.48062522877065667,0.3180177170118188,0.8440451892307211,0.6547278088280521,1.0584102424120412,1.135726482941202,1.1807923038518904,1.6982091090330764,1.2410690928300345,2.306397581006362,1.2305052212346799,2.9273438067933224,1.1562792088326237,3.526130529536297,1.0462475734832424,4.077826885286974,0.9025835025441334,4.567025221158751,0.699983346793905,4.970194221868239,0.463688373831524,5.261217264992556,0.2410583935973687,5.436512866501964,0.048520749385739526,5.507022273698507,-0.09235791118237398,5.49427933997556,-0.22982407337729227,5.4151117101342745,-0.4015471849540332,5.258236309023666,-0.5791408820563579,5.012779249009151,-0.7467806536439605,4.680780031286011,-0.8977599610106329,4.268764897806404,-1.025965184322525,3.7868797862869994,-1.1312801504644254,3.246530443335064,-1.2015654306639914,2.6613403791932395,-1.21291976161796,2.054912931391148,-1.1574209872016095,1.459629812891531,-1.034050217922127,0.9085939006131301,-0.8132067976644365,0.4417463067549325,-0.4600218286904374,0.11785524676805036,0.000569473779245959,-5.95932123062927e-05,0.4924122510606417,0.1235873955862051,0.9438712223021536,0.4853704647571624,1.3248209888750466,1.055443857429512,1.64483370978646,1.8000789209914305,1.91035617130022,2.6913473784410646,2.108003198470076,3.6990624681529836,2.231316462795986,4.786850782294542,2.2885771247881905,5.919427852867849,2.2822721350583675,7.0648747123155005,2.209165072039956,8.190514070717022,2.0724641284535936,9.263417684311046,1.879267798916939,10.253585818782645,1.6336617011045933,11.13396422843852,1.338825711062061,11.878981507872563,1.0064525151672967,12.466510560156191,0.6500013695677861,12.881522087261084,0.2707119400070918,13.11269159589287,-0.12852770691755497,13.148809511373406,-0.5320666444357007,12.98348343665758,-0.9291778690076864,12.617915495686136,-1.3218845412634073,12.054979360086238,-1.705103663247384,11.29754273556367,-2.0646786836421254,10.353889846271962,-2.3971715088512155,9.237478544381148,-2.710253378098525,7.959778891380579,-2.9852516174576533,6.533388029176626,-3.1866512134736493,4.987174511868625,-3.311788143499078,3.359093532538043,-3.3541118419417915,1.6904178805513732,-3.408761547295488,3.781479541151692e-05
190,4,-1.0520379266388888,2.299202306347222,-1.0423850265516756,2.2854055504692856,5.164423527802385,4.959714310258872,7.898818663432882,9.198792267496396,6.575801464053629e-05,0.00016593717448677866,0.21389101178481823,0.08174331283380695,0.17661236664274735,0.17048584730891891,0.49092176459452197,0.3248372463747211,0.861894008521867,0.6687154605227312,1.0802718932499482,1.1597720425040923,1.2043473322215072,1.7336802760966068,1.264687993525286,2.3537309999128637,1.2524960012013149,2.9861489684066282,1.1752515429966792,3.595220014006695,1.061497955200601,4.155490710283607,0.9135763391628475,4.651280089449964,0.7058892059926709,5.058705309228911,0.46430252270923406,5.351341810297821,0.23706887012077707,5.525759130170744,0.040885290622035705,5.593313145555926,-0.10241125162131182,5.5761046701088475,-0.2418441226955597,5.491421199287595,-0.41555274391358044,5.328031604606853,-0.594697448477245,5.07515884075361,-0.7632638678098727,4.7351233335619085,-0.9145234847798152,4.314769133509989,-1.0423850265516756,3.824564335690381,-1.1468389267638943,3.2762002896703173,-1.2157586126178483,2.683549826928142,-1.2252170250084755,2.070479392946994,-1.167450000298489,1.4696043765382165,-1.0416409206681416,0.9141583150460678,-0.8182181668608484,0.44415381380582014,-0.46238157105947597,0.11842250122195308,0.0005719429923877671,-5.9844379937060266e-05,0.4940773244728314,0.12403896917569528,0.9463298052545879,0.4868888484925362,1.327300806076149,1.0582246169577882,1.646775376310433,1.8039843767330863,1.9113560012509454,2.696002889881896,2.1077572005986327,3.703916886146653,2.229638852336215,4.791229299441631,2.2854055504692856,5.92259445666144,2.2776433387068487,7.066087793127725,2.203207770649842,8.189073342738077,2.065394732008055,9.258709641386655,1.8713736981505524,10.245123676621883,1.6252864010526706,11.121419385272876,1.330355890636634,11.86220870111663,0.9982855884444962,12.445562363716627,0.6425137594382698,12.856644988385252,0.2642652419169223,13.084316107040996,-0.13359937848529663,13.117541757263384,-0.5355060682041717,12.950079169326397,-0.9308085257235081,12.583237436942943,-1.3215760140249009,12.019966345618483,-1.7027932433200366,11.26318391674641,-2.0604044896507325,10.321180640672859,-2.3910336792521507,9.207376809329004,-2.70236570904401,7.933189140833828,-2.9758298503539584,6.511138649365995,-3.1760663853765503,4.969943187702988,-3.30042987606539,3.3473652474370095,-3.342385706770007,1.6844727170842797,-3.3967182933627513,3.7681194627459345e-05
191,4,-1.0335771867847223,2.293603958347222,-1.064052589917964,2.3188554650490385,5.158427460799038,4.959151108739979,7.760213359566379,9.176394046969657,6.619783885736282e-05,0.00016710927031679065,0.21542761806557476,0.08232315857251457,0.1779940149099075,0.1717285541605789,0.49497919903751203,0.3273243964989145,0.8697975828155536,0.6741999866500002,1.0916248452037325,1.170085541141656,1.2189905638871184,1.7504942750861532,1.2824760352111806,2.3786662088507473,1.2728729772123257,3.020657380117259,1.1973821339785717,3.6403904600839905,1.0845942750184185,4.211999854097791,0.936658426949703,4.719387477400201,0.7273718658059068,5.138026603460973,0.4827810790880307,5.440693204374175,0.2518899058553074,5.623455192848409,0.05180604413769533,5.697439676759219,-0.09502788124636419,5.684793800771158,-0.23836692437727947,5.602868888740841,-0.4170457286249734,5.440009993447542,-0.6015856261597526,5.1850461180267615,-0.7755072869389135,4.840220703224405,-0.9317867875339524,4.41246863836085,-1.064052589917964,3.9125025828498674,-1.1721705460253686,3.352353839110459,-1.243640786986957,2.746339880393549,-1.2539162736273288,2.1190429077866875,-1.1950357845527073,1.5040189123094365,-1.0662161326333621,0.9354476935730783,-0.8373260420817031,0.454401405340773,-0.4729916503935122,0.12111926204703606,0.0005848008004751866,-6.118453881301889e-05,0.5048011963053918,0.12676108962070748,0.9661008409096286,0.4973272924598581,1.3538183992700519,1.0803281777387808,1.6780553688581301,1.8406106314325996,1.9456902333595363,2.749104539666972,2.1433557091585604,3.7745774909643224,2.264815804871931,4.879646460166734,2.3188554650490385,6.028215696444712,2.3083074375487045,7.187779159842322,2.2301592997781663,8.32520343632806,2.0879278981848057,9.407234768400444,1.8890289900187167,10.403710936694132,1.6377661014193576,11.287550526629532,1.3374824004409518,12.03324534408767,1.0000917651743282,12.618825444240068,0.6392263284884425,13.029527089344981,0.2561165040492247,13.254330273952565,-0.14635551235009647,13.282316286744202,-0.5524500534100261,13.10740774221,-0.9514385023620852,12.731152820945198,-1.3454622951289974,12.15673580604637,-1.729492214852404,11.387286257163598,-2.089366991199562,10.43134353316847,-2.421730490861336,9.302605834004625,-2.7343958180114427,8.012720212776681,-3.008651530451902,6.5744263119250315,-3.2088655202904164,5.016792070651635,-3.3324610929204166,3.3779746891285827,-3.372937793583434,1.6994198820465678,-3.4259770645818364,3.800577401114934e-05
192,4,-1.0240706267638888,2.2866609080069447,-1.0772490753601587,2.334566381262461,5.1120031176278875,4.96016467749603,7.688837041454438,9.148615857287666,6.719476776123459e-05,0.00016840873508935204,0.21760344046243368,0.08307495955346392,0.18020045236179819,0.17349838793056133,0.5011777344029187,0.33102512656655364,0.8813971852103972,0.6823907554457155,1.1070681966109297,1.1851061778841965,1.2368986856139639,1.7739018032209593,1.3016097810946474,2.4113910406882395,1.291745868078318,3.062948501905539,1.2145974262964077,3.6917523345197605,1.099257222493662,4.271359395540345,0.9480535475828045,4.785296631245292,0.7345918895143193,5.208623971340913,0.48549747892676126,5.513765561787686,0.25061216551303495,5.6968594326806254,0.04733956079675593,5.769365425788538,-0.10160991799259544,5.753919141733316,-0.24666613922609018,5.66827644096471,-0.4271068050960718,5.50082264831803,-0.6130922705731575,5.24044813257594,-0.7880087561782216,4.8896022697674235,-0.9448401450580023,4.455443037645999,-1.0772490753601587,3.9488995611157196,-1.1851989052660374,3.382182780965847,-1.2561728082956876,2.769762460225233,-1.2655166565224432,2.1364135170526475,-1.2053032119614884,1.5159083376302778,-1.0748132233401737,0.9426053008693056,-0.8437321139957576,0.4577799843768649,-0.4764626188742235,0.12199780078212615,0.0005889711631470748,-6.161911072735947e-05,0.5082959038528422,0.12764573758944023,0.9726586170341626,0.5007484446814675,1.3628795690686804,1.087675578488099,1.689192332716438,1.8530221254308472,1.9585646929401443,2.7675336161946533,2.157570805594823,3.7997969338773445,2.2799542562156523,4.912220416818674,2.334566381262461,6.068515559641569,2.324256158001733,7.236008575630091,2.2459802773900654,8.381390801325498,2.1032583239855254,9.471224586578378,1.9035264564339496,10.475171847079194,1.6510827156224086,11.365979946075147,1.3492542332223152,12.117961821388278,1.0099937399630998,12.708972338344822,0.6469870549193992,13.124100972601457,0.261438892030196,13.352188282995007,-0.14378073702711922,13.382160273463393,-0.5528473130327844,13.207803291733736,-0.9549698018827258,12.830573250953167,-1.3523127304043472,12.253568748179795,-1.7398123157965781,11.479830553815185,-2.1031911351305665,10.517851127320512,-2.4390477406600244,9.381328628505171,-2.7552376762654203,8.08190387872554,-3.032868247224402,6.632330397337396,-3.23595076320148,5.061846566515496,-3.3618113568191155,3.4088909436104577,-3.4038113435926065,1.7152591022086927,-3.4584689089799934,3.836621955389756e-05
193,4,-1.0410840887847224,2.278427645534722,-1.0653742209556714,2.30240966190678,5.171514592570254,4.962821844236877,7.8165760211403805,9.115675706281088,6.79679526834292e-05,0.00017358128898137793,0.22286216880573348,0.08531492939644411,0.18320726373173893,0.17755695869709778,0.5089853443393683,0.33764075939099286,0.8917740903317228,0.6937998599067053,1.1149180558545604,1.201224732858979,1.2398433599929783,1.7927765755700236,1.298735802346556,2.430305003538064,1.282920542328262,3.0789262575911627,1.2004931814659654,3.7019546427174914,1.0810996351981987,4.273439746230067,0.9272678957177161,4.777577943297021,0.7128538349154935,5.1901986377348015,0.4645520582851391,5.484603733729389,0.23177736312073477,5.657707238957737,0.03143783695161489,5.721508504791681,-0.1143707621496727,5.698893637710302,-0.25592701963739,5.607717134801717,-0.4321687922884486,5.436658937348799,-0.6136479271039658,5.174876425664661,-0.7840880668854683,4.824877518907285,-0.9367059025314851,4.393748320668172,-1.0653742209556714,3.8922291175830193,-1.1701510723874238,3.332269399811947,-1.238768974289316,2.7280051851952956,-1.2469945526382613,2.10369558113253,-1.1870467964682176,1.4924411656295573,-1.0582011530525526,0.9279172058476467,-0.830564086012089,0.4506260479719343,-0.4690123120194877,0.12009187655242512,0.0005797898412146041,-6.065941068392258e-05,0.5004471818415123,0.12566837705084102,0.9578233871767058,0.4930473428467314,1.3424044564891349,1.071091859900023,1.6642397849454256,1.8250390382334623,1.9301420186467184,2.7261629977473416,2.1268190016697734,3.743582372551543,2.2480265231641363,4.840291828359145,2.30240966190678,5.980530128131502,2.292712680572925,7.132062971171396,2.2158853977547075,8.262001789814496,2.075363161988576,9.337309495981296,1.8784631054358203,10.327992573521088,1.629427258143832,11.207097237348949,1.3315558166776245,11.94921939510229,0.9966689129526857,12.532460899261437,0.6383053982502168,12.942077220409113,0.257697505675654,13.167044901887158,-0.14228075657080266,13.196446727512066,-0.5459832774634492,13.024179889320234,-0.9427373309537759,12.651723099505041,-1.3346560512242207,12.082188004170034,-1.716733220190898,11.318637837766657,-2.0748893314443038,10.369515219056636,-2.405779412358406,9.24839359441862,-2.7171613695224166,7.96681240861334,-2.990430774413669,6.537399977084367,-3.190144624248451,4.989021629808189,-3.313701766705032,3.359594291673558,-3.354590329060613,1.6903269142116195,-3.407941531322698,3.78056984868106e-05
194,4,-1.0394732111666667,2.303511559993056,-1.068349841948842,2.3222548686227773,5.130895874949176,4.948454855962076,7.804481371440197,9.216032998773738,6.597738739170203e-05,0.00016728705686711858,0.21538546082205084,0.08234841794788265,0.17778265654675596,0.1716834266836796,0.494480395751195,0.32711431225958437,0.8689645380714396,0.6736462662309026,1.0908715099428832,1.1691144356149987,1.2187990318215702,1.749268030294805,1.2832515613427113,2.377571521551673,1.2748718241268582,3.0202497813128564,1.200653245433992,3.6413025448477008,1.0890076443786272,4.214841420637849,0.9419354485118396,4.72466693252186,0.7330515723255259,5.146067644577718,0.48834128157697637,5.4515639972846035,0.2569191904441166,5.636988355867137,0.05601645088581137,5.713290664596067,-0.09174037805092254,5.702522206384209,-0.236175007644377,5.621978747410309,-0.416214487986486,5.459883979668906,-0.6022092872757975,5.204972139724017,-0.7775360374303132,4.85947948186576,-0.9350683831260591,4.430391317764852,-1.068349841948842,3.9285197014971445,-1.1772084463501142,3.366024849464045,-1.2490768975185396,2.757375930052762,-1.2593218270000859,2.127350035589399,-1.2000006889917443,1.5097181547119385,-1.0704033044995809,0.9388453964839272,-0.8403864442270793,0.4559716386108284,-0.4745834489135239,0.12151503170688718,0.0005866231585953947,-6.137276445106424e-05,0.5062127245103364,0.12712726350953263,0.9685448532122163,0.4986746682400249,1.3569077252968287,1.0830730867984144,1.6815126571699057,1.845001318134801,1.9493277363080783,2.7552758658205354,2.1470162970916506,3.7825793978395152,2.268379016508569,4.889458142652046,2.3222548686227773,6.039769973763561,2.311500126408913,7.200983261217851,2.2330993922687745,8.33994269620095,2.0905707183470454,9.423371501292129,1.8913331376854376,10.421086185906088,1.639683621757493,11.305983446099445,1.3389567092959378,12.052528528454058,1.0010796146725822,12.63872539099014,0.6397052052469934,13.049794589415963,0.2560592972322215,13.274704530288643,-0.14697401504238414,13.302522142017954,-0.5536227720696439,13.127164769706152,-0.9531385670460658,12.75019066754,-1.347672629331047,12.174795483320153,-1.7321909913317888,11.40411728440438,-2.092512148201285,10.446711626277935,-2.425286025781357,9.316297899534248,-2.738353979937898,8.024533720788984,-3.0129837432321285,6.584164710195681,-3.2135000613781655,5.0242860166891115,-3.337345205615581,3.38308670208815,-3.3780260115130467,1.7020392484801246,-3.431383288204606,3.80657475100322e-05
195,4,-1.0373436307638888,2.408676660756944,-1.0531852817192504,2.3270436809502657,5.160904599988017,4.950784004848068,7.7884922430971875,9.636784105819313,6.531632483274388e-05,0.00016637460076669537,0.21387325809026012,0.08182553870912972,0.17621734497535685,0.1704470148178426,0.4899833471885993,0.32449057160564154,0.8602384995686085,0.6677033593771371,1.0786877471934335,1.1579069951708318,1.2038974732982963,1.7312623465388135,1.2663906131710623,2.351586667605416,1.2571583300677787,2.9855693589953427,1.1832947660697413,3.5978082237881726,1.0729387661434422,4.16295670698828,0.9280484168725747,4.6652492245534365,0.7225176449423433,5.080496665445887,0.48188358704769213,5.381735571168418,0.2544701825801772,5.5649435395912015,0.05715004781950865,5.6409455227517595,-0.08782675000872853,5.631468536397855,-0.2297122860734275,5.553510862022196,-0.40704944612386024,5.3953249701543475,-0.5906450337819364,5.145615985431951,-0.7641197775655524,4.806393026973035,-0.9204375855437812,4.384345039614949,-1.0531852817192504,3.889949744412408,-1.162139901858998,3.3350388858120534,-1.234767862982785,2.7337643585478504,-1.2465039280952612,2.1105495965443244,-1.1892633403647077,1.498825700827404,-1.0621154908430512,0.93272214749544,-0.8348555703222246,0.45331544855373634,-0.47198044395195543,0.12089156023744199,0.0005839322491795972,-6.109996190382191e-05,0.5044696229039297,0.12664737372643975,0.9661480242708764,0.4971150989632005,1.3548073719967406,1.080355645248095,1.680362841615705,1.841449935239647,1.9495352969260384,2.7514760894834356,2.14879331326925,3.7792710421880025,2.2717394571213476,4.887437525906477,2.3270436809502657,6.039795871251981,2.317447593650475,7.2037063317514285,2.239857219816503,8.345857817704903,2.0977468909992805,9.43278684075401,1.8985293402664678,10.434110957759557,1.6465204554088813,11.322531675988202,1.3450910230481254,12.07233278808453,1.0062297636784616,12.661360885895252,0.6436649821351416,13.074714770913054,0.2586822468520762,13.301275397452054,-0.14577520807235397,13.3300505690991,-0.5538581336424333,13.154932855314867,-0.9547536648738408,12.777493027893794,-1.3505783661863406,12.200963259456387,-1.736259045880083,11.428535210481824,-2.0975661390837774,10.46884091713536,-2.431127893411939,9.335695060314068,-2.744790245356215,8.040853110312757,-3.0197846851039256,6.597163609934016,-3.220376998477715,5.0338532789247665,-3.3440143147173287,3.3892553881811054,-3.3842072434609407,1.7049861810851958,-3.4369715880399094,3.812774072951986e-05
196,4,-1.062197533763889,2.3895968596041666,-1.085564891903589,2.350947037624011,5.175111013674067,4.954025010399785,7.975098132395071,9.560448445044695,6.778140609777906e-05,0.00017204459342109847,0.22139891738283865,0.08466765923713337,0.1825910112308766,0.1764579155893055,0.5076617908966763,0.33606172910111515,0.8913333956963321,0.691672525276255,1.1175245716809252,1.1995713355702218,1.2466790357002502,1.793449375717492,1.310358833571493,2.435580688929767,1.2992930449766151,3.091216005877883,1.2209862566978515,3.7234960650118425,1.104759697379134,4.306063205507492,0.9528420850381117,4.822573522763224,0.7385032875632225,5.248086228146559,0.48839969639565106,5.554930651781529,0.2525622240502759,5.739235699018952,0.04840456300760001,5.812489307545822,-0.1012408206203344,5.797396510294035,-0.24717733334519293,5.711737990438001,-0.4289874209757505,5.543703075276309,-0.61659227652596,5.2819887189878525,-0.7932018260743398,4.928970536941389,-0.9516792419090199,4.491798258073163,-1.085564891903589,3.9814575448893565,-1.1947573492363186,3.4102605270081905,-1.2665813735983402,2.792826659938835,-1.2761410586194155,2.15418972872994,-1.2154418453298177,1.5284658352390632,-1.083790376971827,0.9503538275460739,-0.8506812405772823,0.46150432899355875,-0.4803170395107832,0.12297847784484321,0.0005936590746032351,-6.210831128488187e-05,0.5122610463135001,0.1286471921890444,0.9801282859336581,0.5046349557107769,1.3732000545763947,1.0960357174547197,1.7018212490790543,1.8671391600778435,1.9730303807579064,2.788445363600543,2.1732974054913017,3.8282832918832037,2.2963024889916617,4.948751346722698,2.350947037624011,6.113252410440214,2.3400835657688592,7.288822870367026,2.260629688870699,8.441850432321383,2.116131522474432,9.538588293687656,1.9141019133893153,10.5484178513051,1.6589086246226228,11.443843821120593,1.353959436814909,12.19897126316705,1.0113753111086485,12.79150737717824,0.6450310558170413,13.20649049643227,0.2562211904417183,13.432779817332007,-0.15207885133636037,13.459361596689181,-0.563851499018812,13.280159568865377,-0.9681770817134279,12.896855028561058,-1.3672004965872775,12.312804467924945,-1.7558031249177488,11.531320580794286,-2.119628871448669,10.561206069865591,-2.45529592376927,9.41648752129137,-2.770744466650089,8.109101769955226,-3.047061055484702,6.652077811548935,-3.2482515636804603,5.074949725144997,-3.371819249125178,3.4164033337039728,-3.4113026957783577,1.7183942865414175,-3.4635287964418024,3.842235066282972e-05
197,4,-1.0681015373402778,2.3856143984444445,-1.094353042441077,2.373797831917707,5.086791530694015,4.973218108992511,8.01942605295507,9.544515165567494,6.75305759057995e-05,0.0001709648425725896,0.2202316897038301,0.08418290455337725,0.18189939233687166,0.17555947093806024,0.5059428815081569,0.33459026817173027,0.8892541391359731,0.6891853637972596,1.1165298467557077,1.196267668098959,1.247631448327442,1.7901088172386344,1.3137545256722747,2.433311869681486,1.305347501129822,3.091307518169834,1.2295899266170136,3.727262881924073,1.1155560809366434,4.314698399463263,0.9652909232839503,4.837047647713824,0.7517860560559839,5.269032971944717,0.5015769999580341,5.582528594446671,0.26486848885150965,5.773233040108046,0.05927724105723701,5.852297514701097,-0.09202574415954924,5.842233478410831,-0.2400217316937222,5.760695223321759,-0.4245876720307778,5.595574950018442,-0.6153855784396954,5.335273914057305,-0.7953831550063907,4.982016782846801,-0.9572561727976762,4.5429006481297876,-1.094353042441077,4.028958393251423,-1.2064566870814262,3.452623833941926,-1.2806357999193447,2.8287194391471817,-1.2915701832207769,2.1826636431560953,-1.2310532848121476,1.549129437158767,-1.098314113591528,0.963425217342552,-0.8624021379974823,0.4679290284357872,-0.48703514600156744,0.12470215310456083,0.0006019932683237132,-6.297996009731699e-05,0.5193948714985618,0.1304450343420056,0.9935261391812041,0.5116200996371392,1.3914309266367804,1.110988639681164,1.723539980712781,1.892131387564273,1.9969850754444225,2.8249100888924152,2.198119679047331,3.877000889084937,2.3206689669524234,5.009816235513606,2.373797831917707,6.186160561642106,2.3605566183274878,7.372595254674287,2.2780050877052354,8.535111063389456,2.129901884706055,9.63965143559718,1.923988454278315,10.655402791266795,1.6648011971077326,11.554775401065095,1.3558813509540972,12.311852324312904,1.0095197554961786,12.904393199870116,0.6397274246890463,13.317571832628294,0.24781233174931708,13.540419075241996,-0.16323773561924296,13.562092751269384,-0.5773309071614179,13.376711940160472,-0.9835303956491257,12.986181825361506,-1.3840459166059629,12.394066778080065,-1.7737808193634168,11.60386160502673,-2.1383576763756236,10.624554627446233,-2.474432183450749,9.47035745343749,-2.7900288556805197,8.153356383985116,-3.0661847132113715,6.686714034539147,-3.2667831397444473,5.100154334793364,-3.389357437504517,3.4325732059021585,-3.4274517919244536,1.726132106654109,-3.4783349373816126,3.8586601085580465e-05
198,4,-1.068883495986111,2.413466581048611,-1.1217030001336699,2.3908615032991287,5.1307611428365325,4.961578705987276,8.025297086108289,9.655947918250812,6.945191877816853e-05,0.00017453275213786425,0.22535869076810738,0.08605836870693316,0.18655736997169012,0.17968196532907543,0.5189571080328473,0.3427858345476668,0.9128446849070818,0.7066507485428085,1.147004930385078,1.2273970631527489,1.282238687723176,1.8375993606891226,1.3502782684329577,2.4986850515375996,1.3411839026216212,3.1748835002451044,1.2623284661998093,3.8280652393991015,1.1437036063501138,4.430768733856753,0.9875920411740872,4.965795335620616,0.7664838459973985,5.407099767878378,0.5079195746258688,5.725844423022682,0.263659018803544,5.91778685482797,0.0518712904285432,5.9946233114671195,-0.10371765550604159,5.979716987751252,-0.25539381153486607,5.891425212999137,-0.4438926570383501,5.717631899049349,-0.6380919640002254,5.446793033640675,-0.8206032262370638,5.081516152851541,-0.9840281134115174,4.629360107436493,-1.1217030001336699,4.101849556890499,-1.233547299493942,3.511871310520334,-1.3065626389303433,2.874669548599744,-1.3152341557384921,2.216170149392907,-1.2515081201392269,1.5715741594486734,-1.1148716424060865,0.9765884165273224,-0.8742197927361532,0.47395629955709934,-0.49312775360754907,0.1262172820902752,0.0006089838857468665,-6.370288223015909e-05,0.5248916697229844,0.13186317513833593,1.0032668206717636,0.5169049065523539,1.4041385332890433,1.1219320500883156,1.7383104269889011,1.9099740756844663,2.0131799734017872,2.8505192878994294,2.2151209722555016,3.9109350466537243,2.3379108780389517,5.052331657643899,2.3908615032991287,6.237267586502961,2.3770766879536214,7.432113957650618,2.293592432039587,8.602672921092932,2.1441854606585884,9.714695499074567,1.9366390559043614,10.737193594904243,1.6754994543020163,11.642416957354486,1.3643096916291608,12.404287899536808,1.0154402602842592,13.000423227169186,0.6430000451445649,13.415905438436312,0.24829148560723513,13.639697299417506,-0.16568300423297735,13.660882800455635,-0.5827025971222254,13.47354488014799,-0.9917434760432825,13.079615203780193,-1.3950344502154242,12.482697085985098,-1.7874340806828157,11.686324339505795,-2.154446172107216,10.69957056218331,-2.4926996522667224,9.536775192624972,-2.8102796015227063,8.210136057074598,-3.088077153469423,6.732936716842549,-3.289724535430827,5.135143389578379,-3.412777227326355,3.4559470109307213,-3.4507826309838756,1.7378046904412787,-3.501708765073683,3.8845896541916e-05
199,4,-1.1194466426805556,2.4344044973055556,-1.1228573404525533,2.354888946347163,5.1450853173599995,4.952003740763937,8.404930858502755,9.739717642050309,7.107098101932222e-05,0.00018051877993849647,0.23220698584446908,0.08881976565392422,0.19132430345852341,0.1850468569089994,0.5317410345929988,0.35225119432586227,0.9327817649324164,0.7245646432004462,1.1679365738473226,1.2557322171521383,1.3007274583595108,1.8758863277022018,1.3643891956187073,2.545191560565832,1.3494996663976309,3.2270422267586243,1.264261513684689,3.882788509226227,1.1396072325920625,4.484923765527143,0.9781509069145938,5.016538382390953,0.7524597192567999,5.451936084485999,0.4906374994742489,5.762786386935343,0.24474897809302007,5.945616331954834,0.032750588765434394,6.012891377234162,-0.1219791675694504,5.988605334513743,-0.2721158005785754,5.891541575350982,-0.4583962457884252,5.709912385243174,-0.6497371982077488,5.432513257709904,-0.8289321498274542,5.06222774747391,-0.9887884008638629,4.606793644805862,-1.1228573404525533,4.07780657547921,-1.231222719902728,3.488129785563271,-1.3011246800915672,2.852891273642547,-1.3074114932523038,2.1977441640375988,-1.2422654534833066,1.5574568124657389,-1.1053090203163989,0.9672237885996771,-0.8658547198560698,0.4691499187891578,-0.4880000993489448,0.12487326680483303,0.0006022695140896197,-6.299441608903542e-05,0.5187066882840924,0.13033799795686452,0.9908234930212629,0.5107097510707106,1.3859136814899227,1.1080464215222074,1.7148359494748706,1.8856424370590938,1.9850476948737634,2.8132557660114186,2.1832441553564004,3.858624130527444,2.303426263871643,4.983382568221721,2.354888946347163,6.150658055538229,2.340771162023161,7.327384286550978,2.2582078433413932,8.479967788946311,2.110950657414156,9.574786583023556,1.906667879573151,10.581439062986743,1.649814129536417,11.472707113965074,1.343836614882467,12.223003521970412,1.0008561787756978,12.810353533111998,0.6346936569438886,13.220100121262398,0.2465601826597671,13.441371015308638,-0.16065975798966126,13.463377667788578,-0.5710630403306078,13.28021811854496,-0.9738494059129172,12.893687659199253,-1.3712571910478928,12.30720342573823,-1.7582568731364674,11.524094458993188,-2.1205838209758805,10.553133705466704,-2.454913515027896,9.408279269347078,-2.7692071025202627,8.101381632017365,-3.0445996130578425,6.645368583476059,-3.24514719518069,5.06964343781125,-3.3683280239366877,3.4127562265187446,-3.407646960425345,1.7165405998191012,-3.4597828889850613,3.838079577034348e-05
200,4,-1.15493845525,2.388712728986111,-1.0962792200271168,2.31567347184962,5.124711512627549,4.961032834785163,8.671407365122858,9.556911160017462,7.000842489260695e-05,0.00018020146486856254,0.23079183984409016,0.08844176267542402,0.18924529275081606,0.18383139882067742,0.5256787486253166,0.3491869911434198,0.9201487717836496,0.7168485820262965,1.1491640949638127,1.2401263461136645,1.276706765702223,1.8495451613626832,1.3362277269875895,2.50574661617169,1.3189046549797068,3.1728266621647387,1.2331627006086243,3.81307460754836,1.109557670331667,4.399865972458708,0.9506723179921182,4.917022939169668,0.7296171542453784,5.339752555482987,0.47388608756650036,5.640676200434035,0.23427222931249775,5.816703993074748,0.028109611262955525,5.880237638548394,-0.12195261622896696,5.854841551383715,-0.2675614399182046,5.7588934935604295,-0.4486092115469374,5.5808330407262385,-0.6347834601197255,5.309636402628752,-0.8093312462551212,4.948014761858017,-0.9652612578006414,4.503397602844426,-1.0962792200271168,3.9869731428818334,-1.202448841926702,3.411171223098856,-1.2712494704899922,2.7906513333488747,-1.2780001732306459,2.150396703540585,-1.2149366050138708,1.5243568701643926,-1.0815616320801782,0.9469600186463956,-0.8476924126310036,0.4594647829110015,-0.477999072007962,0.12233342947650197,0.0005901623047980392,-6.173193267401276e-05,0.5085350106639457,0.12776351619726178,0.9718090410131085,0.500764527682919,1.359889076698239,1.0867682761689834,1.6833334150390942,1.8499268806081537,1.949389025541013,2.7606923833090193,2.1449369542624077,3.7875024671486472,2.264015226431657,4.8927715345035825,2.31567347184962,6.0403407787545955,2.3029197501829968,7.19775182846577,2.222857791824726,8.331989630319018,2.07908739701737,9.409968653816026,1.8790655868053068,10.401726173367003,1.6271033544423175,11.280391674368916,1.326535741988309,12.020667136035103,0.989255717323294,12.600785782025302,0.6288635199738811,13.006173165452111,0.24657132788886646,13.225985112734532,-0.1547454418259892,13.249473584159624,-0.5593693960873074,13.070725221683974,-0.9565930585383806,12.69143958098411,-1.3485515840876126,12.114948895674583,-1.7302220385520524,11.34453304517559,-2.0874877165493064,10.388868326959084,-2.417023803271763,9.26176790838487,-2.726637114383576,7.974989767403854,-2.997722128417062,6.541368134551461,-3.1948883071919574,4.989969081805283,-3.315700716980326,3.3588514735821104,-3.3538360341578866,1.689276596808458,-3.404503786993041,3.7767561853889544e-05
201,4,-1.1175862699722223,2.316322007125,-1.1225089303998617,2.3502166407833993,5.172022991452937,4.946848918755414,8.390962971701875,9.267285836201392,7.184829142720937e-05,0.00018285657768263964,0.23502338879956733,0.08993055882399133,0.193395150576728,0.18726076044674753,0.5372947952821164,0.35624313616392267,0.9416251143640605,0.7322650066946297,1.177448145060139,1.2681123605287203,1.3093047657820807,1.8928367075263104,1.3710355611372174,2.5659849664739087,1.353436128473041,3.250507637562924,1.2651021627729218,3.9074533167692334,1.1374470051724481,4.509247642511017,0.9732882737754028,5.039093845020673,0.7452585783332099,5.4714557103839825,0.4817710746934435,5.778253874645123,0.2350825981566422,5.956415734055233,0.023063073996478757,6.018822266303772,-0.13107994726734357,5.989819466847915,-0.2802515536087761,5.888432918807425,-0.46522507689687786,5.703048065153229,-0.6549502981282547,5.422627700490835,-0.8323293349061316,5.050183695242254,-0.9902909112605163,4.593524097588937,-1.1225089303998617,4.064252452289625,-1.229160423158086,3.47518597750572,-1.2976068448761573,2.841356861589441,-1.302871111255846,2.1882455111670223,-1.237240081987991,1.5503726483074374,-1.1003775865496932,0.9626548793855862,-0.861749348409422,0.46687551013363965,-0.4856104517560167,0.12425896431799202,0.0005992954849212657,-6.268350511992088e-05,0.5161845141568233,0.12969987179527412,0.986182793039523,0.5082563922044967,1.3798031495439356,1.102877398689023,1.7078895629914734,1.877184150825096,1.9778620375449063,2.8012393666088133,2.1764218215753064,3.843081226962595,2.2974936193905187,4.96463208774946,2.3502166407833993,6.129244069876797,2.3375902644987687,7.303999960756479,2.2566198469556813,8.455389938627846,2.1109157339824907,9.549807511041383,1.9080216544038535,10.556798677633036,1.6523031604722356,11.449039410898239,1.3471491023369169,12.200800042327696,1.0046535528508382,12.789941625084294,0.6386525398876877,13.201639970350676,0.2504001803656524,13.424871192690546,-0.15716029303173548,13.448720424796058,-0.5680448313503577,13.26719426497387,-0.9713655389638546,12.882039871152218,-1.3692840641370385,12.296667365159983,-1.7566962449647472,11.51443619676835,-2.1192698321741434,10.544186078532347,-2.4536372242662505,9.399969919569196,-2.7677333818642054,8.093749494783093,-3.0426803103625457,6.6385746758703865,-3.2425729139929333,5.06396566525952,-3.3649657078475887,3.4085591062193554,-3.4034657298082793,1.7142290191193115,-3.4547047985518287,3.832446231770265e-05
202,4,-1.1112981132291668,2.3538085305208334,-1.1537656416680768,2.3667713503557857,5.19233878766316,4.9433350823308455,8.343750786111453,9.417264261587,7.239513123003441e-05,0.0001822926625312367,0.2351849283441572,0.08984484307858823,0.19442900656401005,0.1874835933221892,0.5406466500568556,0.35743675296084615,0.9500545378199063,0.7363214485297283,1.1920563428389965,1.2779096600234925,1.330275218014142,1.9115309514004175,1.397962310837777,2.596687499767854,1.3850500622594937,3.295915370530304,1.2995565797245154,3.9694574195604626,1.1729423519642008,4.588811106523429,1.0078643959270412,5.136272219615715,0.7762401229718254,5.58514073962167,0.50696038144173,5.906040702347143,0.25361444488030804,6.095153712530024,0.03484724955052023,6.165118635142067,-0.1251788392590333,6.140503123837911,-0.2803766756007949,6.040604750391747,-0.47241485251106424,5.853418967047451,-0.6692941770443501,5.567600080282584,-0.8532879170993238,5.1863015375949715,-1.0169808877274542,4.717685066865866,-1.1537656416680768,4.1738765588753175,-1.2637609712236193,3.56829191422082,-1.3339820578112007,2.916639663625031,-1.338854688733235,2.245341397932338,-1.2706095893413158,1.5900444350918,-1.1291151007493228,0.9867123988210036,-0.8833759490287372,0.4782221322717142,-0.49723946770490424,0.12718242771371588,0.0006129906501834407,-6.410402768753616e-05,0.5271329433293359,0.13251560274708343,1.0054904408123697,0.518766214796666,1.404331164358428,1.1244712292805952,1.7349449293858816,1.911774213039195,2.0051539201965074,2.849509088880779,2.2017693925968524,3.9045977822415585,2.319063459241905,5.037942079530431,2.3667713503557857,6.212125428396524,2.3483619605883264,7.393737185605252,2.2612224236978244,8.54897817497784,2.1093884200249313,9.644154124432236,1.9007888940921105,10.648931042655525,1.6400632339410783,11.536270086297968,1.3307974599985897,12.28084180597656,0.9852466903161835,12.86099733849391,0.6173093135875497,13.262462071541002,0.22819258821394398,13.474762335592267,-0.17922613167789547,13.48750272234945,-0.5890512906652868,13.295172904458962,-0.9905375503077537,12.899944880832503,-1.3859960980450041,12.305578146664544,-1.7704618710192366,11.51571038361293,-2.1297558028704406,10.539386696912548,-2.46064702579973,9.390790509122255,-2.7711600133041987,8.081958381918952,-3.042547436199885,6.62596531602299,-3.2390901808995425,5.052271415434779,-3.3584366210962475,3.399382818214219,-3.3942805262031097,1.7089947811701207,-3.44297263707549,3.819431233827203e-05
203,4,-1.1155843908194445,2.3160823003749997,-1.1478645964997507,2.33672074402921,5.152586434960674,4.947389642961915,8.375932638656357,9.26632680245639,7.342552442200437e-05,0.00018685318229607118,0.24018476131761268,0.09190060179630162,0.19768417682514333,0.19137870846197108,0.5492604806212728,0.3641168571132316,0.9627776624610112,0.7485502190225963,1.2041569166227308,1.2964966030084426,1.3392260624802357,1.9354498867277683,1.4024585794610798,2.6240110478017966,1.3843392604701523,3.324203403752077,1.2936025619656044,3.9960642729459015,1.1623810350670276,4.611254015744436,0.9936045616818139,5.152469616973135,0.7593859617934199,5.593506243791902,0.48893209458388737,5.9056235277582525,0.23579776832029758,6.085722985849394,0.01832210329124853,6.147066171948351,-0.13977897599526284,6.114650400627424,-0.29251807679612835,6.008038813231807,-0.48140016450420303,5.8155446289256325,-0.6746490796029964,5.526127441819381,-0.8548030118533494,5.143107017718692,-1.0146716284248574,4.674694890727761,-1.1478645964997507,4.132951720223495,-1.2546328368121744,3.5311427388601713,-1.3222331063674966,2.8847431530205245,-1.3254752032951815,2.2197745819206145,-1.2567709466072894,1.5713310268352156,-1.1160414756289787,0.9747827688398593,-0.8726910008440646,0.47231286885883417,-0.49103659544278755,0.12558315643333387,0.0006051952310852843,-6.328673852867092e-05,0.5203090049971538,0.13080803398749555,0.9923425653739495,0.5120286655864715,1.3858675687023296,1.1097876672190499,1.7121087239393187,1.8867297921531145,1.9788397680660152,2.8121364476464863,2.17307585392182,3.853423289754759,2.2891714709838284,4.972074360169839,2.33672074402921,6.131231536666039,2.319115528105264,7.297978869570026,2.2337273048224526,8.43899647307593,2.0844789829743786,9.521040050049377,1.8791349708498437,10.514151204788352,1.622214331416054,11.391593462214855,1.317202481445606,12.128288552717315,0.9761652408054565,12.702769120591045,0.6128155024503801,13.100838406115706,0.22834035268692382,13.312049408936304,-0.17440954313160043,13.326032407053322,-0.5796953265423144,13.137254475042376,-0.9768562817794991,12.747793693082352,-1.3681395233906868,12.161316662307703,-1.7485948564343172,11.381389059276506,-2.104159228596503,10.416944632371392,-2.4316043348624254,9.282017447400829,-2.7388416759294105,7.988532569169274,-3.0073126578243734,6.549452912757996,-3.2016952684505364,4.993950183537424,-3.319688008330526,3.360135008357819,-3.3550929625935026,1.689255584606385,-3.403186358616085,3.775294677265896e-05
204,4,-1.1183550895833332,2.3067430241249998,-1.1566591596136053,2.3333383972357655,5.150788364364869,4.946029826821745,8.396735355509803,9.228961642411385,7.440193382899771e-05,0.00018781296784835903,0.2420389229676319,0.09251094081225196,0.1997228611411535,0.19290128507365673,0.5549768303388167,0.36741934863796144,0.9735737302360871,0.7560153658260893,1.2185381309934114,1.3103269283694392,1.3556883240273763,1.9570479354028545,1.4195636955666662,2.6540659164286207,1.4004354823083593,3.362628707675654,1.3071926364885664,4.041962948987117,1.1725193528161375,4.663113772656675,0.9996287034391977,5.20839892715251,0.7606462216152258,5.651276583590679,0.4854439388435986,5.962814763536096,0.22835959954482832,6.140142987909282,0.007995792663038974,6.1969945743809145,-0.15178462494906986,6.158951716990244,-0.3054912544918369,6.046077316106356,-0.49485544129707787,5.846950510381453,-0.6878738696713428,5.550831658214547,-0.8670843144463865,5.1614073599842545,-1.0254202665297552,4.687216249050293,-1.1566591596136053,4.140573864068101,-1.2612466036438195,3.5349070975605192,-1.326615531654965,2.885760160094635,-1.3277764439297504,2.219131618774996,-1.2573521526955778,1.569986131918044,-1.115415264534819,0.9734731219572509,-0.8715104291737858,0.4714855283495766,-0.49008772029414793,0.12532181322458374,0.0006038100463812777,-6.313902652050424e-05,0.5189621211900021,0.13047906679559748,0.9896477998124578,0.5106823342526383,1.3820878712382225,1.1068089031441979,1.7075966557932303,1.8816627396226502,1.9739854372911456,2.804710459850195,2.1683154973142056,3.8435750161683893,2.284928056680556,4.959958949246982,2.3333383972357655,6.117197109133143,2.3168621823709796,7.282525716803192,2.2328009444983854,8.422741833888232,2.084990567824916,9.504679041301763,1.8811056630627954,10.498411581979838,1.6255894773300619,11.377193981591779,1.3218597763567694,12.115903745780074,0.9819104561185598,12.692994494083697,0.6193949938815808,13.094156359773347,0.23546571608616615,13.308806229828287,-0.1670603124704602,13.326422068644256,-0.572476228309636,13.141301371706586,-0.9701319981007555,12.755341614640049,-1.3622740400659652,12.172027184640633,-1.7439475472649217,11.394742430535855,-2.101064572209266,10.432246628182705,-2.430360123566107,9.298415972080967,-2.7397198918150614,8.005033235117615,-3.0105142093231074,6.564939009910644,-3.207267161469909,5.007242012774873,-3.3275491214109083,3.3700618229909955,-3.3650133587874254,1.6947283454049407,-3.415153297450739,3.7885701178184e-05
205,4,-1.0892865583680555,2.312742297833333,-1.192772546874105,2.359358341809553,5.110937170407435,4.9624643458041,8.178485565204829,9.252963911566416,7.471189488108245e-05,0.0001865296358877981,0.24132721282907715,0.09208240551700297,0.20010208173309021,0.19243598984086072,0.5565674010169663,0.36736177397300046,0.9791978612457503,0.7576429927143705,1.2302230881760579,1.3162279268545303,1.3743296713738806,1.9705072596251891,1.4453460817886463,2.678641150274465,1.432622809053253,3.4017469180477304,1.3442864582480394,4.0984716179623,1.212816739716654,4.739042730724851,1.041061377152684,5.304866213176067,0.8001809042517484,5.768124453334214,0.5202529316681506,6.098337055231736,0.25686949779941404,6.291545128774868,0.02946506670313789,6.360894431585088,-0.13694321265537826,6.3319112750129305,-0.2979215557838813,6.224710670102204,-0.49627054382984653,6.027176717166108,-0.6988668166877239,5.727956625302793,-0.8874062613243888,5.330683033822293,-1.054278724261874,4.84415112515991,-1.192772546874105,4.281207403606841,-1.303126676085196,3.6559739287091517,-1.372198247358427,2.9848545143854697,-1.374081205395791,2.295117959419347,-1.301205241219846,1.6233078421155662,-1.1538361956586058,1.0060962731119774,-0.90083625190878,0.4869956191273677,-0.5060437469821243,0.12934734651013124,0.0006227715715156107,-6.51085509395581e-05,0.5342949680477656,0.13440906909636574,1.016966512231201,0.5254477408776136,1.4171732551086371,1.1373453627803503,1.746759468057548,1.9308999785755814,2.014027581221118,2.873880039060953,2.206117754209483,3.9323318136824432,2.317790324526823,5.066478125005124,2.359358341809553,6.238500744174306,2.334770268610996,7.414853951747417,2.2418427516807125,8.561827007111006,2.0850117046520014,9.646023597286057,1.8725186393622273,10.637587589910389,1.609226441242846,11.510090792791575,1.2988742333585348,12.23890892029893,0.9537510258055921,12.803147979641714,0.5876728492576432,13.189271857935106,0.20177599211572603,13.387503397010896,-0.20116580859577682,13.38810650431183,-0.6055091596689054,13.18614183256795,-1.0007687932447566,12.784213914460034,-1.3893966543191172,12.186417008746128,-1.7666298581572026,11.396646710871751,-2.118601363518608,10.42407175006602,-2.442270507829016,9.28286312488533,-2.7456898672863113,7.985000579778112,-3.0104549405095455,6.543432143836441,-3.2014275266425405,4.9872256832083215,-3.3164012914774395,3.3543173280193606,-3.3492416964609015,1.685739051165894,-3.395012146739972,3.7662266620732395e-05
206,4,-1.1026877355625,2.362985630840278,-1.1617620872784515,2.335793444346829,5.128261104959181,4.950213155024003,8.279103105556853,9.453980578034448,7.453213331727004e-05,0.00018739769134451547,0.24181002760628356,0.09237447801967869,0.1997981393807679,0.19274319779658147,0.5552455551565303,0.3673321609111735,0.9745605357664577,0.7562214735520013,1.2205253651115398,1.3112723537931483,1.3586945712080138,1.959243495626858,1.4235008604273285,2.6580030145137807,1.4051184864767179,3.368730369199148,1.312377740486199,4.050541913552804,1.1779736058525998,4.67436190646466,1.0050954109408277,5.222390152039232,0.7657597837904399,5.667929529145485,0.4898642843823352,5.981861904746489,0.2318922552926798,6.161184768334438,0.01054234806805323,6.219556839966434,-0.15017843330562136,6.182550039948977,-0.3049048822813917,6.0702324742609495,-0.495495422278341,5.871098568187225,-0.6897973949856246,5.574337979853832,-0.8702309792988729,5.183642081134875,-1.0296498882674618,4.707599260888574,-1.1617620872784515,4.158614279479047,-1.2669847314474427,3.5502265658510863,-1.3326835025771004,2.8981130166894498,-1.3337701664825052,2.2284512073404623,-1.2628690382062997,1.5764127737444447,-1.1201072182103518,0.9773330423938913,-0.8749844252027432,0.4732856479147662,-0.49192159221907455,0.1257798905409927,0.000605934045654073,-6.335874534052411e-05,0.5206232606851632,0.13090904969343536,0.9925243010118943,0.5122680177395426,1.385683286128433,1.1100317054786315,1.7115115526946336,1.8867774789947478,1.97790219219611,2.8117956111480527,2.171946656897487,3.8525583644298895,2.2880432087179323,4.970636645175377,2.335793444346829,6.129271798333223,2.3185753550855597,7.29564492693541,2.233736209810395,8.436523629966727,2.085162484443153,9.518735980784056,1.8805737516442547,10.512375313426851,1.6244426373826781,11.390733885882888,1.320206252123211,12.128738672595926,0.9798755071571753,12.7049018194065,0.6171090809702852,13.104978195707977,0.23304797139970027,13.31844749176313,-0.1695038366097278,13.334843821005782,-0.5748517758332665,13.14851478997529,-0.9723654676927493,12.761400193094472,-1.3643147181867963,12.177015554479674,-1.7457642886529579,11.398765510584386,-2.1026435510684425,10.435420562582442,-2.4317044552887794,9.300859538621635,-2.740846820385663,8.006859928952958,-3.011449304185657,6.566251354544857,-3.2080393209026288,5.008128792302419,-3.3281878063380783,3.370597038967812,-3.3655432043067113,1.694972448925404,-3.4156047038545587,3.78907088064565e-05
207,4,-1.151350710125,2.3311276137569443,-1.1994671537401127,2.394326484433838,5.139788540335891,4.955744967105016,8.64447017261733,9.326521032436862,7.49819739570429e-05,0.00018533817443871137,0.24057860621336533,0.09166940892324693,0.20018229111005822,0.19190561319606156,0.556946739488554,0.3669153921786698,0.9811838469029248,0.757732813170781,1.2345465776807254,1.3178870922327075,1.3809009832735752,1.9749028764725118,1.4537145592114462,2.6867963599386537,1.442079884326622,3.4143920412179627,1.3540217172133437,4.115947289154794,1.2221398379251545,4.761308261655133,1.0493710910369127,5.331566268553417,0.8068187536252533,5.7985877558493915,0.5247981775321214,6.131603320498856,0.25932192225578155,6.326555897920882,0.03005589548941188,6.396650100884754,-0.1377516130998757,6.367594402495865,-0.2999441389366421,6.259688237682055,-0.49956966769125194,6.060823491529425,-0.7033236223833755,5.759656255420765,-0.8928179373129803,5.359907057062255,-1.0604341309906782,4.870474264703316,-1.1994671537401127,4.304310557083444,-1.3102071831935693,3.675627460100018,-1.3794852309018835,3.000906442648153,-1.3812922942599182,2.3075323120857196,-1.3080448571093022,1.632198202643738,-1.1600109711392474,1.011718352201761,-0.9058298572363134,0.489796303253957,-0.509000593943068,0.13012033482515037,0.0006266351727634157,-6.551707574575892e-05,0.5379617527441888,0.1353032321912617,1.0247141500833024,0.5291830315863202,1.4292661720741164,1.1460298223800218,1.763500133245611,1.9467791100524259,2.0356776216863333,2.899350627839511,2.2326371702553924,3.969854371334235,2.3488132186548163,5.118406029547765,2.394326484433838,6.3069536630711855,2.372882104974551,7.501616942607052,2.281988785245582,8.668206034665113,2.1258843167783117,9.772714008243689,1.9127227389546297,10.784606725874998,1.6472932053131903,11.67674046684072,1.3332964652268018,12.423742307070713,0.9831816093280271,13.0039945492334,0.6110193699515726,13.403355356981772,0.21802070371905252,13.611526574063957,-0.1929206654043159,13.618283074853318,-0.6057783462757852,13.418324891710817,-1.0097565359059726,13.014089259301967,-1.4072449872618527,12.409587528585933,-1.7932870055931653,11.608680974640174,-2.153645066839635,10.620657013755295,-2.485131254399689,9.459950727562385,-2.7958895795601686,8.138801336561649,-3.0670916081441497,6.670466773931459,-3.262857161643768,5.084671580954509,-3.38092453071091,3.420198598125577,-3.415048734838061,1.718987838483982,-3.462199104523479,3.840759923592217e-05
208,4,-1.1955599158487105,2.4080482258725198,-1.1383599359012009,2.3423738610375135,5.113979876833194,4.946992950091323,8.976397844067003,9.634269824261962,7.165620654530737e-05,0.00018001359957004249,0.2324039081033572,0.08875781575517132,0.19224399278983123,0.18527533402915763,0.5345347438360194,0.3533097729273767,0.939344097287044,0.7279187689030278,1.1785485183825706,1.2633906863365785,1.3149572341542453,1.8897793660347288,1.3814506011986278,2.566950040058512,1.3681387462741845,3.2577859123064936,1.283037096259941,3.9229427642285515,1.1573221556494535,4.534244589869455,0.993694239254745,5.07422564445228,0.7644912647105465,5.5165714280433145,0.4983075383479537,5.8323606141536235,0.2480694179606154,6.017928687478673,0.032157691823939766,6.085855496088837,-0.1256268669954804,6.06047691774928,-0.27853214605739257,5.960903617515293,-0.4676910724304129,5.775342734615737,-0.6615552614681813,5.492642569486173,-0.8426736916965398,5.115940518678185,-1.0037697848148543,4.653295503047816,-1.1383599359012009,4.116658576617449,-1.2465873009484176,3.5192381727978685,-1.315663190649684,2.8764929527899485,-1.320373286701815,2.21444074271032,-1.2530504727059395,1.5681972478094164,-1.113547399529708,0.9731957210445801,-0.8712610585943087,0.4717000322281486,-0.4904748788032006,0.1254581260766298,0.0006047280039735479,-6.324147982888131e-05,0.5201430434904901,0.1307492199045637,0.9924077352934794,0.5119292825242354,1.3864893996184269,1.1098483004184012,1.7135319834568048,1.8872928960999653,1.9812441182363405,2.813650378471635,2.176565117663652,3.8564081172896008,2.2937657226982195,4.977080756774369,2.3423738610375135,6.138802905653361,2.3257210772781205,7.308620679929734,2.2411172368279018,8.453145265022334,2.092440959850279,9.539036287825315,1.8874308612869741,10.536222275229116,1.6305838172403981,11.417842214109816,1.3253657842143336,12.15868231642958,0.9838479154570805,12.737135316943288,0.6197608718665775,13.138872314751465,0.2342802017427737,13.353316261904157,-0.16975206613449242,13.369959690906894,-0.5765616350100027,13.183138593302697,-0.9754558263256725,12.79482008127623,-1.3686873470778775,12.208565182139983,-1.7512830985868932,11.427835253778952,-2.1091101977704083,10.461484724900693,-2.438900216449102,9.32349941645848,-2.7485707682805973,8.025761303993674,-3.0194471678918857,6.581209339438805,-3.21598441469739,5.019087949392567,-3.335798887484494,3.3776560061606213,-3.372591841470796,1.698361341847487,-3.4221133035722926,3.7962911303528875e-05
209,4,-1.163122924484623,2.37290254568998,-1.2004157275420426,2.3544832091473844,5.149157844785869,4.961896938609091,8.732857277434741,9.49365679068656,7.544993669251469e-05,0.00018588775161357133,0.24154422206290624,0.09199738386978225,0.2011975808923361,0.19269548409545448,0.5597537620297268,0.3685863856247791,0.9862663647887716,0.7614049223336956,1.240905264720461,1.3244642245482294,1.3875808469948032,1.9847757456458348,1.4598511847826694,2.6999097280820767,1.4468349200987616,3.430260395172359,1.3567805579826566,4.1337125032670805,1.2226230589695017,4.779889827719803,1.0475221432005126,5.349805465779703,0.8027847432093277,5.815343877886943,0.5190204747962852,6.145883412072412,0.2523721470986733,6.337630402519334,0.02247021737901573,6.40407047642299,-0.14556332078084558,6.371150789604699,-0.3075837972131447,6.259362117063481,-0.5065297853833807,6.056826421502474,-0.709163403151149,5.752443460448106,-0.8972083649691991,5.350125037463626,-1.0631556396477777,4.858907751931828,-1.2004157275420426,4.29182402160277,-1.3093614175697057,3.663116302715462,-1.37696080451472,2.9892469834588367,-1.3774119154563444,2.2974911377055722,-1.3032547363248432,1.6243443266150632,-1.1548413916762537,1.0063803160527185,-0.9010995019186087,0.48697666236093423,-0.5059485563452031,0.12930420898300854,0.0006224267511035798,-6.506884079485348e-05,0.5337617118580151,0.13429200241021255,1.0155924140209245,0.5248628835894297,1.4148297644525403,1.1358331041938237,1.7434566294980984,1.9279734986360186,2.0098850344045442,2.869084682293016,2.2013819701646122,3.925304053108666,2.312802536760842,5.0570043549165025,2.3544832091473844,6.226546026296244,2.3303762075221885,7.400566451601005,2.238294104442282,8.545539237639668,2.0826265527175,9.628240658301955,1.871535682201041,10.618954454165173,1.609800203515224,11.491350659186729,1.3010683367524616,12.220860377900774,0.9575068199143169,12.786592196705428,0.5928109220385558,13.174948837343868,0.208043155869606,13.376043511406596,-0.19409358421620118,13.379996788213756,-0.5980394929640176,13.181685935436178,-0.9933501417977141,12.783498836784554,-1.38247485658393,12.18930552071412,-1.7606469320734062,11.402779654511779,-2.1139771680024197,10.432872960667641,-2.4393673196657892,9.293559901120284,-2.744809451107043,7.996654681680699,-3.0118211906267254,6.554971384322241,-3.205110192553476,4.997502116751984,-3.3223112638548633,3.362188193687959,-3.357123994263939,1.6901509408213982,-3.4047595605279053,3.777039889800734e-05
210,4,-1.0988839972291666,2.393449023361111,-1.156047856354864,2.3648207556132337,5.120586021205626,4.958320148498673,8.250544211835086,9.575860422530404,7.094366695893895e-05,0.00017476655088317377,0.22718061312843213,0.08650734894499355,0.18946711885061573,0.18127199771299943,0.5274847941911733,0.34696942231457983,0.9308207530304627,0.7174217145301633,1.1738502866196625,1.2494327191468302,1.316462274781891,1.8749681951945045,1.389925000941455,2.5546221351040663,1.3833860838080236,3.251416952130555,1.303935255733661,3.9256728009425856,1.1821867662879655,4.548490543087917,1.0206228242946465,5.1015048804761705,0.7912523173790398,5.557371940640123,0.5227229327992108,5.886032636862793,0.26866190092710135,6.0829006279494235,0.04814412415736772,6.1599858046093665,-0.11420149374661619,6.141451824161481,-0.2718800049843787,6.046424994884518,-0.46645446748048947,5.8628544801667655,-0.6658154495285658,5.579389619525326,-0.8520823527663556,5.199250782718966,-1.0177215028140598,4.7307348421579,-1.156047856354864,4.186153054776054,-1.2671621634024706,3.5791298551746284,-1.3380596014406367,2.9255885480027035,-1.343133577662323,2.252181525528644,-1.2746597766931926,1.5947864230585107,-1.1325923106786815,0.9895591022685177,-0.8859444872295933,0.4795427785919605,-0.49857990413306147,0.12751516421474357,0.0006145155204650526,-6.42611517541469e-05,0.528277247719044,0.1328160827936853,1.007352522315337,0.5198384935708085,1.4064299426727267,1.1265529086263313,1.7368571766781316,1.9148748706248089,2.006509574638521,2.8534414658085687,2.20223825273698,3.908998756415063,2.3183953806626674,5.042301485727289,2.3648207556132337,6.215834135445206,2.345082589653447,7.396138241891264,2.2566709885346627,8.549416968376601,2.103722279486758,9.64203009317693,1.8942475314298517,10.643743707967955,1.632950630699694,11.527655428097102,1.3234648274652523,12.268600632824029,0.9780537569606578,12.845110246964433,0.6105907462862217,13.243083609080477,0.222267996994486,13.452209992008589,-0.18406311967296907,13.4622489521141,-0.592579476505921,13.267820407828856,-0.9926036572470222,12.871188132663647,-1.3864734751425956,12.276180808800142,-1.7692682662041732,11.486490196198439,-2.1268815809306076,10.511184299788054,-2.4561146596894523,9.364440403646816,-2.7649787525347977,8.0582873949228,-3.0348010776895418,6.605783144520195,-3.2299934452287764,5.036309627966694,-3.348215193015437,3.388261009597042,-3.3831833137458185,1.7032086108015616,-3.430914092878819,3.806054184534728e-05
211,4,-1.1120981193333332,2.416108480756945,-1.198578063689636,2.4001768658847786,5.130588186399077,4.9637908602264105,8.349757321604558,9.666517795699802,7.358919561894932e-05,0.00018011465140215684,0.2346329229934628,0.08926573502831772,0.19609745018548422,0.1872551409746732,0.5460257521440735,0.35875675178686034,0.964292315485446,0.7423859245885249,1.2170215864735499,1.2937613079645154,1.3656431556604598,1.9425018832742702,1.4422807610229493,2.6476676202193565,1.435572849668545,3.370743315554076,1.3528608587966573,4.070382359854207,1.2259697418690043,4.716435660380828,1.05759873197617,5.2897302426633885,0.8188764104870041,5.761852506950187,0.5396581529369204,6.101652517102565,0.2756268815202932,6.304450904062741,0.046578762217850754,6.3828003088322145,-0.12200343029869379,6.36184448134982,-0.2855491374220636,6.261493460135344,-0.4870392455674459,6.069383565691725,-0.6932064925314558,5.773899385741782,-0.8855535310353517,5.378510915127834,-1.0563058006009864,4.891934339576437,-1.198578063689636,4.327025822375731,-1.3125014845530159,3.6979855792375282,-1.3846805225787733,3.021373419651167,-1.3887474918632827,2.3248025863647763,-1.3168380306044838,1.6453645884041312,-1.1690413245022557,1.020377343452969,-0.9136083871007806,0.4941797592512738,-0.5136408432327093,0.13132033841041882,0.000632491163729212,-6.613021476493495e-05,0.5429688469022146,0.13656816379308856,1.0339080793702728,0.53405019216791,1.441236837115052,1.1562500346871705,1.7768090254595847,1.9633771202990191,2.0489397283788575,2.9226494794066435,2.24447735097926,3.9994838918417464,2.3580611410727346,5.153348988100907,2.4001768658847786,6.34569729103823,2.374866273515557,7.5423322184996815,2.279959940067479,8.70890923428939,2.1200259424671084,9.811431355639682,1.9034972059746535,10.81952905499186,1.635367319037249,11.706343729718247,1.319478873686363,12.446873975908046,0.9683398898371165,13.019925419347008,0.595990585242677,13.411784839979767,0.20359056853014446,13.612559709072352,-0.20604417368506922,13.61240097744159,-0.6170423038023928,13.40632670210183,-1.0187674723799154,12.99700827963309,-1.4137087307522074,12.388627634322301,-1.7970299925959223,11.585165479019873,-2.1546487450973264,10.595956765934051,-2.4834630609138255,9.435419713202416,-2.7916305063807747,8.115756563850669,-3.060445785382837,6.650161442873367,-3.2541945200382294,5.06820900804219,-3.3705933826957537,3.408499320658921,-3.40337551985144,1.7127969798689358,-3.449100108855449,3.8262286532440895e-05
212,4,-1.1708392857083334,2.4205803623263886,-1.1415808077146197,2.387978257515941,5.165931597003846,4.955559588852635,8.790792582336115,9.68440917893676,7.00725227440469e-05,0.00017337306947848942,0.22504266509868326,0.08574590334057722,0.18738048847445016,0.17953543342197278,0.5216139263665417,0.3434024367772793,0.9199330997350513,0.7096232500776632,1.1594162070758078,1.2352417112522223,1.2996825722942429,1.852932147104539,1.3718649079121186,2.5238263625837214,1.3653806400984787,3.211545300612867,1.2873175978982487,3.8770964567328723,1.1679271835298082,4.492161052932341,1.0096017524189513,5.038812566208697,0.7845710405717757,5.490210723931897,0.5209503562581907,5.81675627649025,0.2715200312779162,6.013915605461927,0.05496129428621979,6.093458541936253,-0.10446658525329577,6.07910211206375,-0.2597474879923718,5.989548664170728,-0.45217159453166217,5.812601551061818,-0.6500927374504788,5.536674876493565,-0.8358414122899788,5.164566334007285,-1.0019166102227663,4.704101560683246,-1.1415808077146197,4.167122478357912,-1.2547847373137966,3.5668385769367075,-1.3283757632202593,2.9188342339313733,-1.336512185064736,2.249511496719041,-1.2710804849675004,1.5946570447688506,-1.1316379664515301,0.9905378720972567,-0.8867747573061161,0.48050675067363074,-0.4998246044749875,0.12789337338795456,0.0006167694357935647,-6.450804118838368e-05,0.5309212994498915,0.1334311018442778,1.0134117013968071,0.5226107000723047,1.4161230999254788,1.133261603516362,1.7501321908175096,1.9273311420879156,2.0231279636187347,2.873386146335586,2.2217038844520083,3.937990112624513,2.3400447097899164,5.081600102868318,2.387978257515941,6.266362446594873,2.3690549707992883,7.458479038150278,2.280722053781932,8.623794501162841,2.1271332246275456,9.7283019346586,1.9163535588291647,10.741421575659901,1.6531166794165655,11.635927596647534,1.341073846625325,12.386341214650441,0.9925761714318198,12.970902932504934,0.6216042853431863,13.375277087367412,0.22935433315630682,13.588946390631795,-0.18130316795788587,13.601461262613379,-0.5943980616344757,13.407274933352568,-0.9991327805538563,13.008560791586762,-1.3978379473355997,12.409084807013345,-1.7855101033369736,11.61249057413708,-2.1478530330856382,10.627871755778083,-2.481576914955526,9.46951024780391,-2.7947236401208904,8.149545431872781,-3.0683645224233542,6.681183235222944,-3.2664508104024894,5.09416261678038,-3.3865500950678467,3.4273692185747264,-3.4222635687742957,1.7229297794899525,-3.4707043333431375,3.85019513651766e-05
213,4,-1.2089239739444446,2.4664648390208335,-1.194523218767376,2.436097012978037,5.1383418828990655,4.959598124695365,9.07673669006568,9.867986660678916,7.250734967456605e-05,0.00017665333384225373,0.23051635137985496,0.0876346311865464,0.19306486856225852,0.1840133679362616,0.5378291173294152,0.3528987710469785,0.9510664457464192,0.731020917380681,1.2023841711802996,1.275306653214897,1.3517302891905754,1.916847101337922,1.4304071568146526,2.6155159378018866,1.4268434156634264,3.333401149503513,1.3479351932566264,4.029612392354092,1.2249159061748267,4.674176395888667,1.060280770731535,5.24788200153252,0.8251567237397227,5.7222561417282645,0.548960724815285,6.065987920640361,0.28700695219619776,6.273996632443991,0.05910541907327668,6.358361255057096,-0.10916197747523197,6.3437757609592085,-0.27291435742957604,6.249811613548736,-0.47510076387710803,6.063868551851143,-0.6825485750071251,5.774057553485039,-0.8767129344456024,5.383564176025167,-1.0497128322482239,4.900861122929382,-1.194523218767376,4.338623760003654,-1.3111383969401706,3.710941314123874,-1.385968593729356,3.0343403471331105,-1.3923403892114319,2.3365283301601907,-1.322126981455495,1.6548407383981503,-1.175217055515954,1.0269476095904628,-0.9194581136728671,0.49768112710658885,-0.5174382597898926,0.13233184057466224,0.000637661866545038,-6.667894475812136e-05,0.5479447288929641,0.13778041334106664,1.0442677433414658,0.539092745924614,1.456905794666639,1.1678068038782272,1.797620735019779,1.9840610392741733,2.0746350001493155,2.9549766071654933,2.274466235186997,4.045764260747087,2.3914814372854694,5.21551974941306,2.436097012978037,6.425243261010584,2.4122373207780665,7.6402488329524685,2.317551146306193,8.825620248883505,2.1565417022183366,9.946722648510361,1.9376753057336564,10.972545603061736,1.6659711045677639,11.875607066953693,1.345315525882832,12.630294304346062,0.9884370155726361,13.21486271833196,0.6096626118638382,13.615189655198396,0.21025027401783683,13.821070887188407,-0.20684750950648298,13.822388578243057,-0.6253909382797245,13.614021459747036,-1.0344603275567914,13.198682584729982,-1.4364920295986636,12.580670815943035,-1.826482029477815,11.764125665546125,-2.1900402311204097,10.758670882777821,-2.5239654401537006,9.57912826738397,-2.836516908073564,8.238086581384318,-3.1086748594743896,6.749154652406589,-3.3042074868592874,5.142576195731262,-3.4209039321870476,3.4577219960110344,-3.452545887376521,1.737111476163988,-3.497182824139865,3.879568765444328e-05
214,4,-1.2139896742291667,2.4788689149791665,-1.17750714660217,2.4572712887095274,5.10505539023961,4.953429190226369,9.11477053555655,9.917613662920502,7.15597550423509e-05,0.00017437203879879526,0.22751557153422522,0.08649872190699957,0.19049750933647028,0.18160951386416288,0.5306498553220125,0.3482443258761745,0.9382640817350678,0.72129719468267,1.1860473559456604,1.258220112289195,1.3332396940945062,1.8910109385788323,1.4108050680976925,2.580109130861106,1.4073957243506312,3.288175898215017,1.3298722158430167,3.9749656047313437,1.209084446924006,4.6110269380394575,1.0474909224852447,5.177535217852802,0.8165469374250962,5.646512898987086,0.5451774996703102,5.987141813981417,0.2878509309659416,6.194431643884342,0.06400614927522319,6.280267628080536,-0.10116774059119156,6.268941689364986,-0.2621862351624947,6.179654996811153,-0.4616456391948836,5.999768075472622,-0.6669012703429095,5.717263844492048,-0.859687792268287,5.334974676457545,-1.0322233883654455,4.860939970547299,-1.17750714660217,4.307366534082604,-1.2954457950622416,3.6878950229135112,-1.3723967392051557,3.0186426291384847,-1.3815767223096997,2.3269376825702577,-1.3145217385081107,1.6498480215182605,-1.170714783768387,1.0249718669962142,-0.9176169761761437,0.4972631436808829,-0.517276195814063,0.13236063045348673,0.0006383146675015107,-6.6760917632538e-05,0.5493912330098952,0.1380807089305667,1.0483667678059916,0.5407411459849225,1.464307326826393,1.1723133272141395,1.8085596410281215,1.9931495926818403,2.089018306449827,2.970406958154868,2.2918454285650065,4.069160746104305,2.411152369564751,5.248210769957168,2.4572712887095274,6.468179164566141,2.4340881057288204,7.6939762680008155,2.339235649290346,8.89026591798295,2.177282009717777,10.022004658240501,1.956806437146703,11.057820859234734,1.682929567945762,11.969926406837768,1.3596284169557966,12.732448922030539,0.9997587627820371,13.323437325777192,0.6177668725469531,13.728628993032396,0.21493968178382397,13.937716868977724,-0.2057471488686725,13.940487751821767,-0.6279634522654839,13.73175403857641,-1.040729924904347,13.314205852061606,-1.4465040636924917,12.692125875064546,-1.8402577292441034,11.86963281174901,-2.207503259572877,10.856363351122008,-2.5449999329876496,9.667192458487241,-2.861048390859114,8.3147556531041,-3.136456921748511,6.812726489972616,-3.334626258367021,5.191568469417026,-3.4532090014993866,3.49099695139686,-3.4858061348733713,1.753965615104369,-3.5313212519269874,3.917439932069118e-05
215,4,-1.1757972695625,2.4949873056458336,-1.1700625773445588,2.5269882455545782,5.098103549133504,4.951073304148594,8.828017680793742,9.98210112755974,6.819900374655485e-05,0.00016423957263593061,0.2152850483638391,0.08168201804689697,0.18137895452178746,0.17197372862584978,0.5060544364074999,0.3307542950467509,0.8985845927785269,0.687280788428895,1.1423536831986487,1.2029756184264362,1.2922794169523644,1.8144012344679756,1.3768105590347486,2.484600571264488,1.383800781204118,3.1781506267227466,1.3185398805467057,3.8561759583489748,1.2099053751559616,4.489642484750296,1.0595801146533526,5.059414053602644,0.8388377112764046,5.537049958579225,0.5753152419958156,5.8909153419843046,0.32262455945176227,6.114562842264056,0.1004941036190052,6.2183288701635515,-0.06532753034618942,6.225162144836373,-0.22842285760269243,6.153325565609418,-0.43123094699121184,5.989539991716046,-0.6411289867333202,5.721131204931887,-0.839548071036851,5.350353736847393,-1.0183249729542498,4.884845317499758,-1.1700625773445588,4.336609344320299,-1.2943512116232416,3.719261741109456,-1.3771408956706839,3.049063605474254,-1.3910485981128191,2.353746746929858,-1.327184619705966,1.6710547185714317,-1.1847565260618265,1.0394168372855248,-0.9304888527547163,0.5048504237035757,-0.5254548119231526,0.13452766371365021,0.0006493144522765006,-6.792640531753508e-05,0.5598616982201793,0.14063874937587767,1.0700073919797628,0.551325684297543,1.4968030062778235,1.1964539678406112,1.85136202560429,2.0361388819779553,2.1413252622073125,3.0372200986728264,2.3521142734109173,4.164198587635506,2.4772619892227894,5.374935770641091,2.5269882455545782,6.628955309977134,2.505014481607413,7.890019323509066,2.4087325692178934,9.121526597014128,2.2427488119602144,10.287109926265623,2.0158941740464673,11.35415712259139,1.7335282703923693,12.293767881969185,1.3998925458748503,13.079074247420209,1.0283988488312608,13.687327302597701,0.6341059261955045,14.103784778376514,0.21852200241761593,14.31786963386723,-0.21513000815886918,14.319188358548402,-0.6499309115124048,14.102588806938915,-1.0745141423707507,13.671070135540187,-1.4913614388484833,13.02929872216115,-1.8952900669363437,12.181787698417306,-2.2714399566120895,11.138717914406438,-2.6165316181370346,9.915631611283963,-2.939134247408871,8.525747254457368,-3.2196247691167894,6.983320732684509,-3.42058565886486,5.31978410764147,-3.5397471139105257,3.5759915148828316,-3.5706902060450765,1.7960459816178613,-3.614772857671507,4.010016199776888e-05
216,4,-1.1575331348402778,2.5221121261875,-1.1771173407060689,2.511655168646959,5.128143497207016,4.957498429843316,8.69088851029297,10.090623804649567,6.852765080418535e-05,0.0001657683526460458,0.21697239719049607,0.08237131981296553,0.18256544015525716,0.17330352877193161,0.5093239465368243,0.3331215957699032,0.903932749606566,0.6918575626914222,1.1485492279941283,1.2104762082037293,1.2987614132742564,1.8250839000630303,1.3833298871689659,2.498543230784122,1.3901193008583739,3.1953124377058333,1.324471220519799,3.8764056904182227,1.2153552789480007,4.512720926713293,1.0643970923417154,5.085069393614033,0.8427067384309186,5.564891152577763,0.5779816436963146,5.92039651673841,0.32399773888292344,6.145056537113536,0.10055834850312395,6.249179290422811,-0.06645527855080718,6.255742111438323,-0.23076487163277712,6.1830440095757035,-0.4348992153257982,6.017757112143418,-0.6460445573154348,5.747195366764552,-0.8454966956052296,5.3736911663247575,-1.0250073673949114,4.905010815734275,-1.1771173407060689,4.353324990560771,-1.301401578572786,3.7324350996828493,-1.3837804326497993,3.0587965887389545,-1.3968512233411448,2.360352341831129,-1.3318125577705713,1.6750417357638065,-1.1880207616009428,1.0414257590185851,-0.9323406278515936,0.505581940770235,-0.5260884393556386,0.13465352745159917,0.0006496458034293558,-6.795320664637782e-05,0.5596073283058567,0.14061512941524495,1.068579473885538,0.5509168006028398,1.4934736797032393,1.1948810209849887,1.8456360490819133,2.03231827734715,2.1329334294748548,3.0298758606228247,2.3410679870188456,4.151988081951511,2.4638431353965404,5.3565929123263025,2.511655168646959,6.60340248613793,2.4883643676607003,7.856442964695983,2.391479562018673,9.07944321059813,2.225643486767098,10.23640608058012,1.999651818685614,11.295087717424755,1.7188059237220144,12.226931240907348,1.387269091588917,13.005379419859496,1.0183097493023368,13.607939950781926,0.626828651420338,14.020046433223602,0.21425800334085657,14.231238587210367,-0.2162513235357856,14.231208096773788,-0.6479135161740984,14.014835464929984,-1.0694482868794206,13.585091526919538,-1.4833309623653914,12.946597561325714,-1.8844037195164944,12.10382182576236,-2.257879800151455,11.066872302968182,-2.60048537110489,9.85119397344607,-2.9207251156690113,8.469928451799646,-3.199081649301277,6.937255422287682,-3.3983746685958387,5.284428404538814,-3.5163829028884126,3.552053870553481,-3.546777925919181,1.7839451297404039,-3.5902816016023986,3.9828470390224506e-05
217,4,-1.1751957345208333,2.534009090708333,-1.191110357250234,2.526932923254812,5.124083881231398,4.967034585280921,8.823501288282108,10.138221923761924,6.946375111380337e-05,0.0001676554245961693,0.21960146266758584,0.08334502454352662,0.1848828330207433,0.17540997864240077,0.5158013579821058,0.33725561569387913,0.9156310535648219,0.7005958435281926,1.1636471336081433,1.2259846620439654,1.31596480602082,1.8487090347023554,1.4016231719167254,2.5310889446841953,1.408266039700669,3.2370227135319585,1.3412911312254432,3.926898536751837,1.2301045800085462,4.571129506463559,1.0764204157334019,5.150206174336578,0.8510324743051679,5.635154765713501,0.5821386301701807,5.99377783413616,0.3243521988821804,6.219543907095222,0.09778553739727731,6.323023942825268,-0.07136060520732568,6.327632129249977,-0.23753824745802568,6.252024898789361,-0.44377895132627226,6.082826953276385,-0.6568363369434147,5.8073319711854365,-0.8578037006260903,5.42803583570657,-1.0383863444593198,4.952914324397999,-1.191110357250234,4.394367826719174,-1.3156198870423799,3.7664094241580295,-1.3977780468162313,3.0856946411920525,-1.4100323825830428,2.3804298407414475,-1.3436214944544262,1.6888517346064826,-1.1979910754561107,1.0497699465158017,-0.9398092943206511,0.5095315361667954,-0.5301508895804349,0.1356832113931469,0.0006545451478454081,-6.84640970106449e-05,0.5637372039370495,0.14165874419368527,1.0763587000758148,0.554964994256877,1.5042110989789164,1.2035867443742991,1.8587111291993768,2.0470009971739227,2.1477411902912245,3.051557119893762,2.356849351466915,4.181351445893887,2.479758890653526,5.393914612645513,2.526932923254812,6.6485531752413145,2.502283313347237,7.908922372816212,2.4033649586979666,9.138399774084183,2.2349523059625334,10.300680103101508,2.006022548293968,11.363292963634276,1.7220475554403925,12.297544220263436,1.387357121901951,13.076821936443464,1.0154181077564575,13.678670111118917,0.6212964260689844,14.088654535976561,0.20649171185857437,14.296504306072672,-0.22579648545887532,14.292125634975342,-0.6587265909092568,14.07064163864693,-1.081029436294062,13.635279711476706,-1.4952543763610615,12.990893422148757,-1.8963093748706146,12.142146559307548,-2.2694692697807177,11.099312456223956,-2.6115515616591156,9.877963854422736,-2.9311619531893918,8.491319714282477,-3.20882601548999,6.953598627011074,-3.407363724103721,5.296086200319742,-3.524576509417333,3.559413918688316,-3.5541169432303135,1.7874212277247947,-3.5968612635688753,3.990146118734459e-05
218,4,-1.2047928066944444,2.542595201069444,-1.1930271152072114,2.521055688619764,5.1545064129214495,4.955175766213424,9.045719423340024,10.17257377065231,7.01464267075995e-05,0.0001689360249804508,0.22141887704512697,0.08401416881825911,0.18648364205920748,0.17686392040783547,0.5201906358482685,0.3400953118512804,0.9232721502593413,0.706499923751323,1.172899504196766,1.23617741829637,1.325553240772938,1.8636559485860538,1.4105210553324887,2.550700495742951,1.4154557829765972,3.260696182146603,1.3459981212446235,3.953569291077652,1.2319932381842937,4.599455580564443,1.0753878228015064,5.178749743846059,0.8470712926608033,5.6624442400644615,0.5756580779573567,6.018428890604947,0.316122253951076,6.240483655543691,0.08861534264174417,6.339579680797213,-0.0807283030113768,6.33952747823662,-0.24661132710944142,6.259293008840671,-0.45212038841363483,6.085721777382148,-0.6639861746882653,5.80633615809672,-0.8633935989070763,5.423842343373613,-1.0421821498355741,4.946367774324494,-1.1930271152072114,4.386392520292043,-1.3157055443216574,3.7579382182586505,-1.396231408050632,3.077600907545245,-1.4072413623147355,2.3734401489787356,-1.340095625648481,1.6834635349485718,-1.1942896249623813,1.046213493220856,-0.9366114309942728,0.5077317925873387,-0.5282474265909138,0.13519085595973995,0.0006521388488241956,-6.821187664593477e-05,0.5616479234710734,0.14113403445423628,1.0724104035451298,0.5529151997072116,1.4988337741556756,1.1991867114381336,1.8523354952236366,2.0396456027483736,2.14078826863494,3.040851093512595,2.349794257106276,4.167122672918752,2.4730841308844425,5.376234427907876,2.521055688619764,6.627718986457549,2.4975693580136578,7.885425823309446,2.4001391687848357,9.112906046633107,2.2334624334840014,10.273999178028973,2.006417345666621,11.336334100863747,1.7243817603947256,12.271267207171798,1.3915892372375298,13.05219054821394,1.0213867058914627,13.656598266863979,0.6287298420370281,14.06994613969807,0.21505103245952062,14.281809424800079,-0.21651502390540595,14.281909332964641,-0.6491946167982974,14.065149332976219,-1.0717467424165183,13.634511898640156,-1.486718084661513,12.994600986993616,-1.8890095939026414,12.149833197503735,-2.2638650636887587,11.110243113965664,-2.6080463460001155,9.89118756583718,-2.9301104151830324,8.505696325221953,-3.2104956029673404,6.967828535992323,-3.411846715045937,5.308778340735089,-3.531809977725881,3.569170472787048,-3.563868296664655,1.7929224576446618,-3.6091102246840427,4.003734423678161e-05
219,4,-1.2122497252222222,2.5551892833541667,-1.2023191313946173,2.522463458424091,5.133247902287098,4.959827575429182,9.101706803402536,10.222960962078266,7.121267594590179e-05,0.0001740638072193194,0.22697556695839508,0.08630895828520997,0.19010668254375604,0.181199403122725,0.5299396459227342,0.34755950776832933,0.938242459446675,0.7203549850351587,1.1885460488127957,1.2578246993778137,1.3398179336271736,1.8928270254590196,1.4226248045317023,2.58648743316711,1.4249642032046133,3.301897331506519,1.352903637658568,3.9988628185302217,1.2367439854457387,4.647640302489002,1.0783817422974642,5.2288630754802075,0.8483218671257665,5.7136209119928365,0.5753101000834634,6.0698159726598995,0.31458317257873925,6.291383651547099,0.0862406617734292,6.389484103065591,-0.08353543964470281,6.38812549271713,-0.24997552592743635,6.3063679293521835,-0.45652631616217315,6.130870117201937,-0.6696530022550993,5.8489702554877026,-0.8703693159347445,5.463315961710978,-1.050404907329623,4.982036311217922,-1.2023191313946173,4.41767356040875,-1.3258236853115615,3.7843545757354033,-1.4067747668087944,3.098830019804815,-1.4175889340251608,2.389418017379512,-1.3495906520884016,1.694455284244673,-1.2023408602167889,1.0527935865234745,-0.9425400704865544,0.510785550074616,-0.5313493429408119,0.1359628253245175,0.0006556959709476816,-6.857918566605256e-05,0.5643845917178526,0.14184614534102727,1.0770578346862274,0.555512283450514,1.5044794135699049,1.2043926176114343,1.8582241680809943,2.0477627750947742,2.1463019654763618,3.0518433175199235,2.3543664284033428,4.180658762217314,2.476240015750432,5.391719314596783,2.522463458424091,6.644356001259842,2.4969993379945894,7.902280399786753,2.3974321398854865,9.128946349947764,2.228546228627524,10.288134660464285,1.9993139268206002,11.347461946252288,1.7151962436700867,12.27831678892239,1.3805134055530202,13.054164623635353,1.0087281984546157,13.652623283474126,0.6149117702349652,14.059332468284177,0.20058355922379803,14.264101285001109,-0.23102468787903127,14.25692933238224,-0.6630397024770669,14.033049640222208,-1.0841633886428659,13.595814235316736,-1.4969087285218678,12.950217599570426,-1.8961586239450452,12.101081224067563,-2.2671981872742086,11.058839989362395,-2.6068637066715636,9.839218776815777,-2.9237606083507073,8.455585039451678,-3.1985079033603463,6.922290017404426,-3.394160196884468,5.2706633546668,-3.5086975642467397,3.5412754824031265,-3.5359894923031447,1.777799708592885,-3.576508975969101,3.9675684652083205e-05
220,4,-1.1992492899305556,2.5468737714375,-1.2043768387474632,2.5451022022532417,5.203146758307944,4.950930275247012,9.004098078170887,10.189691742354476,7.191726399608337e-05,0.00017617847577503854,0.22954713405072327,0.08731766198185187,0.1920546415862729,0.18322906821311485,0.5352469483858872,0.35127551266366885,0.9470205932266117,0.7276806666388956,1.1986005758228269,1.26993617003812,1.3497736024631977,1.909982982600436,1.431564565032527,2.60840386566124,1.432048719634639,3.3278515610984822,1.3575700007983937,4.027768658268472,1.238871912967032,4.678242719785661,1.0780310320266993,5.259908481877994,0.8455457819574566,5.743878449813384,0.5705123765551726,6.098152699557312,0.30850363203406816,6.31696956336121,0.07962493618893028,6.411864722381125,-0.08999892772081333,6.407213368322252,-0.25595355995053,6.322338927198764,-0.461876701526695,6.14400220302062,-0.6742060547501026,5.859620181308459,-0.8740319013357499,5.471910605700818,-1.0531996782566302,4.989019819629912,-1.2043768387474632,4.423451611197796,-1.3273698370363523,3.7892424623541925,-1.408075775283461,3.103017119031594,-1.4188873377803861,2.3929642984198467,-1.3510676663212986,1.697313553432753,-1.204063957953923,1.0548508119406113,-0.9443287865218887,0.5119498953161816,-0.5326520439929112,0.13632391933163093,0.0006576518349197373,-6.878999961520533e-05,0.5665041405273707,0.14234594585434107,1.0818883651287725,0.5577306581363963,1.512370935780161,1.2097803851248616,1.8693962826611652,2.057909369027376,2.1608301252715796,3.068416721210515,2.372059890392911,4.205301480216292,2.496673761620465,5.425914421221489,2.5451022022532417,6.689343394468611,2.521197993204022,7.959006901647489,2.4224227900389788,9.19800386366939,2.2535149916803734,10.36971579952725,2.023462195603447,11.441355180929383,1.7377395069935515,12.383915492042718,1.4006875848361773,13.170473188772299,1.0258751556167403,13.778286184017563,0.6285072603744746,14.192701513828379,0.2101298824398344,14.40327664159364,-0.22598747403147698,14.39976708180458,-0.6628095914774554,14.177212816438093,-1.0889148727735978,13.738854028349724,-1.506818807027501,13.08959921538007,-1.911336728662459,12.234191899670948,-2.2875809131358826,11.183054755382356,-2.632316950337106,9.951970230822072,-2.9542049299319992,8.554357855357702,-3.233613044203085,7.004649676576665,-3.4331012222682333,5.334472880442878,-3.550512494522953,3.5848500546575246,-3.5795240326773228,1.8000025251434746,-3.6217790621452326,4.017788447443733e-05
221,4,-1.2230920840833333,2.5785482160902777,-1.20620644297026,2.5596147589205036,5.144426624489371,4.957539696456899,9.183112448920845,10.316416839900205,7.053195939143425e-05,0.00017050931303334168,0.22321549691740342,0.08473672391575224,0.18779770215517982,0.17828273880510068,0.5238902222041445,0.34267408447668724,0.9297366063644145,0.7116606816388933,1.1811860859504384,1.2450532178102172,1.3353507529804665,1.8770554085000708,1.4217672139659425,2.569365977669449,1.427903624166599,3.2853001583585937,1.3592621081521594,3.984616786244242,1.2457414163632514,4.637269520106729,1.0891247034730036,5.223465874739707,0.8598137082818,5.713826852346752,0.5865299943268484,6.075737981898882,0.3247877095615596,6.302686086156638,0.09501450897728654,6.405540277128693,-0.07624834235230579,6.408195776850458,-0.2442925814819523,6.329692457291995,-0.45274361959215736,6.15657091027168,-0.6678863302383544,5.87605911707412,-0.8705969204486667,5.490787323815716,-1.0525343366571243,5.008912974639837,-1.20620644297026,4.443040032422779,-1.3313304321085253,3.8073664124444737,-1.4136807469058656,3.1187255410055816,-1.4254778593893283,2.405594018939186,-1.3579395112578947,1.7065494431411579,-1.2105407933721557,1.0607201070719467,-0.9495880449433068,0.5148454861752402,-0.5356852432020061,0.13710467822916333,0.0006614495152916608,-6.918801502057578e-05,0.5698237274868418,0.14317672630923212,1.0882911867635736,0.5610094822508769,1.521379710535111,1.2169326510842335,1.8805573036878294,2.070121602181104,2.1736987091858055,3.086656891349839,2.3860733018348026,4.230288007832325,2.511213868226949,5.458064115787357,2.5596147589205036,6.728777956430984,2.5351706947003865,8.005583934929424,2.4353653110527103,9.251328971892578,2.2650163957140674,10.4291666913993,2.0332213358456017,11.506131663407128,1.7455443262037822,12.45309029388797,1.4064028658507075,13.243031689143544,1.0294747314158745,13.85317195090031,0.6300567801924005,14.268871198220985,0.20969875776386773,14.479723500344505,-0.2283345548471181,14.475516053301773,-0.6669700488145043,14.251329978138418,-1.0947897805722597,13.810459533384238,-1.514379518523142,13.157845965739638,-1.9205923618573395,12.29823483083254,-2.298531770112903,11.242046090832625,-2.6449932726833185,10.005057691224692,-2.9687094825915894,8.600654835991875,-3.249975114563659,7.043226460829305,-3.4511459058461194,5.364438690845111,-3.5699889526009594,3.605421846837431,-3.6000556546831852,1.8105619206909624,-3.643503101650361,4.041887829707747e-05
222,4,-1.2524751805486112,2.506754709611111,-1.2304518514121532,2.4923190159448136,5.136799384907382,4.9596984271032465,9.40372403037864,10.029180892705014,7.464145152681109e-05,0.00018211501137700364,0.23755135213761752,0.090322384815419,0.19890864121302185,0.18962720096248875,0.5541626549421638,0.3636352147823441,0.9800468042187821,0.7532596145143666,1.239227791888357,1.314176222764088,1.393418536460437,1.9754398185725246,1.4747622559009728,2.6957188160324184,1.4711978230495597,3.4358997394808184,1.3897270909939234,4.153736368344058,1.2625150893062518,4.818200812636546,1.092153875608545,5.409358438664757,0.8489367543253968,5.897744533336933,0.5633362550269867,6.251019386045491,0.29253908290992536,6.463967019008573,0.05707046038024364,6.549128452465832,-0.11666786809797443,6.5320833615785086,-0.28547018506634186,6.433138043714788,-0.49351890905818907,6.2394675597693805,-0.7066071829951385,5.9390099720510054,-0.9056680106801762,5.535229668852794,-1.0826591973865412,5.037009233095986,-1.2304518514121532,4.4575131948356725,-1.3491466847241693,3.8113085788614645,-1.424893249106653,3.1154125903197167,-1.4304237399147814,2.3982678173111136,-1.357512588406057,1.6981407751501987,-1.2061231822217302,1.0535920846998355,-0.9433110451768605,0.5105018223622659,-0.5307257030172365,0.1357205876973306,0.0006539248103140313,-6.837784474168811e-05,0.5618113541069402,0.14127496195085065,1.0705129481611189,0.5527051442033408,1.49323185028014,1.1971562867856596,1.8420096642553987,2.033664498910121,2.1252500117964583,3.0284129100285955,2.329129423059529,4.145617795448823,2.4479083539976725,5.343235402299593,2.4923190159448136,6.581197071783466,2.4664648605018695,7.823889124629828,2.3680495575867737,9.035511079300287,2.201807298025317,10.180610245696903,1.976521373279878,11.227504928588564,1.697436046699406,12.148180877355696,1.3686220904490674,12.91658779146067,1.0031555938010732,13.51067127881638,0.6157046606225742,13.916189357433284,0.20756848578625844,14.122913352300374,-0.21823931994060872,14.120706855245679,-0.6451749948470576,13.904526026121133,-1.06214599190688,13.477300676101006,-1.4716853380449728,12.843554145703296,-1.8687428858329809,12.007622459685397,-2.2387068332790894,10.979405120789458,-2.578367014709243,9.774072179946716,-2.8961840110201167,8.404494003263716,-3.1728115126353607,6.884560411563387,-3.37134365452747,5.2450993225054985,-3.489518357610703,3.5262380129446007,-3.5209680807845256,1.7713230393773627,-3.565626052853446,3.9554956438292173e-05
223,4,-1.2516181410694445,2.4617884142847224,-1.1928125079022571,2.461323158343701,5.173111428582864,4.9552919960130275,9.39728928191385,9.849276928358575,7.277664688507209e-05,0.00018135875684253892,0.23489756100083886,0.08957976168937198,0.19520766591920982,0.18736743716568457,0.5434597486846895,0.3580974178816632,0.9581731134188746,0.7395937391304716,1.207459376418475,1.2870122976313976,1.3537732916623222,1.9303395616059693,1.4295758073915525,2.6292943934826356,1.4237041192350202,3.3461568968433886,1.3433357084738105,4.0403937849796,1.2198142959707934,4.68249410984329,1.0554721696506333,5.253694904442049,0.8211768754331019,5.725853561113606,0.5461967740319182,6.067885677232088,0.2856861368924733,6.274868448665767,0.059251637858758595,6.358941381191718,-0.10765513055463938,6.344776624912873,-0.27032703625097637,6.251851643982971,-0.4718477577897585,6.067386707926261,-0.6790581493463336,5.779279318301287,-0.8734142572358706,5.390501126353899,-1.04702151266855,4.909312085105444,-1.1928125079022571,4.348189875800441,-1.3107321491383042,3.7210486354626533,-1.3870742369237712,3.044277397490618,-1.3949445587390632,2.3455323287462644,-1.325996306103104,1.6622127403697216,-1.1798984717903895,1.0321564543056043,-0.9240728005372351,0.5005169274084073,-0.5205457610443306,0.13316862886522582,0.0006420046101763475,-6.714144587618179e-05,0.5522218732894263,0.13881669720836684,1.0532428761638664,0.5434393527367329,1.4704173326391945,1.1777888960667537,1.8152596585733816,2.001850982088217,2.0957781354922416,2.9824949630467796,2.298140754576225,4.084534207635499,2.4165065946045754,5.266514175939452,2.461323158343701,6.488846922992692,2.4365642976116697,7.716286105827333,2.3399336773288915,8.913375877429425,2.176101042272803,10.044995658538403,1.9537590442471495,11.079752055812637,1.6781270337610668,11.989888611214015,1.3532743335549178,12.749611410237142,0.9921589302187215,13.337096541823081,0.6093069742536863,13.738256240468644,0.20604165756647755,13.942986506063397,-0.2146334074323868,13.941291999186035,-0.6363723968382098,13.728215290387862,-1.048220655093573,13.306674741372028,-1.4526814287727008,12.681162270101906,-1.8447813296988076,11.855981257822267,-2.2101143491397908,10.840919336864742,-2.5455296063759283,9.650957762523818,-2.859396676176146,8.298798846193588,-3.1326347872235334,6.798142291432513,-3.3288158706162867,5.179402614402747,-3.4456968069257154,3.4821761233630126,-3.476969800917084,1.7492454834880338,-3.5213011742898788,3.9063242357576006e-05
224,4,-1.2651297168055555,2.4463704179027776,-1.2193987872834022,2.479802530949146,5.145650164343648,4.953973501221621,9.498735706889947,9.78759164494224,7.44666850193573e-05,0.0001838581177430915,0.23886497467039697,0.09097557744977028,0.19914752003856723,0.19059300186696007,0.5545533065646286,0.364778544308778,0.9788561890772386,0.7542941189927082,1.2349718076534462,1.3138808636329178,1.3857861597888081,1.972170492882098,1.464042066818985,2.6878393374739984,1.458143083665549,3.4220366369899047,1.3753859019185672,4.132979035394405,1.2479147635201864,4.790167801913887,1.0782943314054325,5.374165454413349,0.8369704069966073,5.8560472274055195,0.5541278553052966,6.204006705119365,0.2863532235483024,6.413102358972948,0.053806206330363864,6.495915430519336,-0.11749349878034122,6.477867508367657,-0.2839905867966951,6.379077917822871,-0.4895608058675273,6.186765154210927,-0.7003204418763422,5.888880961468872,-0.8973839899154405,5.488758375763713,-1.072774654742294,4.9950980748903175,-1.2193987872834022,4.420853742336014,-1.3373183353870426,3.7803856887059673,-1.4127455147724077,3.0905063179906866,-1.4185707051433607,2.3793891123372304,-1.3465738454847034,1.684983725618895,-1.1966673171106248,1.0455592370215945,-0.9361087251428593,0.5066727445292263,-0.5267769419410062,0.1347197318051093,0.0006491706116822256,-6.78826838749535e-05,0.557864548575927,0.1402720165043142,1.0632489482965282,0.5488654117333222,1.4834893994218858,1.189031327663134,1.8305029826356891,2.020200958327114,2.1125928046113813,3.008882541604102,2.3159652629439718,4.119604911057919,2.4348385905429555,5.310641824246275,2.479802530949146,6.5421904567152165,2.454864617190365,7.778839313795324,2.3576703418298663,8.984955279086495,2.1928669769859743,10.125217533989773,1.969149020226861,11.168030082359957,1.6917075874361147,12.085428314596532,1.3645819077118169,12.851392054086656,1.0007976767487916,13.4438774969279,0.6149856575876966,13.848628003093104,0.20846915472787766,14.05539741111928,-0.21571757424413673,14.054046770296901,-0.6410571278045071,13.839527535108964,-1.0564653513348303,13.4147525522489,-1.4644409987511784,12.784236717732767,-1.8599342459573478,11.952319100100427,-2.228378567058783,10.928888668831599,-2.5665778321194126,9.729086920487854,-2.8829676132656363,8.365761854486797,-3.1582931296758887,6.85277161745306,-3.3558327746405814,5.220832395716474,-3.473380174762115,3.50990083018125,-3.504642292185945,1.7631151980509054,-3.549126266473785,3.9371917529536594e-05
225,4,-1.2837831212083333,2.433133855479167,-1.2288865882623137,2.4059277050988293,5.131106493427222,4.949383765569294,9.638787557780867,9.734633978827166,7.707598114984148e-05,0.0001911120518273353,0.24784528162350983,0.09447266416177473,0.2060849868539192,0.19769390279751384,0.5733732880334731,0.3778692974721568,1.0098751485826187,0.7801637220358458,1.2702392219812877,1.3566045781943912,1.4202583902377726,2.0324844961023762,1.494327521405584,2.7644772692843373,1.4811864975275826,3.5121215440116043,1.3891138225967097,4.23231115346264,1.2517014003824152,4.893882625516959,1.072095677866726,5.477281195759489,0.8208575165042629,5.953565485893884,0.5294232322297746,6.2912314048298885,0.2554856921648726,6.486328636307811,0.019313329180159464,6.552694394298217,-0.15325234827941647,6.517000570763097,-0.3193907202138541,6.400361747447129,-0.5229874920945222,6.190766440216644,-0.7299184574359534,5.877050278722003,-0.9214659846916566,5.46344348986673,-1.0900001380253652,4.959409685491577,-1.2288865882623137,4.378459827055346,-1.3386378103964092,3.7352822415325275,-1.4061041153108234,3.0467610352099492,-1.4051575703688337,2.3407275811849666,-1.3283978212080376,1.654314580665883,-1.1763376834403092,1.024643068641729,-0.9174277994244402,0.49570254501138694,-0.5149671794910915,0.13160292988865788,0.0006334643020695078,-6.622280989650471e-05,0.5432850989032454,0.13668110331624117,1.0340014364312355,0.534276518655432,1.4410840088642916,1.1564534115574148,1.7767539335491092,1.963508883866566,2.049525427577123,2.922889061982887,2.2463013925687894,4.000301670099441,2.3616532039436025,5.155501248299079,2.4059277050988293,6.350172521745101,2.382977850728542,7.550269247873352,2.2904056022945736,8.721491524533766,2.13255959014549,9.829772785437704,1.9176913774503828,10.84457360365371,1.6506412968713664,11.738782408029099,1.3351332013765067,12.487075378509328,0.9836456448547044,13.067896444022962,0.6102562480632376,13.46717712898209,0.21612790449997907,13.674681554991832,-0.1958930093154049,13.68022015714624,-0.6097962916648275,13.478513302936138,-1.0148179662220789,13.07200899104362,-1.4134095349197018,12.464704368163396,-1.8006487445684445,11.660420208824075,-2.1622937447576414,10.668397263579209,-2.4951676188858487,9.503024777071369,-2.807452025837311,8.17648153762223,-3.0802511075974026,6.701965509227904,-3.277504238413962,5.1092117556067596,-3.3968515417016274,3.4370832405799745,-3.4319110560483908,1.727664292058806,-3.4800481593232053,3.860560623623792e-05
226,4,-1.2756478389236112,2.418333767152778,-1.216788852398209,2.423847898389596,5.178768277211541,4.959229803682268,9.577706946601614,9.675420860573409,7.571758506891091e-05,0.00018867739753051864,0.2443224970019916,0.09318618020513293,0.20289673212842263,0.1948646206372481,0.5645622597921542,0.3722689465513958,0.9942110307367986,0.7683483429100563,1.250588238263772,1.33584654382887,1.3987878334257502,2.001373275132171,1.4727722414030824,2.7225342854932104,1.4614217516646832,3.459770596757812,1.3727535971115685,4.1708756255169375,1.239670221625952,4.825322529722443,1.0650500490148846,5.403920294973577,0.81955615832363,5.878093160694589,0.5338644402479286,6.216570207594481,0.2647272508357111,6.415134482899567,0.032111745290227485,6.487069963396712,-0.1383337548202055,6.458357299390062,-0.30314207329887904,6.349527978767122,-0.5059110959116951,6.148292540855928,-0.7128607849459168,5.843148909598736,-0.9053286378438543,5.437876438889992,-1.0755742605952587,4.941513449715753,-1.216788852398209,4.367215518585688,-1.3292622100556628,3.7294183372969956,-1.3996375543904418,3.0448608096304453,-1.4015294739702642,2.341341639626948,-1.3272368779807195,1.6561048516751913,-1.177028460755277,1.0265205456256665,-0.9190935195063538,0.49694755010295655,-0.5164229345503378,0.1320136884722298,0.0006357180055688831,-6.646551217729841e-05,0.5456637512311633,0.13724816132678866,1.0391707075687167,0.5367232044003708,1.4490747921932474,1.1621932529635632,1.7874532949967985,1.9739273346067276,2.0627238050025016,2.9392940991942407,2.2616048034942446,4.023852457978013,2.3785354223232242,5.187121124022552,2.423847898389596,6.390515634657675,2.4013640774089344,7.599714244068313,2.308625203795007,8.780114989546307,2.1499762216548644,9.897331058526927,1.9337092517423624,10.920514505265436,1.6646956829150126,11.822264489117204,1.3466939985717556,12.576981757503562,0.9922983489880138,13.16286996545111,0.6157291039411936,13.565691726826046,0.21819695457407595,13.775090478737106,-0.1973871938380921,13.780776375448903,-0.6148385345597578,13.57743088658291,-1.0232615204333477,13.167548303428854,-1.425087520476949,12.555205722458755,-1.8153191863627267,11.744321348333381,-2.1795744714309437,10.744292561275328,-2.514637026813839,9.569716286718979,-2.8287440612222188,8.232967084744583,-3.1028605696548417,6.747448064887153,-3.3006986852882543,5.143212946765739,-3.4199514921929897,3.459482162853128,-3.454280637669267,1.738679825910983,-3.5017438896451996,3.884628577881539e-05
227,4,-1.2857159417222224,2.4045294010069447,-1.2095627773223117,2.418919328080179,5.179064381134289,4.945573636988036,9.65329939082566,9.620191489843643,7.58686429093381e-05,0.0001891657194798359,0.24487304062587217,0.09341144743811124,0.2032221224524042,0.19528635181854084,0.565319565079941,0.3729509471475454,0.9949526495456565,0.769443113313689,1.2504798097134757,1.3371279275115235,1.397305045514434,2.0022733554357783,1.4696109958427994,2.722282127249234,1.456483551705591,3.457492805919033,1.3661633622088063,4.165706612110941,1.231705129170013,4.816500936972627,1.0561184497928586,5.39085340054992,0.81028101760626,5.860444754792747,0.52492921921175,6.19434382424729,0.2566584694722884,6.388637737248188,0.025283739525123812,6.456838893281921,-0.14379361181734585,6.425050462927746,-0.30696428421729877,6.313881596088888,-0.5076334374666844,6.111243964853336,-0.7122466058961562,5.805818750957119,-0.9023427894302186,5.401447751579433,-1.070335575359446,4.907149413732724,-1.2095627773223117,4.33598067153508,-1.32039772209204,3.7022227610644878,-1.3896426252831349,3.0224064851502677,-1.3911445853783624,2.324016312814163,-1.3172642749688068,1.6439008789725114,-1.168227324138981,1.0190427658817771,-0.9123634661328384,0.49339496341350075,-0.5127715038769303,0.13109432017642575,0.0006314037626190773,-6.601795132301371e-05,0.5422170402820157,0.13636122068431838,1.0331166465387265,0.5334187776883386,1.4414327097651856,1.1554242564660266,1.7790908476977088,1.963125140828641,2.0543627858170064,2.9242822317088577,2.2539115240458507,4.004800868279985,2.3720512147197486,5.164506694003635,2.418919328080179,6.365037177924996,2.398190988332647,7.5722043428287025,2.307296727077817,8.751478412262495,2.150462930282961,9.868487681472843,1.9358777207479165,10.892342177750002,1.6683436557991795,11.795555739297448,1.3515725463434412,12.552415934047739,0.9981155783817717,13.140990981387747,0.6221733009934907,13.546890941881253,0.22497028697912672,13.75960608248778,-0.19056767853560214,13.768701808813526,-0.6082445962258781,13.568720586535411,-1.0171371955167077,13.162026954313308,-1.4196411333758727,12.552585091193873,-1.810730164375658,11.744216458744758,-2.1759910423823716,10.746236210267556,-2.5121724981180704,9.573176013498163,-2.827485317258371,8.237360760161684,-3.1028595946285913,6.752157610921269,-3.301943880557926,5.147609718634977,-3.422376603679545,3.4629572527275965,-3.457760169389574,1.7406737761274773,-3.5062325085099024,3.8896079987834324e-05
228,4,-1.2417359807569444,2.3969931569444447,-1.2099442201956017,2.466323448029746,5.171189157817276,4.959068066876056,9.323092914715572,9.590040013648307,7.410944736636962e-05,0.00018428083227381127,0.23884344310398534,0.09105902413852555,0.19862165808416388,0.1905275696135315,0.5529327419427632,0.36423582340723293,0.974902982852657,0.7523899094339866,1.2284168961969064,1.309345554420688,1.3768565908944714,1.9637501643591337,1.4532013913200161,2.6744510445848415,1.4461389252822343,3.4029013556354277,1.3630703960832082,4.107730534465594,1.235976639622796,4.758831127343954,1.067359642312684,5.337081060618938,0.8278164822853495,5.813908620299935,0.5472614236941955,6.157854704988919,0.2817830959898103,6.364095653352983,0.051311635959789964,6.445158779284955,-0.11838537717040024,6.426281510790192,-0.28333957581274827,6.32742021601683,-0.48706884198142225,6.1358845327842095,-0.6959307367479212,5.8397229313981125,-0.8911690379786325,5.442255145101083,-1.0648546629430535,4.95213511552216,-1.2099442201956017,4.3822415277289375,-1.3265020883885796,3.7468493735756914,-1.4008758156845442,3.0626601212590785,-1.4062350481412993,2.3576234463876617,-1.334498677183339,1.6693513972900862,-1.185648413282007,1.0357382934264234,-0.9273080054550564,0.5018664646840565,-0.5217590244711386,0.13343383049940608,0.000642964209565833,-6.723389611650653e-05,0.5525778571661313,0.13893750603695368,1.0533917815716207,0.5437008167678514,1.4702328389103207,1.1780380236979575,1.8149896836424535,2.001969978697852,2.095922219470867,2.982558076519589,2.2993209407436366,4.084901730866871,2.4193382072482574,5.2678605045271185,2.466323448029746,6.492132676673686,2.444076159575399,7.722690316271795,2.350056462679297,8.924190100588987,2.188677673423949,10.061496287736858,1.9684024902577733,11.103078299108445,1.6942413350084837,12.020933238338039,1.3700888573868664,12.788922852361875,1.0088368048852445,13.384815565064365,0.6250332583422604,13.794110173318,0.21998790264148016,14.006293527891096,-0.20326722098785754,14.010957768187716,-0.6282113855751319,13.802784375882204,-1.0437208362314156,13.384426425505449,-1.4522370008696361,12.760164931589323,-1.8486589108351401,11.934132231956966,-2.2183634282203615,10.916036920502611,-2.558093374639152,9.720870204213695,-2.876234605474386,8.36135775280588,-3.153477027517667,6.851260138855568,-3.3530256051087757,5.221229309293097,-3.4726210459453535,3.5111897868603625,-3.5059211127942453,1.7642740041904943,-3.552489054655737,3.940922257513974e-05
229,4,-1.2106180306944445,2.392227143006944,-1.1888252445493763,2.4167851512731104,5.124927007053192,4.9520190766045,9.089455858011044,9.570971847252498,7.5197692167119e-05,0.00019109080646604468,0.24580993545699706,0.0940198059626271,0.20259319281604485,0.19589770868454875,0.5631560324994581,0.37296704942404313,0.9881844826458296,0.7673372822668992,1.2377122867608714,1.3301512107046871,1.37875949233743,1.9874411392535938,1.4463255568978848,2.6969320572300854,1.4302794396749088,3.4196809864508886,1.3392526062469918,4.114525555795069,1.2060594281364279,4.752106236014742,1.0335732987150255,5.314328480566946,0.7929100467271628,5.773857694645694,0.5140778410493912,6.100676517524139,0.25239832721249045,6.291204650545485,0.02698018643523012,6.358809819677302,-0.13744488060094698,6.329084079764828,-0.2965648663257987,6.222103673675176,-0.49329497668127115,6.025667013131901,-0.694712348800761,5.72825134269115,-0.8826561311587243,5.333230285467748,-1.0495936869484348,4.849085438241002,-1.1888252445493763,4.288327347178439,-1.3005511065617263,3.664749469140129,-1.3715033563852663,2.9944641532035305,-1.3754950560009074,2.3045500580079583,-1.3046140842700324,1.631522813605382,-1.1587683502895973,1.012196538961416,-0.9062028434159219,0.49045793231750195,-0.5099050902795843,0.13040704672423534,0.0006284210028553274,-6.571455125603916e-05,0.5401880381215973,0.13581355196324402,1.030006005419124,0.5315492727934197,1.4379805976959767,1.1518899794704895,1.775719228390568,1.9578731517866572,2.051269280468486,2.9174085793676556,2.251179064874246,3.9964691857499406,2.3696666445988135,5.1548983648703395,2.4167851512731104,6.354304312363194,2.396178959986371,7.560440248990584,2.305285535760278,8.738713287997328,2.148346088744798,9.8546945939184,1.9335731961576097,10.877446438778252,1.665810155969682,11.779451186888112,1.3488177182219447,12.534988049337583,0.9951854699131978,13.122139318135144,0.6191489895352639,13.526546310199253,0.22198561754172066,13.737752452256833,-0.19333241015832983,13.74540277860586,-0.6105934803098376,13.544134889285818,-1.0188617232224504,13.13641363806176,-1.4205042382432682,12.52631453709968,-1.8104893621934173,11.7177806962405,-2.174433162760885,10.720241907744612,-2.5091025412382244,9.548330384050857,-2.822702818470585,8.214470317326159,-3.096240302438839,6.732115955569403,-3.293519620401337,5.131332208736689,-3.4122564556318133,3.451322884434282,-3.446151305098004,1.734477458687313,-3.4930443283213246,3.874977790382381e-05
230,4,-1.1890198112430557,2.4098795784722222,-1.18178351002765,2.401417955796746,5.1581952239652304,4.945539338341717,8.927294005686392,9.641596814186553,7.497895359392205e-05,0.00019150719321418483,0.2459214372008788,0.09413210530914386,0.2022777856620268,0.19594539533157543,0.5621356897433832,0.37272120550269094,0.9854913302214008,0.7661924548929157,1.2330307781352416,1.3271630421963139,1.37221453113017,1.9816366041614843,1.4382596935952592,2.6874557351130104,1.4212514721149594,3.4059045849360436,1.329897338541405,4.096128405154675,1.1968980734849706,4.729061034721307,1.0250706860422107,5.286846116634688,0.785609394071291,5.742402411387977,0.508339273318433,6.06595465033848,0.24826251296873983,6.254015588223689,0.024337882102143264,6.319935458867432,-0.13887755296663193,6.289201568156999,-0.29680953736983495,6.181793330923681,-0.4921221663916008,5.9855812322299204,-0.6920390729785587,5.689126527688681,-0.8784808655975027,5.295817901730803,-1.0439479521583928,4.814130802741579,-1.18178351002765,4.256547887396243,-1.2922000433933418,3.636822824825702,-1.3620509076647547,2.9710021319124142,-1.3654032046332505,2.285998052618266,-1.2945002335455684,1.618049109333405,-1.1493466141220168,1.0036412311771565,-0.8985407523962138,0.4862288628446403,-0.5054689053012278,0.1292650878309891,0.0006228724546373252,-6.51335700269835e-05,0.5353994535518404,0.13460932886229673,1.0209716335849612,0.5268536527532517,1.425656881072124,1.1418137481273685,1.7610287087290282,1.9410073508904668,2.035083958527375,2.892786118293797,2.2344426258372465,3.9635762966589656,2.353269822908289,5.113688944369423,2.401417955796746,6.305129132122923,2.3823724311157317,7.503951917726646,2.2934465749051722,8.675799710313287,2.138722364079461,9.78640852900997,1.9262592764079272,10.804924568482445,1.6607984709483359,11.70384971722018,1.3460337618369782,12.457442161538534,0.9944850059658108,13.043729700671243,0.6203492134056365,13.448268984474653,0.22493450366008708,13.660517742127515,-0.18875273022441869,13.670054968815247,-0.6045004940883906,13.471460126238805,-1.0113516984641062,13.067142474359095,-1.4116150919430184,12.461143709191544,-1.8002308379584888,11.65739734999849,-2.1628284668678757,10.665325584247242,-2.4961663654580604,9.499548951515687,-2.808408589802594,8.172495277804341,-3.080632820345596,6.697622336611619,-3.2768259342659407,5.104925404352904,-3.39478359217334,3.4334734630869805,-3.4283188321965508,1.725467468163084,-3.474836795865022,3.854779424148548e-05
231,4,-1.18052305775,2.393141635625,-1.1915148115492538,2.4080472605064758,5.136802415078519,4.944352575242166,8.863499428162028,9.574630606466696,7.620087195104827e-05,0.000194588826194171,0.24987298089207838,0.09564693686701548,0.2054834759800551,0.19908661598285335,0.5709347351516103,0.378645367809516,1.0005118145856917,0.7781957181741542,1.251017844151335,1.3475370335755115,1.391035489228314,2.0112789631345342,1.456417185576242,2.7264047091643406,1.4372626590286544,3.453454681382335,1.3426227097768058,4.15089626720803,1.2058502273779266,4.789258298690423,1.0299849024571277,5.3505251271516805,0.7861057673738681,5.807444906307482,0.5046133173273557,6.130161870540545,0.24118609478635103,6.315482389644052,0.014925743061021937,6.377233156749641,-0.14952379299740076,6.341446346606443,-0.3081774028984486,6.228527358287328,-0.5040128673052545,6.026487344117651,-0.7040155800999651,5.724044927895083,-0.8900722330181706,5.324826317334349,-1.0547583584629234,4.837523888561534,-1.1915148115492538,4.274795891915903,-1.3006817323491293,3.6505125596663333,-1.3691810170008363,2.9807852284949137,-1.3711210334686286,2.292568296344287,-1.2988456053120077,1.6221076675553836,-1.1524457958397831,1.005844349092072,-0.9005074814373897,0.48716917887400174,-0.506388001275745,0.12948791633720297,0.000623864276073551,-6.52354501755588e-05,0.5361549400706568,0.13480506957842983,1.0223524413451226,0.5275871565883562,1.427632004208999,1.1433850144057396,1.763681186150161,1.9437301261079678,2.038561527733085,2.8970349434689915,2.2388853258666233,3.9698001467839426,2.35877794853828,5.122397156176584,2.4080472605064758,6.31687059212813,2.390105193296174,7.519286666679847,2.3021641479020682,8.695254080492232,2.148213464693483,9.810425527053921,1.9362369903035974,10.833822209513503,1.6709046275839452,11.737784707224757,1.3558504158336726,12.496375977154552,1.003585745239914,13.08740999840873,0.6283352214249285,13.496237355934754,0.23140696048117596,13.71211747420704,-0.18417308923002948,13.724432030851382,-0.6020977261060687,13.527592195965493,-1.0113186020517109,13.12389064262855,-1.414108779466702,12.517282391810728,-1.8053356935886826,11.711637371274563,-2.1705048422053825,10.716366399263375,-2.5063068606997065,9.546131088786089,-2.820904619785287,8.213412781829202,-3.095237136939481,6.731748656109965,-3.2930657675152015,5.13131956182978,-3.4121538481102642,3.4514422639034352,-3.446275040942424,1.734588915508225,-3.493358161875599,3.875325940818384e-05
232,4,-1.1857463402847221,2.3917165928819446,-1.211225403471733,2.4217260836437657,5.155914062524994,4.955305221562231,8.90271641884739,9.56892920640743,7.757599977493835e-05,0.0001966953286357114,0.25314546274945854,0.09680895951482785,0.20864328652850053,0.20173511648357637,0.5797797720142862,0.38405644658973814,1.0168118432617934,0.7899615255283186,1.2724335361204184,1.3688297912148903,1.4156887805770815,2.044152801020123,1.4827186277261595,2.7720897636559796,1.463305267503838,3.5123090944251865,1.3665969225073398,4.222318340915079,1.2265759500342046,4.871893381050658,1.0464540251540775,5.442509936212088,0.7969594217936018,5.906314124605642,0.5092319863782522,6.232893733868428,0.24011380300510177,6.41906856657215,0.009155032300441845,6.479053504660663,-0.15856058975950255,6.439513155033681,-0.319974729900325,6.3213916541889,-0.5186738655740045,6.112730691193015,-0.7210647216522399,5.80233156426434,-0.9087771885495715,5.394143253769098,-1.0743456854353988,4.897234623717366,-1.211225403471733,4.324653061844165,-1.3198827053078421,3.6906170903184474,-1.3872291584728864,3.011547901834854,-1.387286953658994,2.3147481277821385,-1.312555777993594,1.6368004942511238,-1.1633408175839812,1.0143717379214738,-0.9081566454872598,0.49103851101310203,-0.5102830549166522,0.13045405801539067,0.0006283084404051355,-6.569491683543259e-05,0.5396579079573487,0.135707288457318,1.028636879655069,0.5309681091535826,1.4360119167461391,1.150455912234703,1.7737208416886876,1.9554190898864454,2.049982616331395,2.914100402263277,2.25138097026353,3.9928589104115257,2.3720137987304266,5.151901984763795,2.4217260836437657,6.353116154422642,2.4039083727124924,7.562417559804553,2.3157021376790525,8.745237539784817,2.1610699770754724,9.867024806758469,1.948005725253156,10.896594557063873,1.6811808720219898,11.806085294773844,1.3642383691099103,12.569358068572901,1.009776076576535,13.164046737693662,0.6321305969056283,13.57537760866406,0.232638000713311,13.792521228060082,-0.18563107492224426,13.804781797419642,-0.6062295776845803,13.606540798242841,-1.0180110610101816,13.20012819646662,-1.4232479820680655,12.58955708652949,-1.8167597349153513,11.778762280896819,-2.183949898901995,10.777261609090903,-2.521492236330235,9.599858395268464,-2.83760894468188,8.259158363600664,-3.113132667390705,6.768825317283111,-3.3116411379572663,5.159257304440105,-3.4309378877143866,3.4700199938404612,-3.4648174355924533,1.7438245807175792,-3.5117709768968006,3.895752029682709e-05
233,4,-1.1868663214722224,2.396398024451389,-1.2167994564552957,2.4170475775485714,5.1623801367357105,4.95914406592888,8.91112536312831,9.587658970379456,7.713029791340536e-05,0.0001952570979034915,0.2514590471482317,0.09613538167714841,0.20745657653294858,0.20041476035094696,0.5766747306448002,0.38172936527229506,1.0122021219954787,0.7856282176976438,1.2681176227717945,1.3622033268411982,1.4127723993163135,2.035684451498538,1.481880640687695,2.76265918587008,1.4649857299801432,3.503076909568809,1.3709081881724756,4.214586893829628,1.2333148088457584,4.8669376005439196,1.0552305678298044,5.44145252367177,0.8071892557052672,5.910037814856465,0.5201343754094904,6.241934416825166,0.25091132203942196,6.4335648394609795,0.019190977126234122,6.498780990769915,-0.1497085904084699,6.463976885652405,-0.31274008055501906,6.34989998928862,-0.5136209392171813,6.144332329996201,-0.7185799489009927,5.83582879193989,-0.9090428069418538,5.428199353727672,-1.0773599086695036,4.930466391454434,-1.2167994564552957,4.355726952105975,-1.3276965941988437,3.718327626858457,-1.3967572477843204,3.034894719749996,-1.3977122330019003,2.333067971268087,-1.3229372271891766,1.6498798540441837,-1.1727382689994914,1.0224653819632636,-0.9154567938672298,0.4949058897035435,-0.5142653627541224,0.13145545617436935,0.0006329883592682312,-6.617938705842359e-05,0.5432968314607577,0.13665327484981793,1.0347194088496043,0.5344047537598141,1.4430541745311811,1.1572344952186004,1.7803688273273668,1.9656724505545562,2.055051363520555,2.9273297672379175,2.2538351481448915,4.008007479899464,2.371100108298628,5.167459540649682,2.4170475775485714,6.367285227125256,2.3953879731357772,7.573283798463775,2.3035658147129103,8.750923975860115,2.1458233140795584,9.865839391554113,1.930369623112824,10.887154828311042,1.6620299912991248,11.787409796969547,1.3445478811001457,12.540930536183318,0.990527618291868,13.12584494272512,0.6142303028831716,13.527852382505726,0.21693262014193693,13.736560366923523,-0.19837924273085333,13.741679008567118,-0.6154464864502276,13.537927399349618,-1.0233044794970911,13.127873127967472,-1.4243174646818983,12.515700689727955,-1.8134363535776294,11.70546641102208,-2.1762612338195773,10.706723399370889,-2.5095720404888433,9.534227980059628,-2.8215910999494698,8.200519349320432,-3.093349385683862,6.719158884792087,-3.2887556412962113,5.120287845851107,-3.405665041261431,3.443122763474783,-3.4379441009008933,1.729986578912176,-3.4832994734917047,3.86416740519065e-05
234,4,-1.1764251630833333,2.4009996420694444,-1.1985109261946851,2.406002679234594,5.140695067868011,4.957259247229853,8.832731975721162,9.606069409707082,7.694658888392385e-05,0.00019624495760467962,0.2520620133936147,0.09647730098355822,0.20727533668238346,0.2008246462254721,0.5758014959485942,0.38192872718589527,1.0087279252081687,0.7848225940443266,1.2607123431287997,1.3587086436562634,1.401041603136363,2.0274100565184683,1.466004052879708,2.747462698281007,1.4457712475252391,3.4790616495086546,1.3495988660347713,4.180386160832038,1.2111628601566233,4.82182136506547,1.0335615052635831,5.385317456457001,0.7877165063481357,5.843543285083473,0.5042402756282812,6.166561153586369,0.23912749473574052,6.35126000191959,0.011547375706847886,6.411633119691099,-0.15376878913955014,6.373925125693833,-0.3131695780113847,6.258700852777356,-0.5098288390868492,6.053958206814398,-0.710526035835785,5.74842528530592,-0.8970383930236383,5.3458266966122885,-1.0618954744141638,4.85498560354892,-1.1985109261946851,4.288711503164682,-1.3072387191826216,3.661027592647452,-1.3749906402554188,2.988195262709814,-1.3758828908351886,2.2973245535373343,-1.3023756897520788,1.6247867216167933,-1.1547173372008734,1.0070747399361042,-0.9016349694219982,0.4875580656945478,-0.506687647709756,0.12953833719229976,0.0006239183451705899,-6.523623774383118e-05,0.5359004985367241,0.13476188930681696,1.0214738645014567,0.5272707601730181,1.4260107277878897,1.1424438992169392,1.761397545590319,1.941806134699422,2.035841203131486,2.893847996266328,2.23605481964941,3.9652107256800457,2.3561876452483212,5.11643849673879,2.406002679234594,6.309741981427399,2.388826038258822,7.511320272516474,2.3017477676293665,8.686862621171313,2.148621025424077,9.802036171717644,1.9373090301257752,10.825811604954652,1.6723842188947124,11.730424421090323,1.3574153285050135,12.48979086688195,1.0049139801952498,13.081560576670691,0.6291611196450348,13.490936305241515,0.23152192799021012,13.707059021374924,-0.18489139486886788,13.7192251229369,-0.6036265598996259,13.521819341027928,-1.0135032961113157,13.117181031797116,-1.4167081327601727,12.509364891583312,-1.8080108175342733,11.70238488324907,-2.172824541994193,10.705846062755088,-2.507808695168043,9.53463618294644,-2.821127466280775,8.201467297407191,-3.0937224991538272,6.720108048140168,-3.289462020572274,5.1209478069558,-3.4063067709987704,3.4434316017613513,-3.4382682165711875,1.7300478436992504,-3.483200751809218,3.864057883267937e-05
235,4,-1.1613098473541668,2.381086079625,-1.2053119313157947,2.400566279936819,5.172423451022324,4.9547133652782245,8.719244491133352,9.526397984653894,7.744500836330015e-05,0.00019716689027773313,0.25338592802603005,0.09696191834196213,0.20847213442700632,0.20188812786709157,0.5791383628090065,0.38403747605273325,1.0147550041659088,0.7893037737404881,1.2684626743119252,1.3666726728898495,1.4097967982932926,2.0395241287858794,1.4751861597713274,2.764087100184398,1.4547033688368884,3.5002439055346004,1.3576534412172827,4.205836694142481,1.2179465318450222,4.85099382432514,1.0387435690561326,5.417498288015901,0.7908480308012928,5.877819938294859,0.5051416696708485,6.201842529741784,0.23802322751176472,6.386478135432999,0.00880800705953224,6.445870452234953,-0.15763616484614268,6.406492632937471,-0.3179730241484413,6.289101419408562,-0.5155623391950496,6.0817203795960655,-0.716980042697941,5.773128674236935,-0.9039153265181948,5.36718469598145,-1.0688847380162856,4.872863911796166,-1.2053119313157947,4.30313066433368,-1.313598207855821,3.6721468137238715,-1.3806701978054157,2.9962945835077246,-1.3806548107622918,2.302802757759212,-1.306101061036712,1.6281373797571048,-1.1573640045662166,1.008832499347219,-0.9032272576781409,0.48825820872886866,-0.5073396069834343,0.12968545036284673,0.0006244830342235538,-6.529139345404766e-05,0.5361295971092036,0.1348381201832855,1.0214964589078606,0.5274267330906246,1.4254757904325455,1.1424841612435894,1.7600548929111264,1.9413856441813222,2.033521108281087,2.8925172720937495,2.232671029434552,3.9624557133205927,2.351741767639265,5.111724392137612,2.400566279936819,6.302553048786663,2.3825340960572916,7.501192224659198,2.294800716255935,8.673415259058668,2.1412688047769457,9.785002851917742,1.9298312465335334,10.805058657959986,1.6650821770398534,11.70596356197129,1.3506025537543913,12.461788348098857,0.9988822146757593,13.050335737339815,0.6241587444205073,13.456943203821828,0.22777626939689846,13.670869742594977,-0.18718297064507136,13.681519595196244,-0.6043414073000584,13.483358865249045,-1.0125850017750435,13.078769728327746,-1.4141258251444175,12.471828029227623,-1.8037792948099682,11.666553647764356,-2.167032758729177,10.672525634876877,-2.5005806344753134,9.504575690898863,-2.8125790365392396,8.175356178864229,-3.084045997517228,6.698564531114551,-3.27897724168023,5.104458548393438,-3.3953413110710766,3.432319418636124,-3.4271632608612355,1.724463048056497,-3.4719717134095314,3.8516010496114816e-05
236,4,-1.1740189559097223,2.4253549277847224,-1.2287406123558249,2.392645207538401,5.151612361940759,4.964460010923711,8.814665902578982,9.703511558791517,7.88478807029476e-05,0.0001986430500437983,0.2561771650570519,0.09788493067536366,0.21155860236003182,0.2041854123626216,0.5879642218876036,0.3890592171724023,1.0319578057840404,0.8008581041945655,1.2923808465032633,1.3885921980307867,1.4386232295230483,2.074699083582981,1.5070416183281745,2.8145237276416606,1.4870959158121129,3.566855078412007,1.3880476362170822,4.288237754755303,1.2445214352055547,4.947698853778208,1.0599471596861034,5.526221445191107,0.8048141701559047,5.9954070968290845,0.5110287381234541,6.324387642231985,0.23650999327963562,6.510074892310092,0.0011864844689142302,6.567112537664625,-0.16953221875127383,6.5227884637339555,-0.3333865567194475,6.398569091886795,-0.5344044611095622,6.18260744176594,-0.7384852681595064,5.863886762341687,-0.9270564024639316,5.4467386084150355,-1.0926404104542264,4.940651381374884,-1.2287406123558249,4.359086947356445,-1.3359585914935839,3.7166279472808625,-1.4012703185262974,3.0300050269233143,-1.3987647413630857,2.326807266537518,-1.3211858856940795,1.6438274069993044,-1.1691223459225015,1.0178001451347687,-0.9112937718134021,0.4922507101025321,-0.5113158351513852,0.13065682773923684,0.0006288263438196664,-6.57362527223676e-05,0.5392311625254282,0.13566487249647577,1.0263014163616155,0.5302927643588249,1.4305359481528592,1.1478727980773897,1.764146486298972,1.9491083909807132,2.0356109710250707,2.901825548208936,2.231892728499472,3.9721230223449977,2.347513603113585,5.120157148821036,2.392645207538401,6.3079518781773265,2.3710008699589102,7.501717204925058,2.280071852197909,8.667350443818076,2.1240676075184703,9.770920025769026,1.9111077444871263,10.78195135489202,1.6459446393381028,11.673342260105517,1.3322453066421778,12.419743478614123,0.9824339059318131,12.999546145330502,0.6105636811389697,13.39860691452316,0.21783081990820322,13.606618071442446,-0.19287872100631298,13.613339025226237,-0.6055372303363867,13.41345288798199,-1.0093460941912042,13.009381364419454,-1.4066931425121063,12.405121280761463,-1.79261559766861,11.604521272593907,-2.1528680527826944,10.616859871766465,-2.484257629323663,9.456566540045893,-2.7949233382856273,8.135877135320536,-3.0660313759450104,6.6680491364242025,-3.261706614288555,5.082807019347905,-3.3796987457085272,3.4189290712938325,-3.4137786834840367,1.7183435607569828,-3.4608925737033336,3.8393105350154256e-05
237,4,-1.1821846639166667,2.367498076652778,-1.2505640466504937,2.4017415932218986,5.180417881409776,4.955721034366685,8.875974953490731,9.47203425322994,8.064009148584494e-05,0.00020252233756615627,0.26141130151784464,0.09984967388739051,0.21603565205411268,0.20836819525229683,0.6003155165869692,0.39713494726736365,1.0535534109142068,0.817569964571748,1.3191111367354809,1.4175389076735665,1.467746490864523,2.1176939812180047,1.5366144590168098,2.872275165077041,1.5150698611609354,3.6390779683830305,1.4127012119873672,4.373672471984583,1.2649416604710362,5.044427501824298,1.0753922596032268,5.631958324367147,0.8141105107766492,6.107375980257769,0.5137417061550769,6.439345266316743,0.23335038214929127,6.624883292191703,-0.006753733299977762,6.679087374660241,-0.18075217428273044,6.6299200057773975,-0.34739294370002294,6.499402281848891,-0.5513451949151948,6.275698403960253,-0.7578771150414894,5.947864038719445,-0.9481179648674191,5.520568645385081,-1.1145164388204851,5.003709815332681,-1.2505640466504937,4.411186613705341,-1.3569773395324776,3.757987226786542,-1.420720576229254,3.061212683427059,-1.4158236042777979,2.348855573774954,-1.335252505137416,1.6580768896992784,-1.179894262743616,1.0258302258324876,-0.9185117891359207,0.49577153869291013,-0.5147941186800707,0.1315026666284044,0.0006325917108398479,-6.612217244522252e-05,0.5419910718227746,0.13639135663965668,1.0309548477919779,0.532906618657754,1.4364107294796091,1.15313981426167,1.7709001598199618,1.957540787891122,2.043111365041511,2.913825395467847,2.2400365694991833,3.9880387304317284,2.3561869965008095,5.140281612420715,2.4017415932218986,6.332523680861345,2.3803585258636826,7.530911433949961,2.2894249502524917,8.70123531521202,2.133081231135355,9.809411288721277,1.9194179146797536,10.824789183984095,1.6531652104538757,11.720079278845708,1.3379888381098926,12.46973675331048,0.9863946628751311,13.051975443522933,0.612553344681052,13.452530155683322,0.21771206588156874,13.661014002195087,-0.19517280747942758,13.667131701226532,-0.6099194721459316,13.465569577004572,-1.0156179927832107,13.058825566437976,-1.4146343406255992,12.451002453397754,-1.8019491784356436,11.646070162909737,-2.163229547277312,10.653468776589364,-2.4952772460343913,9.487816076786553,-2.8062871104935154,8.16151791866372,-3.077370848076097,6.6879959751300735,-3.272587198905412,5.09718252124262,-3.3897951587892563,3.428048326595554,-3.4228702253286323,1.7226629559611135,-3.4690927392860402,3.848407304123804e-05
238,4,-1.1754690433055555,2.3944630540555556,-1.2360213664057178,2.393910187204638,5.155222651215697,4.956385663290108,8.825553321269684,9.579917419900887,7.920110768746794e-05,0.00019902596945076085,0.25687736487426627,0.098119728510933,0.2123063677463988,0.20475834746130983,0.5900703940088898,0.39028682423190997,1.0359650959800144,0.8036242924205406,1.297842513535387,1.393745739708311,1.445158198359671,2.0828644514480374,1.51433122396333,2.826160124881366,1.494734669910481,3.5822418225823287,1.3956311486899495,4.30744452538642,1.251773351813689,4.970623899651682,1.0665877321113564,5.552635085020425,0.8103879845308017,6.02489457493681,0.5151985093538721,6.356317535222481,0.23922475385115502,6.543725692746006,0.002520031788832454,6.60176768781291,-0.16933315656233394,6.557818040800983,-0.33435642162277235,6.4334169188408845,-0.5368032284878875,6.216620352338216,-0.7423518123457185,5.89633056434346,-0.9322811039501145,5.476903427209617,-1.099027466040712,4.967903102784748,-1.2360213664057178,4.382909980650519,-1.343844068016866,3.7366466187403664,-1.4093922416755595,3.046003547372999,-1.406634310404886,2.338786475563639,-1.3283264670698955,1.6520362696616884,-1.1751306412166844,1.0227049286364422,-0.9157067893470051,0.4945283725791911,-0.5136317839302541,0.13123446416575102,0.0006314989552035643,-6.601258430910582e-05,0.5413122342998685,0.13620430766453073,1.0298814610335874,0.5322754616653801,1.434949364530004,1.1518801985044498,1.7688229336809165,1.9554096997283539,2.040058619689423,2.9104278674085466,2.235641755354099,3.9827933026051197,2.350162618426913,5.132441261905418,2.393910187204638,6.321224033666754,2.3706963162935986,7.515235431933893,2.278101558312013,8.680301891953317,2.1204386209734354,9.782469161880577,1.9059273774817098,10.79129180138328,1.6394052784609783,11.679743140490432,1.3246152190632743,12.422589309317196,0.9740473240517131,12.998372810711512,0.6017961718131828,13.393128840610638,0.20908423294121842,13.596744204586187,-0.20118306286560375,13.599184773924907,-0.6129873969121284,13.395343482461838,-1.0155604368640445,12.987840442648288,-1.4113118731486305,12.380857598603416,-1.7953177141273449,11.578415386604485,-2.153407641514691,10.589934989204714,-2.4824524622272404,9.429951106280361,-2.7906202989754862,8.110783435463683,-3.0591899262420617,6.64574436808586,-3.252485359108024,5.064527047326762,-3.3683526549958467,3.4058043513431726,-3.400665749599764,1.711344873430756,-3.4460135683360464,3.822804623207608e-05
239,4,-1.1991026310555555,2.380093029798611,-1.2479521202664476,2.377863028434456,5.171028456904303,4.9586754011481995,9.002996946900165,9.522424928851448,7.986459787338507e-05,0.00019974069088949382,0.2581955584967501,0.09855990700722592,0.21373732887563654,0.20584075224050025,0.5941111019118321,0.3926240461573145,1.043675607385116,0.8089183376267574,1.3083492225684783,1.4036347402734015,1.4576465417405131,2.098531379565648,1.5280446996214176,2.848413180985346,1.5087095550353742,3.611460173363574,1.408896831189472,4.3435086556323235,1.263625533997952,5.012991982723339,1.076377506597675,5.6004458071830525,0.8172595940950438,6.076905464778561,0.5186542757990449,6.410914897597375,0.23938370726330724,6.599215979636146,-0.0002204487689465317,6.656587710938624,-0.17428834760034448,6.610688662292468,-0.34127868576877257,6.483321177789132,-0.5457134541542519,6.26256040103855,-0.7528998340824395,5.93738514618353,-0.9439182522020751,5.512387316974271,-1.11113286878754,4.997424224890824,-1.2479521202664476,4.406396263075342,-1.3550145037413353,3.754334220966946,-1.4192419536876013,3.05841286808773,-1.414657775463381,2.346709805433749,-1.3342363954811696,1.6564702429068803,-1.1789071697009648,1.0247211877755054,-0.917560453167258,0.49515143853994315,-0.5141006241830645,0.13130792544888475,0.0006315117789858836,-6.600474873910964e-05,0.5407236962282346,0.13609966297384835,1.0278140496587107,0.5315378045357761,1.4308091340596563,1.1496096732707028,1.7622521575503762,1.9504725368656575,2.030884617905593,2.901557464066457,2.2239076138298075,3.9686894671177515,2.336101105474668,5.1118761033053195,2.377863028434456,6.293115617227453,2.353105239114701,7.478696609639235,2.259518441703999,8.634694688581677,2.1014819778448235,9.727450554606131,1.8872420546655249,10.726835414640917,1.621659317698162,11.606150544120315,1.3084897559565059,12.340500962442967,0.9601638039871384,12.908758660602947,0.5906769142551727,13.297243450389196,0.20121607715453954,13.49609205304756,-0.2053688981324319,13.495503916672654,-0.6132239633085009,13.290549840788499,-1.011725498656351,12.883942608796712,-1.4033323614087212,12.279911518888378,-1.7832231050193057,11.482492739000065,-2.1374052356098407,10.501048358704642,-2.4628365389028173,9.349980892565892,-2.7676673487135846,8.041468068079144,-3.033373549580103,6.5886497612424995,-3.224617173008816,5.020889420088226,-3.339286453316686,3.3764386011414023,-3.3713134289437536,1.6966106792044862,-3.4164473433008555,3.790005596599501e-05
240,4,-1.2074428415833334,2.3754406074305554,-1.2653639176117875,2.427194819349063,5.150293927691471,4.952122675250108,9.065616182296214,9.503811226705164,7.921435376594383e-05,0.00019643740889748896,0.2547213747097027,0.09710052704889365,0.211708425985752,0.20316284674222504,0.5889792379140217,0.38824710831985426,1.0372304923750666,0.8014637041900478,1.3044897682162804,1.3934801004431183,1.4584734861337862,2.087559696713251,1.5345988050535861,2.839257710561419,1.5213111349720556,3.607096925416377,1.4270834661627194,4.346876009423362,1.2863951121432986,5.026646675480389,1.1023916810324685,5.626361862819094,0.8446441479184981,6.116259859372442,0.5453734248128007,6.463870827240906,0.2639004718241521,6.665035694050257,0.021067375521121774,6.733884735602736,-0.15651307982850912,6.697758566737766,-0.3277128002367187,6.578278915209273,-0.5376811513266351,6.362965662069326,-0.7511700371782929,6.040249524761335,-0.9487696081204106,5.614476344339448,-1.1224843623298972,5.095450386124245,-1.2653639176117875,4.4972087338753735,-1.3778452588892984,3.8350536024091353,-1.44637417936753,3.126578202212065,-1.4441887079914588,2.4006174016879864,-1.3639086491505648,1.695483143655268,-1.2063620133417987,1.0493443564720926,-0.9396315050083168,0.5072353112167364,-0.5267290722471957,0.13454844388680667,0.0006471905759552199,-6.764521187222593e-05,0.554212961639583,0.13949282704991908,1.0533579290166766,0.5447814269955041,1.4659731865958905,1.17813321205853,1.8047701426038731,1.9985033629750393,2.078644245527413,2.9722505406082567,2.2744995742320793,4.064076245501873,2.3870856769864774,5.232751445818495,2.427194819349063,6.439147483313426,2.3990033360575347,7.648607785099011,2.300345612084284,8.82635046335071,2.1359073546672924,9.937966679606422,1.9143137476959142,10.952758609812463,1.6407100536999226,11.843627551815704,1.3190945257042117,12.585402939016406,0.96228428941227,13.156833956101025,0.5846415275737669,13.544322866528697,0.18744011457469856,13.738200916173136,-0.22636636604292995,13.7288922688051,-0.640622636393827,13.51179897110794,-1.0445439264631244,13.090097659544334,-1.4406648094773775,12.46849215535842,-1.8241287054198305,11.651471296119105,-2.180799109760683,10.648905551835396,-2.5076826323609436,9.475739584461689,-2.8131294424515163,8.144616075612515,-3.078466630636552,6.66910883552602,-3.2680770719362315,5.079160065507185,-3.380035437353278,3.4136132845594953,-3.4084224945019623,1.7143002701617636,-3.450119386886974,3.827359332477653e-05
241,4,-1.2405370862986111,2.3562833551180558,-1.1894881530938415,2.326197688038363,5.112333324525842,4.954613376541393,9.314091480752804,9.427165694490704,7.64393146943899e-05,0.000192609938052311,0.24836586649519007,0.0949058891111139,0.20507044270195166,0.1979555593122862,0.5698683870487223,0.37714944693492863,0.9999479732454454,0.7762240116432495,1.2518881292793007,1.3456336789151273,1.3930828204546173,2.010129996959021,1.4588803562998023,2.7264205162464257,1.4391861147394023,3.4546085568168534,1.3430546843925444,4.152675717079403,1.2040316248185385,4.790717323889207,1.0254262616513272,5.350404056598141,0.7786614487400388,5.804320262492145,0.49455732888973986,6.122643224006824,0.22908459178360216,6.3023966651197165,0.0014821450059143639,6.357732054119947,-0.16367620040552366,6.31502094939849,-0.3222484770376205,6.195003479851632,-0.5168420228064161,5.986187769359073,-0.7144612631313334,5.677882163639827,-0.8971205718443587,5.274250281279297,-1.0575651961500745,4.784454181430985,-1.1894881530938415,4.221511120960867,-1.2934581436052892,3.5995314286575297,-1.356854514899693,2.9347109198952874,-1.3545742250455612,2.2537651262959324,-1.279578265309325,1.5923285490340946,-1.1324260174255774,0.9859848895621824,-0.882796269393007,0.4769026288703246,-0.495394407093517,0.12659504947916225,0.0006093302000366118,-6.369976945301072e-05,0.5226316167034709,0.13147922976788645,0.9949593517443217,0.5140105123979652,1.3872807663240774,1.1128256083772383,1.7114398063068434,1.8899797115346706,1.9756493473084602,2.8144329446542433,2.167235568811737,3.8534614983625755,2.280821976649572,4.96855448674179,2.326197688038363,6.122976618222933,2.3068789291886036,7.2840127225549045,2.2203311291702663,8.418597493315398,2.070535351862735,9.493779990816545,1.8652744735151818,10.479913789241621,1.6090663395145708,11.350577854412174,1.3053779582539133,12.081005305371582,0.9662031727846061,12.650019117460687,0.6051446583481196,13.043664247530934,0.22330955147891743,13.25168677052854,-0.17654567558329468,13.263870410239468,-0.5788455103065315,13.07477080691563,-0.9730768430010024,12.68647158119203,-1.3615659378575442,12.102590082791597,-1.739464988383341,11.32660116373696,-2.092844522909942,10.36728553086453,-2.4185370663391543,9.238471614881487,-2.7244421808475128,7.951871447676402,-2.992096929290283,6.520221194506177,-3.186315990958192,4.972394053757956,-3.304747395580979,3.3461836301536168,-3.341137184190044,1.6825439695142843,-3.3903143628661825,3.761015259089055e-05
242,4,-1.2303159601597222,2.3549383729930558,-1.2303316135230722,2.3392675316952256,5.2350284442862165,4.9509381536873995,9.237350120139416,9.421784605955253,7.899189606534758e-05,0.0001972435582105603,0.25509325832542945,0.09735587685324407,0.21127151642769154,0.20337674009887163,0.5872365494955792,0.3879999601635401,1.0316292627812316,0.7994851698570724,1.2931666956746677,1.3873243502302943,1.4404423523340224,2.0740952314465733,1.5094912936703684,2.815006945332591,1.4896655842965554,3.568615293407111,1.3902191508430617,4.291203781098947,1.2458521924285337,4.951556614774391,1.0601118824241136,5.530463881733315,0.8036322160469832,5.999399315464797,0.5084787116904118,6.327444867905937,0.23269382077051423,6.511534153814144,-0.0037068953518019174,6.566385658049137,-0.17529091383762718,6.5193891528838055,-0.3397031084037204,6.392134049428418,-0.5408015934474257,6.172972242570265,-0.7444405762093659,5.8511416908931855,-0.9320430297619346,5.431236039198789,-1.0961509663663067,4.923004590994818,-1.2303316135230722,4.340147618640176,-1.3352585519542322,3.6974526958838148,-1.3980914112971938,3.011798298240294,-1.3932756931723314,2.3107825038855685,-1.3138885211012443,1.6310255503512052,-1.1608243982666744,1.0089402767297198,-0.9034324696954605,0.48750915760643077,-0.5061577383077033,0.1292763349452079,0.0006217169767028138,-6.498020297692717e-05,0.5322742403582092,0.13397802284722737,1.0116198019953746,0.5232092803126505,1.4080655187957642,1.1314973569478746,1.7340051179506124,1.9195739121724336,1.998099223063128,2.855356249351184,2.1878240410146317,3.905213149203504,2.2981182865377328,5.029826503561673,2.3392675316952256,6.191869990649391,2.315156291508946,7.358260744105181,2.223531985611259,8.495720495632415,2.068693960253417,9.571234761475607,1.8587172321168954,10.55525033732767,1.5983277112745604,11.421564768819515,1.2911485349708178,12.145718277382441,0.9493185116665115,12.706916284138442,0.5865157045221173,13.091645015148853,0.20383089200435686,13.290104034101768,-0.19600600763445056,13.292517217180285,-0.5974579478811909,13.09386640128292,-0.990105092232805,12.69662874032938,-1.3763850861059876,12.104761497723812,-1.7515566119586516,11.322025756984058,-2.101818844888051,10.357430310238799,-2.424132600805721,9.224965148057125,-2.7264888526909155,7.936449280800171,-2.9905629877861326,6.5046741120001625,-3.18138243382305,4.9584746289895625,-3.296725350380453,3.3355192287758575,-3.330460335618253,1.6765698191764773,-3.3771185305019418,3.746376551572188e-05
243,4,-1.2112652924097222,2.358247730520833,-1.2303441038150598,2.3531234206564604,5.10506179363855,4.958410255800236,9.0943155715131,9.435024890358612,7.695697187793032e-05,0.0001902745106561482,0.24697962452315345,0.09410821400143828,0.20553695707071534,0.19701764180381431,0.5718617658051331,0.3767124424698977,1.0074798507217262,0.7780012058265433,1.2675830062325837,1.3531603803400356,1.4176307284082805,2.0277120170649456,1.491889295669708,2.758431495727158,1.4791076275131012,3.5049395992923844,1.387519929366083,4.22420786897226,1.250615917267316,4.885110315089663,1.0714879213866357,5.468087026960019,0.8206687027093592,5.944176418737272,0.5294741278191029,6.2818183495659,0.25550334942472935,6.476944177893686,0.019034930506223194,6.543255296711194,-0.15405041235165534,6.507299730251005,-0.3208062438636077,6.390108294019697,-0.5249794164313453,6.1796571664888935,-0.7323346268198857,5.8648300121286345,-0.924017234646874,5.449966261492995,-1.0922632796115685,4.9447089783542655,-1.2303441038150598,4.362805836466269,-1.338715601145087,3.7192203222684523,-1.4042921152359291,3.031115682938339,-1.4012233532387364,2.3265168828252247,-1.3224804441119626,1.642580179662142,-1.1690007376039742,1.016258049175899,-0.910017323939176,0.4910831407531931,-0.5098775249732376,0.13022507607631234,0.0006262620127957816,-6.545445398719154e-05,0.5361006779270784,0.13494652288816933,1.018749712319175,0.5269464450627364,1.4177646908187589,1.1394712448724493,1.7456570377002527,1.9329078279203245,2.0111833449303758,2.874896509963886,2.2017546889965707,3.9315332156848886,2.3122817612221205,5.06319433981764,2.3531234206564604,6.2322639512718405,2.328184571735326,7.405398151385014,2.2351843811769334,8.549050904790958,2.0784515838879907,9.62993780824672,1.8661367442745695,10.61826457217936,1.6030346736623913,11.487624923736014,1.2928496692664015,12.213389986014942,0.947889039232695,12.774656559108806,0.5820207447275898,13.157898907562814,0.1964305311810129,13.353375871355837,-0.20604015226093444,13.351415346810844,-0.6096610582329253,13.147182048266732,-1.003885532265171,12.743423124768642,-1.3911276811026425,12.144398879631007,-1.766591595639019,11.354189039109098,-2.116410302476175,10.38215602448656,-2.437573406646499,9.242655216365755,-2.738151862467604,7.947838069647207,-2.9998324893416273,6.5108041531065535,-3.1877225849603668,4.960684481560198,-3.2998340731638764,3.335359127090311,-3.3302865969182878,1.6756794277593878,-3.373740399423169,3.7426290132556174e-05
244,4,-1.2282165263958333,2.3550461116875,-1.2407634211577085,2.360362313694747,5.14788276663588,4.959223223938322,9.221587336139958,9.42221565365672,7.901594316222156e-05,0.00019528501282130374,0.2534428358324674,0.09658261124417988,0.21072741648302062,0.20214244877972276,0.5860010786327954,0.38632325354561137,1.0312933135360924,0.797316239284105,1.2954792969712605,1.3856066777392,1.4459370733023815,2.074323288492492,1.51808005682996,2.8187688013381087,1.5008267943359255,3.5773447192806365,1.403111312408309,4.305984803148741,1.2595731028241928,4.973027466832899,1.07374213382806,5.558814346548372,0.8160715596657949,6.034314582147954,0.5188029946133872,6.368077926078152,0.24048856464639864,6.556707135432053,0.0014950912420266481,6.614800534586366,-0.17234743846458195,6.5698260364450585,-0.33900415763676384,6.443494491802467,-0.5426630669200074,6.2240502333014165,-0.7488610942582274,5.900642715353441,-0.9388119955407309,5.477928955922497,-1.1049515337987212,4.965789438657127,-1.2407634211577085,4.37810746163324,-1.3469171846909171,3.729872339614651,-1.4104599069885866,3.0381848070432533,-1.4056277345049506,2.3309561575921602,-1.3254769881356845,1.6451852480658187,-1.1709624548043123,1.017637922280201,-0.9112255134111844,0.4916793088111628,-0.5104704271759353,0.13037392488069616,0.0006269690353187271,-6.552855159698854e-05,0.5367426144026678,0.13510424328011011,1.0201107871899637,0.5276013803323104,1.4199385219668004,1.1410055656265157,1.7487564487291412,1.9357555837373484,2.0153098237784097,2.8795474845612348,2.2069506462183144,3.938514508908385,2.3185283035371556,5.0730379443356854,2.360362313694747,6.24548215760566,2.3363108984356087,7.422463238262317,2.2440370478065232,8.570368483808183,2.0878269977917565,9.655821558811288,1.8758002680939299,10.648918488477612,1.6127175153911473,11.523127425522954,1.302248647421763,12.253676046606003,0.9566919965417405,12.819505878648068,0.5899217425403267,13.206937166954463,0.20310401529538766,13.406071893248095,-0.2009314616748821,13.407070500050892,-0.6064147003089118,13.204937163893357,-1.002757981229272,12.802282223074853,-1.3923723275061826,12.2032390875859,-1.770427853338335,11.411766537789651,-2.1229717164975863,10.437137932757883,-2.446940380850537,9.293658412245781,-2.7504060174353215,7.993438561926584,-3.0149197592617143,6.549560914787472,-3.2053240603385684,4.991252821396587,-3.319520895239009,3.3565838120778784,-3.351494591406478,1.686662771121921,-3.3964602122497007,3.767833050774942e-05
245,4,-1.2346149955833332,2.3351067768263887,-1.234387296518395,2.355683405992594,5.141017809671808,4.966101657418455,9.269627759926856,9.342441116708375,7.86621867868695e-05,0.0001945535581983634,0.25243182885627147,0.09620721317393993,0.2098330081321581,0.2013310846576302,0.583496998805898,0.3847283324303763,1.0267649380898212,0.7939403746758791,1.2896093770093333,1.3796049926956542,1.439191648581893,2.0651533411920604,1.5108120132850371,2.8060792866091253,1.4934727681456121,3.560980226776045,1.3960969092058246,4.286013225167959,1.2531791508609174,4.949694477686079,1.0682395124485498,5.532492474310592,0.8118790872616101,6.005551152331054,0.5161785030807353,6.337607712231672,0.23938203584448536,6.525308771440282,0.001730634136945576,6.583196049058388,-0.17109551469365472,6.538605081222631,-0.3367902704625755,6.4131336986589496,-0.539345016856054,6.195069862913802,-0.7444911113761732,5.873590065202924,-0.9335527814059184,5.453291257038301,-1.0990130790291857,4.943960982485856,-1.234387296518395,4.359367558528449,-1.3403338138094407,3.714381983833064,-1.4039366668597288,3.025984019591757,-1.3995001287846973,2.321932374779953,-1.3200500790700185,1.639060935411117,-1.1664751077945383,1.0140020942061119,-0.9079615424590374,0.48999516608173127,-0.5087583697438399,0.12994580883185036,0.0006249764601924405,-6.532203023202973e-05,0.5351472144183564,0.13469480399169895,1.0172433783212844,0.5260607237716698,1.4161586102770392,1.1377893965533443,1.744344057769754,1.9304814424360301,2.0104912370316623,2.871956158611145,2.2019639476240966,3.9284616444025855,2.313603788818412,5.060498595567312,2.355683405992594,6.23053517193901,2.3320324093099014,7.405270686078102,2.2402993742341724,8.551166552155511,2.08473844211782,9.634909427845926,1.873429142370643,10.6266393113445,1.6111024322760727,11.499850558472922,1.3014037448456464,12.229784249642638,0.9565937804836384,12.795380183104951,0.5905143322717198,13.182937597158343,0.2043306885476742,13.382529349392504,-0.19912768192235503,13.38428825381937,-0.604108310389355,13.183185870507419,-1.0000251510632445,12.781793492542901,-1.3892669881615876,12.184211738816503,-1.7669931400084198,11.394376052662334,-2.1192526337738062,10.42153768210661,-2.4429675650981375,9.279981778337081,-2.746182606488087,7.9818108743476435,-3.010462248796594,6.540105210361467,-3.2006886181332823,4.984072781360219,-3.3147626634992067,3.3517548982974468,-3.3466803491819426,1.6842281199468048,-3.391526833476213,3.762360249786692e-05
246,4,-1.233152539746528,2.347647441763889,-1.2406484407601739,2.3450784803072424,5.190145497223109,4.942775901880202,9.258647477595108,9.392614592673445,7.851465894186399e-05,0.00019293456148953677,0.2509034152988973,0.09553078371234118,0.20912974459937453,0.2001712456343135,0.5817761037317044,0.3829851351206886,1.0250976217310641,0.7912670621326062,1.2895718632463193,1.376462687458773,1.441371644245073,2.062536678723805,1.5152486359177701,2.805122750961296,1.4998537433467365,3.5627479627430363,1.4038232690270842,4.291336739129061,1.2615317704281699,4.959068035955371,1.076479340921854,5.546046013820858,0.8192156722566785,6.023031626607793,0.5219511402275654,6.358386213950891,0.2432494420506308,6.54850605005593,0.0036153752758874376,6.6078280966052425,-0.17100387468845263,6.563721591144358,-0.3383706043291303,6.437877357736019,-0.5425436244618024,6.218612848213379,-0.7490556276719086,5.895178146078311,-0.9391092631275428,5.472332341594366,-1.1051384425877306,4.96006327702714,-1.2406484407601739,4.37235584998891,-1.3463387224006806,3.72428832807322,-1.4093258370614805,3.033027345997044,-1.4039608746889747,2.326502243416954,-1.3233962819452338,1.6416746522287842,-1.168669980111197,1.0152316121761558,-0.9090914886560074,0.4903999468713827,-0.5090821393053414,0.1300026974434655,0.0006250578060028653,-6.532522344690996e-05,0.5348614176049196,0.1346491128003655,1.0161038827849873,0.5256796804522316,1.4137404628634247,1.1365335392048521,1.7403550718239311,1.9276337156037602,2.0047536766734617,2.8666813984931414,2.194449828067564,3.9198716804957066,2.3044341701502455,5.047730277829769,2.3450784803072424,6.212812278772624,2.320305302468389,7.381949532511702,2.2278631000934745,8.521785653021995,2.0720676601929013,9.599231354754634,1.861020098089474,10.584670372051686,1.5994623115452535,11.451848003600873,1.2910358003446996,12.176259480705596,0.9479337995031507,12.737082584681508,0.5838985527988144,13.120808407275886,0.20004922521794694,13.317664409374446,-0.2008442423826758,13.317916635192407,-0.6031669917033837,13.11661967809179,-0.9964445020531568,12.716359475101216,-1.3830979208186631,12.121218026805176,-1.758353816647922,11.335091771426951,-2.1083732414079597,10.367144432381707,-2.4301169193493988,9.231531461978705,-2.73159579787846,7.94023005340694,-2.99448103333599,6.50618562027289,-3.183833008233221,4.958384294631302,-3.2975298802344963,3.334609900290906,-3.329556239401519,1.675685070333637,-3.374477555632079,3.7434467883497673e-05
247,4,-1.2390059828263889,2.3523304065,-1.2232204924528889,2.3769396714370945,5.139274428994777,4.9497449969451734,9.30259578428046,9.41135049063448,7.748593202871516e-05,0.00019113806027156157,0.24824254718610553,0.0945700295555788,0.20661613202294588,0.1980195265681409,0.5746966693612321,0.37862643670002427,1.0120177692210461,0.7818158342586415,1.2722883733396295,1.3593458414083608,1.4213140914976854,2.0360356952495113,1.4936664727692117,2.7681533753468615,1.4783177093602935,3.5149290634330113,1.3838888814378507,4.233093894261649,1.2442952247382562,4.891495042730877,1.0629232215204538,5.470726514349818,0.8105984595878587,5.942119300711933,0.5189003947563952,6.274556812857492,0.24540903464612931,6.464477591424085,0.010213335133436518,6.526033182335478,-0.16113307968639878,6.486086937811655,-0.3257273464638921,6.365873086765432,-0.5272649399371555,6.153605296774226,-0.7318149411851391,5.8383369786555015,-0.920831845836321,5.42441060864011,-1.0868064115969656,4.921335466951787,-1.2232204924528889,4.342605527021528,-1.3306438183515281,3.702850762986095,-1.3960959455288346,3.018849673485353,-1.3937728230364743,2.3181969955593034,-1.3164741187307452,1.6376475742415428,-1.1648427495737013,1.0138773541540362,-0.907805096584361,0.49029125867760964,-0.5092451937968083,0.1301165716546307,0.0006261391486181824,-6.54527691363073e-05,0.5367472416000979,0.1350535396040371,1.0212540569349098,0.5277961360064929,1.423051115300473,1.1422363273602054,1.754383072614859,1.939153261563937,2.023770818895776,2.8864584866242295,2.2183238737208324,3.950386130809439,2.3326603204189547,5.0912960672260805,2.3769396714370945,6.271433517631163,2.354875823557282,7.457222535879116,2.2639811110256316,8.614783036783487,2.108438661713239,9.710406019497377,1.8963155991585579,10.713817334900172,1.6323343854160113,11.59809348641015,1.3201468608558875,12.338054501271708,0.9721207345502287,12.91224459363048,0.6022519763854661,13.306640113275785,0.21176573382249608,13.5110456991782,-0.19642407580502444,13.515353284148986,-0.6063420786127424,13.314371776209533,-1.0072162712675818,12.910622468976195,-1.4013791858587055,12.308211988928798,-1.7838663402049986,11.51111880749546,-2.140513634960594,10.52872774964179,-2.468150951659397,9.375542230123347,-2.774859418808798,8.063887288577021,-3.04197887297233,6.607096012839872,-3.2340157437231603,5.034808226860676,-3.3488634111231947,3.3855879068001933,-3.3804953221909626,1.7010518156368652,-3.4249874672941627,3.799479496537513e-05
248,4,-1.2414977897777777,2.3559636854236112,-1.1931601389513848,2.3476746522053817,5.162490570133819,4.964535385680717,9.32130455014804,9.425886740000578,7.610070050021065e-05,0.0001896663183556267,0.24546325148894732,0.09365174336977924,0.20350106025608203,0.1957238137141133,0.5657427988899945,0.37357237057979686,0.9944128336444621,0.770105300340903,1.2474606750717696,1.336953013725632,1.3907911780144977,1.9997482261970367,1.459035085765629,2.715497852392117,1.4418268532501366,3.444388561765199,1.3479427049003594,4.144353707606749,1.2107100027131585,4.7853078657676535,1.033403762491387,5.348678540436611,0.7874232657729702,5.80680332552459,0.50349332996471,6.129576559878627,0.2376356932280414,6.313722243348701,0.009241307103454329,6.373147927227887,-0.15690451426261995,6.3340745908695215,-0.31665906150452783,6.217159819017679,-0.5127750013749821,6.010772130270608,-0.7121817999556737,5.7040615629288665,-0.896791438701287,5.301087000350211,-1.0592558669211047,4.810950945346539,-1.1931601389513848,4.2466639573084715,-1.2989956675766416,3.6223749630445465,-1.3639801579585387,2.95437160387681,-1.362743992924152,2.269574563988221,-1.2880957386414496,1.6039362841354348,-1.1405261520116556,0.9934028392281792,-0.8894434299341979,0.4805822396659087,-0.4992583429747568,0.1275912250818764,0.0006141847381492959,-6.420868475240492e-05,0.5268801391248585,0.13254227535646462,1.0031637438638654,0.5182082058886994,1.3988786201233656,1.1219968831440963,1.7259640749966088,1.9056977122025411,1.9927132483436505,2.8380654455491157,2.186342901757876,3.886160400251502,2.301393117332843,5.011196858569543,2.3476746522053817,6.176154311328323,2.3286483240957816,7.3480303791041335,2.24164594651143,8.493419592412199,2.090574708477613,9.57897527463899,1.8832051510172207,10.574636431143123,1.6240447454624913,11.453563147056805,1.3165824736427745,12.190568399373888,0.9729878138336602,12.764100654172646,0.6071147144402603,13.159947223657335,0.22021182241508622,13.367695832244575,-0.18477440316198535,13.377043819574753,-0.5919099756133892,13.182600890360895,-0.9903947803933026,12.78667884180103,-1.3824332548093574,12.19321894603203,-1.7629941239247227,11.406088612502716,-2.117919606934096,10.434572408613251,-2.443984483038564,9.293080559511656,-2.7491542792299852,7.993894132848673,-3.014865110842637,6.55031944045365,-3.2058868485808367,4.991860661415087,-3.3201751170172815,3.356867165451587,-3.3518240712710816,1.6866865536185858,-3.3961777836724294,3.7675197318864245e-05
249,4,-1.2337706552430554,2.3475396450972226,-1.2168791531433063,2.3845911492589367,5.16175678311899,4.954651354654052,9.26328835802014,9.392183313033089,7.570880731214884e-05,0.0001871149295759406,0.2429270422383164,0.09255562348960907,0.20221856276249822,0.19379006640015717,0.5627414954014848,0.3706015119732099,0.9918728043265851,0.7655817238726523,1.2488124648745154,1.3320254716811628,1.3978574961601098,1.9968743662618,1.4726176719586537,2.7177703816367584,1.4618300997258005,3.455081599184905,1.373406057227137,4.166466380719936,1.2402272268345098,4.8212289382635785,1.0652208863463113,5.400019756200993,0.8191002287900434,5.8741299048822535,0.5326502596510839,6.212191454908778,0.2627777716310437,6.40996131374704,0.029554650230447767,6.480763239880432,-0.14132585173144235,6.450656257626692,-0.3063918548114868,6.340258006526396,-0.509166398232924,6.137383960110249,-0.7158066047792795,5.830676391333769,-0.9076318011825643,5.424077687123991,-1.076911436714738,4.9267919023784135,-1.2168791531433063,4.352126344173326,-1.3278739780148154,3.714645469858308,-1.3966584884125428,3.031179469083395,-1.3970878317167394,2.3295262978366766,-1.321689727831902,1.6468052150879413,-1.1709367747428836,1.0201603438217435,-0.91344503260198,0.4935763150943213,-0.512770447939125,0.1310401577067016,0.0006307335268816364,-6.593620375534174e-05,0.5408367448607141,0.13607457051498711,1.0290412488004204,0.531818237185135,1.4335895122831719,1.1508839452967794,1.7666046868463174,1.9535356245041118,2.0365585901384526,2.907142148465766,2.230461951378628,3.977352434042827,2.3430035175298656,5.1239257835171585,2.3845911492589367,6.3085937459365455,2.35919046010399,7.4973961714106645,2.2645726524617893,8.656193167886258,2.105225902021301,9.75115775513808,1.8895114142916714,10.752050517439836,1.6223929534432167,11.632116988698158,1.307715836034159,12.366454465825674,0.9579852212496237,12.933968472765228,0.5872488620529341,13.321044340377382,0.19672828136939083,13.517905462347244,-0.21069981538493562,13.51485317172791,-0.6191636276820445,13.307071433643454,-1.0180273437916114,12.897393261239612,-1.4097343176097104,12.290174944858336,-1.7894475569783985,11.489587738761212,-2.143163342373426,10.50513546121693,-2.467826144154329,9.351368092013962,-2.77156792753074,8.040619094869964,-3.0358673824000286,6.586189628285451,-3.225425830052146,5.017592890705021,-3.3381753140634203,3.3732094181528884,-3.3681249501520982,1.6944501319385528,-3.410958631937006,3.7839167146532266e-05
250,4,-1.1951764515625,2.346863701923611,-1.1775052758984947,2.3547054078522973,5.134262280472125,4.950205505108405,8.973518751228253,9.3894789573435,7.43692884635507e-05,0.000185909340908456,0.24040865363781228,0.09175179675598369,0.19919567226394622,0.19168611446822958,0.5539385839591834,0.3658027452106006,0.9740723731564053,0.754140709723447,1.2228838197038467,1.3095982582043113,1.364905604685516,1.9596854663574923,1.4339104785305006,2.662597988464024,1.419449079481993,3.3795355919557872,1.329786811582742,4.0693247119774165,1.1973819358661821,4.702395853825669,1.0252337892412273,5.260372399155614,0.7849289550032356,5.715814636453814,0.5065238391369723,6.038752062031105,0.2452256982714532,6.225597065029105,0.020248623566617878,6.289726339540295,-0.1437805549185238,6.256731346577393,-0.30197995200471395,6.146771993328435,-0.4966936862528931,5.948088212477526,-0.6952288972958933,5.649663740601694,-0.8796311477086933,5.255244873565997,-1.0425435559028708,4.773604054167895,-1.1775052758984947,4.217431980551727,-1.2848970815740857,3.6006003592788884,-1.3518873235845599,2.939163369237145,-1.35305063562212,2.259825988857546,-1.280980662851486,1.5983914012472564,-1.1359118089820144,0.9907828690206509,-0.887054878363751,0.4796968503948939,-0.4985296762700206,0.12745339154600926,0.0006138732179558046,-6.418539105778252e-05,0.527202543173865,0.1325816129729836,1.0046242597919546,0.5186675096761502,1.4018864433548208,1.1235644646564187,1.730573471310447,1.909173383204537,1.9987044930861007,2.8442056929915087,2.1932638748335,3.8955513514497935,2.30866149823919,5.024160228399599,2.3547054078522973,6.192715822539417,2.3349223225741604,7.36793769007224,2.246763302611662,8.516188136286285,2.0943048223019307,9.603961466468068,1.885496953484769,10.60112670987514,1.6250058890736103,11.4808592544068,1.316446770801775,12.218059077638362,0.9720628474072095,12.791312727036955,0.6057180410781613,13.186566032397577,0.21863386915016214,13.393559816542243,-0.18630587380207128,13.40212295622599,-0.5932773580864723,13.206953037171402,-0.991598541734936,12.81039035684994,-1.38357322710461,12.216350756656265,-1.7642723313325335,11.428626427314088,-2.1196272425200897,10.456377184742765,-2.446458803829424,9.313854418983023,-2.752756983850309,8.013164258740295,-3.019952001420014,6.5674304778500225,-3.2126986362639878,5.006003687471866,-3.32878583028675,3.3671533006511702,-3.3620993560348365,1.692244530972308,-3.4081384930805525,3.7807882577191166e-05
251,4,-1.1812652573194444,2.367745879638889,-1.2428918877135913,2.3594543600209383,5.156500210855385,4.9541937259777304,8.869071945713603,9.473025678902316,7.809411784960018e-05,0.00019201953435056188,0.24970199995195486,0.0950728205049324,0.20818010973627174,0.19922238726829813,0.5793000253878222,0.3812345615634722,1.021307434930512,0.7878924340617313,1.2858808211782524,1.371166620758359,1.4387195592554285,2.0556255250338182,1.5142046437297607,2.797269025523651,1.5007166640376142,3.5548432722502787,1.4065513136444685,4.284338614927197,1.2657982389671054,4.953835931012993,1.0818136964930385,5.54323594592122,0.8250338444453245,6.02303618970186,0.5276387304343316,6.3612905200724095,0.24834140853871173,6.55412086725439,0.007835980393506154,6.61577782004768,-0.1677208761507699,6.573547607284822,-0.33608224168621154,6.44910084273394,-0.5413421479015795,6.230710491138368,-0.7489105481362326,5.90760874831096,-0.9399083787634123,5.484593984187491,-1.1067366167357553,4.971719048611977,-1.2428918877135913,4.383045228416994,-1.3490986560649385,3.733721909731524,-1.412469750948137,3.040978550158679,-1.4073115793281468,2.332821720313705,-1.326763384377038,1.6463069823709964,-1.1718501945143476,1.0182170493958644,-0.911747795957251,0.49190768968777127,-0.5106825391334447,0.13042171950242343,0.0006271517526298843,-6.554635437518074e-05,0.5368123717245996,0.13512820111540438,1.020100199642156,0.5276458380012823,1.4197371648479786,1.1410004518307966,1.7483095839548741,1.9355896209792949,2.01461387118865,2.8790948487401242,2.2060600287365504,3.9376616497055292,2.3175549702723597,5.07171350307043,2.3594543600209383,6.243680716180714,2.335638726356634,7.420259281684404,2.2437829309111703,8.567925405906081,2.0881601356480632,9.653391829362919,1.8768522673476016,10.646830547228799,1.614569268274801,11.521763230784424,1.3049187563595626,12.253443079336298,0.9601192829292229,12.820801599950155,0.5939659957363079,13.210107962206777,0.20756627960484453,13.411378700255982,-0.1963033359938991,13.414661512861896,-0.6019182155932742,13.214822317718436,-0.9987073038648753,12.814317249756991,-1.3890780524156814,12.217123115908645,-1.7681854805571364,11.427046426296046,-2.1220367644929166,10.453221647895965,-2.447514342553439,9.309839787909095,-2.7526458213311003,8.008921973600096,-3.0188990151000117,6.563489630003396,-3.210969364884983,5.002769787099632,-3.3266502371448725,3.3648968765501626,-3.3598169161135405,1.691102043228361,-3.4058776661772683,3.77828023102562e-05
252,4,-1.166479381375,2.372939086611111,-1.1663750227726095,2.3305171381378016,5.136148080467205,4.949679660205327,8.758057931952417,9.49380298588731,7.403572977531886e-05,0.00018554904619915845,0.23973217454696885,0.0915278189463669,0.19844139654318288,0.1911281959912846,0.5517398832409393,0.36457194165773443,0.9696363438914948,0.751253541620475,1.2163888332066821,1.303967801200525,1.3565336105109,1.9503326632243863,1.423853868570544,2.648626248399631,1.4081056800714638,3.3601931611002116,1.317663367601609,4.044095548028517,1.184896289518192,4.670998701139002,1.012864916769025,5.2227350174694305,0.7734743475356073,5.672184791267073,0.49665910515836065,5.989775141479259,0.23719997589842867,6.172140905961104,0.014107179584282495,6.232734293585848,-0.14829484393862438,6.197084095825043,-0.30465771193610747,6.085301003623903,-0.4968821570850446,5.8858780651173,-0.6925971067874248,5.58805752982517,-0.8740766405656417,5.195683365821851,-1.0341064850100654,4.717545892758343,-1.1663750227726095,4.166275146279072,-1.271337239918735,3.5556296474237796,-1.3364019442038428,2.9014838497678648,-1.3365634825807895,2.2301849574735098,-1.2646128610074845,1.5770110417563652,-1.1208595533233736,0.9773132145551716,-0.8749847931880644,0.47309204762096735,-0.49162857575465946,0.12568278470830238,0.0006053086307171863,-6.32893898190897e-05,0.5198460603185885,0.13072994950259662,0.9907407179737266,0.5114528222736157,1.3828867130914166,1.1080686705434932,1.7078083441025154,1.8831836511333706,1.9734655847325477,2.806158209202625,2.16700763652378,3.8445667719016927,2.2828385600605756,4.960099996344189,2.3305171381378016,6.116107853936162,2.313375136270955,7.27985659141903,2.228714485422835,8.418176572388184,2.080373085234806,9.497934822661346,1.8760329623337402,10.489241453290257,1.6201489517546699,11.365391587343096,1.3161582263110203,12.101310811249858,0.9760858595988865,12.6755135394343,0.6136181618210895,13.073767340340897,0.2299358182445721,13.285581601073902,-0.1721126758318755,13.300541614080341,-0.5767948021969491,13.113067197290585,-0.9734491344417403,12.72518717513137,-1.3643115640904717,12.140522261835974,-1.744424106338848,11.362597543645457,-2.0997218475106156,10.40030824060116,-2.426967002652389,9.267652109035232,-2.7340513969716596,7.976525810896598,-3.002419686856677,6.539869724713938,-3.196779311851906,4.9868228064940725,-3.3148375578008196,3.355453438643768,-3.350415859593704,1.6869592214667282,-3.398676589755573,3.7702918079411857e-05
253,4,-1.2183427885138889,2.3848110768402777,-1.2522825279454766,2.3314401263280944,5.191001756253204,4.953664338651732,9.14745420549426,9.541301186292891,7.909254415932083e-05,0.0001949681943732568,0.2533080679957281,0.09648319561284845,0.210960780875057,0.20207617405176032,0.5869198176323577,0.38650300666641363,1.0341039300475805,0.7983812487089316,1.3009545019134785,1.3887243930693554,1.4543171227270204,2.080903010613071,1.5291741861390316,2.8302357461925354,1.5139120600224805,3.5948972703174045,1.4170736513069777,4.33034899958488,1.273238898970818,5.004346732298414,1.0858878932070255,5.596642150432312,0.8253017586306801,6.077542858168961,0.5241279277944673,6.414968316787941,0.2416752866035302,6.605224772444261,-0.0012002132868442496,6.662918404010795,-0.17822215851199005,6.615771797895335,-0.3476006622807007,6.4858120564452895,-0.5536151930809526,6.261456697724335,-0.7613885800040029,5.932140553049071,-0.9519496881174341,5.502969492936725,-1.1177234785717007,4.984312789983765,-1.2522825279454766,4.390524496490337,-1.3564743178510963,3.7369947227690883,-1.417545309526934,3.041130183431209,-1.4100114980453762,2.331032034187078,-1.3272882994509236,1.6437249776501353,-1.1706620220227382,1.015825903882741,-0.9096473521188606,0.49038136526801746,-0.5089127167009272,0.12992236996311843,0.0006244033723288311,-6.524977612298582e-05,0.5338488477836748,0.13442665240121124,1.0134884840590386,0.5245685973146531,1.4092032106275818,1.1336432890483263,1.7337417442311076,1.9219599285893363,1.9960332935721739,2.8571722068903633,2.1837656102134524,3.9055015011886054,2.2920844537682528,5.027587169439456,2.3314401263280944,6.186155098096299,2.305835577451804,7.348244117598184,2.2131154954138363,8.480751351333419,2.0576420994939673,9.550878619928039,1.8475139539334433,10.529310087193538,1.5874611612262512,11.390086753131916,1.2810959196254004,12.108991296405405,0.9405010208746624,12.665456072516866,0.5792717432402431,13.0461566191025,0.19845209266341277,13.241448493369505,-0.19928037798849843,13.24169033495833,-0.598497042613966,13.041958184671874,-0.9888697729036492,12.644768804644421,-1.3728673583736324,12.054090157102678,-1.7458044797062735,11.273675851339034,-2.093973749891838,10.31248715813156,-2.4143741251424164,9.18442988718639,-2.714974991210887,7.901239056279921,-2.9775467317093245,6.475611358702219,-3.167281253241787,4.936209234523585,-3.281956252895605,3.3204897407539486,-3.3154485820238606,1.6689970174194837,-3.361838017595959,3.729425249262778e-05
254,4,-1.2403710418333334,2.3588435733125,-1.240765627196423,2.3453917978775776,5.13100009241277,4.962745241007473,9.31284480029758,9.437408775434534,7.877319364887345e-05,0.00019474590991457174,0.2527556275313242,0.0963163364336856,0.21022825954420943,0.20160618974697603,0.58474731851337,0.3853736764280015,1.029552736858433,0.7955809173602804,1.2940876495464475,1.383060806618526,1.4453347936392713,2.071268459167316,1.5183867728203322,2.81564032813411,1.5019099185420661,3.574574525546381,1.4046040848693793,4.30387767983167,1.2609772485046649,4.97166627188494,1.0745460449973239,5.558025807772111,0.815825315446299,6.033681584051966,0.5172317012992322,6.366996901306431,0.23755788951486237,6.554497425098637,-0.0026274887514499976,6.6108172313676254,-0.17737665523058704,6.563541561558271,-0.3445574780749566,6.4345449509015475,-0.5481948448074798,6.212304282577346,-0.7537654751141386,5.886262801605776,-0.9425143396035952,5.461374710937268,-1.1069692614287756,4.947788034057342,-1.240765627196423,4.3595905426187915,-1.3447338048487696,3.7118975432314385,-1.4061635996339175,3.021840016164509,-1.3996409137349386,2.317206578575877,-1.3184803214130738,1.6347129806800342,-1.1637953315003133,1.0107463478128584,-0.905046106851645,0.48818166644927036,-0.5067618741776442,0.12941078491142802,0.0006222305345436323,-6.503091985312311e-05,0.5325599844587187,0.13405901759666738,1.0120774148643144,0.5234761046674068,1.4087926895970924,1.1320526257184704,1.735249116889339,1.9206095444175892,2.0001793866044273,2.857209226529426,2.1910483482505025,3.908380636013715,2.302722425381432,5.034943148740541,2.3453917978775776,6.199665152577655,2.3228193254762046,7.369504937176361,2.2326064117777666,8.511157364158038,2.0789192440069453,9.59150977963067,1.8697278651227283,10.580851492696146,1.6096695764963338,11.452774652373709,1.3023010237585506,12.182574130210025,0.9597588050392122,12.749191175964839,0.5957649350813948,13.138861648170522,0.21142698896174164,13.341551028531667,-0.19048645360756378,13.34725878096961,-0.5943188857014384,13.150782364006846,-0.9895398824726507,12.754477676283312,-1.378541468556225,12.162217748257287,-1.7565014545791244,11.377706779634043,-2.1094893392221894,10.409952623019148,-2.4344013245715947,9.272997545595302,-2.7392362229486764,7.978721849688333,-3.005535092439664,6.5400004399518314,-3.198102438069571,4.985856808277689,-3.314691502711224,3.3542071957167905,-3.34913141915526,1.6860830817641603,-3.3964956522625305,3.7678723950332395e-05
255,4,-1.2098679940243056,2.3525189608750003,-1.2627244549919876,2.344949167887434,5.1126948738394935,4.944746595206319,9.083824498629086,9.412104870761,7.908051458824072e-05,0.00019386271654741588,0.25235897788295514,0.09604202941777686,0.21065259482892051,0.20136943324512824,0.5862638610342583,0.3855537090714889,1.0341322569864402,0.7972113109909077,1.3028519074428904,1.3880031471381635,1.4585852712733343,2.0817116714586064,1.5359339766011917,2.83380280473247,1.5229620725632058,3.602432100441118,1.427922364085071,4.342883020745709,1.2852624771377126,5.022626078375488,1.0983476043560059,5.621078070325569,0.8372069230420778,6.1081148302395505,0.5345325590619222,6.451149140253213,0.25000328028551533,6.646107139831564,0.004772696605371186,6.707378454477,-0.17449531209957075,6.662650580876965,-0.3462390467825866,6.533979069813331,-0.5549887924371285,6.309630628332944,-0.765523885119829,5.978931133965838,-0.9586157061739955,5.547046974590189,-1.1265317015968177,5.024502180758901,-1.2627244549919876,4.425879338812129,-1.3680168804199198,3.766830433385395,-1.4295572734776247,3.0650470789316366,-1.4217084849217168,2.348988009943736,-1.3379333578554768,1.6560684039080829,-1.1796532306677747,1.023235454141457,-0.9162999511161094,0.49384738592541494,-0.5124524814152795,0.13081144008626466,0.0006285702493850809,-6.568245479067505e-05,0.5372396388613964,0.1352924855910737,1.0196930391335213,0.5278614111820866,1.4175799573204473,1.1406051053884145,1.7438339148374662,1.9335538772732945,2.007512150696154,2.874172543711268,2.1962718722825985,3.9285141800778858,2.3052473572290877,5.057031394223992,2.344949167887434,6.222279393330148,2.3193863009951197,7.391146967709465,2.2263617053513243,8.53036835910793,2.0702327883898053,9.606969023375322,1.8591189773342112,10.591462897297841,1.5977542801843885,11.457727876456595,1.2897528264271865,12.181382737140792,0.9472614036981405,12.741710531503285,0.5839560193982842,13.125279179513557,0.20088181830144985,13.322357385411589,-0.19926975370312347,13.323214516621869,-0.6009689113829153,13.1228673830175,-0.9938199987448307,12.72382249549192,-1.3803110579503948,12.130046204050672,-1.7557284580724588,11.345287579374912,-2.1062761821607556,10.378536694886796,-2.4289369832592964,9.243759523845823,-2.7317376969837226,7.952734655552399,-2.9963286607071136,6.518207152669764,-3.1876671464345656,4.96899463328838,-3.303511242805216,3.3427697131369842,-3.3376852993791397,1.6803168750865716,-3.3848980736826433,3.755006724900774e-05
256,4,-1.2271397701284723,2.3379878137291668,-1.2377913604241078,2.3595615512616024,5.141032769028584,4.961570894772539,9.213502929404005,9.353967749188906,7.759999175447721e-05,0.00019082439844208846,0.24814361316455796,0.09447965153703963,0.20689575017714915,0.19798228309181104,0.5757465173944613,0.37887529178385765,1.0151172960643613,0.7830530474444749,1.2782574099025241,1.3628290246950032,1.4304711852408112,2.043294587966217,1.50592186413319,2.7807799313261663,1.4930310105042313,3.5343359471835507,1.3999875448217578,4.26025256712864,1.2606117265054853,4.926806124776885,1.0781728922868354,5.5139898682288395,0.8231910269869692,5.992410356115993,0.5275922804730759,6.330201972613426,0.24975806975871465,6.523390553297675,0.01030681560078013,6.586039050142235,-0.16466432224701458,6.5452065071588965,-0.3325901317053021,6.422394799206495,-0.5373598493381798,6.205873020646708,-0.7445062755518231,5.884872512006195,-0.9351845651324063,5.464143604248296,-1.101783605343491,4.953691637996775,-1.2377913604241078,4.367534058293502,-1.3439111145830844,3.72078535550354,-1.407294206683826,3.0306388138939373,-1.4023360913616658,2.3250289040353187,-1.3222075812401253,1.6409058959855873,-1.1679397699637852,1.0149431116544159,-0.9088033339850379,0.49036364575179825,-0.5091002064307489,0.1300245110004818,0.0006252972668919238,-6.535427706987175e-05,0.5353553591145829,0.13475109302256164,1.017605759313222,0.5262598211681766,1.4167192981748633,1.1382155157874607,1.7452276548926526,1.9312622075129597,2.0118672057825266,2.8732943210958384,2.2040120427961725,3.9306484466000775,2.3164934532154637,5.0639131507750035,2.3595615512616024,6.235636211052032,2.3370086389403575,7.412581734546978,2.246432343658341,8.561253632730509,2.092028455905839,9.648353526212563,1.8818122641029047,10.64400579859173,1.6204419801727523,11.521655050042808,1.3114830627329577,12.25645413721698,0.9671227497159043,12.827215545111365,0.6011402489033014,13.22007775338169,0.21462987379630288,13.42492000898722,-0.18964451311540073,13.431645765429938,-0.5959549218091968,13.234973941362558,-0.993721360669834,12.83721795817435,-1.385357287248528,12.242212663133868,-1.7660162793867038,11.453619987479078,-2.121679900867692,10.48043698882361,-2.449214788092948,9.336729650106186,-2.7566604493691744,8.034393640275496,-3.025421553885797,6.5863316589658885,-3.2200298479555625,5.021714856837063,-3.338172413356283,3.3786897413370425,-3.3735796412084804,1.6985668537751992,-3.421990226780909,3.7961545840984965e-05
257,4,-1.2518079818680556,2.355050012409722,-1.2139936565222171,2.3628519815391096,5.149335000092982,4.965114763419797,9.398714627906786,9.422231259909948,7.686150203215121e-05,0.000190433827235576,0.24698263612168309,0.09414476852274659,0.20526705731022538,0.19698567251191645,0.5709365987705917,0.3764168953719897,1.0050557617652853,0.7768970118174603,1.2631665040133713,1.3503608536072564,1.4109116020718848,2.0221397482864876,1.4826756053969463,2.748880127722604,1.4674222112214113,3.4901574622465112,1.3735983497175344,4.203011042774912,1.2348210706522922,4.8564666779578385,1.054396034971464,5.4311895437387525,0.8032789798612325,5.898609283329109,0.5129282509808427,6.227724329082529,0.24072239322131325,6.41498304289682,0.006729400797762725,6.474502289119953,-0.16360471451655959,6.433072776043896,-0.3270390111794349,6.311895262731708,-0.526931065987705,6.0993642307945395,-0.7294937891914683,5.784748982374895,-0.9162977063402047,5.372528324642018,-1.0799268125339343,4.872304060847034,-1.2139936565222171,4.29760264332692,-1.3191663990191766,3.663031027784508,-1.3827122756789598,2.985268257352518,-1.3792545125925035,2.2916310247333067,-1.3018529874641132,1.618411324164494,-1.1512812404545067,1.0017411469331834,-0.8969068400895173,0.4843499755301642,-0.5030470062341181,0.12853264172679646,0.0006185352529575637,-6.465936851403758e-05,0.5303853371442999,0.13343824632475318,1.0096307823141948,0.521621695431701,1.4077691359744915,1.129268998612905,1.7369089399994464,1.917940956152004,2.005407927250086,2.856232978278675,2.200363412276668,3.911027313443868,2.31623095244388,5.043299292544985,2.3628519815391096,6.215779701196562,2.3436998362887516,7.395232719473663,2.25610608560538,8.548018397862455,2.1040460474808973,9.64057130669382,1.8953949830266834,10.642657968789566,1.6347420400266468,11.527313994395518,1.325638814047121,12.269262262908251,0.9803433018803275,12.846897948159032,0.6127718317339322,13.245997745693263,0.22413337979228276,13.456144092854098,-0.18268077142561479,13.467000091304804,-0.5917436404550096,13.273126482147182,-0.9923008569442461,12.876777825978941,-1.3866749294325906,12.281794255695168,-1.7699088868818305,11.491889149337675,-2.127846094754363,10.516176752360403,-2.4572970259716778,9.368892812518725,-2.766319114106206,8.062106959761913,-3.0362252189446655,6.608907562452789,-3.2314289143765524,5.0387180726140475,-3.349691662282986,3.389944423643531,-3.384822366027939,1.7041214235804667,-3.4329628451748895,3.808326955714141e-05
258,4,-1.244557821923611,2.353460989048611,-1.2161352103413552,2.335239562351951,5.189840123623142,4.958804440291169,9.344279614461012,9.415873795946595,7.667280275685174e-05,0.00018943961788581834,0.24595051082262398,0.09370777583249189,0.20470675016941658,0.1961970767974365,0.5695304102189775,0.3751613070824491,1.0033253257155372,0.7748067540317217,1.2621171019221757,1.347547032914478,1.4109391439079038,2.019063732160858,1.4838168673615553,2.746099146450322,1.4695271470886222,3.4881976107354045,1.3763654231529328,4.202284487650164,1.2378483266860918,4.857206243609891,1.0572901389129,5.433424103437819,0.8057400159526323,5.902193307263448,0.514713976492443,6.232379699593497,0.24163617303762963,6.420319505453464,0.006666420506552885,6.480054424387268,-0.16467682545889994,6.438340060023304,-0.32899375247609414,6.316396490670427,-0.5294999670391299,6.102722443180459,-0.7323878752971335,5.786729364014547,-0.9192209364396451,5.373041895378214,-1.0825891973236004,4.8714097115991235,-1.2161352103413552,4.295497130380114,-1.320563903646323,3.660032591498895,-1.3832219386241749,2.981789548540637,-1.3788588398362898,2.2881256554108473,-1.300641748400118,1.6153132239674661,-1.1494503601684296,0.9994150898805486,-0.8948723253752395,0.4830141959905016,-0.5015489877649172,0.1281170829716399,0.0006162814401872586,-6.441627299662844e-05,0.527922205299556,0.13285914603795654,1.0039512920508429,0.5190324971966861,1.3983793279723207,1.1229289556006656,1.7234736383722686,1.9059059646210694,1.9877786539369249,2.836431526222852,2.1787600065092425,3.8813997689880804,2.2912333307629744,5.001992326987593,2.335239562351951,6.161284264097217,2.3144497159406243,7.3264759045929235,2.226413722609878,8.464472971897571,2.075197969514572,9.54233727706187,1.8686479300497822,10.530473993441646,1.611295365204003,11.402532895311724,1.3065934320630914,12.133816234943506,0.9665321767349276,12.703210865152974,0.6046965573182831,13.096822776482098,0.2221284174218678,13.304437693667714,-0.1784739380664332,13.315845149572981,-0.581552463435743,13.12558828978768,-0.976621338188734,12.735729806326333,-1.366063264634536,12.149843628331485,-1.7450561286542041,11.371338278947713,-2.0996555519471674,10.40892706359158,-2.426699018677074,9.276376168569044,-2.734120977282424,7.985322743767216,-3.0033894902392624,6.548429849593757,-3.199150271031079,4.99456607967426,-3.3189754967440566,3.3615810963061596,-3.3565008994525303,1.6905364476286122,-3.406937869994076,3.7794564126955474e-05
259,4,-1.213668133673611,2.3462199502916667,-1.227389705418098,2.3868546717769163,5.145270997833914,4.964445212927792,9.11235637302784,9.386903395585504,7.528033343437169e-05,0.00018544716633134278,0.2410977389247124,0.09179978372374885,0.2011354259807155,0.19238485310370423,0.5600654614664492,0.36830237795740767,0.9886573036225065,0.7617062454391957,1.247279283787138,1.3268911766244205,1.399218786743033,1.991663963672701,1.4774022978827157,2.7140850420692395,1.470034502689198,3.454655666659032,1.3844744428133622,4.170891548954213,1.2532386482220272,4.831716688891718,1.07905400631465,5.417270360790694,0.8323872113273867,5.898220961369526,0.5440842420095611,6.242508069092976,0.2715174634031406,6.445347535303212,0.03520911167988584,6.519752343103154,-0.1386367039913003,6.491722171697752,-0.30664781170110345,6.381939569239067,-0.512476193714181,6.178171496269431,-0.7218811080551906,5.869098073254718,-0.9159077085254733,5.458885158059454,-1.0866866091082972,4.957055044469505,-1.227389705418098,4.377286794138631,-1.338403940327485,3.7345170882127214,-1.4065198173838993,3.0459245935663954,-1.4056388685961716,2.339644770306512,-1.328504404865221,1.6530705990136858,-1.1758514588711575,1.0234905300431147,-0.9164525334284168,0.49492840123639564,-0.5140458799343341,0.1313345299469345,0.0006319247028032556,-6.605498335314456e-05,0.5415063223407519,0.1362672367856653,1.0298635625200716,0.53240091414137,1.4342900122758242,1.1518531595683925,1.7671593702555435,1.954815261021894,2.037122141540885,2.9086922658746923,2.231290762141561,3.979238662004906,2.3443990521832263,5.126355189978761,2.3868546717769163,6.311926009723706,2.3625724712940466,7.502131121334359,2.269228109902292,8.662933354274987,2.1111965327257134,9.760555111608337,1.8967241232691157,10.764749171099854,1.6306574173899273,11.64869532626765,1.3167312560697444,12.38736718487736,0.9673833646276435,12.959500576456259,0.5966316081162341,13.351289046996113,0.20565133329476148,13.552746171628828,-0.20270793874561915,13.55394184188096,-0.6125314314743477,13.349832595083269,-1.0131382321790952,12.943050653131396,-1.4069760119965187,12.337760337726918,-1.789178789939235,11.537943244345863,-2.1456608685288066,10.552943807533868,-2.4733316598883412,9.397186372437353,-2.7803518197064476,8.0828759202463,-3.048078507252955,6.623197870957288,-3.240958220223802,5.0476583569512545,-3.356832050496409,3.3947157455790378,-3.3895709615199223,1.7059228882942012,-3.4354387905088704,3.811073596020102e-05
260,4,-1.1984371824027777,2.3549377520833334,-1.197287218334881,2.361832103990648,5.142547085201227,4.946029234051963,8.998000683833006,9.421782121780833,7.503429978006582e-05,0.00018568611224402526,0.24096542363366974,0.09182543568358673,0.20048557460830768,0.19221564851683207,0.557837350968293,0.36749996310093136,0.9828146706575456,0.7589558700611135,1.2366339270342868,1.320052911978695,1.383119449603786,1.9781597346897783,1.4556497586129629,2.6911117993998253,1.4431990439302391,3.419494531198717,1.353791357580352,4.121292167506486,1.220150190822423,4.766112130730184,1.0453564352116314,5.334876952313426,0.8007184598478216,5.799365861922585,0.5168714938499799,6.128857711554113,0.2500590828431278,6.319489653485063,0.020039018037067896,6.3847398781663465,-0.14799965840551782,6.350597530844546,-0.30982775349563363,6.237627745666766,-0.5082711177474849,6.034081695418584,-0.7100730850447378,5.729022731025664,-0.8969832189264042,5.326521337336171,-1.0615513431420098,4.8357531890537375,-1.197287218334881,4.2698486913154134,-1.304666332705603,3.6430977102296054,-1.3708307254293726,2.971945616335418,-1.3702558842131898,2.2835339458203245,-1.2956931651805614,1.6140948396414276,-1.147620535841684,0.9998613682261127,-0.8952211598946566,0.4837812570082742,-0.5026182594355565,0.12845854990305905,0.0006184207067822301,-6.4653014905696e-05,0.5305995137668089,0.1334723913777539,1.0103232316862674,0.5218794884283336,1.4088722091906272,1.129983372389915,1.7381716546934323,1.919259443878687,2.0065020047940414,2.8581549310566063,2.2009635424898417,3.9133851897289738,2.316089948404872,5.0457800349700745,2.361832103990648,6.217973584536495,2.3417820702085925,7.396690346240142,2.2533961859454807,8.548312287788374,2.100751265490788,9.639353814493216,1.8917851960528167,10.639702204062745,1.6311215996816668,11.522537568092673,1.322318058936952,12.262738118492642,0.9775845829622866,12.838844720241163,0.6107583832687797,13.23674517566731,0.22299374103810357,13.446098907908345,-0.18288273202267466,13.456618834771131,-0.5910467944573221,13.262872671621718,-0.9908208141413135,12.867073789726165,-1.3845556291048462,12.272996628775319,-1.7673322340664037,11.484274151634441,-2.125035499514374,10.509918232324475,-2.4544722587820256,9.36405157845084,-2.7636695136414695,8.058641953884408,-3.0339436107503546,6.606683696552849,-3.229689005724244,5.037505123522539,-3.348579551336559,3.389446395608533,-3.384337243619927,1.7040203718046472,-3.4330343863981216,3.8084063258705094e-05
261,4,-1.1913118080972223,2.350174223416667,-1.2065339329990477,2.3819615542166708,5.129241938373311,4.96015250105209,8.944502574949727,9.402723898611882,7.475928160018013e-05,0.00018451695807279544,0.23968899230749757,0.09129828951810623,0.19970135944697143,0.19122932782377497,0.5558490669787435,0.36585735271352093,0.9802462948644173,0.7561050543762937,1.2350288001671805,1.3161062529045635,1.3834398427782826,1.9738616133424909,1.4584870606230729,2.6875839163745963,1.4488472188162476,3.4180834338654753,1.3621651106458095,4.1233977081915585,1.2308565191616654,4.7730085890658485,1.0577696336614266,5.347585649996634,0.8138757308076675,5.818513914821032,0.529678945973017,6.154538384413554,0.26166388200775337,6.351304060250307,0.029865347533823937,6.421926919751986,-0.14011593138007203,6.392215926027876,-0.3042339743294231,6.2826412915757865,-0.5055905622750618,6.081184902578504,-0.7105900680026205,5.77667081108416,-0.9006888385403673,5.37310934129208,-1.0682281132434064,4.879731870512431,-1.2065339329990477,4.309827699680503,-1.3159967150671512,3.677909970846879,-1.383573737204461,3.000705201916615,-1.3834649524682192,2.3057627004351553,-1.308378785008768,1.6298112383248196,-1.1588689813444844,1.0095546573808143,-0.9039174790111456,0.4884344946099277,-0.5074303317935611,0.12968184138997027,0.0006242606934121693,-6.526223307109275e-05,0.5355258700017048,0.13471757823438088,1.019582340774692,0.5267045921221896,1.4216347562849554,1.1403469144792246,1.7537524960542328,1.9367334292130747,2.0243124194845503,2.8840027983855765,2.220296267350952,3.9485512235595848,2.336171049958499,5.090830558651552,2.3819615542166708,6.273104633739361,2.361273888272793,7.461756406653562,2.2715221875236216,8.62281319049543,2.116818233052405,9.722430000305406,1.9051921517879435,10.730170061168716,1.6413456972174802,11.618933615489434,1.328922527465352,12.363356545568907,0.9803227623862256,12.941803869808874,0.6095963763095921,13.34009718651401,0.2179841771688706,13.547904646976063,-0.19158260979342925,13.554986576264646,-0.6030622774789178,13.356041531239297,-1.0056348488532292,12.95351323105365,-1.4016423937511369,12.351438577989535,-1.7861057505650966,11.553724124349811,-2.14480669180899,10.569702326774635,-2.4745664619826675,9.413843495458936,-2.783509398373022,8.098426884145292,-3.0528934982161418,6.636741259611848,-3.2470444182759204,5.058460021518807,-3.3638131453804276,3.4022348039959387,-3.3970953622653832,1.7098052900904737,-3.4434286168083763,3.819937042796458e-05
262,4,-1.1981742663472223,2.356471255423611,-1.2064258648926187,2.3639807130412698,5.1606334385751245,4.959376100628976,8.99602668062081,9.427917457775314,7.456436813375202e-05,0.00018273794818449404,0.2379493200982422,0.09054371795141197,0.19876414012322036,0.18989032362954955,0.553402638465739,0.3637172768908923,0.9770331127533197,0.75247278013105,1.2325348404468073,1.3110078244085561,1.3821577190411665,1.9678131350258248,1.4584084443057383,2.681200586245523,1.449760860012241,3.41192096895884,1.3637197002997155,4.117868957382475,1.2326504773754894,4.7683329845727265,1.0594789821181765,5.343796486439738,0.8153131670836105,5.815516836288849,0.5307447665081363,6.152170243805187,0.26231623981991953,6.349365642382513,0.030120793097864574,6.42021445759355,-0.1402297792723504,6.390536906298124,-0.3046121901311,6.280832539297647,-0.5060626828187628,6.079156892794143,-0.7110244519230398,5.774411711962521,-0.9009928066911764,5.3706623850443,-1.0683410587774729,4.877178918525547,-1.2064258648926187,4.307272662520036,-1.3156536536650525,3.675467514441839,-1.3830093020384282,2.998491035885961,-1.3827270649534926,2.30387644732608,-1.307518023677882,1.6283264796596277,-1.1579351078197664,1.0085212665904981,-0.9030201843038912,0.48786571688306635,-0.506800880976054,0.1295072242681197,0.0006233072279397073,-6.515891040599042e-05,0.5344299706268397,0.13446414848714905,1.0168983311174782,0.5255261322779939,1.41690925797233,1.1373340324863486,1.7465725335179292,1.9307604331169101,2.014352424673569,2.873754771909697,2.207450389827375,3.93260037211225,2.3205893823317107,5.067762263774344,2.3639807130412698,6.241628093189409,2.3414233458837512,7.420795300831566,2.2505426753600726,8.571610117675649,2.0955813955663487,9.660635188873998,1.884612820606181,10.657882745422235,1.6223509994239598,11.536714113526235,1.3124129899046197,12.272225463291072,0.9670435253284598,12.843199516829658,0.6000776378178837,13.235774297122035,0.21264640841702834,13.439851794218916,-0.19245105942806737,13.445375033531555,-0.5994391845914225,13.247123478930998,-0.9977005648868441,12.847493560404997,-1.3896291816808906,12.250416645123531,-1.7703539980256522,11.459661481762435,-2.1258303475401243,10.484345569694417,-2.4529180241616704,9.338664102510792,-2.7596611603963317,8.03464144462249,-3.027463760289158,6.585308273309049,-3.2208897872316227,5.019958026175707,-3.3377018336497137,3.3768312885835527,-3.371729409361457,1.697288181689435,-3.418719343315173,3.792526041360339e-05
263,4,-1.1790215091111111,2.3416968799791666,-1.1860861113670897,2.358272187455629,5.156011629433203,4.958569587018113,8.852225632690793,9.368807213226471,7.361570271502627e-05,0.0001818490280685048,0.23614458250534412,0.08996163168367843,0.19665745858627423,0.18839105117820446,0.5473213022892307,0.3603490873462166,0.964938197148219,0.7445552099893818,1.2153158015978434,1.2957120421672852,1.360882961749359,1.9428522675014444,1.4342563914946878,2.644823642033499,1.4244091842096966,3.3630902474110584,1.3389678862492094,4.056444217641125,1.209878860732147,4.694978378974804,1.0399569001137587,5.259807249091342,0.8006420334071724,5.7229146751507365,0.5218636473089495,6.0536699713701125,0.2590478848339354,6.24784599435806,0.03178515850747358,6.318336951689859,-0.13482537194804617,6.290470834856322,-0.2958563712076057,6.184297478113938,-0.4937814458366007,5.987884383429043,-0.6956257973137446,5.6900860241312206,-0.8831704077610332,5.294672236514061,-1.0488644393439346,4.810547254533363,-1.1860861113670897,4.2506261834717085,-1.2951455732025594,3.629060949686292,-1.3630800358791697,2.9622290849242177,-1.3642832345443643,2.2772460755463566,-1.2913713625066578,1.610372346172884,-1.1447177367980363,0.9979346624145587,-0.893504342519033,0.4830005146401404,-0.5018763064787458,0.12828346867727794,0.0006176762119464816,-6.457744980956624e-05,0.5300874510439815,0.13333553035705617,1.0094669541019645,0.521395574427978,1.4077356071076583,1.1290008569941423,1.7367209325273523,1.917632996265193,2.004652533412396,2.855707318387788,2.198624223723568,3.9098940346944033,2.313176789964533,5.040979099765495,2.358272187455629,6.211557028313497,2.337526709932898,7.388321326373893,2.2484300949035756,8.53763783169259,2.095092959857279,9.626021780325614,1.8854888621302839,10.62337843415659,1.6242835790029284,11.502925215766052,1.3150827564444512,12.239600418225525,0.970141102150493,12.812028625914436,0.6033366961931315,13.206202236781316,0.21587512721772212,13.411907997962022,-0.18936685018062974,13.419012707148921,-0.5965418895234279,13.222256814165952,-0.9949606724200366,12.824033456424479,-1.3869486173500138,12.22830632438834,-1.767583991705597,11.4389068876045,-2.1227957301079554,10.465034519478664,-2.4494286604316735,9.320975770453044,-2.755512847649779,8.018854034138968,-3.02248440185313,6.571797477809126,-3.2150029163198472,5.009162304940326,-3.3309076445578047,3.3692080310485997,-3.36412346865913,1.693268034672868,-3.4102350264197785,3.783114029877226e-05
264,4,-1.1916667955659723,2.365257429611111,-1.186218228640222,2.3426023876212807,5.124949650005976,4.954034124573251,8.94716786065136,9.463069732524572,7.376620807520664e-05,0.0001826191264650073,0.23697544646913926,0.09030500884395191,0.1972067334155713,0.1890410596965043,0.54881359301733,0.3614760144616778,0.9672730207457727,0.7466693950418332,1.2178163624014735,1.2990565988571587,1.3631947646027487,1.9474098256148407,1.436162358423752,2.6504445377383123,1.4256930899165279,3.3695174027817374,1.3394499023101636,4.063318776181881,1.209450789872869,4.7018698930903655,1.0385349340950183,5.2662398874142315,0.7981653388446175,5.7283731975658085,0.5184037588455476,6.057637971296507,0.25480169217335885,6.249877944039371,0.027001347362027597,6.318100419133236,-0.13989540649489138,6.287761018360572,-0.30095428012800496,6.179033110717795,-0.498555223981815,5.980135966769544,-0.6996933643481172,5.680111837051876,-0.886180471042957,5.2829149633360375,-1.0505298287985365,4.7976111249102855,-1.186218228640222,4.237234848212066,-1.2936551758734318,3.616007913338157,-1.3600355425601043,2.9503173801946554,-1.3599906812885947,2.267186051437736,-1.2863125769983006,1.602672317480281,-1.1394869731926822,0.992835372965274,-0.8889419070740235,0.4803917405648118,-0.4990985359788157,0.12755791028303756,0.0006140731038191793,-6.419800170317526e-05,0.5268272796327942,0.13252704391546413,1.0030373509791786,0.518151847778165,1.3985334137956353,1.1218308219299131,1.7251657279591126,1.9052568929836586,1.991178658028199,2.8370535131008503,2.18379913047958,3.884139129618811,2.297637150794335,5.007607199755996,2.3426023876212807,6.170359559111609,2.3222843396507935,7.339372336783994,2.2341736843309405,8.481291515273023,2.082325129279168,9.562900356272149,1.8746209928097344,10.55433271012603,1.615652238282739,11.42899193864075,1.3089535643631367,12.161968029692325,0.9666534239975302,12.731989474431241,0.6025013103003732,13.125083250391278,0.21766340897309394,13.331028759149646,-0.1850270219859951,13.339670531452462,-0.5898331357272116,13.14568663063001,-0.9861289001531488,12.751358403641692,-1.3762177161933593,12.160530929634856,-1.7551911396761384,11.376923522952447,-2.1090312085280267,10.409603130323791,-2.4345681192793887,9.272710471736742,-2.7397593958606943,7.978250255031199,-3.006103374622835,6.539242220068251,-3.198393229624,4.984871174141331,-3.3144357305233805,3.3532031356457157,-3.348149105106739,1.6853831669291781,-3.394657487201052,3.765833231939116e-05
265,4,-1.2325183459375,2.38174383090625,-1.18281607612328,2.321084321244434,5.115778718671756,4.952891574753749,9.2538858793978,9.529029557083684,7.365053387085051e-05,0.0001813511312540614,0.23573035524160055,0.08976763653910266,0.19649416742663464,0.18807622813397495,0.5468441066288868,0.35988390327681635,0.9642452883522845,0.7437867886213103,1.2145368244325703,1.2945763541233,1.3598960181251463,1.9412834947623347,1.432832858560822,2.6426623980824324,1.4223094675880092,3.3600579132286015,1.3359631056541332,4.052145196511227,1.2057485032315878,4.688904190560126,1.0345517222368716,5.251352124545351,0.7939998843552375,5.711441940345152,0.5141628659145727,6.038603279738268,0.2505136559301923,6.228709291422734,0.022707178517957522,6.294785874882175,-0.14420535576079344,6.262294018574361,-0.3050435586106611,6.151447863256299,-0.5019176707187314,5.9506667011872105,-0.7018819299295428,5.64923807122822,-0.8868054895718014,5.251322152435818,-1.0492578349169681,4.766168291204305,-1.18281607612328,4.206952613050967,-1.2879830615550971,3.587991344296786,-1.3521803048061292,2.9256940781741303,-1.3504346421914015,2.2469434961405486,-1.2758321210939432,1.58747479223002,-1.1290674197616026,0.9829111150548692,-0.8800599300879391,0.47536865853328036,-0.4937741175443565,0.12617370213444706,0.0006072489844238474,-6.348083360766993e-05,0.5207659936316078,0.13101520845416564,0.9913313282372571,0.5121626905478333,1.382218677887328,1.108789350211066,1.7053423661527998,1.883136213005568,1.9689739866702365,2.8043751247228816,2.160534752294426,3.840035249758164,2.27466691308938,4.951891669130859,2.321084321244434,6.103477934696665,2.3032144435472395,7.26230447713094,2.2184191772480855,8.395485196220683,2.0705384538800953,9.470186920701794,1.8672045446435008,10.456806472127214,1.6128003344137574,11.328894262656508,1.3106734310374164,12.061591496212769,0.9727172363252912,12.633573595423071,0.6124741074319904,13.03069710494318,0.23102471057583993,13.242499011775605,-0.16888118688526374,13.258545475474053,-0.5716394244041297,13.073179405299,-0.9666815310095802,12.68829406410881,-1.3562797408791758,12.107344185022523,-1.7355186236603772,11.33367122205204,-2.0903789601512894,10.375962603378733,-2.417618993411254,9.247996363171874,-2.7250920682862576,7.961462899852393,-2.9942470700730803,6.529107009425304,-3.1897859564089557,4.979866289574195,-3.3093253292530633,3.351634205621152,-3.3465909552023287,1.6854793740081842,-3.3965912717506623,3.767978500968195e-05
266,4,-1.25773900575,2.3747735635833336,-1.1988690583737132,2.320406611430587,5.109465970159593,4.956669753143675,9.443245419949276,9.501142475996726,7.406016445896541e-05,0.00018054165471186536,0.23548501883106404,0.08954389691469251,0.19703436391068618,0.18795372030560892,0.5486100008639331,0.3602656144562662,0.9690521951131056,0.7457529548709537,1.2231064602707082,1.2998795175943576,1.3721588192317793,1.9518059631285907,1.4483071015496636,2.6601489857337706,1.440043919093434,3.3858947898699956,1.3547523817985145,4.087162653711362,1.2245058182835358,4.7333499151955305,1.0521984083326357,5.304950112622199,0.8091696563846292,5.7733020065143945,0.5258290467976923,6.107196659753623,0.2583954445623297,6.3021930662627925,0.026933809049814992,6.371279023519095,-0.14303474082514422,6.3401132647249,-0.3068708309253755,6.229120178842788,-0.5071477993132396,6.026583933770994,-0.7104598962837255,5.72169214676382,-0.898391715701787,5.3187184733653,-1.0633728337836899,4.827116025825351,-1.1988690583737132,4.260333400877913,-1.305374800003154,3.632984895946122,-1.370158683968929,2.961807395576361,-1.367974910296251,2.274131442640946,-1.2918971930862522,1.6062216984998885,-1.1427318982716028,0.9941858258651244,-0.890206756214264,0.4806370674267936,-0.4991471429175489,0.12751641771700215,0.0006134755191318855,-6.412472806758137e-05,0.5256025255357952,0.13227085239209932,0.9995550901260861,0.5167542237989811,1.3921224951907383,1.1179813068457574,1.7154207396661847,1.8973811110590224,1.9779127445237847,2.8234271976952496,2.167121612297795,3.863015789046573,2.277930581149264,4.977368000209,2.320406611430587,6.129619531522786,2.298291902543172,7.28705255809652,2.2092497840354954,8.41670378621835,2.0574319024122065,9.485817489888726,1.8507424755109512,10.46501578993824,1.5937793757408134,11.328195761978758,1.2900570063171857,12.05094085914683,0.9515561898429029,12.612434442349464,0.5918151570465554,12.999059853664019,0.21189404337923584,13.200872061162407,-0.18551129654241938,13.20794036480723,-0.5849587207902289,13.015057539221683,-0.976064359149679,12.624473332785191,-1.3612185798588134,12.03992441784538,-1.7356678915005317,11.264969833241768,-2.085629216264428,10.308411287958354,-2.4080176488913136,9.18403587447673,-2.7107353744379408,7.9034981772167345,-2.975476720718306,6.47944783711028,-3.1673256509157888,4.940547971551801,-3.283985124125458,3.3243031507915655,-3.319269611105669,1.6713408205581552,-3.3673805013347473,3.735573774310132e-05
267,4,-1.2203925260416666,2.380235627326389,-1.1879000708708511,2.3480468038103544,5.188630090865338,4.962149526092552,9.162843864583149,9.522995441951696,7.282200100256401e-05,0.00017738642784348224,0.231456321434381,0.08799664602588218,0.19377874982315893,0.18475194037443635,0.5396823783638124,0.3542386892824412,0.9538477311559741,0.733565803817915,1.2049280676242633,1.2792270754096966,1.3531385048740225,1.9217879352709222,1.4299398810332216,2.6207215870963756,1.423850671556843,3.3377654930396723,1.3419747371235629,4.031751344702509,1.215796419621365,4.672548794124045,1.0480385402199428,5.240906581750513,0.8101826247912967,5.708451063428627,0.5320128345351515,6.0441668959817125,0.2689598493761295,6.243389254130614,0.04082641585621569,6.3186403433958525,-0.1270449711178794,6.294990258149842,-0.28952576524733614,6.192351292566754,-0.48906157016042856,5.998707026447938,-0.6926177816291068,5.702842718049007,-0.8818789499491376,5.3085021955845795,-1.0492067502970108,4.82460919762967,-1.1879000708708511,4.2641411046333,-1.2982183435181889,3.641344234671482,-1.367121544391653,2.9727191962237174,-1.3688825540707548,2.2855567899273965,-1.2960577398285087,1.6163420364733916,-1.1490144094829342,1.001637839505251,-0.8968551544380158,0.48476624225913195,-0.5036905200963255,0.12873660515333304,0.0006197644452950648,-6.479246301120223e-05,0.5316114383241867,0.13374105728857996,1.011733482966892,0.5227875952051724,1.4097775204846565,1.1315103434965028,1.7376111329735788,1.9209123484564872,2.0035523509712845,2.8589669534273794,2.1948380713993334,3.9119565434047727,2.3062565990611783,5.04037781018569,2.3480468038103544,6.206670890678356,2.3240980517632877,7.377511500257903,2.2321831866884803,8.519387458348328,2.076655752100195,9.599070154638342,1.8656600882937482,10.58682423140862,1.6039836779346917,11.45629842398748,1.2953040743321595,12.182912426599597,0.9518310451016552,12.745781657013444,0.5873172283659659,13.131340619827894,0.20289701799653767,13.329766832110945,-0.1986514492178895,13.33128264372163,-0.6017073163681779,13.13090178317701,-0.9957784470552814,12.731175061908063,-1.3832645958526248,12.136159682885287,-1.7593708169762095,11.34973768106266,-2.1102276511920794,10.381071236013875,-2.432766120283333,9.244330188081408,-2.7349817407159946,7.95151723396755,-2.998511756181533,6.5156134399995,-3.1883549516799103,4.965666764170345,-3.302362550410792,3.3395454904233883,-3.334498012788073,1.6781702289879974,-3.3794675201608664,3.748982360682678e-05
268,4,-1.2192327760972224,2.381257628416667,-1.2055576542178015,2.367015185565695,5.084431165754209,4.935976164830484,9.154136332017892,9.52708432777991,7.260246297479917e-05,0.0001737909363358106,0.22815117007952115,0.08651589382807279,0.19232184749256698,0.18224586669475284,0.5361132927111294,0.3505199646275697,0.9505828984340446,0.7279566204811354,1.2054196819826404,1.2728298872220245,1.3587544676388779,1.9168900215519626,1.4409482899104462,2.619983767972361,1.439796427792273,3.3438000620744894,1.361770811721895,4.046775730104533,1.238070353774997,4.698149559900606,1.0712733756688557,5.277954508273663,0.832497728458217,5.756970129751007,0.5516448068065131,6.103231262648875,0.28484975580767125,6.311366934554367,0.05249432237878982,6.393510675019362,-0.1193707470380172,6.374683400951229,-0.286018310184082,6.274867183064927,-0.49036499625546837,6.0817917748412,-0.6988011292320072,5.784046425369677,-0.8925803324372082,5.385464502352929,-1.0638019966857146,4.895215616548935,-1.2055576542178015,4.326648171571968,-1.318057043704474,3.6944387964590897,-1.3880647105990305,3.0155658489132957,-1.3895437301047324,2.3179419033547375,-1.3150924237197055,1.6387528623776302,-1.1652786502996868,1.0151758809699107,-0.9090128607942701,0.49113494933363294,-0.5102118747202302,0.13037776879215496,0.0006274762080775141,-6.559356912735624e-05,0.5378925732214201,0.13534540207758824,1.023158958443736,0.5288759319831263,1.424982248559106,1.1443094710055908,1.755484328865367,1.942021101120962,2.0231598368514128,2.8894854446107887,2.2151717789160643,3.9525040136054828,2.326318878346874,5.091062506734765,2.367015185565695,6.267144240282583,2.341257990792006,7.447045855384687,2.246876422317496,8.596910402989382,2.0883608843576864,9.683210604911938,1.8740350550968539,10.675995551986475,1.6088333024760004,11.548781450394126,1.2965673592995945,12.276922729560702,0.9496411461017127,12.839550204524764,0.5819805714710402,13.223213096484642,0.19476334195725614,13.41825695142865,-0.20919368806912128,13.415085655989738,-0.6141713315046106,13.208931332558947,-1.0096549030019266,12.80259966760647,-1.3981207751251357,12.200384527722209,-1.7748136636321519,11.406371360695086,-2.125871295180238,10.429918024244282,-2.4482993488165246,9.285372471806927,-2.7502091127671275,7.9848624938393655,-3.0132293640768792,6.541461776716929,-3.202301534709118,4.984339465597963,-3.3153521744095773,3.351476795396389,-3.3463858876291868,1.6838815263103368,-3.3904532475695905,3.761169268078433e-05
269,4,-1.2138779784444444,2.376709383409722,-1.1694763506492465,2.3598863725167734,5.136054520570059,4.961083165809628,9.113931911086224,9.508887424930142,7.044943665149239e-05,0.0001692846188707348,0.22193782083842561,0.0842076273130896,0.18680354104684743,0.17725398548403076,0.5206569477361489,0.3406914596305924,0.9226644724595999,0.7071406982506431,1.1693560840993045,1.235850825979942,1.3175869822567066,1.8605061497883322,1.3970547129363642,2.5422264498365643,1.3960367177415285,3.2440040332214313,1.320860058507058,3.9257173274027304,1.2017749070925519,4.5577318025878695,1.041198616541633,5.1208600402123166,0.8109480161408683,5.58687540274169,0.5398579420227909,5.924799076980984,0.2822690281092953,6.129380534119236,0.05785838877203896,6.212295776602651,-0.10810464315988294,6.1976997644745095,-0.2694102166315603,6.104830216320114,-0.46795780862745023,5.92150795804853,-0.6711644882078864,5.636315054796787,-0.8608151814698358,5.252632746640106,-1.029190610609027,4.779035519963398,-1.1694763506492465,4.228196445630653,-1.2817647661693898,3.614132138055048,-1.352950853112929,2.953176338199937,-1.3572815676360646,2.2724664939925177,-1.2871491648444102,1.6083795825936156,-1.1427366424829055,0.9974673713839134,-0.8930797416144558,0.4831024932441542,-0.5021385990768623,0.1283862393951308,0.0006184206438848295,-6.46613793994646e-05,0.5310853121298967,0.13356267459059232,1.0117656704669924,0.522443812562958,1.4112269313885009,1.131507615887072,1.7410397601545131,1.92211125642805,2.0092654300724138,2.862443883744158,2.2028727749087245,3.918874734781996,2.316391727601624,5.0518519800009045,2.3598863725167734,6.223657974163647,2.3371198689240664,7.40073812738902,2.2457659629626217,8.54929235614682,2.0901499119523255,9.635770908350544,1.8784527183159625,10.630121042056812,1.6155208836612764,11.50569944789452,1.3051081392208632,12.23766644479545,0.9595561608258847,12.804928968559286,0.5927613621667864,13.193786670525942,0.2059287073765999,13.394336374652221,-0.19809872732018619,13.396748862600134,-0.6035844176383706,13.196032536128609,-0.9999646204197996,12.794784914050801,-1.3896487614415345,12.197122520756775,-1.7678258245385796,11.406984259615026,-2.120573107641909,10.433609534028758,-2.4448276296260403,9.291260875973682,-2.7486464285868166,7.992011948673447,-3.013594042015259,6.548909418827313,-3.204506380416111,4.991139106563487,-3.319225146915627,3.356747858559211,-3.3516728706958943,1.6868526560398671,-3.397030602675862,3.7684658126678196e-05
270,4,-1.184731017798611,2.3772195660694444,-1.145156801544821,2.343659918258889,5.167324733390552,4.961418283085349,8.89509326382643,9.510928595597164,6.851112933213548e-05,0.0001639920790651026,0.21531045104593677,0.08164138269922694,0.18156818266725958,0.17199995967812798,0.5062278530601038,0.33088060026224114,0.8979449774477023,0.6873465378325542,1.1393662811600946,1.2022022767396314,1.2853426083880157,1.8112118587836705,1.3645085143947366,2.476652159239494,1.365250536103438,3.1625109546184706,1.2935455300275378,3.8296464654728846,1.1787451490102834,4.449054542704136,1.023130586181359,5.001865580024102,0.7991078882433998,5.4603520778545285,0.5347197888645921,5.794047246261718,0.28303577983145856,5.997576581940642,0.0633692935493954,6.082123552744279,-0.0994309187935888,6.071127506561168,-0.2578932863597986,5.983282796976314,-0.45306461006588816,5.806553166072461,-0.653061574313098,5.529628142371239,-0.8400078097819019,5.155695997386721,-1.0062872670584575,4.693054639839368,-1.145156801544821,4.1540484211701045,-1.2566511902936774,3.552368785869786,-1.3278346752978385,2.904011511014657,-1.3332999405080164,2.2356271599604636,-1.2654463656872006,1.583004552389421,-1.1243361083957901,0.9821637674151102,-0.8793436725542607,0.47590158419311246,-0.49476151967925214,0.1265293286392772,0.000609695635178767,-6.375525860893838e-05,0.5240133087697004,0.1317526688245491,0.9990420550591507,0.515612529610945,1.394603422667394,1.1172697937711777,1.7220109657175053,1.8989048007649796,1.989120917634179,2.829390428995884,2.1829256008565867,3.8757437007863924,2.2978465107817496,4.999053408304312,2.343659918258889,6.1621337685131525,2.3239172868378137,7.331830251888071,2.2361374272820584,8.47465777666608,2.084430322030277,9.55729037106477,1.8767488655775055,10.5497843182915,1.6177625625700003,11.425503164657481,1.3110746392498538,12.159534906737683,0.9688455384956852,12.730632026051818,0.6048258286510212,13.124852440505663,0.22017734587862772,13.332005491565853,-0.1822978014062621,13.341958243191003,-0.5869330707584315,13.149385135729625,-0.9831702629580974,12.756527321391513,-1.3733625705230486,12.167161155300573,-1.7526593215475166,11.384910919703504,-2.1070935390781704,10.418719804126663,-2.433512834539294,9.282587417546589,-2.73987682550793,7.988373833085419,-3.0076701881412795,6.548955059478297,-3.2015966186828213,4.99339663491092,-3.319333772604673,3.3597024167573193,-3.354644358044852,1.6890290086412796,-3.402744863899681,3.7748049097875896e-05
271,4,-1.1892973068472221,2.3954397904375,-1.1697403411528,2.3674208855876397,5.121258426105987,4.957710681735918,8.929377473783605,9.583825207855348,6.822419822487236e-05,0.00016028240540838856,0.2118610498411031,0.08010349819123,0.18003705465122033,0.16938630182036957,0.5025756358931454,0.3270104479966065,0.8949659770344189,0.681613467016866,1.1410292676219114,1.1960267752208513,1.2933952543021188,1.8074245230533301,1.3794581020488277,2.4786130079767705,1.3866873652877536,3.1736048770588297,1.3202357846593564,3.8528354643769416,1.2090657887665612,4.486567068505907,1.0552019851464653,5.055065321828625,0.8304818944906832,5.529523607883969,0.5630476128336128,5.878223246174246,0.3068452270259665,6.094834854940223,0.08189073574046746,6.189975101459898,-0.08605274945601832,6.186944190496851,-0.25009930338166037,6.104439489630949,-0.45199290690785715,5.929962305899172,-0.6590914404810668,5.6517969511588655,-0.8529296337784901,5.2731108882137985,-1.025507610082213,4.802400389757546,-1.1697403411528,4.252400781006742,-1.2855214338829795,3.6373085415954303,-1.359517063418697,2.9737371513684705,-1.3656765711486216,2.289241315136344,-1.2962593675324459,1.620732107901081,-1.1514576802929395,1.0053146553186219,-0.9001455406445997,0.486944624451429,-0.5061416520829988,0.12940643538043659,0.0006232954278488347,-6.516932942329395e-05,0.5351169583872357,0.13458988527859791,1.0190516023456833,0.5263432312845496,1.4206899253286047,1.139638630140012,1.7517055322906396,1.9353115150065396,2.0202745756328686,2.8810982673974572,2.2133818719462792,3.9429428114800746,2.32567013884404,5.080892962782876,2.3674208855876397,6.256919350485977,2.342572681003285,7.437257501923948,2.248944559976058,8.587974245904741,2.0910291133312855,9.675464763989666,1.8771632770742925,10.66970419679873,1.6123067039459669,11.544144695967994,1.3002950557853428,12.274089757295835,0.9535374772031482,12.838626929752836,0.5859561500764561,13.224261486327272,0.19873041773736813,13.421294724605053,-0.20533478289554682,13.420084633578718,-0.6105490976550747,13.215806524703684,-1.0064191048021156,12.811195857474186,-1.3954338956522279,12.21046848799708,-1.77285453506968,11.4176245635866,-2.1248256162150216,10.44193005275942,-2.448344603765425,9.297641812595954,-2.751515801089821,7.996800764194059,-3.0159364033468647,6.552400764318668,-3.206454566297994,4.993563310995153,-3.3209033665270007,3.358270158856555,-3.353177378115812,1.6875828919002647,-3.3984635101437197,3.770055395343055e-05
272,4,-1.1899151330555555,2.3719473663472224,-1.1487331049377791,2.384187482094435,5.156191444680579,4.948072483846971,8.934016182200452,9.489835249481605,6.656342497307125e-05,0.0001562080870419112,0.20657836754653633,0.07808847266707537,0.17567868424073832,0.16517839608034612,0.49053890015759416,0.31900728450354765,0.874089940731507,0.6652289564133799,1.1154060400392416,1.167867740199251,1.2656703413435877,1.7658477062029,1.351477324880272,2.423031432103401,1.360392909720007,3.1043743851116408,1.297239714629084,3.7712317063316365,1.1901881071314617,4.39447292964009,1.041088039986481,4.954686246424834,0.8221664851882498,5.423496734716355,0.5608585468119667,5.769585996375656,0.3100669639141388,5.986492047438526,0.08950041904329457,6.084393845884218,-0.07540844103139932,6.0859735358317355,-0.23682993110257072,6.009438093421288,-0.43593022146228466,5.842297717500464,-0.6406519750086317,5.5727849698151655,-0.8328180326039945,5.20376776892106,-1.0045243312421717,4.74336647832351,-1.1487331049377791,4.203898640003298,-1.2652736276263008,3.5991522215419387,-1.3408531330297702,2.9453457704728225,-1.3494803286113413,2.269599528114082,-1.2831903783220155,1.6084263702214818,-1.1418448110486583,0.9986884329966296,-0.8941373004774492,0.484226213792426,-0.5035661667795374,0.1288143645671974,0.0006209361502762669,-6.493612623629152e-05,0.5339854785517069,0.13423989122751817,1.0183594949493124,0.5254758007801663,1.4217225508408646,1.1388112589444634,1.7553565110017362,1.9356250456304889,2.0271138498915846,2.8840168793348444,2.223666716572401,3.9501385952029646,2.3393445958938353,5.094086567761618,2.384187482094435,6.277739773536979,2.3619371845530543,7.4671353335949116,2.2702305181220903,8.628046055518437,2.113436031945983,9.726494752911098,1.8998297175228167,10.732039242918805,1.6343348423474937,11.61769142594743,1.3207746247634808,12.358300673547788,0.9716331488063451,12.932513577698943,0.6009602471336216,13.326450736969386,0.20999710730860288,13.530077728184214,-0.19836983038503883,13.533445608001296,-0.6082482952876419,13.331494232508172,-1.0089644858342468,12.926828201733155,-1.4029381082044,12.323591557227546,-1.785303651349232,11.52575434701196,-2.1419940679483367,10.54264230247632,-2.469900345920994,9.388659568490223,-2.7771434570245086,8.076008203202948,-3.0450903648940755,6.617879948569061,-3.2381954135826936,5.043777272051226,-3.3542422309489295,3.392169876147172,-3.3870599995698005,1.7046462355849947,-3.4328149911545642,3.8081629055385374e-05
273,4,-1.2025288480451388,2.3759049077916665,-1.1381548942696849,2.3476033110403316,5.121176109476476,4.95517917163968,9.028721368061248,9.505668828604655,6.64476774821057e-05,0.00015599235463444237,0.20625062044894693,0.07797227880041031,0.17533485570949223,0.16490807327095522,0.4894769940106067,0.31841945322267107,0.8717748582565756,0.6638082832128374,1.11163466814415,1.1649334413369734,1.2602174768047916,1.7606174008291533,1.3441638572672385,2.4146131975325953,1.3512682614946556,3.091838871277247,1.2865787538270987,3.7537357860480176,1.1783458602781696,4.3713352011468025,1.028586335872103,4.925432908881851,0.8099167506483713,5.388012058148679,0.5497537578905985,5.728234783867616,0.3006034909186684,5.939982694785711,0.0819188524654736,6.033622397202874,-0.08124412137474442,6.031853100941336,-0.24064958921230406,5.952876144104141,-0.43704778506210373,5.7844782440956415,-0.6387476005649199,5.5151568187450755,-0.8278450330380078,5.147860136091625,-0.9966073165481417,4.6906906803342245,-1.1381548942696849,4.155859935582144,-1.2523804159114555,3.5569979795912308,-1.326202161186589,2.9101087048785677,-1.3339913785036437,2.2419411475469757,-1.267912332765833,1.5885024250390185,-1.127846977321719,0.9861327990781535,-0.8829075282531673,0.4780533468000993,-0.49710435677625486,0.12714961621614596,0.0006128216724450432,-6.408494741819822e-05,0.5268270426924893,0.1324539322821858,1.004383204890568,0.518376795370711,1.4017468866937948,1.1231891251344772,1.7301360131507177,1.9086755457777294,1.99738497437085,2.843294632528962,2.1904559171058855,3.8936321464222154,2.3038680967178315,5.020358085478476,2.3476033110403316,6.185949062700767,2.3254131741607034,7.357016743793252,2.2350177063788768,8.499940818025072,2.080741204269486,9.581365011608215,1.8707262001801543,10.571417789986187,1.6097917315633283,11.44361954236772,1.301655543717458,12.173281145246392,0.9585410876825439,12.739423517881791,0.5942041484653309,13.128388930969352,0.209797807300231,13.33026861248216,-0.19190515096174302,13.335203944918053,-0.5953252031466807,13.138114803531595,-0.9900004784044638,12.741438357603089,-1.3783447844097967,12.149108462663248,-1.755589292278573,11.364874042385983,-2.1078812268256315,10.397751863607917,-2.4321400549615473,9.261765458394459,-2.7363479565964752,7.968778540462525,-3.002099411847287,6.531643515993419,-3.1942534444536252,4.979325719922048,-3.310506422465115,3.3496871827759187,-3.344640718357731,1.6837299407634698,-3.3915551290714827,3.762391664146854e-05
